model_name,model_slug,objective,budget,condition,seed,rank,id_eval,paraphrase_eval,acquisition,transfer,generalization,boundedness,output_dir,summary_file
google/gemma-2-9b-it,gemma_2_9b_it,behavioral_policy,10,early,11,8,0.208,0.04,0.124,0.48,0.48,0.0,<ARCHIVE_ROOT>/results/cross_model_localization/gemma_2_9b_it/behavioral_policy/budget_10/condition_early/rank_8/seed_11,<ARCHIVE_ROOT>/results/cross_model_localization/gemma_2_9b_it/behavioral_policy/budget_10/condition_early/rank_8/seed_11/summary_localization_by_seed.csv
google/gemma-2-9b-it,gemma_2_9b_it,behavioral_policy,10,early,22,8,0.208,0.016,0.11199999999999999,0.5133333333333333,0.5133333333333333,0.0,<ARCHIVE_ROOT>/results/cross_model_localization/gemma_2_9b_it/behavioral_policy/budget_10/condition_early/rank_8/seed_22,<ARCHIVE_ROOT>/results/cross_model_localization/gemma_2_9b_it/behavioral_policy/budget_10/condition_early/rank_8/seed_22/summary_localization_by_seed.csv
google/gemma-2-9b-it,gemma_2_9b_it,behavioral_policy,10,early,33,8,0.328,0.072,0.2,0.47333333333333333,0.47333333333333333,0.0,<ARCHIVE_ROOT>/results/cross_model_localization/gemma_2_9b_it/behavioral_policy/budget_10/condition_early/rank_8/seed_33,<ARCHIVE_ROOT>/results/cross_model_localization/gemma_2_9b_it/behavioral_policy/budget_10/condition_early/rank_8/seed_33/summary_localization_by_seed.csv
google/gemma-2-9b-it,gemma_2_9b_it,behavioral_policy,10,full,11,8,0.944,0.952,0.948,0.9466666666666667,0.9466666666666667,0.7333333333333333,<ARCHIVE_ROOT>/results/cross_model_localization/gemma_2_9b_it/behavioral_policy/budget_10/condition_full/rank_8/seed_11,<ARCHIVE_ROOT>/results/cross_model_localization/gemma_2_9b_it/behavioral_policy/budget_10/condition_full/rank_8/seed_11/summary_localization_by_seed.csv
google/gemma-2-9b-it,gemma_2_9b_it,behavioral_policy,10,full,22,8,0.96,0.944,0.952,0.9733333333333334,0.9733333333333334,0.7133333333333334,<ARCHIVE_ROOT>/results/cross_model_localization/gemma_2_9b_it/behavioral_policy/budget_10/condition_full/rank_8/seed_22,<ARCHIVE_ROOT>/results/cross_model_localization/gemma_2_9b_it/behavioral_policy/budget_10/condition_full/rank_8/seed_22/summary_localization_by_seed.csv
google/gemma-2-9b-it,gemma_2_9b_it,behavioral_policy,10,full,33,8,0.976,0.936,0.956,0.9333333333333333,0.9333333333333333,0.46,<ARCHIVE_ROOT>/results/cross_model_localization/gemma_2_9b_it/behavioral_policy/budget_10/condition_full/rank_8/seed_33,<ARCHIVE_ROOT>/results/cross_model_localization/gemma_2_9b_it/behavioral_policy/budget_10/condition_full/rank_8/seed_33/summary_localization_by_seed.csv
google/gemma-2-9b-it,gemma_2_9b_it,behavioral_policy,10,late,11,8,0.168,0.0,0.084,0.47333333333333333,0.47333333333333333,0.0,<ARCHIVE_ROOT>/results/cross_model_localization/gemma_2_9b_it/behavioral_policy/budget_10/condition_late/rank_8/seed_11,<ARCHIVE_ROOT>/results/cross_model_localization/gemma_2_9b_it/behavioral_policy/budget_10/condition_late/rank_8/seed_11/summary_localization_by_seed.csv
google/gemma-2-9b-it,gemma_2_9b_it,behavioral_policy,10,late,22,8,0.16,0.0,0.08,0.46,0.46,0.0,<ARCHIVE_ROOT>/results/cross_model_localization/gemma_2_9b_it/behavioral_policy/budget_10/condition_late/rank_8/seed_22,<ARCHIVE_ROOT>/results/cross_model_localization/gemma_2_9b_it/behavioral_policy/budget_10/condition_late/rank_8/seed_22/summary_localization_by_seed.csv
google/gemma-2-9b-it,gemma_2_9b_it,behavioral_policy,10,late,33,8,0.16,0.0,0.08,0.41333333333333333,0.41333333333333333,0.0,<ARCHIVE_ROOT>/results/cross_model_localization/gemma_2_9b_it/behavioral_policy/budget_10/condition_late/rank_8/seed_33,<ARCHIVE_ROOT>/results/cross_model_localization/gemma_2_9b_it/behavioral_policy/budget_10/condition_late/rank_8/seed_33/summary_localization_by_seed.csv
google/gemma-2-9b-it,gemma_2_9b_it,behavioral_policy,10,middle,11,8,0.552,0.576,0.5640000000000001,0.7533333333333333,0.7533333333333333,0.05333333333333334,<ARCHIVE_ROOT>/results/cross_model_localization/gemma_2_9b_it/behavioral_policy/budget_10/condition_middle/rank_8/seed_11,<ARCHIVE_ROOT>/results/cross_model_localization/gemma_2_9b_it/behavioral_policy/budget_10/condition_middle/rank_8/seed_11/summary_localization_by_seed.csv
google/gemma-2-9b-it,gemma_2_9b_it,behavioral_policy,10,middle,22,8,0.536,0.552,0.544,0.7,0.7,0.12666666666666668,<ARCHIVE_ROOT>/results/cross_model_localization/gemma_2_9b_it/behavioral_policy/budget_10/condition_middle/rank_8/seed_22,<ARCHIVE_ROOT>/results/cross_model_localization/gemma_2_9b_it/behavioral_policy/budget_10/condition_middle/rank_8/seed_22/summary_localization_by_seed.csv
google/gemma-2-9b-it,gemma_2_9b_it,behavioral_policy,10,middle,33,8,0.616,0.576,0.596,0.7066666666666667,0.7066666666666667,0.12,<ARCHIVE_ROOT>/results/cross_model_localization/gemma_2_9b_it/behavioral_policy/budget_10/condition_middle/rank_8/seed_33,<ARCHIVE_ROOT>/results/cross_model_localization/gemma_2_9b_it/behavioral_policy/budget_10/condition_middle/rank_8/seed_33/summary_localization_by_seed.csv
google/gemma-2-9b-it,gemma_2_9b_it,causal_mapping,10,early,11,8,0.104,0.0,0.052,0.0,0.0,0.0,<ARCHIVE_ROOT>/results/cross_model_localization/gemma_2_9b_it/causal_mapping/budget_10/condition_early/rank_8/seed_11,<ARCHIVE_ROOT>/results/cross_model_localization/gemma_2_9b_it/causal_mapping/budget_10/condition_early/rank_8/seed_11/summary_localization_by_seed.csv
google/gemma-2-9b-it,gemma_2_9b_it,causal_mapping,10,early,22,8,0.144,0.0,0.072,0.0,0.0,0.0,<ARCHIVE_ROOT>/results/cross_model_localization/gemma_2_9b_it/causal_mapping/budget_10/condition_early/rank_8/seed_22,<ARCHIVE_ROOT>/results/cross_model_localization/gemma_2_9b_it/causal_mapping/budget_10/condition_early/rank_8/seed_22/summary_localization_by_seed.csv
google/gemma-2-9b-it,gemma_2_9b_it,causal_mapping,10,early,33,8,0.072,0.0,0.036,0.0,0.0,0.0,<ARCHIVE_ROOT>/results/cross_model_localization/gemma_2_9b_it/causal_mapping/budget_10/condition_early/rank_8/seed_33,<ARCHIVE_ROOT>/results/cross_model_localization/gemma_2_9b_it/causal_mapping/budget_10/condition_early/rank_8/seed_33/summary_localization_by_seed.csv
google/gemma-2-9b-it,gemma_2_9b_it,causal_mapping,10,full,11,8,0.488,0.464,0.476,0.22666666666666666,0.22666666666666666,0.25333333333333335,<ARCHIVE_ROOT>/results/cross_model_localization/gemma_2_9b_it/causal_mapping/budget_10/condition_full/rank_8/seed_11,<ARCHIVE_ROOT>/results/cross_model_localization/gemma_2_9b_it/causal_mapping/budget_10/condition_full/rank_8/seed_11/summary_localization_by_seed.csv
google/gemma-2-9b-it,gemma_2_9b_it,causal_mapping,10,full,22,8,0.296,0.344,0.31999999999999995,0.12666666666666668,0.12666666666666668,0.06,<ARCHIVE_ROOT>/results/cross_model_localization/gemma_2_9b_it/causal_mapping/budget_10/condition_full/rank_8/seed_22,<ARCHIVE_ROOT>/results/cross_model_localization/gemma_2_9b_it/causal_mapping/budget_10/condition_full/rank_8/seed_22/summary_localization_by_seed.csv
google/gemma-2-9b-it,gemma_2_9b_it,causal_mapping,10,full,33,8,0.904,0.536,0.72,0.3466666666666667,0.3466666666666667,0.03333333333333333,<ARCHIVE_ROOT>/results/cross_model_localization/gemma_2_9b_it/causal_mapping/budget_10/condition_full/rank_8/seed_33,<ARCHIVE_ROOT>/results/cross_model_localization/gemma_2_9b_it/causal_mapping/budget_10/condition_full/rank_8/seed_33/summary_localization_by_seed.csv
google/gemma-2-9b-it,gemma_2_9b_it,causal_mapping,10,late,11,8,0.016,0.0,0.008,0.0,0.0,0.0,<ARCHIVE_ROOT>/results/cross_model_localization/gemma_2_9b_it/causal_mapping/budget_10/condition_late/rank_8/seed_11,<ARCHIVE_ROOT>/results/cross_model_localization/gemma_2_9b_it/causal_mapping/budget_10/condition_late/rank_8/seed_11/summary_localization_by_seed.csv
google/gemma-2-9b-it,gemma_2_9b_it,causal_mapping,10,late,22,8,0.0,0.0,0.0,0.0,0.0,0.0,<ARCHIVE_ROOT>/results/cross_model_localization/gemma_2_9b_it/causal_mapping/budget_10/condition_late/rank_8/seed_22,<ARCHIVE_ROOT>/results/cross_model_localization/gemma_2_9b_it/causal_mapping/budget_10/condition_late/rank_8/seed_22/summary_localization_by_seed.csv
google/gemma-2-9b-it,gemma_2_9b_it,causal_mapping,10,late,33,8,0.0,0.0,0.0,0.0,0.0,0.0,<ARCHIVE_ROOT>/results/cross_model_localization/gemma_2_9b_it/causal_mapping/budget_10/condition_late/rank_8/seed_33,<ARCHIVE_ROOT>/results/cross_model_localization/gemma_2_9b_it/causal_mapping/budget_10/condition_late/rank_8/seed_33/summary_localization_by_seed.csv
google/gemma-2-9b-it,gemma_2_9b_it,causal_mapping,10,middle,11,8,0.008,0.0,0.004,0.0,0.0,0.0,<ARCHIVE_ROOT>/results/cross_model_localization/gemma_2_9b_it/causal_mapping/budget_10/condition_middle/rank_8/seed_11,<ARCHIVE_ROOT>/results/cross_model_localization/gemma_2_9b_it/causal_mapping/budget_10/condition_middle/rank_8/seed_11/summary_localization_by_seed.csv
google/gemma-2-9b-it,gemma_2_9b_it,causal_mapping,10,middle,22,8,0.016,0.0,0.008,0.0,0.0,0.0,<ARCHIVE_ROOT>/results/cross_model_localization/gemma_2_9b_it/causal_mapping/budget_10/condition_middle/rank_8/seed_22,<ARCHIVE_ROOT>/results/cross_model_localization/gemma_2_9b_it/causal_mapping/budget_10/condition_middle/rank_8/seed_22/summary_localization_by_seed.csv
google/gemma-2-9b-it,gemma_2_9b_it,causal_mapping,10,middle,33,8,0.088,0.0,0.044,0.0,0.0,0.0,<ARCHIVE_ROOT>/results/cross_model_localization/gemma_2_9b_it/causal_mapping/budget_10/condition_middle/rank_8/seed_33,<ARCHIVE_ROOT>/results/cross_model_localization/gemma_2_9b_it/causal_mapping/budget_10/condition_middle/rank_8/seed_33/summary_localization_by_seed.csv
google/gemma-2-9b-it,gemma_2_9b_it,factual_association,8,early,11,8,0.072,0.072,0.072,0.07333333333333333,0.07333333333333333,0.47333333333333333,<ARCHIVE_ROOT>/results/cross_model_localization/gemma_2_9b_it/factual_association/budget_8/condition_early/rank_8/seed_11,<ARCHIVE_ROOT>/results/cross_model_localization/gemma_2_9b_it/factual_association/budget_8/condition_early/rank_8/seed_11/summary_localization_by_seed.csv
google/gemma-2-9b-it,gemma_2_9b_it,factual_association,8,early,22,8,0.12,0.12,0.12,0.09333333333333334,0.09333333333333334,0.5666666666666667,<ARCHIVE_ROOT>/results/cross_model_localization/gemma_2_9b_it/factual_association/budget_8/condition_early/rank_8/seed_22,<ARCHIVE_ROOT>/results/cross_model_localization/gemma_2_9b_it/factual_association/budget_8/condition_early/rank_8/seed_22/summary_localization_by_seed.csv
google/gemma-2-9b-it,gemma_2_9b_it,factual_association,8,early,33,8,0.088,0.088,0.088,0.08,0.08,0.6666666666666666,<ARCHIVE_ROOT>/results/cross_model_localization/gemma_2_9b_it/factual_association/budget_8/condition_early/rank_8/seed_33,<ARCHIVE_ROOT>/results/cross_model_localization/gemma_2_9b_it/factual_association/budget_8/condition_early/rank_8/seed_33/summary_localization_by_seed.csv
google/gemma-2-9b-it,gemma_2_9b_it,factual_association,8,full,11,8,0.592,0.592,0.592,0.6933333333333334,0.6933333333333334,0.72,<ARCHIVE_ROOT>/results/cross_model_localization/gemma_2_9b_it/factual_association/budget_8/condition_full/rank_8/seed_11,<ARCHIVE_ROOT>/results/cross_model_localization/gemma_2_9b_it/factual_association/budget_8/condition_full/rank_8/seed_11/summary_localization_by_seed.csv
google/gemma-2-9b-it,gemma_2_9b_it,factual_association,8,full,22,8,0.368,0.432,0.4,0.5866666666666667,0.5866666666666667,0.78,<ARCHIVE_ROOT>/results/cross_model_localization/gemma_2_9b_it/factual_association/budget_8/condition_full/rank_8/seed_22,<ARCHIVE_ROOT>/results/cross_model_localization/gemma_2_9b_it/factual_association/budget_8/condition_full/rank_8/seed_22/summary_localization_by_seed.csv
google/gemma-2-9b-it,gemma_2_9b_it,factual_association,8,full,33,8,0.52,0.664,0.5920000000000001,0.6733333333333333,0.6733333333333333,0.32666666666666666,<ARCHIVE_ROOT>/results/cross_model_localization/gemma_2_9b_it/factual_association/budget_8/condition_full/rank_8/seed_33,<ARCHIVE_ROOT>/results/cross_model_localization/gemma_2_9b_it/factual_association/budget_8/condition_full/rank_8/seed_33/summary_localization_by_seed.csv
google/gemma-2-9b-it,gemma_2_9b_it,factual_association,8,late,11,8,0.016,0.016,0.016,0.16,0.16,0.44,<ARCHIVE_ROOT>/results/cross_model_localization/gemma_2_9b_it/factual_association/budget_8/condition_late/rank_8/seed_11,<ARCHIVE_ROOT>/results/cross_model_localization/gemma_2_9b_it/factual_association/budget_8/condition_late/rank_8/seed_11/summary_localization_by_seed.csv
google/gemma-2-9b-it,gemma_2_9b_it,factual_association,8,late,22,8,0.024,0.024,0.024,0.16,0.16,0.3933333333333333,<ARCHIVE_ROOT>/results/cross_model_localization/gemma_2_9b_it/factual_association/budget_8/condition_late/rank_8/seed_22,<ARCHIVE_ROOT>/results/cross_model_localization/gemma_2_9b_it/factual_association/budget_8/condition_late/rank_8/seed_22/summary_localization_by_seed.csv
google/gemma-2-9b-it,gemma_2_9b_it,factual_association,8,late,33,8,0.0,0.0,0.0,0.16,0.16,0.41333333333333333,<ARCHIVE_ROOT>/results/cross_model_localization/gemma_2_9b_it/factual_association/budget_8/condition_late/rank_8/seed_33,<ARCHIVE_ROOT>/results/cross_model_localization/gemma_2_9b_it/factual_association/budget_8/condition_late/rank_8/seed_33/summary_localization_by_seed.csv
google/gemma-2-9b-it,gemma_2_9b_it,factual_association,8,middle,11,8,0.0,0.0,0.0,0.16666666666666666,0.16666666666666666,0.9933333333333333,<ARCHIVE_ROOT>/results/cross_model_localization/gemma_2_9b_it/factual_association/budget_8/condition_middle/rank_8/seed_11,<ARCHIVE_ROOT>/results/cross_model_localization/gemma_2_9b_it/factual_association/budget_8/condition_middle/rank_8/seed_11/summary_localization_by_seed.csv
google/gemma-2-9b-it,gemma_2_9b_it,factual_association,8,middle,22,8,0.008,0.008,0.008,0.16,0.16,0.8933333333333333,<ARCHIVE_ROOT>/results/cross_model_localization/gemma_2_9b_it/factual_association/budget_8/condition_middle/rank_8/seed_22,<ARCHIVE_ROOT>/results/cross_model_localization/gemma_2_9b_it/factual_association/budget_8/condition_middle/rank_8/seed_22/summary_localization_by_seed.csv
google/gemma-2-9b-it,gemma_2_9b_it,factual_association,8,middle,33,8,0.016,0.016,0.016,0.16,0.16,0.7266666666666667,<ARCHIVE_ROOT>/results/cross_model_localization/gemma_2_9b_it/factual_association/budget_8/condition_middle/rank_8/seed_33,<ARCHIVE_ROOT>/results/cross_model_localization/gemma_2_9b_it/factual_association/budget_8/condition_middle/rank_8/seed_33/summary_localization_by_seed.csv
google/gemma-2-9b-it,gemma_2_9b_it,lexical_binding,10,early,11,8,0.272,0.12,0.196,0.24666666666666667,0.24666666666666667,0.8866666666666667,<ARCHIVE_ROOT>/results/cross_model_localization/gemma_2_9b_it/lexical_binding/budget_10/condition_early/rank_8/seed_11,<ARCHIVE_ROOT>/results/cross_model_localization/gemma_2_9b_it/lexical_binding/budget_10/condition_early/rank_8/seed_11/summary_localization_by_seed.csv
google/gemma-2-9b-it,gemma_2_9b_it,lexical_binding,10,early,22,8,0.24,0.088,0.16399999999999998,0.23333333333333334,0.23333333333333334,0.9133333333333333,<ARCHIVE_ROOT>/results/cross_model_localization/gemma_2_9b_it/lexical_binding/budget_10/condition_early/rank_8/seed_22,<ARCHIVE_ROOT>/results/cross_model_localization/gemma_2_9b_it/lexical_binding/budget_10/condition_early/rank_8/seed_22/summary_localization_by_seed.csv
google/gemma-2-9b-it,gemma_2_9b_it,lexical_binding,10,early,33,8,0.128,0.08,0.10400000000000001,0.22,0.22,0.86,<ARCHIVE_ROOT>/results/cross_model_localization/gemma_2_9b_it/lexical_binding/budget_10/condition_early/rank_8/seed_33,<ARCHIVE_ROOT>/results/cross_model_localization/gemma_2_9b_it/lexical_binding/budget_10/condition_early/rank_8/seed_33/summary_localization_by_seed.csv
google/gemma-2-9b-it,gemma_2_9b_it,lexical_binding,10,full,11,8,0.848,0.856,0.852,0.36,0.36,0.6733333333333333,<ARCHIVE_ROOT>/results/cross_model_localization/gemma_2_9b_it/lexical_binding/budget_10/condition_full/rank_8/seed_11,<ARCHIVE_ROOT>/results/cross_model_localization/gemma_2_9b_it/lexical_binding/budget_10/condition_full/rank_8/seed_11/summary_localization_by_seed.csv
google/gemma-2-9b-it,gemma_2_9b_it,lexical_binding,10,full,22,8,0.984,0.992,0.988,0.41333333333333333,0.41333333333333333,0.62,<ARCHIVE_ROOT>/results/cross_model_localization/gemma_2_9b_it/lexical_binding/budget_10/condition_full/rank_8/seed_22,<ARCHIVE_ROOT>/results/cross_model_localization/gemma_2_9b_it/lexical_binding/budget_10/condition_full/rank_8/seed_22/summary_localization_by_seed.csv
google/gemma-2-9b-it,gemma_2_9b_it,lexical_binding,10,full,33,8,0.976,0.976,0.976,0.32,0.32,0.7066666666666667,<ARCHIVE_ROOT>/results/cross_model_localization/gemma_2_9b_it/lexical_binding/budget_10/condition_full/rank_8/seed_33,<ARCHIVE_ROOT>/results/cross_model_localization/gemma_2_9b_it/lexical_binding/budget_10/condition_full/rank_8/seed_33/summary_localization_by_seed.csv
google/gemma-2-9b-it,gemma_2_9b_it,lexical_binding,10,late,11,8,0.04,0.024,0.032,0.13333333333333333,0.13333333333333333,0.8866666666666667,<ARCHIVE_ROOT>/results/cross_model_localization/gemma_2_9b_it/lexical_binding/budget_10/condition_late/rank_8/seed_11,<ARCHIVE_ROOT>/results/cross_model_localization/gemma_2_9b_it/lexical_binding/budget_10/condition_late/rank_8/seed_11/summary_localization_by_seed.csv
google/gemma-2-9b-it,gemma_2_9b_it,lexical_binding,10,late,22,8,0.024,0.032,0.028,0.14666666666666667,0.14666666666666667,0.8733333333333333,<ARCHIVE_ROOT>/results/cross_model_localization/gemma_2_9b_it/lexical_binding/budget_10/condition_late/rank_8/seed_22,<ARCHIVE_ROOT>/results/cross_model_localization/gemma_2_9b_it/lexical_binding/budget_10/condition_late/rank_8/seed_22/summary_localization_by_seed.csv
google/gemma-2-9b-it,gemma_2_9b_it,lexical_binding,10,late,33,8,0.016,0.016,0.016,0.12,0.12,0.88,<ARCHIVE_ROOT>/results/cross_model_localization/gemma_2_9b_it/lexical_binding/budget_10/condition_late/rank_8/seed_33,<ARCHIVE_ROOT>/results/cross_model_localization/gemma_2_9b_it/lexical_binding/budget_10/condition_late/rank_8/seed_33/summary_localization_by_seed.csv
google/gemma-2-9b-it,gemma_2_9b_it,lexical_binding,10,middle,11,8,0.192,0.016,0.10400000000000001,0.16,0.16,0.8533333333333334,<ARCHIVE_ROOT>/results/cross_model_localization/gemma_2_9b_it/lexical_binding/budget_10/condition_middle/rank_8/seed_11,<ARCHIVE_ROOT>/results/cross_model_localization/gemma_2_9b_it/lexical_binding/budget_10/condition_middle/rank_8/seed_11/summary_localization_by_seed.csv
google/gemma-2-9b-it,gemma_2_9b_it,lexical_binding,10,middle,22,8,0.032,0.024,0.028,0.17333333333333334,0.17333333333333334,0.96,<ARCHIVE_ROOT>/results/cross_model_localization/gemma_2_9b_it/lexical_binding/budget_10/condition_middle/rank_8/seed_22,<ARCHIVE_ROOT>/results/cross_model_localization/gemma_2_9b_it/lexical_binding/budget_10/condition_middle/rank_8/seed_22/summary_localization_by_seed.csv
google/gemma-2-9b-it,gemma_2_9b_it,lexical_binding,10,middle,33,8,0.08,0.064,0.07200000000000001,0.17333333333333334,0.17333333333333334,0.9533333333333334,<ARCHIVE_ROOT>/results/cross_model_localization/gemma_2_9b_it/lexical_binding/budget_10/condition_middle/rank_8/seed_33,<ARCHIVE_ROOT>/results/cross_model_localization/gemma_2_9b_it/lexical_binding/budget_10/condition_middle/rank_8/seed_33/summary_localization_by_seed.csv
google/gemma-2-9b-it,gemma_2_9b_it,procedural_reasoning,8,early,11,8,0.184,0.0,0.092,0.0,0.0,0.18,<ARCHIVE_ROOT>/results/cross_model_localization/gemma_2_9b_it/procedural_reasoning/budget_8/condition_early/rank_8/seed_11,<ARCHIVE_ROOT>/results/cross_model_localization/gemma_2_9b_it/procedural_reasoning/budget_8/condition_early/rank_8/seed_11/summary_localization_by_seed.csv
google/gemma-2-9b-it,gemma_2_9b_it,procedural_reasoning,8,early,22,8,0.128,0.0,0.064,0.0,0.0,0.12666666666666668,<ARCHIVE_ROOT>/results/cross_model_localization/gemma_2_9b_it/procedural_reasoning/budget_8/condition_early/rank_8/seed_22,<ARCHIVE_ROOT>/results/cross_model_localization/gemma_2_9b_it/procedural_reasoning/budget_8/condition_early/rank_8/seed_22/summary_localization_by_seed.csv
google/gemma-2-9b-it,gemma_2_9b_it,procedural_reasoning,8,early,33,8,0.168,0.0,0.084,0.0,0.0,0.36,<ARCHIVE_ROOT>/results/cross_model_localization/gemma_2_9b_it/procedural_reasoning/budget_8/condition_early/rank_8/seed_33,<ARCHIVE_ROOT>/results/cross_model_localization/gemma_2_9b_it/procedural_reasoning/budget_8/condition_early/rank_8/seed_33/summary_localization_by_seed.csv
google/gemma-2-9b-it,gemma_2_9b_it,procedural_reasoning,8,full,11,8,0.88,0.344,0.612,0.24666666666666667,0.24666666666666667,0.7333333333333333,<ARCHIVE_ROOT>/results/cross_model_localization/gemma_2_9b_it/procedural_reasoning/budget_8/condition_full/rank_8/seed_11,<ARCHIVE_ROOT>/results/cross_model_localization/gemma_2_9b_it/procedural_reasoning/budget_8/condition_full/rank_8/seed_11/summary_localization_by_seed.csv
google/gemma-2-9b-it,gemma_2_9b_it,procedural_reasoning,8,full,22,8,0.936,0.544,0.74,0.4866666666666667,0.4866666666666667,0.8333333333333334,<ARCHIVE_ROOT>/results/cross_model_localization/gemma_2_9b_it/procedural_reasoning/budget_8/condition_full/rank_8/seed_22,<ARCHIVE_ROOT>/results/cross_model_localization/gemma_2_9b_it/procedural_reasoning/budget_8/condition_full/rank_8/seed_22/summary_localization_by_seed.csv
google/gemma-2-9b-it,gemma_2_9b_it,procedural_reasoning,8,full,33,8,0.696,0.336,0.516,0.32,0.32,0.8333333333333334,<ARCHIVE_ROOT>/results/cross_model_localization/gemma_2_9b_it/procedural_reasoning/budget_8/condition_full/rank_8/seed_33,<ARCHIVE_ROOT>/results/cross_model_localization/gemma_2_9b_it/procedural_reasoning/budget_8/condition_full/rank_8/seed_33/summary_localization_by_seed.csv
google/gemma-2-9b-it,gemma_2_9b_it,procedural_reasoning,8,late,11,8,0.136,0.048,0.092,0.17333333333333334,0.17333333333333334,0.04666666666666667,<ARCHIVE_ROOT>/results/cross_model_localization/gemma_2_9b_it/procedural_reasoning/budget_8/condition_late/rank_8/seed_11,<ARCHIVE_ROOT>/results/cross_model_localization/gemma_2_9b_it/procedural_reasoning/budget_8/condition_late/rank_8/seed_11/summary_localization_by_seed.csv
google/gemma-2-9b-it,gemma_2_9b_it,procedural_reasoning,8,late,22,8,0.056,0.024,0.04,0.09333333333333334,0.09333333333333334,0.12666666666666668,<ARCHIVE_ROOT>/results/cross_model_localization/gemma_2_9b_it/procedural_reasoning/budget_8/condition_late/rank_8/seed_22,<ARCHIVE_ROOT>/results/cross_model_localization/gemma_2_9b_it/procedural_reasoning/budget_8/condition_late/rank_8/seed_22/summary_localization_by_seed.csv
google/gemma-2-9b-it,gemma_2_9b_it,procedural_reasoning,8,late,33,8,0.104,0.12,0.11199999999999999,0.24,0.24,0.013333333333333334,<ARCHIVE_ROOT>/results/cross_model_localization/gemma_2_9b_it/procedural_reasoning/budget_8/condition_late/rank_8/seed_33,<ARCHIVE_ROOT>/results/cross_model_localization/gemma_2_9b_it/procedural_reasoning/budget_8/condition_late/rank_8/seed_33/summary_localization_by_seed.csv
google/gemma-2-9b-it,gemma_2_9b_it,procedural_reasoning,8,middle,11,8,0.096,0.032,0.064,0.03333333333333333,0.03333333333333333,0.04,<ARCHIVE_ROOT>/results/cross_model_localization/gemma_2_9b_it/procedural_reasoning/budget_8/condition_middle/rank_8/seed_11,<ARCHIVE_ROOT>/results/cross_model_localization/gemma_2_9b_it/procedural_reasoning/budget_8/condition_middle/rank_8/seed_11/summary_localization_by_seed.csv
google/gemma-2-9b-it,gemma_2_9b_it,procedural_reasoning,8,middle,22,8,0.232,0.024,0.128,0.006666666666666667,0.006666666666666667,0.6333333333333333,<ARCHIVE_ROOT>/results/cross_model_localization/gemma_2_9b_it/procedural_reasoning/budget_8/condition_middle/rank_8/seed_22,<ARCHIVE_ROOT>/results/cross_model_localization/gemma_2_9b_it/procedural_reasoning/budget_8/condition_middle/rank_8/seed_22/summary_localization_by_seed.csv
google/gemma-2-9b-it,gemma_2_9b_it,procedural_reasoning,8,middle,33,8,0.056,0.032,0.044,0.0,0.0,0.4266666666666667,<ARCHIVE_ROOT>/results/cross_model_localization/gemma_2_9b_it/procedural_reasoning/budget_8/condition_middle/rank_8/seed_33,<ARCHIVE_ROOT>/results/cross_model_localization/gemma_2_9b_it/procedural_reasoning/budget_8/condition_middle/rank_8/seed_33/summary_localization_by_seed.csv
meta-llama/Llama-3.1-8B-Instruct,llama_3_1_8b_instruct,behavioral_policy,10,early,11,8,0.808,0.88,0.8440000000000001,0.8933333333333333,0.8933333333333333,0.68,<ARCHIVE_ROOT>/results/cross_model_localization/llama_3_1_8b_instruct/behavioral_policy/budget_10/condition_early/rank_8/seed_11,<ARCHIVE_ROOT>/results/cross_model_localization/llama_3_1_8b_instruct/behavioral_policy/budget_10/condition_early/rank_8/seed_11/summary_localization_by_seed.csv
meta-llama/Llama-3.1-8B-Instruct,llama_3_1_8b_instruct,behavioral_policy,10,early,22,8,0.56,0.432,0.496,0.5866666666666667,0.5866666666666667,0.9933333333333333,<ARCHIVE_ROOT>/results/cross_model_localization/llama_3_1_8b_instruct/behavioral_policy/budget_10/condition_early/rank_8/seed_22,<ARCHIVE_ROOT>/results/cross_model_localization/llama_3_1_8b_instruct/behavioral_policy/budget_10/condition_early/rank_8/seed_22/summary_localization_by_seed.csv
meta-llama/Llama-3.1-8B-Instruct,llama_3_1_8b_instruct,behavioral_policy,10,early,33,8,0.88,0.944,0.9119999999999999,0.9466666666666667,0.9466666666666667,0.4666666666666667,<ARCHIVE_ROOT>/results/cross_model_localization/llama_3_1_8b_instruct/behavioral_policy/budget_10/condition_early/rank_8/seed_33,<ARCHIVE_ROOT>/results/cross_model_localization/llama_3_1_8b_instruct/behavioral_policy/budget_10/condition_early/rank_8/seed_33/summary_localization_by_seed.csv
meta-llama/Llama-3.1-8B-Instruct,llama_3_1_8b_instruct,behavioral_policy,10,full,11,8,0.952,0.944,0.948,0.92,0.92,0.94,<ARCHIVE_ROOT>/results/cross_model_localization/llama_3_1_8b_instruct/behavioral_policy/budget_10/condition_full/rank_8/seed_11,<ARCHIVE_ROOT>/results/cross_model_localization/llama_3_1_8b_instruct/behavioral_policy/budget_10/condition_full/rank_8/seed_11/summary_localization_by_seed.csv
meta-llama/Llama-3.1-8B-Instruct,llama_3_1_8b_instruct,behavioral_policy,10,full,22,8,0.96,0.936,0.948,0.9333333333333333,0.9333333333333333,0.9133333333333333,<ARCHIVE_ROOT>/results/cross_model_localization/llama_3_1_8b_instruct/behavioral_policy/budget_10/condition_full/rank_8/seed_22,<ARCHIVE_ROOT>/results/cross_model_localization/llama_3_1_8b_instruct/behavioral_policy/budget_10/condition_full/rank_8/seed_22/summary_localization_by_seed.csv
meta-llama/Llama-3.1-8B-Instruct,llama_3_1_8b_instruct,behavioral_policy,10,full,33,8,0.88,0.944,0.9119999999999999,0.9066666666666666,0.9066666666666666,0.9466666666666667,<ARCHIVE_ROOT>/results/cross_model_localization/llama_3_1_8b_instruct/behavioral_policy/budget_10/condition_full/rank_8/seed_33,<ARCHIVE_ROOT>/results/cross_model_localization/llama_3_1_8b_instruct/behavioral_policy/budget_10/condition_full/rank_8/seed_33/summary_localization_by_seed.csv
meta-llama/Llama-3.1-8B-Instruct,llama_3_1_8b_instruct,behavioral_policy,10,late,11,8,0.976,0.944,0.96,0.8933333333333333,0.8933333333333333,0.7066666666666667,<ARCHIVE_ROOT>/results/cross_model_localization/llama_3_1_8b_instruct/behavioral_policy/budget_10/condition_late/rank_8/seed_11,<ARCHIVE_ROOT>/results/cross_model_localization/llama_3_1_8b_instruct/behavioral_policy/budget_10/condition_late/rank_8/seed_11/summary_localization_by_seed.csv
meta-llama/Llama-3.1-8B-Instruct,llama_3_1_8b_instruct,behavioral_policy,10,late,22,8,0.936,0.944,0.94,0.8466666666666667,0.8466666666666667,0.7133333333333334,<ARCHIVE_ROOT>/results/cross_model_localization/llama_3_1_8b_instruct/behavioral_policy/budget_10/condition_late/rank_8/seed_22,<ARCHIVE_ROOT>/results/cross_model_localization/llama_3_1_8b_instruct/behavioral_policy/budget_10/condition_late/rank_8/seed_22/summary_localization_by_seed.csv
meta-llama/Llama-3.1-8B-Instruct,llama_3_1_8b_instruct,behavioral_policy,10,late,33,8,0.968,0.936,0.952,0.8866666666666667,0.8866666666666667,0.6066666666666667,<ARCHIVE_ROOT>/results/cross_model_localization/llama_3_1_8b_instruct/behavioral_policy/budget_10/condition_late/rank_8/seed_33,<ARCHIVE_ROOT>/results/cross_model_localization/llama_3_1_8b_instruct/behavioral_policy/budget_10/condition_late/rank_8/seed_33/summary_localization_by_seed.csv
meta-llama/Llama-3.1-8B-Instruct,llama_3_1_8b_instruct,behavioral_policy,10,middle,11,8,0.904,0.84,0.872,0.8933333333333333,0.8933333333333333,0.92,<ARCHIVE_ROOT>/results/cross_model_localization/llama_3_1_8b_instruct/behavioral_policy/budget_10/condition_middle/rank_8/seed_11,<ARCHIVE_ROOT>/results/cross_model_localization/llama_3_1_8b_instruct/behavioral_policy/budget_10/condition_middle/rank_8/seed_11/summary_localization_by_seed.csv
meta-llama/Llama-3.1-8B-Instruct,llama_3_1_8b_instruct,behavioral_policy,10,middle,22,8,0.856,0.856,0.856,0.94,0.94,0.9733333333333334,<ARCHIVE_ROOT>/results/cross_model_localization/llama_3_1_8b_instruct/behavioral_policy/budget_10/condition_middle/rank_8/seed_22,<ARCHIVE_ROOT>/results/cross_model_localization/llama_3_1_8b_instruct/behavioral_policy/budget_10/condition_middle/rank_8/seed_22/summary_localization_by_seed.csv
meta-llama/Llama-3.1-8B-Instruct,llama_3_1_8b_instruct,behavioral_policy,10,middle,33,8,0.928,0.92,0.924,0.9733333333333334,0.9733333333333334,0.8333333333333334,<ARCHIVE_ROOT>/results/cross_model_localization/llama_3_1_8b_instruct/behavioral_policy/budget_10/condition_middle/rank_8/seed_33,<ARCHIVE_ROOT>/results/cross_model_localization/llama_3_1_8b_instruct/behavioral_policy/budget_10/condition_middle/rank_8/seed_33/summary_localization_by_seed.csv
meta-llama/Llama-3.1-8B-Instruct,llama_3_1_8b_instruct,causal_mapping,10,early,11,8,1.0,0.944,0.972,0.68,0.68,0.3333333333333333,<ARCHIVE_ROOT>/results/cross_model_localization/llama_3_1_8b_instruct/causal_mapping/budget_10/condition_early/rank_8/seed_11,<ARCHIVE_ROOT>/results/cross_model_localization/llama_3_1_8b_instruct/causal_mapping/budget_10/condition_early/rank_8/seed_11/summary_localization_by_seed.csv
meta-llama/Llama-3.1-8B-Instruct,llama_3_1_8b_instruct,causal_mapping,10,early,22,8,1.0,0.952,0.976,0.6733333333333333,0.6733333333333333,0.5,<ARCHIVE_ROOT>/results/cross_model_localization/llama_3_1_8b_instruct/causal_mapping/budget_10/condition_early/rank_8/seed_22,<ARCHIVE_ROOT>/results/cross_model_localization/llama_3_1_8b_instruct/causal_mapping/budget_10/condition_early/rank_8/seed_22/summary_localization_by_seed.csv
meta-llama/Llama-3.1-8B-Instruct,llama_3_1_8b_instruct,causal_mapping,10,early,33,8,1.0,0.976,0.988,0.5333333333333333,0.5333333333333333,0.3333333333333333,<ARCHIVE_ROOT>/results/cross_model_localization/llama_3_1_8b_instruct/causal_mapping/budget_10/condition_early/rank_8/seed_33,<ARCHIVE_ROOT>/results/cross_model_localization/llama_3_1_8b_instruct/causal_mapping/budget_10/condition_early/rank_8/seed_33/summary_localization_by_seed.csv
meta-llama/Llama-3.1-8B-Instruct,llama_3_1_8b_instruct,causal_mapping,10,full,11,8,1.0,1.0,1.0,0.72,0.72,0.5,<ARCHIVE_ROOT>/results/cross_model_localization/llama_3_1_8b_instruct/causal_mapping/budget_10/condition_full/rank_8/seed_11,<ARCHIVE_ROOT>/results/cross_model_localization/llama_3_1_8b_instruct/causal_mapping/budget_10/condition_full/rank_8/seed_11/summary_localization_by_seed.csv
meta-llama/Llama-3.1-8B-Instruct,llama_3_1_8b_instruct,causal_mapping,10,full,22,8,1.0,1.0,1.0,0.78,0.78,0.3333333333333333,<ARCHIVE_ROOT>/results/cross_model_localization/llama_3_1_8b_instruct/causal_mapping/budget_10/condition_full/rank_8/seed_22,<ARCHIVE_ROOT>/results/cross_model_localization/llama_3_1_8b_instruct/causal_mapping/budget_10/condition_full/rank_8/seed_22/summary_localization_by_seed.csv
meta-llama/Llama-3.1-8B-Instruct,llama_3_1_8b_instruct,causal_mapping,10,full,33,8,1.0,1.0,1.0,0.7733333333333333,0.7733333333333333,0.4866666666666667,<ARCHIVE_ROOT>/results/cross_model_localization/llama_3_1_8b_instruct/causal_mapping/budget_10/condition_full/rank_8/seed_33,<ARCHIVE_ROOT>/results/cross_model_localization/llama_3_1_8b_instruct/causal_mapping/budget_10/condition_full/rank_8/seed_33/summary_localization_by_seed.csv
meta-llama/Llama-3.1-8B-Instruct,llama_3_1_8b_instruct,causal_mapping,10,late,11,8,0.984,0.952,0.968,0.62,0.62,0.5066666666666667,<ARCHIVE_ROOT>/results/cross_model_localization/llama_3_1_8b_instruct/causal_mapping/budget_10/condition_late/rank_8/seed_11,<ARCHIVE_ROOT>/results/cross_model_localization/llama_3_1_8b_instruct/causal_mapping/budget_10/condition_late/rank_8/seed_11/summary_localization_by_seed.csv
meta-llama/Llama-3.1-8B-Instruct,llama_3_1_8b_instruct,causal_mapping,10,late,22,8,0.936,0.92,0.928,0.6133333333333333,0.6133333333333333,0.47333333333333333,<ARCHIVE_ROOT>/results/cross_model_localization/llama_3_1_8b_instruct/causal_mapping/budget_10/condition_late/rank_8/seed_22,<ARCHIVE_ROOT>/results/cross_model_localization/llama_3_1_8b_instruct/causal_mapping/budget_10/condition_late/rank_8/seed_22/summary_localization_by_seed.csv
meta-llama/Llama-3.1-8B-Instruct,llama_3_1_8b_instruct,causal_mapping,10,late,33,8,0.992,0.968,0.98,0.6133333333333333,0.6133333333333333,0.44,<ARCHIVE_ROOT>/results/cross_model_localization/llama_3_1_8b_instruct/causal_mapping/budget_10/condition_late/rank_8/seed_33,<ARCHIVE_ROOT>/results/cross_model_localization/llama_3_1_8b_instruct/causal_mapping/budget_10/condition_late/rank_8/seed_33/summary_localization_by_seed.csv
meta-llama/Llama-3.1-8B-Instruct,llama_3_1_8b_instruct,causal_mapping,10,middle,11,8,1.0,0.96,0.98,0.6866666666666666,0.6866666666666666,0.5,<ARCHIVE_ROOT>/results/cross_model_localization/llama_3_1_8b_instruct/causal_mapping/budget_10/condition_middle/rank_8/seed_11,<ARCHIVE_ROOT>/results/cross_model_localization/llama_3_1_8b_instruct/causal_mapping/budget_10/condition_middle/rank_8/seed_11/summary_localization_by_seed.csv
meta-llama/Llama-3.1-8B-Instruct,llama_3_1_8b_instruct,causal_mapping,10,middle,22,8,1.0,0.976,0.988,0.6733333333333333,0.6733333333333333,0.5,<ARCHIVE_ROOT>/results/cross_model_localization/llama_3_1_8b_instruct/causal_mapping/budget_10/condition_middle/rank_8/seed_22,<ARCHIVE_ROOT>/results/cross_model_localization/llama_3_1_8b_instruct/causal_mapping/budget_10/condition_middle/rank_8/seed_22/summary_localization_by_seed.csv
meta-llama/Llama-3.1-8B-Instruct,llama_3_1_8b_instruct,causal_mapping,10,middle,33,8,1.0,0.96,0.98,0.6066666666666667,0.6066666666666667,0.5,<ARCHIVE_ROOT>/results/cross_model_localization/llama_3_1_8b_instruct/causal_mapping/budget_10/condition_middle/rank_8/seed_33,<ARCHIVE_ROOT>/results/cross_model_localization/llama_3_1_8b_instruct/causal_mapping/budget_10/condition_middle/rank_8/seed_33/summary_localization_by_seed.csv
meta-llama/Llama-3.1-8B-Instruct,llama_3_1_8b_instruct,factual_association,8,early,11,8,0.296,0.304,0.3,0.17333333333333334,0.17333333333333334,0.42,<ARCHIVE_ROOT>/results/cross_model_localization/llama_3_1_8b_instruct/factual_association/budget_8/condition_early/rank_8/seed_11,<ARCHIVE_ROOT>/results/cross_model_localization/llama_3_1_8b_instruct/factual_association/budget_8/condition_early/rank_8/seed_11/summary_localization_by_seed.csv
meta-llama/Llama-3.1-8B-Instruct,llama_3_1_8b_instruct,factual_association,8,early,22,8,0.344,0.344,0.344,0.11333333333333333,0.11333333333333333,0.31333333333333335,<ARCHIVE_ROOT>/results/cross_model_localization/llama_3_1_8b_instruct/factual_association/budget_8/condition_early/rank_8/seed_22,<ARCHIVE_ROOT>/results/cross_model_localization/llama_3_1_8b_instruct/factual_association/budget_8/condition_early/rank_8/seed_22/summary_localization_by_seed.csv
meta-llama/Llama-3.1-8B-Instruct,llama_3_1_8b_instruct,factual_association,8,early,33,8,0.4,0.424,0.41200000000000003,0.20666666666666667,0.20666666666666667,0.36,<ARCHIVE_ROOT>/results/cross_model_localization/llama_3_1_8b_instruct/factual_association/budget_8/condition_early/rank_8/seed_33,<ARCHIVE_ROOT>/results/cross_model_localization/llama_3_1_8b_instruct/factual_association/budget_8/condition_early/rank_8/seed_33/summary_localization_by_seed.csv
meta-llama/Llama-3.1-8B-Instruct,llama_3_1_8b_instruct,factual_association,8,full,11,8,0.896,0.896,0.896,0.8866666666666667,0.8866666666666667,0.3333333333333333,<ARCHIVE_ROOT>/results/cross_model_localization/llama_3_1_8b_instruct/factual_association/budget_8/condition_full/rank_8/seed_11,<ARCHIVE_ROOT>/results/cross_model_localization/llama_3_1_8b_instruct/factual_association/budget_8/condition_full/rank_8/seed_11/summary_localization_by_seed.csv
meta-llama/Llama-3.1-8B-Instruct,llama_3_1_8b_instruct,factual_association,8,full,22,8,0.888,0.888,0.888,0.82,0.82,0.3466666666666667,<ARCHIVE_ROOT>/results/cross_model_localization/llama_3_1_8b_instruct/factual_association/budget_8/condition_full/rank_8/seed_22,<ARCHIVE_ROOT>/results/cross_model_localization/llama_3_1_8b_instruct/factual_association/budget_8/condition_full/rank_8/seed_22/summary_localization_by_seed.csv
meta-llama/Llama-3.1-8B-Instruct,llama_3_1_8b_instruct,factual_association,8,full,33,8,0.856,0.872,0.864,0.78,0.78,0.31333333333333335,<ARCHIVE_ROOT>/results/cross_model_localization/llama_3_1_8b_instruct/factual_association/budget_8/condition_full/rank_8/seed_33,<ARCHIVE_ROOT>/results/cross_model_localization/llama_3_1_8b_instruct/factual_association/budget_8/condition_full/rank_8/seed_33/summary_localization_by_seed.csv
meta-llama/Llama-3.1-8B-Instruct,llama_3_1_8b_instruct,factual_association,8,late,11,8,0.456,0.584,0.52,0.68,0.68,0.6666666666666666,<ARCHIVE_ROOT>/results/cross_model_localization/llama_3_1_8b_instruct/factual_association/budget_8/condition_late/rank_8/seed_11,<ARCHIVE_ROOT>/results/cross_model_localization/llama_3_1_8b_instruct/factual_association/budget_8/condition_late/rank_8/seed_11/summary_localization_by_seed.csv
meta-llama/Llama-3.1-8B-Instruct,llama_3_1_8b_instruct,factual_association,8,late,22,8,0.384,0.64,0.512,0.6333333333333333,0.6333333333333333,0.54,<ARCHIVE_ROOT>/results/cross_model_localization/llama_3_1_8b_instruct/factual_association/budget_8/condition_late/rank_8/seed_22,<ARCHIVE_ROOT>/results/cross_model_localization/llama_3_1_8b_instruct/factual_association/budget_8/condition_late/rank_8/seed_22/summary_localization_by_seed.csv
meta-llama/Llama-3.1-8B-Instruct,llama_3_1_8b_instruct,factual_association,8,late,33,8,0.44,0.552,0.496,0.64,0.64,0.5133333333333333,<ARCHIVE_ROOT>/results/cross_model_localization/llama_3_1_8b_instruct/factual_association/budget_8/condition_late/rank_8/seed_33,<ARCHIVE_ROOT>/results/cross_model_localization/llama_3_1_8b_instruct/factual_association/budget_8/condition_late/rank_8/seed_33/summary_localization_by_seed.csv
meta-llama/Llama-3.1-8B-Instruct,llama_3_1_8b_instruct,factual_association,8,middle,11,8,0.36,0.392,0.376,0.31333333333333335,0.31333333333333335,0.49333333333333335,<ARCHIVE_ROOT>/results/cross_model_localization/llama_3_1_8b_instruct/factual_association/budget_8/condition_middle/rank_8/seed_11,<ARCHIVE_ROOT>/results/cross_model_localization/llama_3_1_8b_instruct/factual_association/budget_8/condition_middle/rank_8/seed_11/summary_localization_by_seed.csv
meta-llama/Llama-3.1-8B-Instruct,llama_3_1_8b_instruct,factual_association,8,middle,22,8,0.464,0.4,0.43200000000000005,0.34,0.34,0.38666666666666666,<ARCHIVE_ROOT>/results/cross_model_localization/llama_3_1_8b_instruct/factual_association/budget_8/condition_middle/rank_8/seed_22,<ARCHIVE_ROOT>/results/cross_model_localization/llama_3_1_8b_instruct/factual_association/budget_8/condition_middle/rank_8/seed_22/summary_localization_by_seed.csv
meta-llama/Llama-3.1-8B-Instruct,llama_3_1_8b_instruct,factual_association,8,middle,33,8,0.36,0.448,0.404,0.35333333333333333,0.35333333333333333,0.37333333333333335,<ARCHIVE_ROOT>/results/cross_model_localization/llama_3_1_8b_instruct/factual_association/budget_8/condition_middle/rank_8/seed_33,<ARCHIVE_ROOT>/results/cross_model_localization/llama_3_1_8b_instruct/factual_association/budget_8/condition_middle/rank_8/seed_33/summary_localization_by_seed.csv
meta-llama/Llama-3.1-8B-Instruct,llama_3_1_8b_instruct,lexical_binding,10,early,11,8,0.992,0.976,0.984,0.6066666666666667,0.6066666666666667,0.5266666666666666,<ARCHIVE_ROOT>/results/cross_model_localization/llama_3_1_8b_instruct/lexical_binding/budget_10/condition_early/rank_8/seed_11,<ARCHIVE_ROOT>/results/cross_model_localization/llama_3_1_8b_instruct/lexical_binding/budget_10/condition_early/rank_8/seed_11/summary_localization_by_seed.csv
meta-llama/Llama-3.1-8B-Instruct,llama_3_1_8b_instruct,lexical_binding,10,early,22,8,1.0,1.0,1.0,0.88,0.88,0.41333333333333333,<ARCHIVE_ROOT>/results/cross_model_localization/llama_3_1_8b_instruct/lexical_binding/budget_10/condition_early/rank_8/seed_22,<ARCHIVE_ROOT>/results/cross_model_localization/llama_3_1_8b_instruct/lexical_binding/budget_10/condition_early/rank_8/seed_22/summary_localization_by_seed.csv
meta-llama/Llama-3.1-8B-Instruct,llama_3_1_8b_instruct,lexical_binding,10,early,33,8,0.944,0.936,0.94,0.44,0.44,0.4533333333333333,<ARCHIVE_ROOT>/results/cross_model_localization/llama_3_1_8b_instruct/lexical_binding/budget_10/condition_early/rank_8/seed_33,<ARCHIVE_ROOT>/results/cross_model_localization/llama_3_1_8b_instruct/lexical_binding/budget_10/condition_early/rank_8/seed_33/summary_localization_by_seed.csv
meta-llama/Llama-3.1-8B-Instruct,llama_3_1_8b_instruct,lexical_binding,10,full,11,8,1.0,1.0,1.0,0.84,0.84,0.38,<ARCHIVE_ROOT>/results/cross_model_localization/llama_3_1_8b_instruct/lexical_binding/budget_10/condition_full/rank_8/seed_11,<ARCHIVE_ROOT>/results/cross_model_localization/llama_3_1_8b_instruct/lexical_binding/budget_10/condition_full/rank_8/seed_11/summary_localization_by_seed.csv
meta-llama/Llama-3.1-8B-Instruct,llama_3_1_8b_instruct,lexical_binding,10,full,22,8,1.0,1.0,1.0,0.62,0.62,0.4533333333333333,<ARCHIVE_ROOT>/results/cross_model_localization/llama_3_1_8b_instruct/lexical_binding/budget_10/condition_full/rank_8/seed_22,<ARCHIVE_ROOT>/results/cross_model_localization/llama_3_1_8b_instruct/lexical_binding/budget_10/condition_full/rank_8/seed_22/summary_localization_by_seed.csv
meta-llama/Llama-3.1-8B-Instruct,llama_3_1_8b_instruct,lexical_binding,10,full,33,8,1.0,1.0,1.0,0.8333333333333334,0.8333333333333334,0.4666666666666667,<ARCHIVE_ROOT>/results/cross_model_localization/llama_3_1_8b_instruct/lexical_binding/budget_10/condition_full/rank_8/seed_33,<ARCHIVE_ROOT>/results/cross_model_localization/llama_3_1_8b_instruct/lexical_binding/budget_10/condition_full/rank_8/seed_33/summary_localization_by_seed.csv
meta-llama/Llama-3.1-8B-Instruct,llama_3_1_8b_instruct,lexical_binding,10,late,11,8,0.792,0.776,0.784,0.5533333333333333,0.5533333333333333,0.3466666666666667,<ARCHIVE_ROOT>/results/cross_model_localization/llama_3_1_8b_instruct/lexical_binding/budget_10/condition_late/rank_8/seed_11,<ARCHIVE_ROOT>/results/cross_model_localization/llama_3_1_8b_instruct/lexical_binding/budget_10/condition_late/rank_8/seed_11/summary_localization_by_seed.csv
meta-llama/Llama-3.1-8B-Instruct,llama_3_1_8b_instruct,lexical_binding,10,late,22,8,0.816,0.728,0.772,0.5533333333333333,0.5533333333333333,0.3333333333333333,<ARCHIVE_ROOT>/results/cross_model_localization/llama_3_1_8b_instruct/lexical_binding/budget_10/condition_late/rank_8/seed_22,<ARCHIVE_ROOT>/results/cross_model_localization/llama_3_1_8b_instruct/lexical_binding/budget_10/condition_late/rank_8/seed_22/summary_localization_by_seed.csv
meta-llama/Llama-3.1-8B-Instruct,llama_3_1_8b_instruct,lexical_binding,10,late,33,8,0.784,0.704,0.744,0.54,0.54,0.3466666666666667,<ARCHIVE_ROOT>/results/cross_model_localization/llama_3_1_8b_instruct/lexical_binding/budget_10/condition_late/rank_8/seed_33,<ARCHIVE_ROOT>/results/cross_model_localization/llama_3_1_8b_instruct/lexical_binding/budget_10/condition_late/rank_8/seed_33/summary_localization_by_seed.csv
meta-llama/Llama-3.1-8B-Instruct,llama_3_1_8b_instruct,lexical_binding,10,middle,11,8,0.904,0.872,0.888,0.4866666666666667,0.4866666666666667,0.38,<ARCHIVE_ROOT>/results/cross_model_localization/llama_3_1_8b_instruct/lexical_binding/budget_10/condition_middle/rank_8/seed_11,<ARCHIVE_ROOT>/results/cross_model_localization/llama_3_1_8b_instruct/lexical_binding/budget_10/condition_middle/rank_8/seed_11/summary_localization_by_seed.csv
meta-llama/Llama-3.1-8B-Instruct,llama_3_1_8b_instruct,lexical_binding,10,middle,22,8,0.904,0.872,0.888,0.7,0.7,0.4,<ARCHIVE_ROOT>/results/cross_model_localization/llama_3_1_8b_instruct/lexical_binding/budget_10/condition_middle/rank_8/seed_22,<ARCHIVE_ROOT>/results/cross_model_localization/llama_3_1_8b_instruct/lexical_binding/budget_10/condition_middle/rank_8/seed_22/summary_localization_by_seed.csv
meta-llama/Llama-3.1-8B-Instruct,llama_3_1_8b_instruct,lexical_binding,10,middle,33,8,0.848,0.832,0.84,0.44666666666666666,0.44666666666666666,0.5066666666666667,<ARCHIVE_ROOT>/results/cross_model_localization/llama_3_1_8b_instruct/lexical_binding/budget_10/condition_middle/rank_8/seed_33,<ARCHIVE_ROOT>/results/cross_model_localization/llama_3_1_8b_instruct/lexical_binding/budget_10/condition_middle/rank_8/seed_33/summary_localization_by_seed.csv
meta-llama/Llama-3.1-8B-Instruct,llama_3_1_8b_instruct,procedural_reasoning,8,early,11,8,1.0,0.52,0.76,0.5,0.5,0.6733333333333333,<ARCHIVE_ROOT>/results/cross_model_localization/llama_3_1_8b_instruct/procedural_reasoning/budget_8/condition_early/rank_8/seed_11,<ARCHIVE_ROOT>/results/cross_model_localization/llama_3_1_8b_instruct/procedural_reasoning/budget_8/condition_early/rank_8/seed_11/summary_localization_by_seed.csv
meta-llama/Llama-3.1-8B-Instruct,llama_3_1_8b_instruct,procedural_reasoning,8,early,22,8,1.0,0.56,0.78,0.56,0.56,0.8066666666666666,<ARCHIVE_ROOT>/results/cross_model_localization/llama_3_1_8b_instruct/procedural_reasoning/budget_8/condition_early/rank_8/seed_22,<ARCHIVE_ROOT>/results/cross_model_localization/llama_3_1_8b_instruct/procedural_reasoning/budget_8/condition_early/rank_8/seed_22/summary_localization_by_seed.csv
meta-llama/Llama-3.1-8B-Instruct,llama_3_1_8b_instruct,procedural_reasoning,8,early,33,8,1.0,0.6,0.8,0.4,0.4,0.3,<ARCHIVE_ROOT>/results/cross_model_localization/llama_3_1_8b_instruct/procedural_reasoning/budget_8/condition_early/rank_8/seed_33,<ARCHIVE_ROOT>/results/cross_model_localization/llama_3_1_8b_instruct/procedural_reasoning/budget_8/condition_early/rank_8/seed_33/summary_localization_by_seed.csv
meta-llama/Llama-3.1-8B-Instruct,llama_3_1_8b_instruct,procedural_reasoning,8,full,11,8,1.0,0.664,0.8320000000000001,0.7133333333333334,0.7133333333333334,0.8333333333333334,<ARCHIVE_ROOT>/results/cross_model_localization/llama_3_1_8b_instruct/procedural_reasoning/budget_8/condition_full/rank_8/seed_11,<ARCHIVE_ROOT>/results/cross_model_localization/llama_3_1_8b_instruct/procedural_reasoning/budget_8/condition_full/rank_8/seed_11/summary_localization_by_seed.csv
meta-llama/Llama-3.1-8B-Instruct,llama_3_1_8b_instruct,procedural_reasoning,8,full,22,8,1.0,0.568,0.784,0.6666666666666666,0.6666666666666666,0.9333333333333333,<ARCHIVE_ROOT>/results/cross_model_localization/llama_3_1_8b_instruct/procedural_reasoning/budget_8/condition_full/rank_8/seed_22,<ARCHIVE_ROOT>/results/cross_model_localization/llama_3_1_8b_instruct/procedural_reasoning/budget_8/condition_full/rank_8/seed_22/summary_localization_by_seed.csv
meta-llama/Llama-3.1-8B-Instruct,llama_3_1_8b_instruct,procedural_reasoning,8,full,33,8,1.0,0.664,0.8320000000000001,0.7133333333333334,0.7133333333333334,0.8333333333333334,<ARCHIVE_ROOT>/results/cross_model_localization/llama_3_1_8b_instruct/procedural_reasoning/budget_8/condition_full/rank_8/seed_33,<ARCHIVE_ROOT>/results/cross_model_localization/llama_3_1_8b_instruct/procedural_reasoning/budget_8/condition_full/rank_8/seed_33/summary_localization_by_seed.csv
meta-llama/Llama-3.1-8B-Instruct,llama_3_1_8b_instruct,procedural_reasoning,8,late,11,8,1.0,0.24,0.62,0.56,0.56,0.8266666666666667,<ARCHIVE_ROOT>/results/cross_model_localization/llama_3_1_8b_instruct/procedural_reasoning/budget_8/condition_late/rank_8/seed_11,<ARCHIVE_ROOT>/results/cross_model_localization/llama_3_1_8b_instruct/procedural_reasoning/budget_8/condition_late/rank_8/seed_11/summary_localization_by_seed.csv
meta-llama/Llama-3.1-8B-Instruct,llama_3_1_8b_instruct,procedural_reasoning,8,late,22,8,0.96,0.232,0.596,0.5133333333333333,0.5133333333333333,0.82,<ARCHIVE_ROOT>/results/cross_model_localization/llama_3_1_8b_instruct/procedural_reasoning/budget_8/condition_late/rank_8/seed_22,<ARCHIVE_ROOT>/results/cross_model_localization/llama_3_1_8b_instruct/procedural_reasoning/budget_8/condition_late/rank_8/seed_22/summary_localization_by_seed.csv
meta-llama/Llama-3.1-8B-Instruct,llama_3_1_8b_instruct,procedural_reasoning,8,late,33,8,0.968,0.208,0.588,0.5533333333333333,0.5533333333333333,0.82,<ARCHIVE_ROOT>/results/cross_model_localization/llama_3_1_8b_instruct/procedural_reasoning/budget_8/condition_late/rank_8/seed_33,<ARCHIVE_ROOT>/results/cross_model_localization/llama_3_1_8b_instruct/procedural_reasoning/budget_8/condition_late/rank_8/seed_33/summary_localization_by_seed.csv
meta-llama/Llama-3.1-8B-Instruct,llama_3_1_8b_instruct,procedural_reasoning,8,middle,11,8,1.0,0.6,0.8,0.68,0.68,0.7933333333333333,<ARCHIVE_ROOT>/results/cross_model_localization/llama_3_1_8b_instruct/procedural_reasoning/budget_8/condition_middle/rank_8/seed_11,<ARCHIVE_ROOT>/results/cross_model_localization/llama_3_1_8b_instruct/procedural_reasoning/budget_8/condition_middle/rank_8/seed_11/summary_localization_by_seed.csv
meta-llama/Llama-3.1-8B-Instruct,llama_3_1_8b_instruct,procedural_reasoning,8,middle,22,8,1.0,0.608,0.804,0.68,0.68,0.82,<ARCHIVE_ROOT>/results/cross_model_localization/llama_3_1_8b_instruct/procedural_reasoning/budget_8/condition_middle/rank_8/seed_22,<ARCHIVE_ROOT>/results/cross_model_localization/llama_3_1_8b_instruct/procedural_reasoning/budget_8/condition_middle/rank_8/seed_22/summary_localization_by_seed.csv
meta-llama/Llama-3.1-8B-Instruct,llama_3_1_8b_instruct,procedural_reasoning,8,middle,33,8,0.84,0.608,0.724,0.6733333333333333,0.6733333333333333,0.7533333333333333,<ARCHIVE_ROOT>/results/cross_model_localization/llama_3_1_8b_instruct/procedural_reasoning/budget_8/condition_middle/rank_8/seed_33,<ARCHIVE_ROOT>/results/cross_model_localization/llama_3_1_8b_instruct/procedural_reasoning/budget_8/condition_middle/rank_8/seed_33/summary_localization_by_seed.csv
mistralai/Mistral-7B-Instruct-v0.3,mistral_7b_instruct_v0_3,behavioral_policy,10,early,11,8,0.8,0.848,0.8240000000000001,0.8133333333333334,0.8133333333333334,0.9466666666666667,<ARCHIVE_ROOT>/results/cross_model_localization/mistral_7b_instruct_v0_3/behavioral_policy/budget_10/condition_early/rank_8/seed_11,<ARCHIVE_ROOT>/results/cross_model_localization/mistral_7b_instruct_v0_3/behavioral_policy/budget_10/condition_early/rank_8/seed_11/summary_localization_by_seed.csv
mistralai/Mistral-7B-Instruct-v0.3,mistral_7b_instruct_v0_3,behavioral_policy,10,early,22,8,0.84,0.824,0.832,0.8666666666666667,0.8666666666666667,0.8666666666666667,<ARCHIVE_ROOT>/results/cross_model_localization/mistral_7b_instruct_v0_3/behavioral_policy/budget_10/condition_early/rank_8/seed_22,<ARCHIVE_ROOT>/results/cross_model_localization/mistral_7b_instruct_v0_3/behavioral_policy/budget_10/condition_early/rank_8/seed_22/summary_localization_by_seed.csv
mistralai/Mistral-7B-Instruct-v0.3,mistral_7b_instruct_v0_3,behavioral_policy,10,early,33,8,0.824,0.808,0.8160000000000001,0.8333333333333334,0.8333333333333334,0.9,<ARCHIVE_ROOT>/results/cross_model_localization/mistral_7b_instruct_v0_3/behavioral_policy/budget_10/condition_early/rank_8/seed_33,<ARCHIVE_ROOT>/results/cross_model_localization/mistral_7b_instruct_v0_3/behavioral_policy/budget_10/condition_early/rank_8/seed_33/summary_localization_by_seed.csv
mistralai/Mistral-7B-Instruct-v0.3,mistral_7b_instruct_v0_3,behavioral_policy,10,full,11,8,0.984,0.976,0.98,0.9733333333333334,0.9733333333333334,0.8933333333333333,<ARCHIVE_ROOT>/results/cross_model_localization/mistral_7b_instruct_v0_3/behavioral_policy/budget_10/condition_full/rank_8/seed_11,<ARCHIVE_ROOT>/results/cross_model_localization/mistral_7b_instruct_v0_3/behavioral_policy/budget_10/condition_full/rank_8/seed_11/summary_localization_by_seed.csv
mistralai/Mistral-7B-Instruct-v0.3,mistral_7b_instruct_v0_3,behavioral_policy,10,full,22,8,1.0,0.976,0.988,0.9933333333333333,0.9933333333333333,0.9466666666666667,<ARCHIVE_ROOT>/results/cross_model_localization/mistral_7b_instruct_v0_3/behavioral_policy/budget_10/condition_full/rank_8/seed_22,<ARCHIVE_ROOT>/results/cross_model_localization/mistral_7b_instruct_v0_3/behavioral_policy/budget_10/condition_full/rank_8/seed_22/summary_localization_by_seed.csv
mistralai/Mistral-7B-Instruct-v0.3,mistral_7b_instruct_v0_3,behavioral_policy,10,full,33,8,0.984,0.936,0.96,0.9466666666666667,0.9466666666666667,0.98,<ARCHIVE_ROOT>/results/cross_model_localization/mistral_7b_instruct_v0_3/behavioral_policy/budget_10/condition_full/rank_8/seed_33,<ARCHIVE_ROOT>/results/cross_model_localization/mistral_7b_instruct_v0_3/behavioral_policy/budget_10/condition_full/rank_8/seed_33/summary_localization_by_seed.csv
mistralai/Mistral-7B-Instruct-v0.3,mistral_7b_instruct_v0_3,behavioral_policy,10,late,11,8,0.92,0.896,0.908,0.92,0.92,0.82,<ARCHIVE_ROOT>/results/cross_model_localization/mistral_7b_instruct_v0_3/behavioral_policy/budget_10/condition_late/rank_8/seed_11,<ARCHIVE_ROOT>/results/cross_model_localization/mistral_7b_instruct_v0_3/behavioral_policy/budget_10/condition_late/rank_8/seed_11/summary_localization_by_seed.csv
mistralai/Mistral-7B-Instruct-v0.3,mistral_7b_instruct_v0_3,behavioral_policy,10,late,22,8,0.92,0.904,0.912,0.9066666666666666,0.9066666666666666,0.8133333333333334,<ARCHIVE_ROOT>/results/cross_model_localization/mistral_7b_instruct_v0_3/behavioral_policy/budget_10/condition_late/rank_8/seed_22,<ARCHIVE_ROOT>/results/cross_model_localization/mistral_7b_instruct_v0_3/behavioral_policy/budget_10/condition_late/rank_8/seed_22/summary_localization_by_seed.csv
mistralai/Mistral-7B-Instruct-v0.3,mistral_7b_instruct_v0_3,behavioral_policy,10,late,33,8,0.968,0.984,0.976,1.0,1.0,0.46,<ARCHIVE_ROOT>/results/cross_model_localization/mistral_7b_instruct_v0_3/behavioral_policy/budget_10/condition_late/rank_8/seed_33,<ARCHIVE_ROOT>/results/cross_model_localization/mistral_7b_instruct_v0_3/behavioral_policy/budget_10/condition_late/rank_8/seed_33/summary_localization_by_seed.csv
mistralai/Mistral-7B-Instruct-v0.3,mistral_7b_instruct_v0_3,behavioral_policy,10,middle,11,8,0.92,0.92,0.92,0.94,0.94,0.9466666666666667,<ARCHIVE_ROOT>/results/cross_model_localization/mistral_7b_instruct_v0_3/behavioral_policy/budget_10/condition_middle/rank_8/seed_11,<ARCHIVE_ROOT>/results/cross_model_localization/mistral_7b_instruct_v0_3/behavioral_policy/budget_10/condition_middle/rank_8/seed_11/summary_localization_by_seed.csv
mistralai/Mistral-7B-Instruct-v0.3,mistral_7b_instruct_v0_3,behavioral_policy,10,middle,22,8,0.92,0.952,0.9359999999999999,0.9666666666666667,0.9666666666666667,0.9066666666666666,<ARCHIVE_ROOT>/results/cross_model_localization/mistral_7b_instruct_v0_3/behavioral_policy/budget_10/condition_middle/rank_8/seed_22,<ARCHIVE_ROOT>/results/cross_model_localization/mistral_7b_instruct_v0_3/behavioral_policy/budget_10/condition_middle/rank_8/seed_22/summary_localization_by_seed.csv
mistralai/Mistral-7B-Instruct-v0.3,mistral_7b_instruct_v0_3,behavioral_policy,10,middle,33,8,0.936,0.888,0.912,0.9133333333333333,0.9133333333333333,0.9933333333333333,<ARCHIVE_ROOT>/results/cross_model_localization/mistral_7b_instruct_v0_3/behavioral_policy/budget_10/condition_middle/rank_8/seed_33,<ARCHIVE_ROOT>/results/cross_model_localization/mistral_7b_instruct_v0_3/behavioral_policy/budget_10/condition_middle/rank_8/seed_33/summary_localization_by_seed.csv
mistralai/Mistral-7B-Instruct-v0.3,mistral_7b_instruct_v0_3,causal_mapping,10,early,11,8,0.952,0.68,0.8160000000000001,0.43333333333333335,0.43333333333333335,0.5,<ARCHIVE_ROOT>/results/cross_model_localization/mistral_7b_instruct_v0_3/causal_mapping/budget_10/condition_early/rank_8/seed_11,<ARCHIVE_ROOT>/results/cross_model_localization/mistral_7b_instruct_v0_3/causal_mapping/budget_10/condition_early/rank_8/seed_11/summary_localization_by_seed.csv
mistralai/Mistral-7B-Instruct-v0.3,mistral_7b_instruct_v0_3,causal_mapping,10,early,22,8,1.0,1.0,1.0,0.5666666666666667,0.5666666666666667,0.5,<ARCHIVE_ROOT>/results/cross_model_localization/mistral_7b_instruct_v0_3/causal_mapping/budget_10/condition_early/rank_8/seed_22,<ARCHIVE_ROOT>/results/cross_model_localization/mistral_7b_instruct_v0_3/causal_mapping/budget_10/condition_early/rank_8/seed_22/summary_localization_by_seed.csv
mistralai/Mistral-7B-Instruct-v0.3,mistral_7b_instruct_v0_3,causal_mapping,10,early,33,8,1.0,0.984,0.992,0.58,0.58,0.44666666666666666,<ARCHIVE_ROOT>/results/cross_model_localization/mistral_7b_instruct_v0_3/causal_mapping/budget_10/condition_early/rank_8/seed_33,<ARCHIVE_ROOT>/results/cross_model_localization/mistral_7b_instruct_v0_3/causal_mapping/budget_10/condition_early/rank_8/seed_33/summary_localization_by_seed.csv
mistralai/Mistral-7B-Instruct-v0.3,mistral_7b_instruct_v0_3,causal_mapping,10,full,11,8,1.0,1.0,1.0,0.7466666666666667,0.7466666666666667,0.5,<ARCHIVE_ROOT>/results/cross_model_localization/mistral_7b_instruct_v0_3/causal_mapping/budget_10/condition_full/rank_8/seed_11,<ARCHIVE_ROOT>/results/cross_model_localization/mistral_7b_instruct_v0_3/causal_mapping/budget_10/condition_full/rank_8/seed_11/summary_localization_by_seed.csv
mistralai/Mistral-7B-Instruct-v0.3,mistral_7b_instruct_v0_3,causal_mapping,10,full,22,8,1.0,1.0,1.0,0.86,0.86,0.37333333333333335,<ARCHIVE_ROOT>/results/cross_model_localization/mistral_7b_instruct_v0_3/causal_mapping/budget_10/condition_full/rank_8/seed_22,<ARCHIVE_ROOT>/results/cross_model_localization/mistral_7b_instruct_v0_3/causal_mapping/budget_10/condition_full/rank_8/seed_22/summary_localization_by_seed.csv
mistralai/Mistral-7B-Instruct-v0.3,mistral_7b_instruct_v0_3,causal_mapping,10,full,33,8,1.0,1.0,1.0,0.82,0.82,0.3333333333333333,<ARCHIVE_ROOT>/results/cross_model_localization/mistral_7b_instruct_v0_3/causal_mapping/budget_10/condition_full/rank_8/seed_33,<ARCHIVE_ROOT>/results/cross_model_localization/mistral_7b_instruct_v0_3/causal_mapping/budget_10/condition_full/rank_8/seed_33/summary_localization_by_seed.csv
mistralai/Mistral-7B-Instruct-v0.3,mistral_7b_instruct_v0_3,causal_mapping,10,late,11,8,1.0,0.976,0.988,0.6533333333333333,0.6533333333333333,0.5,<ARCHIVE_ROOT>/results/cross_model_localization/mistral_7b_instruct_v0_3/causal_mapping/budget_10/condition_late/rank_8/seed_11,<ARCHIVE_ROOT>/results/cross_model_localization/mistral_7b_instruct_v0_3/causal_mapping/budget_10/condition_late/rank_8/seed_11/summary_localization_by_seed.csv
mistralai/Mistral-7B-Instruct-v0.3,mistral_7b_instruct_v0_3,causal_mapping,10,late,22,8,1.0,0.96,0.98,0.5933333333333334,0.5933333333333334,0.5,<ARCHIVE_ROOT>/results/cross_model_localization/mistral_7b_instruct_v0_3/causal_mapping/budget_10/condition_late/rank_8/seed_22,<ARCHIVE_ROOT>/results/cross_model_localization/mistral_7b_instruct_v0_3/causal_mapping/budget_10/condition_late/rank_8/seed_22/summary_localization_by_seed.csv
mistralai/Mistral-7B-Instruct-v0.3,mistral_7b_instruct_v0_3,causal_mapping,10,late,33,8,0.976,0.928,0.952,0.6066666666666667,0.6066666666666667,0.5,<ARCHIVE_ROOT>/results/cross_model_localization/mistral_7b_instruct_v0_3/causal_mapping/budget_10/condition_late/rank_8/seed_33,<ARCHIVE_ROOT>/results/cross_model_localization/mistral_7b_instruct_v0_3/causal_mapping/budget_10/condition_late/rank_8/seed_33/summary_localization_by_seed.csv
mistralai/Mistral-7B-Instruct-v0.3,mistral_7b_instruct_v0_3,causal_mapping,10,middle,11,8,1.0,1.0,1.0,0.7133333333333334,0.7133333333333334,0.4666666666666667,<ARCHIVE_ROOT>/results/cross_model_localization/mistral_7b_instruct_v0_3/causal_mapping/budget_10/condition_middle/rank_8/seed_11,<ARCHIVE_ROOT>/results/cross_model_localization/mistral_7b_instruct_v0_3/causal_mapping/budget_10/condition_middle/rank_8/seed_11/summary_localization_by_seed.csv
mistralai/Mistral-7B-Instruct-v0.3,mistral_7b_instruct_v0_3,causal_mapping,10,middle,22,8,1.0,0.968,0.984,0.68,0.68,0.5,<ARCHIVE_ROOT>/results/cross_model_localization/mistral_7b_instruct_v0_3/causal_mapping/budget_10/condition_middle/rank_8/seed_22,<ARCHIVE_ROOT>/results/cross_model_localization/mistral_7b_instruct_v0_3/causal_mapping/budget_10/condition_middle/rank_8/seed_22/summary_localization_by_seed.csv
mistralai/Mistral-7B-Instruct-v0.3,mistral_7b_instruct_v0_3,causal_mapping,10,middle,33,8,1.0,1.0,1.0,0.6733333333333333,0.6733333333333333,0.3333333333333333,<ARCHIVE_ROOT>/results/cross_model_localization/mistral_7b_instruct_v0_3/causal_mapping/budget_10/condition_middle/rank_8/seed_33,<ARCHIVE_ROOT>/results/cross_model_localization/mistral_7b_instruct_v0_3/causal_mapping/budget_10/condition_middle/rank_8/seed_33/summary_localization_by_seed.csv
mistralai/Mistral-7B-Instruct-v0.3,mistral_7b_instruct_v0_3,factual_association,8,early,11,8,0.544,0.488,0.516,0.38666666666666666,0.38666666666666666,0.5466666666666666,<ARCHIVE_ROOT>/results/cross_model_localization/mistral_7b_instruct_v0_3/factual_association/budget_8/condition_early/rank_8/seed_11,<ARCHIVE_ROOT>/results/cross_model_localization/mistral_7b_instruct_v0_3/factual_association/budget_8/condition_early/rank_8/seed_11/summary_localization_by_seed.csv
mistralai/Mistral-7B-Instruct-v0.3,mistral_7b_instruct_v0_3,factual_association,8,early,22,8,0.568,0.568,0.568,0.5066666666666667,0.5066666666666667,0.4866666666666667,<ARCHIVE_ROOT>/results/cross_model_localization/mistral_7b_instruct_v0_3/factual_association/budget_8/condition_early/rank_8/seed_22,<ARCHIVE_ROOT>/results/cross_model_localization/mistral_7b_instruct_v0_3/factual_association/budget_8/condition_early/rank_8/seed_22/summary_localization_by_seed.csv
mistralai/Mistral-7B-Instruct-v0.3,mistral_7b_instruct_v0_3,factual_association,8,early,33,8,0.528,0.52,0.524,0.38,0.38,0.38666666666666666,<ARCHIVE_ROOT>/results/cross_model_localization/mistral_7b_instruct_v0_3/factual_association/budget_8/condition_early/rank_8/seed_33,<ARCHIVE_ROOT>/results/cross_model_localization/mistral_7b_instruct_v0_3/factual_association/budget_8/condition_early/rank_8/seed_33/summary_localization_by_seed.csv
mistralai/Mistral-7B-Instruct-v0.3,mistral_7b_instruct_v0_3,factual_association,8,full,11,8,0.84,0.84,0.84,0.7466666666666667,0.7466666666666667,0.5066666666666667,<ARCHIVE_ROOT>/results/cross_model_localization/mistral_7b_instruct_v0_3/factual_association/budget_8/condition_full/rank_8/seed_11,<ARCHIVE_ROOT>/results/cross_model_localization/mistral_7b_instruct_v0_3/factual_association/budget_8/condition_full/rank_8/seed_11/summary_localization_by_seed.csv
mistralai/Mistral-7B-Instruct-v0.3,mistral_7b_instruct_v0_3,factual_association,8,full,22,8,0.904,0.904,0.904,0.8866666666666667,0.8866666666666667,0.31333333333333335,<ARCHIVE_ROOT>/results/cross_model_localization/mistral_7b_instruct_v0_3/factual_association/budget_8/condition_full/rank_8/seed_22,<ARCHIVE_ROOT>/results/cross_model_localization/mistral_7b_instruct_v0_3/factual_association/budget_8/condition_full/rank_8/seed_22/summary_localization_by_seed.csv
mistralai/Mistral-7B-Instruct-v0.3,mistral_7b_instruct_v0_3,factual_association,8,full,33,8,0.904,0.904,0.904,0.8666666666666667,0.8666666666666667,0.30666666666666664,<ARCHIVE_ROOT>/results/cross_model_localization/mistral_7b_instruct_v0_3/factual_association/budget_8/condition_full/rank_8/seed_33,<ARCHIVE_ROOT>/results/cross_model_localization/mistral_7b_instruct_v0_3/factual_association/budget_8/condition_full/rank_8/seed_33/summary_localization_by_seed.csv
mistralai/Mistral-7B-Instruct-v0.3,mistral_7b_instruct_v0_3,factual_association,8,late,11,8,0.568,0.648,0.608,0.7933333333333333,0.7933333333333333,0.7133333333333334,<ARCHIVE_ROOT>/results/cross_model_localization/mistral_7b_instruct_v0_3/factual_association/budget_8/condition_late/rank_8/seed_11,<ARCHIVE_ROOT>/results/cross_model_localization/mistral_7b_instruct_v0_3/factual_association/budget_8/condition_late/rank_8/seed_11/summary_localization_by_seed.csv
mistralai/Mistral-7B-Instruct-v0.3,mistral_7b_instruct_v0_3,factual_association,8,late,22,8,0.672,0.752,0.712,0.8066666666666666,0.8066666666666666,0.5133333333333333,<ARCHIVE_ROOT>/results/cross_model_localization/mistral_7b_instruct_v0_3/factual_association/budget_8/condition_late/rank_8/seed_22,<ARCHIVE_ROOT>/results/cross_model_localization/mistral_7b_instruct_v0_3/factual_association/budget_8/condition_late/rank_8/seed_22/summary_localization_by_seed.csv
mistralai/Mistral-7B-Instruct-v0.3,mistral_7b_instruct_v0_3,factual_association,8,late,33,8,0.672,0.776,0.724,0.8666666666666667,0.8666666666666667,0.6133333333333333,<ARCHIVE_ROOT>/results/cross_model_localization/mistral_7b_instruct_v0_3/factual_association/budget_8/condition_late/rank_8/seed_33,<ARCHIVE_ROOT>/results/cross_model_localization/mistral_7b_instruct_v0_3/factual_association/budget_8/condition_late/rank_8/seed_33/summary_localization_by_seed.csv
mistralai/Mistral-7B-Instruct-v0.3,mistral_7b_instruct_v0_3,factual_association,8,middle,11,8,0.792,0.752,0.772,0.7533333333333333,0.7533333333333333,0.36,<ARCHIVE_ROOT>/results/cross_model_localization/mistral_7b_instruct_v0_3/factual_association/budget_8/condition_middle/rank_8/seed_11,<ARCHIVE_ROOT>/results/cross_model_localization/mistral_7b_instruct_v0_3/factual_association/budget_8/condition_middle/rank_8/seed_11/summary_localization_by_seed.csv
mistralai/Mistral-7B-Instruct-v0.3,mistral_7b_instruct_v0_3,factual_association,8,middle,22,8,0.792,0.76,0.776,0.8333333333333334,0.8333333333333334,0.5666666666666667,<ARCHIVE_ROOT>/results/cross_model_localization/mistral_7b_instruct_v0_3/factual_association/budget_8/condition_middle/rank_8/seed_22,<ARCHIVE_ROOT>/results/cross_model_localization/mistral_7b_instruct_v0_3/factual_association/budget_8/condition_middle/rank_8/seed_22/summary_localization_by_seed.csv
mistralai/Mistral-7B-Instruct-v0.3,mistral_7b_instruct_v0_3,factual_association,8,middle,33,8,0.84,0.848,0.844,0.7933333333333333,0.7933333333333333,0.36666666666666664,<ARCHIVE_ROOT>/results/cross_model_localization/mistral_7b_instruct_v0_3/factual_association/budget_8/condition_middle/rank_8/seed_33,<ARCHIVE_ROOT>/results/cross_model_localization/mistral_7b_instruct_v0_3/factual_association/budget_8/condition_middle/rank_8/seed_33/summary_localization_by_seed.csv
mistralai/Mistral-7B-Instruct-v0.3,mistral_7b_instruct_v0_3,lexical_binding,10,early,11,8,0.968,0.96,0.964,0.6333333333333333,0.6333333333333333,0.5866666666666667,<ARCHIVE_ROOT>/results/cross_model_localization/mistral_7b_instruct_v0_3/lexical_binding/budget_10/condition_early/rank_8/seed_11,<ARCHIVE_ROOT>/results/cross_model_localization/mistral_7b_instruct_v0_3/lexical_binding/budget_10/condition_early/rank_8/seed_11/summary_localization_by_seed.csv
mistralai/Mistral-7B-Instruct-v0.3,mistral_7b_instruct_v0_3,lexical_binding,10,early,22,8,0.992,0.992,0.992,0.5866666666666667,0.5866666666666667,0.6333333333333333,<ARCHIVE_ROOT>/results/cross_model_localization/mistral_7b_instruct_v0_3/lexical_binding/budget_10/condition_early/rank_8/seed_22,<ARCHIVE_ROOT>/results/cross_model_localization/mistral_7b_instruct_v0_3/lexical_binding/budget_10/condition_early/rank_8/seed_22/summary_localization_by_seed.csv
mistralai/Mistral-7B-Instruct-v0.3,mistral_7b_instruct_v0_3,lexical_binding,10,early,33,8,1.0,1.0,1.0,0.8066666666666666,0.8066666666666666,0.7,<ARCHIVE_ROOT>/results/cross_model_localization/mistral_7b_instruct_v0_3/lexical_binding/budget_10/condition_early/rank_8/seed_33,<ARCHIVE_ROOT>/results/cross_model_localization/mistral_7b_instruct_v0_3/lexical_binding/budget_10/condition_early/rank_8/seed_33/summary_localization_by_seed.csv
mistralai/Mistral-7B-Instruct-v0.3,mistral_7b_instruct_v0_3,lexical_binding,10,full,11,8,1.0,1.0,1.0,0.8,0.8,0.4666666666666667,<ARCHIVE_ROOT>/results/cross_model_localization/mistral_7b_instruct_v0_3/lexical_binding/budget_10/condition_full/rank_8/seed_11,<ARCHIVE_ROOT>/results/cross_model_localization/mistral_7b_instruct_v0_3/lexical_binding/budget_10/condition_full/rank_8/seed_11/summary_localization_by_seed.csv
mistralai/Mistral-7B-Instruct-v0.3,mistral_7b_instruct_v0_3,lexical_binding,10,full,22,8,1.0,1.0,1.0,0.8466666666666667,0.8466666666666667,0.44,<ARCHIVE_ROOT>/results/cross_model_localization/mistral_7b_instruct_v0_3/lexical_binding/budget_10/condition_full/rank_8/seed_22,<ARCHIVE_ROOT>/results/cross_model_localization/mistral_7b_instruct_v0_3/lexical_binding/budget_10/condition_full/rank_8/seed_22/summary_localization_by_seed.csv
mistralai/Mistral-7B-Instruct-v0.3,mistral_7b_instruct_v0_3,lexical_binding,10,full,33,8,1.0,1.0,1.0,0.88,0.88,0.4866666666666667,<ARCHIVE_ROOT>/results/cross_model_localization/mistral_7b_instruct_v0_3/lexical_binding/budget_10/condition_full/rank_8/seed_33,<ARCHIVE_ROOT>/results/cross_model_localization/mistral_7b_instruct_v0_3/lexical_binding/budget_10/condition_full/rank_8/seed_33/summary_localization_by_seed.csv
mistralai/Mistral-7B-Instruct-v0.3,mistral_7b_instruct_v0_3,lexical_binding,10,late,11,8,0.848,0.84,0.844,0.47333333333333333,0.47333333333333333,0.5466666666666666,<ARCHIVE_ROOT>/results/cross_model_localization/mistral_7b_instruct_v0_3/lexical_binding/budget_10/condition_late/rank_8/seed_11,<ARCHIVE_ROOT>/results/cross_model_localization/mistral_7b_instruct_v0_3/lexical_binding/budget_10/condition_late/rank_8/seed_11/summary_localization_by_seed.csv
mistralai/Mistral-7B-Instruct-v0.3,mistral_7b_instruct_v0_3,lexical_binding,10,late,22,8,0.832,0.8,0.8160000000000001,0.48,0.48,0.5533333333333333,<ARCHIVE_ROOT>/results/cross_model_localization/mistral_7b_instruct_v0_3/lexical_binding/budget_10/condition_late/rank_8/seed_22,<ARCHIVE_ROOT>/results/cross_model_localization/mistral_7b_instruct_v0_3/lexical_binding/budget_10/condition_late/rank_8/seed_22/summary_localization_by_seed.csv
mistralai/Mistral-7B-Instruct-v0.3,mistral_7b_instruct_v0_3,lexical_binding,10,late,33,8,0.76,0.76,0.76,0.52,0.52,0.5,<ARCHIVE_ROOT>/results/cross_model_localization/mistral_7b_instruct_v0_3/lexical_binding/budget_10/condition_late/rank_8/seed_33,<ARCHIVE_ROOT>/results/cross_model_localization/mistral_7b_instruct_v0_3/lexical_binding/budget_10/condition_late/rank_8/seed_33/summary_localization_by_seed.csv
mistralai/Mistral-7B-Instruct-v0.3,mistral_7b_instruct_v0_3,lexical_binding,10,middle,11,8,0.92,0.896,0.908,0.7666666666666667,0.7666666666666667,0.42,<ARCHIVE_ROOT>/results/cross_model_localization/mistral_7b_instruct_v0_3/lexical_binding/budget_10/condition_middle/rank_8/seed_11,<ARCHIVE_ROOT>/results/cross_model_localization/mistral_7b_instruct_v0_3/lexical_binding/budget_10/condition_middle/rank_8/seed_11/summary_localization_by_seed.csv
mistralai/Mistral-7B-Instruct-v0.3,mistral_7b_instruct_v0_3,lexical_binding,10,middle,22,8,0.984,0.976,0.98,0.68,0.68,0.5266666666666666,<ARCHIVE_ROOT>/results/cross_model_localization/mistral_7b_instruct_v0_3/lexical_binding/budget_10/condition_middle/rank_8/seed_22,<ARCHIVE_ROOT>/results/cross_model_localization/mistral_7b_instruct_v0_3/lexical_binding/budget_10/condition_middle/rank_8/seed_22/summary_localization_by_seed.csv
mistralai/Mistral-7B-Instruct-v0.3,mistral_7b_instruct_v0_3,lexical_binding,10,middle,33,8,0.896,0.896,0.896,0.36,0.36,0.5333333333333333,<ARCHIVE_ROOT>/results/cross_model_localization/mistral_7b_instruct_v0_3/lexical_binding/budget_10/condition_middle/rank_8/seed_33,<ARCHIVE_ROOT>/results/cross_model_localization/mistral_7b_instruct_v0_3/lexical_binding/budget_10/condition_middle/rank_8/seed_33/summary_localization_by_seed.csv
mistralai/Mistral-7B-Instruct-v0.3,mistral_7b_instruct_v0_3,procedural_reasoning,8,early,11,8,1.0,0.6,0.8,0.48,0.48,0.6,<ARCHIVE_ROOT>/results/cross_model_localization/mistral_7b_instruct_v0_3/procedural_reasoning/budget_8/condition_early/rank_8/seed_11,<ARCHIVE_ROOT>/results/cross_model_localization/mistral_7b_instruct_v0_3/procedural_reasoning/budget_8/condition_early/rank_8/seed_11/summary_localization_by_seed.csv
mistralai/Mistral-7B-Instruct-v0.3,mistral_7b_instruct_v0_3,procedural_reasoning,8,early,22,8,0.8,0.416,0.608,0.3333333333333333,0.3333333333333333,0.8333333333333334,<ARCHIVE_ROOT>/results/cross_model_localization/mistral_7b_instruct_v0_3/procedural_reasoning/budget_8/condition_early/rank_8/seed_22,<ARCHIVE_ROOT>/results/cross_model_localization/mistral_7b_instruct_v0_3/procedural_reasoning/budget_8/condition_early/rank_8/seed_22/summary_localization_by_seed.csv
mistralai/Mistral-7B-Instruct-v0.3,mistral_7b_instruct_v0_3,procedural_reasoning,8,early,33,8,1.0,0.536,0.768,0.24,0.24,0.6533333333333333,<ARCHIVE_ROOT>/results/cross_model_localization/mistral_7b_instruct_v0_3/procedural_reasoning/budget_8/condition_early/rank_8/seed_33,<ARCHIVE_ROOT>/results/cross_model_localization/mistral_7b_instruct_v0_3/procedural_reasoning/budget_8/condition_early/rank_8/seed_33/summary_localization_by_seed.csv
mistralai/Mistral-7B-Instruct-v0.3,mistral_7b_instruct_v0_3,procedural_reasoning,8,full,11,8,1.0,0.512,0.756,0.44,0.44,0.8333333333333334,<ARCHIVE_ROOT>/results/cross_model_localization/mistral_7b_instruct_v0_3/procedural_reasoning/budget_8/condition_full/rank_8/seed_11,<ARCHIVE_ROOT>/results/cross_model_localization/mistral_7b_instruct_v0_3/procedural_reasoning/budget_8/condition_full/rank_8/seed_11/summary_localization_by_seed.csv
mistralai/Mistral-7B-Instruct-v0.3,mistral_7b_instruct_v0_3,procedural_reasoning,8,full,22,8,1.0,0.616,0.808,0.6866666666666666,0.6866666666666666,0.6666666666666666,<ARCHIVE_ROOT>/results/cross_model_localization/mistral_7b_instruct_v0_3/procedural_reasoning/budget_8/condition_full/rank_8/seed_22,<ARCHIVE_ROOT>/results/cross_model_localization/mistral_7b_instruct_v0_3/procedural_reasoning/budget_8/condition_full/rank_8/seed_22/summary_localization_by_seed.csv
mistralai/Mistral-7B-Instruct-v0.3,mistral_7b_instruct_v0_3,procedural_reasoning,8,full,33,8,0.816,0.576,0.696,0.7066666666666667,0.7066666666666667,0.8333333333333334,<ARCHIVE_ROOT>/results/cross_model_localization/mistral_7b_instruct_v0_3/procedural_reasoning/budget_8/condition_full/rank_8/seed_33,<ARCHIVE_ROOT>/results/cross_model_localization/mistral_7b_instruct_v0_3/procedural_reasoning/budget_8/condition_full/rank_8/seed_33/summary_localization_by_seed.csv
mistralai/Mistral-7B-Instruct-v0.3,mistral_7b_instruct_v0_3,procedural_reasoning,8,late,11,8,1.0,0.592,0.796,0.6,0.6,0.8133333333333334,<ARCHIVE_ROOT>/results/cross_model_localization/mistral_7b_instruct_v0_3/procedural_reasoning/budget_8/condition_late/rank_8/seed_11,<ARCHIVE_ROOT>/results/cross_model_localization/mistral_7b_instruct_v0_3/procedural_reasoning/budget_8/condition_late/rank_8/seed_11/summary_localization_by_seed.csv
mistralai/Mistral-7B-Instruct-v0.3,mistral_7b_instruct_v0_3,procedural_reasoning,8,late,22,8,1.0,0.68,0.8400000000000001,0.6,0.6,0.7866666666666666,<ARCHIVE_ROOT>/results/cross_model_localization/mistral_7b_instruct_v0_3/procedural_reasoning/budget_8/condition_late/rank_8/seed_22,<ARCHIVE_ROOT>/results/cross_model_localization/mistral_7b_instruct_v0_3/procedural_reasoning/budget_8/condition_late/rank_8/seed_22/summary_localization_by_seed.csv
mistralai/Mistral-7B-Instruct-v0.3,mistral_7b_instruct_v0_3,procedural_reasoning,8,late,33,8,1.0,0.6,0.8,0.62,0.62,0.8133333333333334,<ARCHIVE_ROOT>/results/cross_model_localization/mistral_7b_instruct_v0_3/procedural_reasoning/budget_8/condition_late/rank_8/seed_33,<ARCHIVE_ROOT>/results/cross_model_localization/mistral_7b_instruct_v0_3/procedural_reasoning/budget_8/condition_late/rank_8/seed_33/summary_localization_by_seed.csv
mistralai/Mistral-7B-Instruct-v0.3,mistral_7b_instruct_v0_3,procedural_reasoning,8,middle,11,8,1.0,0.6,0.8,0.58,0.58,0.7666666666666667,<ARCHIVE_ROOT>/results/cross_model_localization/mistral_7b_instruct_v0_3/procedural_reasoning/budget_8/condition_middle/rank_8/seed_11,<ARCHIVE_ROOT>/results/cross_model_localization/mistral_7b_instruct_v0_3/procedural_reasoning/budget_8/condition_middle/rank_8/seed_11/summary_localization_by_seed.csv
mistralai/Mistral-7B-Instruct-v0.3,mistral_7b_instruct_v0_3,procedural_reasoning,8,middle,22,8,0.96,0.592,0.776,0.5533333333333333,0.5533333333333333,0.66,<ARCHIVE_ROOT>/results/cross_model_localization/mistral_7b_instruct_v0_3/procedural_reasoning/budget_8/condition_middle/rank_8/seed_22,<ARCHIVE_ROOT>/results/cross_model_localization/mistral_7b_instruct_v0_3/procedural_reasoning/budget_8/condition_middle/rank_8/seed_22/summary_localization_by_seed.csv
mistralai/Mistral-7B-Instruct-v0.3,mistral_7b_instruct_v0_3,procedural_reasoning,8,middle,33,8,1.0,0.6,0.8,0.6466666666666666,0.6466666666666666,0.8,<ARCHIVE_ROOT>/results/cross_model_localization/mistral_7b_instruct_v0_3/procedural_reasoning/budget_8/condition_middle/rank_8/seed_33,<ARCHIVE_ROOT>/results/cross_model_localization/mistral_7b_instruct_v0_3/procedural_reasoning/budget_8/condition_middle/rank_8/seed_33/summary_localization_by_seed.csv
allenai/OLMo-2-1124-7B-Instruct,olmo_2_1124_7b_instruct,behavioral_policy,10,early,11,8,0.896,0.76,0.8280000000000001,0.8133333333333334,0.8133333333333334,0.8466666666666667,<ARCHIVE_ROOT>/results/cross_model_localization/olmo_2_1124_7b_instruct/behavioral_policy/budget_10/condition_early/rank_8/seed_11,<ARCHIVE_ROOT>/results/cross_model_localization/olmo_2_1124_7b_instruct/behavioral_policy/budget_10/condition_early/rank_8/seed_11/summary_localization_by_seed.csv
allenai/OLMo-2-1124-7B-Instruct,olmo_2_1124_7b_instruct,behavioral_policy,10,early,22,8,0.88,0.784,0.8320000000000001,0.9133333333333333,0.9133333333333333,0.7733333333333333,<ARCHIVE_ROOT>/results/cross_model_localization/olmo_2_1124_7b_instruct/behavioral_policy/budget_10/condition_early/rank_8/seed_22,<ARCHIVE_ROOT>/results/cross_model_localization/olmo_2_1124_7b_instruct/behavioral_policy/budget_10/condition_early/rank_8/seed_22/summary_localization_by_seed.csv
allenai/OLMo-2-1124-7B-Instruct,olmo_2_1124_7b_instruct,behavioral_policy,10,early,33,8,0.912,0.744,0.8280000000000001,0.8866666666666667,0.8866666666666667,0.8466666666666667,<ARCHIVE_ROOT>/results/cross_model_localization/olmo_2_1124_7b_instruct/behavioral_policy/budget_10/condition_early/rank_8/seed_33,<ARCHIVE_ROOT>/results/cross_model_localization/olmo_2_1124_7b_instruct/behavioral_policy/budget_10/condition_early/rank_8/seed_33/summary_localization_by_seed.csv
allenai/OLMo-2-1124-7B-Instruct,olmo_2_1124_7b_instruct,behavioral_policy,10,full,11,8,0.984,0.848,0.9159999999999999,1.0,1.0,0.8866666666666667,<ARCHIVE_ROOT>/results/cross_model_localization/olmo_2_1124_7b_instruct/behavioral_policy/budget_10/condition_full/rank_8/seed_11,<ARCHIVE_ROOT>/results/cross_model_localization/olmo_2_1124_7b_instruct/behavioral_policy/budget_10/condition_full/rank_8/seed_11/summary_localization_by_seed.csv
allenai/OLMo-2-1124-7B-Instruct,olmo_2_1124_7b_instruct,behavioral_policy,10,full,22,8,0.928,0.88,0.904,0.98,0.98,0.98,<ARCHIVE_ROOT>/results/cross_model_localization/olmo_2_1124_7b_instruct/behavioral_policy/budget_10/condition_full/rank_8/seed_22,<ARCHIVE_ROOT>/results/cross_model_localization/olmo_2_1124_7b_instruct/behavioral_policy/budget_10/condition_full/rank_8/seed_22/summary_localization_by_seed.csv
allenai/OLMo-2-1124-7B-Instruct,olmo_2_1124_7b_instruct,behavioral_policy,10,full,33,8,0.976,0.92,0.948,0.9866666666666667,0.9866666666666667,0.86,<ARCHIVE_ROOT>/results/cross_model_localization/olmo_2_1124_7b_instruct/behavioral_policy/budget_10/condition_full/rank_8/seed_33,<ARCHIVE_ROOT>/results/cross_model_localization/olmo_2_1124_7b_instruct/behavioral_policy/budget_10/condition_full/rank_8/seed_33/summary_localization_by_seed.csv
allenai/OLMo-2-1124-7B-Instruct,olmo_2_1124_7b_instruct,behavioral_policy,10,late,11,8,0.872,0.688,0.78,0.86,0.86,0.8266666666666667,<ARCHIVE_ROOT>/results/cross_model_localization/olmo_2_1124_7b_instruct/behavioral_policy/budget_10/condition_late/rank_8/seed_11,<ARCHIVE_ROOT>/results/cross_model_localization/olmo_2_1124_7b_instruct/behavioral_policy/budget_10/condition_late/rank_8/seed_11/summary_localization_by_seed.csv
allenai/OLMo-2-1124-7B-Instruct,olmo_2_1124_7b_instruct,behavioral_policy,10,late,22,8,0.952,0.92,0.9359999999999999,0.9466666666666667,0.9466666666666667,0.7533333333333333,<ARCHIVE_ROOT>/results/cross_model_localization/olmo_2_1124_7b_instruct/behavioral_policy/budget_10/condition_late/rank_8/seed_22,<ARCHIVE_ROOT>/results/cross_model_localization/olmo_2_1124_7b_instruct/behavioral_policy/budget_10/condition_late/rank_8/seed_22/summary_localization_by_seed.csv
allenai/OLMo-2-1124-7B-Instruct,olmo_2_1124_7b_instruct,behavioral_policy,10,late,33,8,0.864,0.824,0.844,0.88,0.88,0.7133333333333334,<ARCHIVE_ROOT>/results/cross_model_localization/olmo_2_1124_7b_instruct/behavioral_policy/budget_10/condition_late/rank_8/seed_33,<ARCHIVE_ROOT>/results/cross_model_localization/olmo_2_1124_7b_instruct/behavioral_policy/budget_10/condition_late/rank_8/seed_33/summary_localization_by_seed.csv
allenai/OLMo-2-1124-7B-Instruct,olmo_2_1124_7b_instruct,behavioral_policy,10,middle,11,8,0.936,0.912,0.924,0.9,0.9,0.9333333333333333,<ARCHIVE_ROOT>/results/cross_model_localization/olmo_2_1124_7b_instruct/behavioral_policy/budget_10/condition_middle/rank_8/seed_11,<ARCHIVE_ROOT>/results/cross_model_localization/olmo_2_1124_7b_instruct/behavioral_policy/budget_10/condition_middle/rank_8/seed_11/summary_localization_by_seed.csv
allenai/OLMo-2-1124-7B-Instruct,olmo_2_1124_7b_instruct,behavioral_policy,10,middle,22,8,0.944,0.808,0.876,0.8733333333333333,0.8733333333333333,0.9533333333333334,<ARCHIVE_ROOT>/results/cross_model_localization/olmo_2_1124_7b_instruct/behavioral_policy/budget_10/condition_middle/rank_8/seed_22,<ARCHIVE_ROOT>/results/cross_model_localization/olmo_2_1124_7b_instruct/behavioral_policy/budget_10/condition_middle/rank_8/seed_22/summary_localization_by_seed.csv
allenai/OLMo-2-1124-7B-Instruct,olmo_2_1124_7b_instruct,behavioral_policy,10,middle,33,8,0.92,0.84,0.88,0.8933333333333333,0.8933333333333333,0.9,<ARCHIVE_ROOT>/results/cross_model_localization/olmo_2_1124_7b_instruct/behavioral_policy/budget_10/condition_middle/rank_8/seed_33,<ARCHIVE_ROOT>/results/cross_model_localization/olmo_2_1124_7b_instruct/behavioral_policy/budget_10/condition_middle/rank_8/seed_33/summary_localization_by_seed.csv
allenai/OLMo-2-1124-7B-Instruct,olmo_2_1124_7b_instruct,causal_mapping,10,early,11,8,1.0,0.928,0.964,0.54,0.54,0.5,<ARCHIVE_ROOT>/results/cross_model_localization/olmo_2_1124_7b_instruct/causal_mapping/budget_10/condition_early/rank_8/seed_11,<ARCHIVE_ROOT>/results/cross_model_localization/olmo_2_1124_7b_instruct/causal_mapping/budget_10/condition_early/rank_8/seed_11/summary_localization_by_seed.csv
allenai/OLMo-2-1124-7B-Instruct,olmo_2_1124_7b_instruct,causal_mapping,10,early,22,8,0.976,0.912,0.944,0.5066666666666667,0.5066666666666667,0.5,<ARCHIVE_ROOT>/results/cross_model_localization/olmo_2_1124_7b_instruct/causal_mapping/budget_10/condition_early/rank_8/seed_22,<ARCHIVE_ROOT>/results/cross_model_localization/olmo_2_1124_7b_instruct/causal_mapping/budget_10/condition_early/rank_8/seed_22/summary_localization_by_seed.csv
allenai/OLMo-2-1124-7B-Instruct,olmo_2_1124_7b_instruct,causal_mapping,10,early,33,8,1.0,0.8,0.9,0.54,0.54,0.4866666666666667,<ARCHIVE_ROOT>/results/cross_model_localization/olmo_2_1124_7b_instruct/causal_mapping/budget_10/condition_early/rank_8/seed_33,<ARCHIVE_ROOT>/results/cross_model_localization/olmo_2_1124_7b_instruct/causal_mapping/budget_10/condition_early/rank_8/seed_33/summary_localization_by_seed.csv
allenai/OLMo-2-1124-7B-Instruct,olmo_2_1124_7b_instruct,causal_mapping,10,full,11,8,1.0,1.0,1.0,0.62,0.62,0.5,<ARCHIVE_ROOT>/results/cross_model_localization/olmo_2_1124_7b_instruct/causal_mapping/budget_10/condition_full/rank_8/seed_11,<ARCHIVE_ROOT>/results/cross_model_localization/olmo_2_1124_7b_instruct/causal_mapping/budget_10/condition_full/rank_8/seed_11/summary_localization_by_seed.csv
allenai/OLMo-2-1124-7B-Instruct,olmo_2_1124_7b_instruct,causal_mapping,10,full,22,8,1.0,1.0,1.0,0.72,0.72,0.42,<ARCHIVE_ROOT>/results/cross_model_localization/olmo_2_1124_7b_instruct/causal_mapping/budget_10/condition_full/rank_8/seed_22,<ARCHIVE_ROOT>/results/cross_model_localization/olmo_2_1124_7b_instruct/causal_mapping/budget_10/condition_full/rank_8/seed_22/summary_localization_by_seed.csv
allenai/OLMo-2-1124-7B-Instruct,olmo_2_1124_7b_instruct,causal_mapping,10,full,33,8,1.0,0.984,0.992,0.68,0.68,0.42,<ARCHIVE_ROOT>/results/cross_model_localization/olmo_2_1124_7b_instruct/causal_mapping/budget_10/condition_full/rank_8/seed_33,<ARCHIVE_ROOT>/results/cross_model_localization/olmo_2_1124_7b_instruct/causal_mapping/budget_10/condition_full/rank_8/seed_33/summary_localization_by_seed.csv
allenai/OLMo-2-1124-7B-Instruct,olmo_2_1124_7b_instruct,causal_mapping,10,late,11,8,0.976,0.904,0.94,0.47333333333333333,0.47333333333333333,0.5,<ARCHIVE_ROOT>/results/cross_model_localization/olmo_2_1124_7b_instruct/causal_mapping/budget_10/condition_late/rank_8/seed_11,<ARCHIVE_ROOT>/results/cross_model_localization/olmo_2_1124_7b_instruct/causal_mapping/budget_10/condition_late/rank_8/seed_11/summary_localization_by_seed.csv
allenai/OLMo-2-1124-7B-Instruct,olmo_2_1124_7b_instruct,causal_mapping,10,late,22,8,0.928,0.68,0.804,0.38,0.38,0.5,<ARCHIVE_ROOT>/results/cross_model_localization/olmo_2_1124_7b_instruct/causal_mapping/budget_10/condition_late/rank_8/seed_22,<ARCHIVE_ROOT>/results/cross_model_localization/olmo_2_1124_7b_instruct/causal_mapping/budget_10/condition_late/rank_8/seed_22/summary_localization_by_seed.csv
allenai/OLMo-2-1124-7B-Instruct,olmo_2_1124_7b_instruct,causal_mapping,10,late,33,8,0.984,0.792,0.888,0.4,0.4,0.5,<ARCHIVE_ROOT>/results/cross_model_localization/olmo_2_1124_7b_instruct/causal_mapping/budget_10/condition_late/rank_8/seed_33,<ARCHIVE_ROOT>/results/cross_model_localization/olmo_2_1124_7b_instruct/causal_mapping/budget_10/condition_late/rank_8/seed_33/summary_localization_by_seed.csv
allenai/OLMo-2-1124-7B-Instruct,olmo_2_1124_7b_instruct,causal_mapping,10,middle,11,8,1.0,0.92,0.96,0.5266666666666666,0.5266666666666666,0.5,<ARCHIVE_ROOT>/results/cross_model_localization/olmo_2_1124_7b_instruct/causal_mapping/budget_10/condition_middle/rank_8/seed_11,<ARCHIVE_ROOT>/results/cross_model_localization/olmo_2_1124_7b_instruct/causal_mapping/budget_10/condition_middle/rank_8/seed_11/summary_localization_by_seed.csv
allenai/OLMo-2-1124-7B-Instruct,olmo_2_1124_7b_instruct,causal_mapping,10,middle,22,8,0.968,0.904,0.9359999999999999,0.5933333333333334,0.5933333333333334,0.5,<ARCHIVE_ROOT>/results/cross_model_localization/olmo_2_1124_7b_instruct/causal_mapping/budget_10/condition_middle/rank_8/seed_22,<ARCHIVE_ROOT>/results/cross_model_localization/olmo_2_1124_7b_instruct/causal_mapping/budget_10/condition_middle/rank_8/seed_22/summary_localization_by_seed.csv
allenai/OLMo-2-1124-7B-Instruct,olmo_2_1124_7b_instruct,causal_mapping,10,middle,33,8,1.0,0.936,0.968,0.68,0.68,0.5,<ARCHIVE_ROOT>/results/cross_model_localization/olmo_2_1124_7b_instruct/causal_mapping/budget_10/condition_middle/rank_8/seed_33,<ARCHIVE_ROOT>/results/cross_model_localization/olmo_2_1124_7b_instruct/causal_mapping/budget_10/condition_middle/rank_8/seed_33/summary_localization_by_seed.csv
allenai/OLMo-2-1124-7B-Instruct,olmo_2_1124_7b_instruct,factual_association,8,early,11,8,0.264,0.272,0.268,0.08666666666666667,0.08666666666666667,0.5266666666666666,<ARCHIVE_ROOT>/results/cross_model_localization/olmo_2_1124_7b_instruct/factual_association/budget_8/condition_early/rank_8/seed_11,<ARCHIVE_ROOT>/results/cross_model_localization/olmo_2_1124_7b_instruct/factual_association/budget_8/condition_early/rank_8/seed_11/summary_localization_by_seed.csv
allenai/OLMo-2-1124-7B-Instruct,olmo_2_1124_7b_instruct,factual_association,8,early,22,8,0.36,0.28,0.32,0.06666666666666667,0.06666666666666667,0.32666666666666666,<ARCHIVE_ROOT>/results/cross_model_localization/olmo_2_1124_7b_instruct/factual_association/budget_8/condition_early/rank_8/seed_22,<ARCHIVE_ROOT>/results/cross_model_localization/olmo_2_1124_7b_instruct/factual_association/budget_8/condition_early/rank_8/seed_22/summary_localization_by_seed.csv
allenai/OLMo-2-1124-7B-Instruct,olmo_2_1124_7b_instruct,factual_association,8,early,33,8,0.296,0.304,0.3,0.14,0.14,0.49333333333333335,<ARCHIVE_ROOT>/results/cross_model_localization/olmo_2_1124_7b_instruct/factual_association/budget_8/condition_early/rank_8/seed_33,<ARCHIVE_ROOT>/results/cross_model_localization/olmo_2_1124_7b_instruct/factual_association/budget_8/condition_early/rank_8/seed_33/summary_localization_by_seed.csv
allenai/OLMo-2-1124-7B-Instruct,olmo_2_1124_7b_instruct,factual_association,8,full,11,8,0.88,0.88,0.88,0.8933333333333333,0.8933333333333333,0.56,<ARCHIVE_ROOT>/results/cross_model_localization/olmo_2_1124_7b_instruct/factual_association/budget_8/condition_full/rank_8/seed_11,<ARCHIVE_ROOT>/results/cross_model_localization/olmo_2_1124_7b_instruct/factual_association/budget_8/condition_full/rank_8/seed_11/summary_localization_by_seed.csv
allenai/OLMo-2-1124-7B-Instruct,olmo_2_1124_7b_instruct,factual_association,8,full,22,8,0.888,0.888,0.888,0.86,0.86,0.31333333333333335,<ARCHIVE_ROOT>/results/cross_model_localization/olmo_2_1124_7b_instruct/factual_association/budget_8/condition_full/rank_8/seed_22,<ARCHIVE_ROOT>/results/cross_model_localization/olmo_2_1124_7b_instruct/factual_association/budget_8/condition_full/rank_8/seed_22/summary_localization_by_seed.csv
allenai/OLMo-2-1124-7B-Instruct,olmo_2_1124_7b_instruct,factual_association,8,full,33,8,0.8,0.744,0.772,0.6666666666666666,0.6666666666666666,0.36,<ARCHIVE_ROOT>/results/cross_model_localization/olmo_2_1124_7b_instruct/factual_association/budget_8/condition_full/rank_8/seed_33,<ARCHIVE_ROOT>/results/cross_model_localization/olmo_2_1124_7b_instruct/factual_association/budget_8/condition_full/rank_8/seed_33/summary_localization_by_seed.csv
allenai/OLMo-2-1124-7B-Instruct,olmo_2_1124_7b_instruct,factual_association,8,late,11,8,0.832,0.752,0.792,0.74,0.74,0.38,<ARCHIVE_ROOT>/results/cross_model_localization/olmo_2_1124_7b_instruct/factual_association/budget_8/condition_late/rank_8/seed_11,<ARCHIVE_ROOT>/results/cross_model_localization/olmo_2_1124_7b_instruct/factual_association/budget_8/condition_late/rank_8/seed_11/summary_localization_by_seed.csv
allenai/OLMo-2-1124-7B-Instruct,olmo_2_1124_7b_instruct,factual_association,8,late,22,8,0.808,0.744,0.776,0.76,0.76,0.41333333333333333,<ARCHIVE_ROOT>/results/cross_model_localization/olmo_2_1124_7b_instruct/factual_association/budget_8/condition_late/rank_8/seed_22,<ARCHIVE_ROOT>/results/cross_model_localization/olmo_2_1124_7b_instruct/factual_association/budget_8/condition_late/rank_8/seed_22/summary_localization_by_seed.csv
allenai/OLMo-2-1124-7B-Instruct,olmo_2_1124_7b_instruct,factual_association,8,late,33,8,0.808,0.688,0.748,0.6933333333333334,0.6933333333333334,0.38,<ARCHIVE_ROOT>/results/cross_model_localization/olmo_2_1124_7b_instruct/factual_association/budget_8/condition_late/rank_8/seed_33,<ARCHIVE_ROOT>/results/cross_model_localization/olmo_2_1124_7b_instruct/factual_association/budget_8/condition_late/rank_8/seed_33/summary_localization_by_seed.csv
allenai/OLMo-2-1124-7B-Instruct,olmo_2_1124_7b_instruct,factual_association,8,middle,11,8,0.432,0.448,0.44,0.4266666666666667,0.4266666666666667,0.6066666666666667,<ARCHIVE_ROOT>/results/cross_model_localization/olmo_2_1124_7b_instruct/factual_association/budget_8/condition_middle/rank_8/seed_11,<ARCHIVE_ROOT>/results/cross_model_localization/olmo_2_1124_7b_instruct/factual_association/budget_8/condition_middle/rank_8/seed_11/summary_localization_by_seed.csv
allenai/OLMo-2-1124-7B-Instruct,olmo_2_1124_7b_instruct,factual_association,8,middle,22,8,0.4,0.384,0.392,0.35333333333333333,0.35333333333333333,0.3,<ARCHIVE_ROOT>/results/cross_model_localization/olmo_2_1124_7b_instruct/factual_association/budget_8/condition_middle/rank_8/seed_22,<ARCHIVE_ROOT>/results/cross_model_localization/olmo_2_1124_7b_instruct/factual_association/budget_8/condition_middle/rank_8/seed_22/summary_localization_by_seed.csv
allenai/OLMo-2-1124-7B-Instruct,olmo_2_1124_7b_instruct,factual_association,8,middle,33,8,0.464,0.376,0.42000000000000004,0.3933333333333333,0.3933333333333333,0.43333333333333335,<ARCHIVE_ROOT>/results/cross_model_localization/olmo_2_1124_7b_instruct/factual_association/budget_8/condition_middle/rank_8/seed_33,<ARCHIVE_ROOT>/results/cross_model_localization/olmo_2_1124_7b_instruct/factual_association/budget_8/condition_middle/rank_8/seed_33/summary_localization_by_seed.csv
allenai/OLMo-2-1124-7B-Instruct,olmo_2_1124_7b_instruct,lexical_binding,10,early,11,8,0.784,0.736,0.76,0.2733333333333333,0.2733333333333333,0.9333333333333333,<ARCHIVE_ROOT>/results/cross_model_localization/olmo_2_1124_7b_instruct/lexical_binding/budget_10/condition_early/rank_8/seed_11,<ARCHIVE_ROOT>/results/cross_model_localization/olmo_2_1124_7b_instruct/lexical_binding/budget_10/condition_early/rank_8/seed_11/summary_localization_by_seed.csv
allenai/OLMo-2-1124-7B-Instruct,olmo_2_1124_7b_instruct,lexical_binding,10,early,22,8,0.96,0.928,0.944,0.32,0.32,0.9,<ARCHIVE_ROOT>/results/cross_model_localization/olmo_2_1124_7b_instruct/lexical_binding/budget_10/condition_early/rank_8/seed_22,<ARCHIVE_ROOT>/results/cross_model_localization/olmo_2_1124_7b_instruct/lexical_binding/budget_10/condition_early/rank_8/seed_22/summary_localization_by_seed.csv
allenai/OLMo-2-1124-7B-Instruct,olmo_2_1124_7b_instruct,lexical_binding,10,early,33,8,0.816,0.736,0.776,0.28,0.28,0.8933333333333333,<ARCHIVE_ROOT>/results/cross_model_localization/olmo_2_1124_7b_instruct/lexical_binding/budget_10/condition_early/rank_8/seed_33,<ARCHIVE_ROOT>/results/cross_model_localization/olmo_2_1124_7b_instruct/lexical_binding/budget_10/condition_early/rank_8/seed_33/summary_localization_by_seed.csv
allenai/OLMo-2-1124-7B-Instruct,olmo_2_1124_7b_instruct,lexical_binding,10,full,11,8,0.992,0.976,0.984,0.5866666666666667,0.5866666666666667,0.7,<ARCHIVE_ROOT>/results/cross_model_localization/olmo_2_1124_7b_instruct/lexical_binding/budget_10/condition_full/rank_8/seed_11,<ARCHIVE_ROOT>/results/cross_model_localization/olmo_2_1124_7b_instruct/lexical_binding/budget_10/condition_full/rank_8/seed_11/summary_localization_by_seed.csv
allenai/OLMo-2-1124-7B-Instruct,olmo_2_1124_7b_instruct,lexical_binding,10,full,22,8,1.0,1.0,1.0,0.6,0.6,0.35333333333333333,<ARCHIVE_ROOT>/results/cross_model_localization/olmo_2_1124_7b_instruct/lexical_binding/budget_10/condition_full/rank_8/seed_22,<ARCHIVE_ROOT>/results/cross_model_localization/olmo_2_1124_7b_instruct/lexical_binding/budget_10/condition_full/rank_8/seed_22/summary_localization_by_seed.csv
allenai/OLMo-2-1124-7B-Instruct,olmo_2_1124_7b_instruct,lexical_binding,10,full,33,8,0.944,0.952,0.948,0.6066666666666667,0.6066666666666667,0.54,<ARCHIVE_ROOT>/results/cross_model_localization/olmo_2_1124_7b_instruct/lexical_binding/budget_10/condition_full/rank_8/seed_33,<ARCHIVE_ROOT>/results/cross_model_localization/olmo_2_1124_7b_instruct/lexical_binding/budget_10/condition_full/rank_8/seed_33/summary_localization_by_seed.csv
allenai/OLMo-2-1124-7B-Instruct,olmo_2_1124_7b_instruct,lexical_binding,10,late,11,8,0.848,0.76,0.804,0.35333333333333333,0.35333333333333333,0.4866666666666667,<ARCHIVE_ROOT>/results/cross_model_localization/olmo_2_1124_7b_instruct/lexical_binding/budget_10/condition_late/rank_8/seed_11,<ARCHIVE_ROOT>/results/cross_model_localization/olmo_2_1124_7b_instruct/lexical_binding/budget_10/condition_late/rank_8/seed_11/summary_localization_by_seed.csv
allenai/OLMo-2-1124-7B-Instruct,olmo_2_1124_7b_instruct,lexical_binding,10,late,22,8,0.752,0.76,0.756,0.38,0.38,0.49333333333333335,<ARCHIVE_ROOT>/results/cross_model_localization/olmo_2_1124_7b_instruct/lexical_binding/budget_10/condition_late/rank_8/seed_22,<ARCHIVE_ROOT>/results/cross_model_localization/olmo_2_1124_7b_instruct/lexical_binding/budget_10/condition_late/rank_8/seed_22/summary_localization_by_seed.csv
allenai/OLMo-2-1124-7B-Instruct,olmo_2_1124_7b_instruct,lexical_binding,10,late,33,8,0.768,0.76,0.764,0.46,0.46,0.5066666666666667,<ARCHIVE_ROOT>/results/cross_model_localization/olmo_2_1124_7b_instruct/lexical_binding/budget_10/condition_late/rank_8/seed_33,<ARCHIVE_ROOT>/results/cross_model_localization/olmo_2_1124_7b_instruct/lexical_binding/budget_10/condition_late/rank_8/seed_33/summary_localization_by_seed.csv
allenai/OLMo-2-1124-7B-Instruct,olmo_2_1124_7b_instruct,lexical_binding,10,middle,11,8,0.688,0.568,0.6279999999999999,0.42,0.42,0.3933333333333333,<ARCHIVE_ROOT>/results/cross_model_localization/olmo_2_1124_7b_instruct/lexical_binding/budget_10/condition_middle/rank_8/seed_11,<ARCHIVE_ROOT>/results/cross_model_localization/olmo_2_1124_7b_instruct/lexical_binding/budget_10/condition_middle/rank_8/seed_11/summary_localization_by_seed.csv
allenai/OLMo-2-1124-7B-Instruct,olmo_2_1124_7b_instruct,lexical_binding,10,middle,22,8,0.584,0.48,0.532,0.52,0.52,0.3333333333333333,<ARCHIVE_ROOT>/results/cross_model_localization/olmo_2_1124_7b_instruct/lexical_binding/budget_10/condition_middle/rank_8/seed_22,<ARCHIVE_ROOT>/results/cross_model_localization/olmo_2_1124_7b_instruct/lexical_binding/budget_10/condition_middle/rank_8/seed_22/summary_localization_by_seed.csv
allenai/OLMo-2-1124-7B-Instruct,olmo_2_1124_7b_instruct,lexical_binding,10,middle,33,8,0.512,0.376,0.444,0.4,0.4,0.35333333333333333,<ARCHIVE_ROOT>/results/cross_model_localization/olmo_2_1124_7b_instruct/lexical_binding/budget_10/condition_middle/rank_8/seed_33,<ARCHIVE_ROOT>/results/cross_model_localization/olmo_2_1124_7b_instruct/lexical_binding/budget_10/condition_middle/rank_8/seed_33/summary_localization_by_seed.csv
allenai/OLMo-2-1124-7B-Instruct,olmo_2_1124_7b_instruct,procedural_reasoning,8,early,11,8,0.888,0.288,0.588,0.28,0.28,0.8266666666666667,<ARCHIVE_ROOT>/results/cross_model_localization/olmo_2_1124_7b_instruct/procedural_reasoning/budget_8/condition_early/rank_8/seed_11,<ARCHIVE_ROOT>/results/cross_model_localization/olmo_2_1124_7b_instruct/procedural_reasoning/budget_8/condition_early/rank_8/seed_11/summary_localization_by_seed.csv
allenai/OLMo-2-1124-7B-Instruct,olmo_2_1124_7b_instruct,procedural_reasoning,8,early,22,8,0.952,0.456,0.704,0.44,0.44,0.78,<ARCHIVE_ROOT>/results/cross_model_localization/olmo_2_1124_7b_instruct/procedural_reasoning/budget_8/condition_early/rank_8/seed_22,<ARCHIVE_ROOT>/results/cross_model_localization/olmo_2_1124_7b_instruct/procedural_reasoning/budget_8/condition_early/rank_8/seed_22/summary_localization_by_seed.csv
allenai/OLMo-2-1124-7B-Instruct,olmo_2_1124_7b_instruct,procedural_reasoning,8,early,33,8,0.952,0.304,0.628,0.34,0.34,0.82,<ARCHIVE_ROOT>/results/cross_model_localization/olmo_2_1124_7b_instruct/procedural_reasoning/budget_8/condition_early/rank_8/seed_33,<ARCHIVE_ROOT>/results/cross_model_localization/olmo_2_1124_7b_instruct/procedural_reasoning/budget_8/condition_early/rank_8/seed_33/summary_localization_by_seed.csv
allenai/OLMo-2-1124-7B-Instruct,olmo_2_1124_7b_instruct,procedural_reasoning,8,full,11,8,1.0,0.648,0.8240000000000001,0.6133333333333333,0.6133333333333333,0.84,<ARCHIVE_ROOT>/results/cross_model_localization/olmo_2_1124_7b_instruct/procedural_reasoning/budget_8/condition_full/rank_8/seed_11,<ARCHIVE_ROOT>/results/cross_model_localization/olmo_2_1124_7b_instruct/procedural_reasoning/budget_8/condition_full/rank_8/seed_11/summary_localization_by_seed.csv
allenai/OLMo-2-1124-7B-Instruct,olmo_2_1124_7b_instruct,procedural_reasoning,8,full,22,8,1.0,0.648,0.8240000000000001,0.7,0.7,0.7,<ARCHIVE_ROOT>/results/cross_model_localization/olmo_2_1124_7b_instruct/procedural_reasoning/budget_8/condition_full/rank_8/seed_22,<ARCHIVE_ROOT>/results/cross_model_localization/olmo_2_1124_7b_instruct/procedural_reasoning/budget_8/condition_full/rank_8/seed_22/summary_localization_by_seed.csv
allenai/OLMo-2-1124-7B-Instruct,olmo_2_1124_7b_instruct,procedural_reasoning,8,full,33,8,1.0,0.688,0.844,0.7,0.7,0.6466666666666666,<ARCHIVE_ROOT>/results/cross_model_localization/olmo_2_1124_7b_instruct/procedural_reasoning/budget_8/condition_full/rank_8/seed_33,<ARCHIVE_ROOT>/results/cross_model_localization/olmo_2_1124_7b_instruct/procedural_reasoning/budget_8/condition_full/rank_8/seed_33/summary_localization_by_seed.csv
allenai/OLMo-2-1124-7B-Instruct,olmo_2_1124_7b_instruct,procedural_reasoning,8,late,11,8,1.0,0.624,0.812,0.6,0.6,0.8333333333333334,<ARCHIVE_ROOT>/results/cross_model_localization/olmo_2_1124_7b_instruct/procedural_reasoning/budget_8/condition_late/rank_8/seed_11,<ARCHIVE_ROOT>/results/cross_model_localization/olmo_2_1124_7b_instruct/procedural_reasoning/budget_8/condition_late/rank_8/seed_11/summary_localization_by_seed.csv
allenai/OLMo-2-1124-7B-Instruct,olmo_2_1124_7b_instruct,procedural_reasoning,8,late,22,8,1.0,0.632,0.8160000000000001,0.6066666666666667,0.6066666666666667,0.8266666666666667,<ARCHIVE_ROOT>/results/cross_model_localization/olmo_2_1124_7b_instruct/procedural_reasoning/budget_8/condition_late/rank_8/seed_22,<ARCHIVE_ROOT>/results/cross_model_localization/olmo_2_1124_7b_instruct/procedural_reasoning/budget_8/condition_late/rank_8/seed_22/summary_localization_by_seed.csv
allenai/OLMo-2-1124-7B-Instruct,olmo_2_1124_7b_instruct,procedural_reasoning,8,late,33,8,1.0,0.624,0.812,0.6133333333333333,0.6133333333333333,0.82,<ARCHIVE_ROOT>/results/cross_model_localization/olmo_2_1124_7b_instruct/procedural_reasoning/budget_8/condition_late/rank_8/seed_33,<ARCHIVE_ROOT>/results/cross_model_localization/olmo_2_1124_7b_instruct/procedural_reasoning/budget_8/condition_late/rank_8/seed_33/summary_localization_by_seed.csv
allenai/OLMo-2-1124-7B-Instruct,olmo_2_1124_7b_instruct,procedural_reasoning,8,middle,11,8,1.0,0.592,0.796,0.6733333333333333,0.6733333333333333,0.49333333333333335,<ARCHIVE_ROOT>/results/cross_model_localization/olmo_2_1124_7b_instruct/procedural_reasoning/budget_8/condition_middle/rank_8/seed_11,<ARCHIVE_ROOT>/results/cross_model_localization/olmo_2_1124_7b_instruct/procedural_reasoning/budget_8/condition_middle/rank_8/seed_11/summary_localization_by_seed.csv
allenai/OLMo-2-1124-7B-Instruct,olmo_2_1124_7b_instruct,procedural_reasoning,8,middle,22,8,1.0,0.664,0.8320000000000001,0.6666666666666666,0.6666666666666666,0.64,<ARCHIVE_ROOT>/results/cross_model_localization/olmo_2_1124_7b_instruct/procedural_reasoning/budget_8/condition_middle/rank_8/seed_22,<ARCHIVE_ROOT>/results/cross_model_localization/olmo_2_1124_7b_instruct/procedural_reasoning/budget_8/condition_middle/rank_8/seed_22/summary_localization_by_seed.csv
allenai/OLMo-2-1124-7B-Instruct,olmo_2_1124_7b_instruct,procedural_reasoning,8,middle,33,8,1.0,0.632,0.8160000000000001,0.6933333333333334,0.6933333333333334,0.54,<ARCHIVE_ROOT>/results/cross_model_localization/olmo_2_1124_7b_instruct/procedural_reasoning/budget_8/condition_middle/rank_8/seed_33,<ARCHIVE_ROOT>/results/cross_model_localization/olmo_2_1124_7b_instruct/procedural_reasoning/budget_8/condition_middle/rank_8/seed_33/summary_localization_by_seed.csv
Qwen/Qwen2.5-14B-Instruct,qwen2_5_14b_instruct,behavioral_policy,10,early,11,8,0.72,0.76,0.74,0.7933333333333333,0.7933333333333333,0.9666666666666667,<ARCHIVE_ROOT>/results/cross_model_localization/qwen2_5_14b_instruct/behavioral_policy/budget_10/condition_early/rank_8/seed_11,<ARCHIVE_ROOT>/results/cross_model_localization/qwen2_5_14b_instruct/behavioral_policy/budget_10/condition_early/rank_8/seed_11/summary_localization_by_seed.csv
Qwen/Qwen2.5-14B-Instruct,qwen2_5_14b_instruct,behavioral_policy,10,early,22,8,0.8,0.784,0.792,0.5866666666666667,0.5866666666666667,0.8533333333333334,<ARCHIVE_ROOT>/results/cross_model_localization/qwen2_5_14b_instruct/behavioral_policy/budget_10/condition_early/rank_8/seed_22,<ARCHIVE_ROOT>/results/cross_model_localization/qwen2_5_14b_instruct/behavioral_policy/budget_10/condition_early/rank_8/seed_22/summary_localization_by_seed.csv
Qwen/Qwen2.5-14B-Instruct,qwen2_5_14b_instruct,behavioral_policy,10,early,33,8,0.776,0.896,0.8360000000000001,0.9266666666666666,0.9266666666666666,0.66,<ARCHIVE_ROOT>/results/cross_model_localization/qwen2_5_14b_instruct/behavioral_policy/budget_10/condition_early/rank_8/seed_33,<ARCHIVE_ROOT>/results/cross_model_localization/qwen2_5_14b_instruct/behavioral_policy/budget_10/condition_early/rank_8/seed_33/summary_localization_by_seed.csv
Qwen/Qwen2.5-14B-Instruct,qwen2_5_14b_instruct,behavioral_policy,10,full,11,8,0.96,0.896,0.9279999999999999,0.9333333333333333,0.9333333333333333,0.9333333333333333,<ARCHIVE_ROOT>/results/cross_model_localization/qwen2_5_14b_instruct/behavioral_policy/budget_10/condition_full/rank_8/seed_11,<ARCHIVE_ROOT>/results/cross_model_localization/qwen2_5_14b_instruct/behavioral_policy/budget_10/condition_full/rank_8/seed_11/summary_localization_by_seed.csv
Qwen/Qwen2.5-14B-Instruct,qwen2_5_14b_instruct,behavioral_policy,10,full,22,8,0.928,0.984,0.956,0.9333333333333333,0.9333333333333333,0.82,<ARCHIVE_ROOT>/results/cross_model_localization/qwen2_5_14b_instruct/behavioral_policy/budget_10/condition_full/rank_8/seed_22,<ARCHIVE_ROOT>/results/cross_model_localization/qwen2_5_14b_instruct/behavioral_policy/budget_10/condition_full/rank_8/seed_22/summary_localization_by_seed.csv
Qwen/Qwen2.5-14B-Instruct,qwen2_5_14b_instruct,behavioral_policy,10,full,33,8,0.952,0.976,0.964,0.94,0.94,0.92,<ARCHIVE_ROOT>/results/cross_model_localization/qwen2_5_14b_instruct/behavioral_policy/budget_10/condition_full/rank_8/seed_33,<ARCHIVE_ROOT>/results/cross_model_localization/qwen2_5_14b_instruct/behavioral_policy/budget_10/condition_full/rank_8/seed_33/summary_localization_by_seed.csv
Qwen/Qwen2.5-14B-Instruct,qwen2_5_14b_instruct,behavioral_policy,10,late,11,8,0.92,0.936,0.928,0.9066666666666666,0.9066666666666666,0.8666666666666667,<ARCHIVE_ROOT>/results/cross_model_localization/qwen2_5_14b_instruct/behavioral_policy/budget_10/condition_late/rank_8/seed_11,<ARCHIVE_ROOT>/results/cross_model_localization/qwen2_5_14b_instruct/behavioral_policy/budget_10/condition_late/rank_8/seed_11/summary_localization_by_seed.csv
Qwen/Qwen2.5-14B-Instruct,qwen2_5_14b_instruct,behavioral_policy,10,late,22,8,0.944,0.904,0.9239999999999999,0.9466666666666667,0.9466666666666667,0.76,<ARCHIVE_ROOT>/results/cross_model_localization/qwen2_5_14b_instruct/behavioral_policy/budget_10/condition_late/rank_8/seed_22,<ARCHIVE_ROOT>/results/cross_model_localization/qwen2_5_14b_instruct/behavioral_policy/budget_10/condition_late/rank_8/seed_22/summary_localization_by_seed.csv
Qwen/Qwen2.5-14B-Instruct,qwen2_5_14b_instruct,behavioral_policy,10,late,33,8,0.856,0.944,0.8999999999999999,0.9066666666666666,0.9066666666666666,0.88,<ARCHIVE_ROOT>/results/cross_model_localization/qwen2_5_14b_instruct/behavioral_policy/budget_10/condition_late/rank_8/seed_33,<ARCHIVE_ROOT>/results/cross_model_localization/qwen2_5_14b_instruct/behavioral_policy/budget_10/condition_late/rank_8/seed_33/summary_localization_by_seed.csv
Qwen/Qwen2.5-14B-Instruct,qwen2_5_14b_instruct,behavioral_policy,10,middle,11,8,0.784,0.896,0.8400000000000001,0.82,0.82,0.9733333333333334,<ARCHIVE_ROOT>/results/cross_model_localization/qwen2_5_14b_instruct/behavioral_policy/budget_10/condition_middle/rank_8/seed_11,<ARCHIVE_ROOT>/results/cross_model_localization/qwen2_5_14b_instruct/behavioral_policy/budget_10/condition_middle/rank_8/seed_11/summary_localization_by_seed.csv
Qwen/Qwen2.5-14B-Instruct,qwen2_5_14b_instruct,behavioral_policy,10,middle,22,8,0.88,0.896,0.888,0.9,0.9,0.9533333333333334,<ARCHIVE_ROOT>/results/cross_model_localization/qwen2_5_14b_instruct/behavioral_policy/budget_10/condition_middle/rank_8/seed_22,<ARCHIVE_ROOT>/results/cross_model_localization/qwen2_5_14b_instruct/behavioral_policy/budget_10/condition_middle/rank_8/seed_22/summary_localization_by_seed.csv
Qwen/Qwen2.5-14B-Instruct,qwen2_5_14b_instruct,behavioral_policy,10,middle,33,8,0.896,0.832,0.864,0.8133333333333334,0.8133333333333334,0.9333333333333333,<ARCHIVE_ROOT>/results/cross_model_localization/qwen2_5_14b_instruct/behavioral_policy/budget_10/condition_middle/rank_8/seed_33,<ARCHIVE_ROOT>/results/cross_model_localization/qwen2_5_14b_instruct/behavioral_policy/budget_10/condition_middle/rank_8/seed_33/summary_localization_by_seed.csv
Qwen/Qwen2.5-14B-Instruct,qwen2_5_14b_instruct,causal_mapping,10,early,11,8,0.992,0.92,0.956,0.5866666666666667,0.5866666666666667,0.44666666666666666,<ARCHIVE_ROOT>/results/cross_model_localization/qwen2_5_14b_instruct/causal_mapping/budget_10/condition_early/rank_8/seed_11,<ARCHIVE_ROOT>/results/cross_model_localization/qwen2_5_14b_instruct/causal_mapping/budget_10/condition_early/rank_8/seed_11/summary_localization_by_seed.csv
Qwen/Qwen2.5-14B-Instruct,qwen2_5_14b_instruct,causal_mapping,10,early,22,8,1.0,0.976,0.988,0.4666666666666667,0.4666666666666667,0.38666666666666666,<ARCHIVE_ROOT>/results/cross_model_localization/qwen2_5_14b_instruct/causal_mapping/budget_10/condition_early/rank_8/seed_22,<ARCHIVE_ROOT>/results/cross_model_localization/qwen2_5_14b_instruct/causal_mapping/budget_10/condition_early/rank_8/seed_22/summary_localization_by_seed.csv
Qwen/Qwen2.5-14B-Instruct,qwen2_5_14b_instruct,causal_mapping,10,early,33,8,1.0,0.896,0.948,0.5066666666666667,0.5066666666666667,0.5,<ARCHIVE_ROOT>/results/cross_model_localization/qwen2_5_14b_instruct/causal_mapping/budget_10/condition_early/rank_8/seed_33,<ARCHIVE_ROOT>/results/cross_model_localization/qwen2_5_14b_instruct/causal_mapping/budget_10/condition_early/rank_8/seed_33/summary_localization_by_seed.csv
Qwen/Qwen2.5-14B-Instruct,qwen2_5_14b_instruct,causal_mapping,10,full,11,8,1.0,0.984,0.992,0.8533333333333334,0.8533333333333334,0.38666666666666666,<ARCHIVE_ROOT>/results/cross_model_localization/qwen2_5_14b_instruct/causal_mapping/budget_10/condition_full/rank_8/seed_11,<ARCHIVE_ROOT>/results/cross_model_localization/qwen2_5_14b_instruct/causal_mapping/budget_10/condition_full/rank_8/seed_11/summary_localization_by_seed.csv
Qwen/Qwen2.5-14B-Instruct,qwen2_5_14b_instruct,causal_mapping,10,full,22,8,1.0,0.936,0.968,0.7,0.7,0.5,<ARCHIVE_ROOT>/results/cross_model_localization/qwen2_5_14b_instruct/causal_mapping/budget_10/condition_full/rank_8/seed_22,<ARCHIVE_ROOT>/results/cross_model_localization/qwen2_5_14b_instruct/causal_mapping/budget_10/condition_full/rank_8/seed_22/summary_localization_by_seed.csv
Qwen/Qwen2.5-14B-Instruct,qwen2_5_14b_instruct,causal_mapping,10,full,33,8,1.0,1.0,1.0,0.8533333333333334,0.8533333333333334,0.5,<ARCHIVE_ROOT>/results/cross_model_localization/qwen2_5_14b_instruct/causal_mapping/budget_10/condition_full/rank_8/seed_33,<ARCHIVE_ROOT>/results/cross_model_localization/qwen2_5_14b_instruct/causal_mapping/budget_10/condition_full/rank_8/seed_33/summary_localization_by_seed.csv
Qwen/Qwen2.5-14B-Instruct,qwen2_5_14b_instruct,causal_mapping,10,late,11,8,1.0,0.872,0.9359999999999999,0.47333333333333333,0.47333333333333333,0.5,<ARCHIVE_ROOT>/results/cross_model_localization/qwen2_5_14b_instruct/causal_mapping/budget_10/condition_late/rank_8/seed_11,<ARCHIVE_ROOT>/results/cross_model_localization/qwen2_5_14b_instruct/causal_mapping/budget_10/condition_late/rank_8/seed_11/summary_localization_by_seed.csv
Qwen/Qwen2.5-14B-Instruct,qwen2_5_14b_instruct,causal_mapping,10,late,22,8,0.976,0.944,0.96,0.42,0.42,0.5,<ARCHIVE_ROOT>/results/cross_model_localization/qwen2_5_14b_instruct/causal_mapping/budget_10/condition_late/rank_8/seed_22,<ARCHIVE_ROOT>/results/cross_model_localization/qwen2_5_14b_instruct/causal_mapping/budget_10/condition_late/rank_8/seed_22/summary_localization_by_seed.csv
Qwen/Qwen2.5-14B-Instruct,qwen2_5_14b_instruct,causal_mapping,10,late,33,8,1.0,0.928,0.964,0.44,0.44,0.5,<ARCHIVE_ROOT>/results/cross_model_localization/qwen2_5_14b_instruct/causal_mapping/budget_10/condition_late/rank_8/seed_33,<ARCHIVE_ROOT>/results/cross_model_localization/qwen2_5_14b_instruct/causal_mapping/budget_10/condition_late/rank_8/seed_33/summary_localization_by_seed.csv
Qwen/Qwen2.5-14B-Instruct,qwen2_5_14b_instruct,causal_mapping,10,middle,11,8,1.0,0.8,0.9,0.6133333333333333,0.6133333333333333,0.5,<ARCHIVE_ROOT>/results/cross_model_localization/qwen2_5_14b_instruct/causal_mapping/budget_10/condition_middle/rank_8/seed_11,<ARCHIVE_ROOT>/results/cross_model_localization/qwen2_5_14b_instruct/causal_mapping/budget_10/condition_middle/rank_8/seed_11/summary_localization_by_seed.csv
Qwen/Qwen2.5-14B-Instruct,qwen2_5_14b_instruct,causal_mapping,10,middle,22,8,1.0,0.896,0.948,0.6333333333333333,0.6333333333333333,0.4,<ARCHIVE_ROOT>/results/cross_model_localization/qwen2_5_14b_instruct/causal_mapping/budget_10/condition_middle/rank_8/seed_22,<ARCHIVE_ROOT>/results/cross_model_localization/qwen2_5_14b_instruct/causal_mapping/budget_10/condition_middle/rank_8/seed_22/summary_localization_by_seed.csv
Qwen/Qwen2.5-14B-Instruct,qwen2_5_14b_instruct,causal_mapping,10,middle,33,8,1.0,0.936,0.968,0.6466666666666666,0.6466666666666666,0.3466666666666667,<ARCHIVE_ROOT>/results/cross_model_localization/qwen2_5_14b_instruct/causal_mapping/budget_10/condition_middle/rank_8/seed_33,<ARCHIVE_ROOT>/results/cross_model_localization/qwen2_5_14b_instruct/causal_mapping/budget_10/condition_middle/rank_8/seed_33/summary_localization_by_seed.csv
Qwen/Qwen2.5-14B-Instruct,qwen2_5_14b_instruct,factual_association,8,early,11,8,0.328,0.328,0.328,0.16666666666666666,0.16666666666666666,0.5,<ARCHIVE_ROOT>/results/cross_model_localization/qwen2_5_14b_instruct/factual_association/budget_8/condition_early/rank_8/seed_11,<ARCHIVE_ROOT>/results/cross_model_localization/qwen2_5_14b_instruct/factual_association/budget_8/condition_early/rank_8/seed_11/summary_localization_by_seed.csv
Qwen/Qwen2.5-14B-Instruct,qwen2_5_14b_instruct,factual_association,8,early,22,8,0.384,0.344,0.364,0.20666666666666667,0.20666666666666667,0.46,<ARCHIVE_ROOT>/results/cross_model_localization/qwen2_5_14b_instruct/factual_association/budget_8/condition_early/rank_8/seed_22,<ARCHIVE_ROOT>/results/cross_model_localization/qwen2_5_14b_instruct/factual_association/budget_8/condition_early/rank_8/seed_22/summary_localization_by_seed.csv
Qwen/Qwen2.5-14B-Instruct,qwen2_5_14b_instruct,factual_association,8,early,33,8,0.264,0.24,0.252,0.14666666666666667,0.14666666666666667,0.82,<ARCHIVE_ROOT>/results/cross_model_localization/qwen2_5_14b_instruct/factual_association/budget_8/condition_early/rank_8/seed_33,<ARCHIVE_ROOT>/results/cross_model_localization/qwen2_5_14b_instruct/factual_association/budget_8/condition_early/rank_8/seed_33/summary_localization_by_seed.csv
Qwen/Qwen2.5-14B-Instruct,qwen2_5_14b_instruct,factual_association,8,full,11,8,0.728,0.704,0.716,0.62,0.62,0.5133333333333333,<ARCHIVE_ROOT>/results/cross_model_localization/qwen2_5_14b_instruct/factual_association/budget_8/condition_full/rank_8/seed_11,<ARCHIVE_ROOT>/results/cross_model_localization/qwen2_5_14b_instruct/factual_association/budget_8/condition_full/rank_8/seed_11/summary_localization_by_seed.csv
Qwen/Qwen2.5-14B-Instruct,qwen2_5_14b_instruct,factual_association,8,full,22,8,0.728,0.68,0.704,0.6333333333333333,0.6333333333333333,0.54,<ARCHIVE_ROOT>/results/cross_model_localization/qwen2_5_14b_instruct/factual_association/budget_8/condition_full/rank_8/seed_22,<ARCHIVE_ROOT>/results/cross_model_localization/qwen2_5_14b_instruct/factual_association/budget_8/condition_full/rank_8/seed_22/summary_localization_by_seed.csv
Qwen/Qwen2.5-14B-Instruct,qwen2_5_14b_instruct,factual_association,8,full,33,8,0.784,0.712,0.748,0.68,0.68,0.42,<ARCHIVE_ROOT>/results/cross_model_localization/qwen2_5_14b_instruct/factual_association/budget_8/condition_full/rank_8/seed_33,<ARCHIVE_ROOT>/results/cross_model_localization/qwen2_5_14b_instruct/factual_association/budget_8/condition_full/rank_8/seed_33/summary_localization_by_seed.csv
Qwen/Qwen2.5-14B-Instruct,qwen2_5_14b_instruct,factual_association,8,late,11,8,0.744,0.632,0.688,0.62,0.62,0.4266666666666667,<ARCHIVE_ROOT>/results/cross_model_localization/qwen2_5_14b_instruct/factual_association/budget_8/condition_late/rank_8/seed_11,<ARCHIVE_ROOT>/results/cross_model_localization/qwen2_5_14b_instruct/factual_association/budget_8/condition_late/rank_8/seed_11/summary_localization_by_seed.csv
Qwen/Qwen2.5-14B-Instruct,qwen2_5_14b_instruct,factual_association,8,late,22,8,0.776,0.608,0.692,0.5066666666666667,0.5066666666666667,0.3333333333333333,<ARCHIVE_ROOT>/results/cross_model_localization/qwen2_5_14b_instruct/factual_association/budget_8/condition_late/rank_8/seed_22,<ARCHIVE_ROOT>/results/cross_model_localization/qwen2_5_14b_instruct/factual_association/budget_8/condition_late/rank_8/seed_22/summary_localization_by_seed.csv
Qwen/Qwen2.5-14B-Instruct,qwen2_5_14b_instruct,factual_association,8,late,33,8,0.712,0.584,0.6479999999999999,0.5266666666666666,0.5266666666666666,0.5,<ARCHIVE_ROOT>/results/cross_model_localization/qwen2_5_14b_instruct/factual_association/budget_8/condition_late/rank_8/seed_33,<ARCHIVE_ROOT>/results/cross_model_localization/qwen2_5_14b_instruct/factual_association/budget_8/condition_late/rank_8/seed_33/summary_localization_by_seed.csv
Qwen/Qwen2.5-14B-Instruct,qwen2_5_14b_instruct,factual_association,8,middle,11,8,0.248,0.232,0.24,0.2866666666666667,0.2866666666666667,0.82,<ARCHIVE_ROOT>/results/cross_model_localization/qwen2_5_14b_instruct/factual_association/budget_8/condition_middle/rank_8/seed_11,<ARCHIVE_ROOT>/results/cross_model_localization/qwen2_5_14b_instruct/factual_association/budget_8/condition_middle/rank_8/seed_11/summary_localization_by_seed.csv
Qwen/Qwen2.5-14B-Instruct,qwen2_5_14b_instruct,factual_association,8,middle,22,8,0.4,0.336,0.368,0.3,0.3,0.4266666666666667,<ARCHIVE_ROOT>/results/cross_model_localization/qwen2_5_14b_instruct/factual_association/budget_8/condition_middle/rank_8/seed_22,<ARCHIVE_ROOT>/results/cross_model_localization/qwen2_5_14b_instruct/factual_association/budget_8/condition_middle/rank_8/seed_22/summary_localization_by_seed.csv
Qwen/Qwen2.5-14B-Instruct,qwen2_5_14b_instruct,factual_association,8,middle,33,8,0.312,0.224,0.268,0.26,0.26,0.6733333333333333,<ARCHIVE_ROOT>/results/cross_model_localization/qwen2_5_14b_instruct/factual_association/budget_8/condition_middle/rank_8/seed_33,<ARCHIVE_ROOT>/results/cross_model_localization/qwen2_5_14b_instruct/factual_association/budget_8/condition_middle/rank_8/seed_33/summary_localization_by_seed.csv
Qwen/Qwen2.5-14B-Instruct,qwen2_5_14b_instruct,lexical_binding,10,early,11,8,0.456,0.272,0.364,0.37333333333333335,0.37333333333333335,0.38,<ARCHIVE_ROOT>/results/cross_model_localization/qwen2_5_14b_instruct/lexical_binding/budget_10/condition_early/rank_8/seed_11,<ARCHIVE_ROOT>/results/cross_model_localization/qwen2_5_14b_instruct/lexical_binding/budget_10/condition_early/rank_8/seed_11/summary_localization_by_seed.csv
Qwen/Qwen2.5-14B-Instruct,qwen2_5_14b_instruct,lexical_binding,10,early,22,8,0.376,0.272,0.324,0.5533333333333333,0.5533333333333333,0.5,<ARCHIVE_ROOT>/results/cross_model_localization/qwen2_5_14b_instruct/lexical_binding/budget_10/condition_early/rank_8/seed_22,<ARCHIVE_ROOT>/results/cross_model_localization/qwen2_5_14b_instruct/lexical_binding/budget_10/condition_early/rank_8/seed_22/summary_localization_by_seed.csv
Qwen/Qwen2.5-14B-Instruct,qwen2_5_14b_instruct,lexical_binding,10,early,33,8,0.368,0.144,0.256,0.21333333333333335,0.21333333333333335,0.43333333333333335,<ARCHIVE_ROOT>/results/cross_model_localization/qwen2_5_14b_instruct/lexical_binding/budget_10/condition_early/rank_8/seed_33,<ARCHIVE_ROOT>/results/cross_model_localization/qwen2_5_14b_instruct/lexical_binding/budget_10/condition_early/rank_8/seed_33/summary_localization_by_seed.csv
Qwen/Qwen2.5-14B-Instruct,qwen2_5_14b_instruct,lexical_binding,10,full,11,8,0.856,0.816,0.836,0.7066666666666667,0.7066666666666667,0.58,<ARCHIVE_ROOT>/results/cross_model_localization/qwen2_5_14b_instruct/lexical_binding/budget_10/condition_full/rank_8/seed_11,<ARCHIVE_ROOT>/results/cross_model_localization/qwen2_5_14b_instruct/lexical_binding/budget_10/condition_full/rank_8/seed_11/summary_localization_by_seed.csv
Qwen/Qwen2.5-14B-Instruct,qwen2_5_14b_instruct,lexical_binding,10,full,22,8,0.872,0.848,0.86,0.8533333333333334,0.8533333333333334,0.38666666666666666,<ARCHIVE_ROOT>/results/cross_model_localization/qwen2_5_14b_instruct/lexical_binding/budget_10/condition_full/rank_8/seed_22,<ARCHIVE_ROOT>/results/cross_model_localization/qwen2_5_14b_instruct/lexical_binding/budget_10/condition_full/rank_8/seed_22/summary_localization_by_seed.csv
Qwen/Qwen2.5-14B-Instruct,qwen2_5_14b_instruct,lexical_binding,10,full,33,8,0.888,0.872,0.88,0.7666666666666667,0.7666666666666667,0.4866666666666667,<ARCHIVE_ROOT>/results/cross_model_localization/qwen2_5_14b_instruct/lexical_binding/budget_10/condition_full/rank_8/seed_33,<ARCHIVE_ROOT>/results/cross_model_localization/qwen2_5_14b_instruct/lexical_binding/budget_10/condition_full/rank_8/seed_33/summary_localization_by_seed.csv
Qwen/Qwen2.5-14B-Instruct,qwen2_5_14b_instruct,lexical_binding,10,late,11,8,0.824,0.792,0.808,0.31333333333333335,0.31333333333333335,0.5866666666666667,<ARCHIVE_ROOT>/results/cross_model_localization/qwen2_5_14b_instruct/lexical_binding/budget_10/condition_late/rank_8/seed_11,<ARCHIVE_ROOT>/results/cross_model_localization/qwen2_5_14b_instruct/lexical_binding/budget_10/condition_late/rank_8/seed_11/summary_localization_by_seed.csv
Qwen/Qwen2.5-14B-Instruct,qwen2_5_14b_instruct,lexical_binding,10,late,22,8,0.832,0.768,0.8,0.3933333333333333,0.3933333333333333,0.4866666666666667,<ARCHIVE_ROOT>/results/cross_model_localization/qwen2_5_14b_instruct/lexical_binding/budget_10/condition_late/rank_8/seed_22,<ARCHIVE_ROOT>/results/cross_model_localization/qwen2_5_14b_instruct/lexical_binding/budget_10/condition_late/rank_8/seed_22/summary_localization_by_seed.csv
Qwen/Qwen2.5-14B-Instruct,qwen2_5_14b_instruct,lexical_binding,10,late,33,8,0.768,0.768,0.768,0.3,0.3,0.5933333333333334,<ARCHIVE_ROOT>/results/cross_model_localization/qwen2_5_14b_instruct/lexical_binding/budget_10/condition_late/rank_8/seed_33,<ARCHIVE_ROOT>/results/cross_model_localization/qwen2_5_14b_instruct/lexical_binding/budget_10/condition_late/rank_8/seed_33/summary_localization_by_seed.csv
Qwen/Qwen2.5-14B-Instruct,qwen2_5_14b_instruct,lexical_binding,10,middle,11,8,0.472,0.32,0.396,0.6066666666666667,0.6066666666666667,0.36,<ARCHIVE_ROOT>/results/cross_model_localization/qwen2_5_14b_instruct/lexical_binding/budget_10/condition_middle/rank_8/seed_11,<ARCHIVE_ROOT>/results/cross_model_localization/qwen2_5_14b_instruct/lexical_binding/budget_10/condition_middle/rank_8/seed_11/summary_localization_by_seed.csv
Qwen/Qwen2.5-14B-Instruct,qwen2_5_14b_instruct,lexical_binding,10,middle,22,8,0.464,0.296,0.38,0.2,0.2,0.43333333333333335,<ARCHIVE_ROOT>/results/cross_model_localization/qwen2_5_14b_instruct/lexical_binding/budget_10/condition_middle/rank_8/seed_22,<ARCHIVE_ROOT>/results/cross_model_localization/qwen2_5_14b_instruct/lexical_binding/budget_10/condition_middle/rank_8/seed_22/summary_localization_by_seed.csv
Qwen/Qwen2.5-14B-Instruct,qwen2_5_14b_instruct,lexical_binding,10,middle,33,8,0.392,0.208,0.3,0.66,0.66,0.3333333333333333,<ARCHIVE_ROOT>/results/cross_model_localization/qwen2_5_14b_instruct/lexical_binding/budget_10/condition_middle/rank_8/seed_33,<ARCHIVE_ROOT>/results/cross_model_localization/qwen2_5_14b_instruct/lexical_binding/budget_10/condition_middle/rank_8/seed_33/summary_localization_by_seed.csv
Qwen/Qwen2.5-14B-Instruct,qwen2_5_14b_instruct,procedural_reasoning,8,early,11,8,0.928,0.312,0.62,0.18666666666666668,0.18666666666666668,0.6666666666666666,<ARCHIVE_ROOT>/results/cross_model_localization/qwen2_5_14b_instruct/procedural_reasoning/budget_8/condition_early/rank_8/seed_11,<ARCHIVE_ROOT>/results/cross_model_localization/qwen2_5_14b_instruct/procedural_reasoning/budget_8/condition_early/rank_8/seed_11/summary_localization_by_seed.csv
Qwen/Qwen2.5-14B-Instruct,qwen2_5_14b_instruct,procedural_reasoning,8,early,22,8,0.856,0.272,0.5640000000000001,0.28,0.28,0.7733333333333333,<ARCHIVE_ROOT>/results/cross_model_localization/qwen2_5_14b_instruct/procedural_reasoning/budget_8/condition_early/rank_8/seed_22,<ARCHIVE_ROOT>/results/cross_model_localization/qwen2_5_14b_instruct/procedural_reasoning/budget_8/condition_early/rank_8/seed_22/summary_localization_by_seed.csv
Qwen/Qwen2.5-14B-Instruct,qwen2_5_14b_instruct,procedural_reasoning,8,early,33,8,0.824,0.24,0.532,0.24666666666666667,0.24666666666666667,0.78,<ARCHIVE_ROOT>/results/cross_model_localization/qwen2_5_14b_instruct/procedural_reasoning/budget_8/condition_early/rank_8/seed_33,<ARCHIVE_ROOT>/results/cross_model_localization/qwen2_5_14b_instruct/procedural_reasoning/budget_8/condition_early/rank_8/seed_33/summary_localization_by_seed.csv
Qwen/Qwen2.5-14B-Instruct,qwen2_5_14b_instruct,procedural_reasoning,8,full,11,8,1.0,0.648,0.8240000000000001,0.5266666666666666,0.5266666666666666,0.98,<ARCHIVE_ROOT>/results/cross_model_localization/qwen2_5_14b_instruct/procedural_reasoning/budget_8/condition_full/rank_8/seed_11,<ARCHIVE_ROOT>/results/cross_model_localization/qwen2_5_14b_instruct/procedural_reasoning/budget_8/condition_full/rank_8/seed_11/summary_localization_by_seed.csv
Qwen/Qwen2.5-14B-Instruct,qwen2_5_14b_instruct,procedural_reasoning,8,full,22,8,1.0,0.648,0.8240000000000001,0.7,0.7,0.84,<ARCHIVE_ROOT>/results/cross_model_localization/qwen2_5_14b_instruct/procedural_reasoning/budget_8/condition_full/rank_8/seed_22,<ARCHIVE_ROOT>/results/cross_model_localization/qwen2_5_14b_instruct/procedural_reasoning/budget_8/condition_full/rank_8/seed_22/summary_localization_by_seed.csv
Qwen/Qwen2.5-14B-Instruct,qwen2_5_14b_instruct,procedural_reasoning,8,full,33,8,1.0,0.6,0.8,0.5066666666666667,0.5066666666666667,0.9866666666666667,<ARCHIVE_ROOT>/results/cross_model_localization/qwen2_5_14b_instruct/procedural_reasoning/budget_8/condition_full/rank_8/seed_33,<ARCHIVE_ROOT>/results/cross_model_localization/qwen2_5_14b_instruct/procedural_reasoning/budget_8/condition_full/rank_8/seed_33/summary_localization_by_seed.csv
Qwen/Qwen2.5-14B-Instruct,qwen2_5_14b_instruct,procedural_reasoning,8,late,11,8,0.976,0.48,0.728,0.5266666666666666,0.5266666666666666,0.8266666666666667,<ARCHIVE_ROOT>/results/cross_model_localization/qwen2_5_14b_instruct/procedural_reasoning/budget_8/condition_late/rank_8/seed_11,<ARCHIVE_ROOT>/results/cross_model_localization/qwen2_5_14b_instruct/procedural_reasoning/budget_8/condition_late/rank_8/seed_11/summary_localization_by_seed.csv
Qwen/Qwen2.5-14B-Instruct,qwen2_5_14b_instruct,procedural_reasoning,8,late,22,8,0.968,0.624,0.796,0.6266666666666667,0.6266666666666667,0.7866666666666666,<ARCHIVE_ROOT>/results/cross_model_localization/qwen2_5_14b_instruct/procedural_reasoning/budget_8/condition_late/rank_8/seed_22,<ARCHIVE_ROOT>/results/cross_model_localization/qwen2_5_14b_instruct/procedural_reasoning/budget_8/condition_late/rank_8/seed_22/summary_localization_by_seed.csv
Qwen/Qwen2.5-14B-Instruct,qwen2_5_14b_instruct,procedural_reasoning,8,late,33,8,0.968,0.464,0.716,0.5,0.5,0.8333333333333334,<ARCHIVE_ROOT>/results/cross_model_localization/qwen2_5_14b_instruct/procedural_reasoning/budget_8/condition_late/rank_8/seed_33,<ARCHIVE_ROOT>/results/cross_model_localization/qwen2_5_14b_instruct/procedural_reasoning/budget_8/condition_late/rank_8/seed_33/summary_localization_by_seed.csv
Qwen/Qwen2.5-14B-Instruct,qwen2_5_14b_instruct,procedural_reasoning,8,middle,11,8,1.0,0.568,0.784,0.6333333333333333,0.6333333333333333,0.84,<ARCHIVE_ROOT>/results/cross_model_localization/qwen2_5_14b_instruct/procedural_reasoning/budget_8/condition_middle/rank_8/seed_11,<ARCHIVE_ROOT>/results/cross_model_localization/qwen2_5_14b_instruct/procedural_reasoning/budget_8/condition_middle/rank_8/seed_11/summary_localization_by_seed.csv
Qwen/Qwen2.5-14B-Instruct,qwen2_5_14b_instruct,procedural_reasoning,8,middle,22,8,1.0,0.4,0.7,0.26,0.26,0.8333333333333334,<ARCHIVE_ROOT>/results/cross_model_localization/qwen2_5_14b_instruct/procedural_reasoning/budget_8/condition_middle/rank_8/seed_22,<ARCHIVE_ROOT>/results/cross_model_localization/qwen2_5_14b_instruct/procedural_reasoning/budget_8/condition_middle/rank_8/seed_22/summary_localization_by_seed.csv
Qwen/Qwen2.5-14B-Instruct,qwen2_5_14b_instruct,procedural_reasoning,8,middle,33,8,1.0,0.528,0.764,0.47333333333333333,0.47333333333333333,0.7066666666666667,<ARCHIVE_ROOT>/results/cross_model_localization/qwen2_5_14b_instruct/procedural_reasoning/budget_8/condition_middle/rank_8/seed_33,<ARCHIVE_ROOT>/results/cross_model_localization/qwen2_5_14b_instruct/procedural_reasoning/budget_8/condition_middle/rank_8/seed_33/summary_localization_by_seed.csv
