model_slug,episode_id,learning_type,meta_split,model_name,config_id,acquisition,transfer,boundedness,preservation,utility,number_of_seeds,seed_values
llama_3_1_8b_instruct,compiler::behavioral_policy::behavioral_0000,behavioral_policy,test,meta-llama/Llama-3.1-8B-Instruct,early__all__r16,0.20000000000000004,0.5,0.0,0.9902777777777777,0.42256944444444444,3,11|22|33
llama_3_1_8b_instruct,compiler::behavioral_policy::behavioral_0000,behavioral_policy,test,meta-llama/Llama-3.1-8B-Instruct,full__all__r4,1.0,1.0,0.0,1.0,0.75,3,11|22|33
llama_3_1_8b_instruct,compiler::behavioral_policy::behavioral_0000,behavioral_policy,test,meta-llama/Llama-3.1-8B-Instruct,late__all__r16,1.0,1.0,0.0,0.9986111111111112,0.7496527777777778,3,11|22|33
llama_3_1_8b_instruct,compiler::behavioral_policy::behavioral_0000,behavioral_policy,test,meta-llama/Llama-3.1-8B-Instruct,middle__all__r16,1.0,0.9444444444444445,0.0,0.9805555555555555,0.73125,3,11|22|33
llama_3_1_8b_instruct,compiler::behavioral_policy::behavioral_0001,behavioral_policy,train,meta-llama/Llama-3.1-8B-Instruct,early__all__r16,0.1,0.5,0.0,1.0,0.4,1,11
llama_3_1_8b_instruct,compiler::behavioral_policy::behavioral_0001,behavioral_policy,train,meta-llama/Llama-3.1-8B-Instruct,full__all__r4,1.0,1.0,0.0,1.0,0.75,1,11
llama_3_1_8b_instruct,compiler::behavioral_policy::behavioral_0001,behavioral_policy,train,meta-llama/Llama-3.1-8B-Instruct,late__all__r16,1.0,0.8333333333333334,0.0,1.0,0.7083333333333334,1,11
llama_3_1_8b_instruct,compiler::behavioral_policy::behavioral_0001,behavioral_policy,train,meta-llama/Llama-3.1-8B-Instruct,middle__all__r16,1.0,1.0,0.0,0.9708333333333333,0.7427083333333333,1,11
llama_3_1_8b_instruct,compiler::behavioral_policy::behavioral_0002,behavioral_policy,train,meta-llama/Llama-3.1-8B-Instruct,early__all__r16,0.0,0.5,0.0,1.0,0.375,1,11
llama_3_1_8b_instruct,compiler::behavioral_policy::behavioral_0002,behavioral_policy,train,meta-llama/Llama-3.1-8B-Instruct,full__all__r4,1.0,1.0,0.0,1.0,0.75,1,11
llama_3_1_8b_instruct,compiler::behavioral_policy::behavioral_0002,behavioral_policy,train,meta-llama/Llama-3.1-8B-Instruct,late__all__r16,1.0,1.0,0.0,1.0,0.75,1,11
llama_3_1_8b_instruct,compiler::behavioral_policy::behavioral_0002,behavioral_policy,train,meta-llama/Llama-3.1-8B-Instruct,middle__all__r16,0.6,0.8333333333333334,0.0,0.9875,0.6052083333333333,1,11
llama_3_1_8b_instruct,compiler::behavioral_policy::behavioral_0003,behavioral_policy,train,meta-llama/Llama-3.1-8B-Instruct,early__all__r16,0.6000000000000001,0.3333333333333333,0.0,0.9916666666666667,0.48125,1,11
llama_3_1_8b_instruct,compiler::behavioral_policy::behavioral_0003,behavioral_policy,train,meta-llama/Llama-3.1-8B-Instruct,full__all__r4,1.0,1.0,0.0,1.0,0.75,1,11
llama_3_1_8b_instruct,compiler::behavioral_policy::behavioral_0003,behavioral_policy,train,meta-llama/Llama-3.1-8B-Instruct,late__all__r16,1.0,1.0,0.0,1.0,0.75,1,11
llama_3_1_8b_instruct,compiler::behavioral_policy::behavioral_0003,behavioral_policy,train,meta-llama/Llama-3.1-8B-Instruct,middle__all__r16,1.0,0.8333333333333334,0.0,1.0,0.7083333333333334,1,11
llama_3_1_8b_instruct,compiler::behavioral_policy::behavioral_0004,behavioral_policy,train,meta-llama/Llama-3.1-8B-Instruct,early__all__r16,0.1,0.3333333333333333,0.0,0.9958333333333333,0.3572916666666667,1,11
llama_3_1_8b_instruct,compiler::behavioral_policy::behavioral_0004,behavioral_policy,train,meta-llama/Llama-3.1-8B-Instruct,full__all__r4,1.0,1.0,0.0,1.0,0.75,1,11
llama_3_1_8b_instruct,compiler::behavioral_policy::behavioral_0004,behavioral_policy,train,meta-llama/Llama-3.1-8B-Instruct,late__all__r16,1.0,1.0,0.0,1.0,0.75,1,11
llama_3_1_8b_instruct,compiler::behavioral_policy::behavioral_0004,behavioral_policy,train,meta-llama/Llama-3.1-8B-Instruct,middle__all__r16,1.0,1.0,0.0,0.9708333333333333,0.7427083333333333,1,11
llama_3_1_8b_instruct,compiler::behavioral_policy::behavioral_0005,behavioral_policy,train,meta-llama/Llama-3.1-8B-Instruct,early__all__r16,0.1,0.5,0.0,0.9958333333333333,0.39895833333333336,1,11
llama_3_1_8b_instruct,compiler::behavioral_policy::behavioral_0005,behavioral_policy,train,meta-llama/Llama-3.1-8B-Instruct,full__all__r4,1.0,1.0,0.0,1.0,0.75,1,11
llama_3_1_8b_instruct,compiler::behavioral_policy::behavioral_0005,behavioral_policy,train,meta-llama/Llama-3.1-8B-Instruct,late__all__r16,1.0,1.0,0.0,0.9916666666666667,0.7479166666666667,1,11
llama_3_1_8b_instruct,compiler::behavioral_policy::behavioral_0005,behavioral_policy,train,meta-llama/Llama-3.1-8B-Instruct,middle__all__r16,0.9,1.0,0.0,1.0,0.725,1,11
llama_3_1_8b_instruct,compiler::behavioral_policy::behavioral_0006,behavioral_policy,validation,meta-llama/Llama-3.1-8B-Instruct,early__all__r16,0.1,0.5,0.0,1.0,0.4,1,11
llama_3_1_8b_instruct,compiler::behavioral_policy::behavioral_0006,behavioral_policy,validation,meta-llama/Llama-3.1-8B-Instruct,full__all__r4,1.0,1.0,0.0,0.9875,0.746875,1,11
llama_3_1_8b_instruct,compiler::behavioral_policy::behavioral_0006,behavioral_policy,validation,meta-llama/Llama-3.1-8B-Instruct,late__all__r16,1.0,1.0,0.0,0.9916666666666667,0.7479166666666667,1,11
llama_3_1_8b_instruct,compiler::behavioral_policy::behavioral_0006,behavioral_policy,validation,meta-llama/Llama-3.1-8B-Instruct,middle__all__r16,1.0,1.0,0.16666666666666666,0.9666666666666667,0.7833333333333333,1,11
llama_3_1_8b_instruct,compiler::behavioral_policy::behavioral_0007,behavioral_policy,test,meta-llama/Llama-3.1-8B-Instruct,early__all__r16,0.20000000000000004,0.6666666666666666,0.0,1.0,0.4666666666666667,3,11|22|33
llama_3_1_8b_instruct,compiler::behavioral_policy::behavioral_0007,behavioral_policy,test,meta-llama/Llama-3.1-8B-Instruct,full__all__r4,1.0,0.8333333333333334,0.0,1.0,0.7083333333333334,3,11|22|33
llama_3_1_8b_instruct,compiler::behavioral_policy::behavioral_0007,behavioral_policy,test,meta-llama/Llama-3.1-8B-Instruct,late__all__r16,1.0,1.0,0.0,0.9888888888888889,0.7472222222222222,3,11|22|33
llama_3_1_8b_instruct,compiler::behavioral_policy::behavioral_0007,behavioral_policy,test,meta-llama/Llama-3.1-8B-Instruct,middle__all__r16,0.9333333333333332,0.8333333333333334,0.0,0.9972222222222222,0.6909722222222222,3,11|22|33
llama_3_1_8b_instruct,compiler::behavioral_policy::behavioral_0008,behavioral_policy,train,meta-llama/Llama-3.1-8B-Instruct,early__all__r16,0.5,0.5,0.0,1.0,0.5,1,11
llama_3_1_8b_instruct,compiler::behavioral_policy::behavioral_0008,behavioral_policy,train,meta-llama/Llama-3.1-8B-Instruct,full__all__r4,1.0,1.0,0.0,1.0,0.75,1,11
llama_3_1_8b_instruct,compiler::behavioral_policy::behavioral_0008,behavioral_policy,train,meta-llama/Llama-3.1-8B-Instruct,late__all__r16,1.0,0.8333333333333334,0.0,1.0,0.7083333333333334,1,11
llama_3_1_8b_instruct,compiler::behavioral_policy::behavioral_0008,behavioral_policy,train,meta-llama/Llama-3.1-8B-Instruct,middle__all__r16,1.0,1.0,0.0,0.9875,0.746875,1,11
llama_3_1_8b_instruct,compiler::behavioral_policy::behavioral_0009,behavioral_policy,train,meta-llama/Llama-3.1-8B-Instruct,early__all__r16,0.1,0.16666666666666666,0.0,0.9958333333333333,0.315625,1,11
llama_3_1_8b_instruct,compiler::behavioral_policy::behavioral_0009,behavioral_policy,train,meta-llama/Llama-3.1-8B-Instruct,full__all__r4,1.0,1.0,0.0,1.0,0.75,1,11
llama_3_1_8b_instruct,compiler::behavioral_policy::behavioral_0009,behavioral_policy,train,meta-llama/Llama-3.1-8B-Instruct,late__all__r16,1.0,1.0,0.0,1.0,0.75,1,11
llama_3_1_8b_instruct,compiler::behavioral_policy::behavioral_0009,behavioral_policy,train,meta-llama/Llama-3.1-8B-Instruct,middle__all__r16,1.0,0.8333333333333334,0.0,0.9791666666666666,0.703125,1,11
llama_3_1_8b_instruct,compiler::behavioral_policy::behavioral_0010,behavioral_policy,train,meta-llama/Llama-3.1-8B-Instruct,early__all__r16,0.1,0.5,0.0,0.9916666666666667,0.3979166666666667,1,11
llama_3_1_8b_instruct,compiler::behavioral_policy::behavioral_0010,behavioral_policy,train,meta-llama/Llama-3.1-8B-Instruct,full__all__r4,0.9,1.0,0.0,1.0,0.725,1,11
llama_3_1_8b_instruct,compiler::behavioral_policy::behavioral_0010,behavioral_policy,train,meta-llama/Llama-3.1-8B-Instruct,late__all__r16,1.0,1.0,0.0,1.0,0.75,1,11
llama_3_1_8b_instruct,compiler::behavioral_policy::behavioral_0010,behavioral_policy,train,meta-llama/Llama-3.1-8B-Instruct,middle__all__r16,0.9,1.0,0.0,0.9916666666666667,0.7229166666666667,1,11
llama_3_1_8b_instruct,compiler::behavioral_policy::behavioral_0011,behavioral_policy,train,meta-llama/Llama-3.1-8B-Instruct,early__all__r16,0.1,0.3333333333333333,0.0,1.0,0.35833333333333334,1,11
llama_3_1_8b_instruct,compiler::behavioral_policy::behavioral_0011,behavioral_policy,train,meta-llama/Llama-3.1-8B-Instruct,full__all__r4,1.0,0.8333333333333334,0.0,1.0,0.7083333333333334,1,11
llama_3_1_8b_instruct,compiler::behavioral_policy::behavioral_0011,behavioral_policy,train,meta-llama/Llama-3.1-8B-Instruct,late__all__r16,1.0,1.0,0.0,1.0,0.75,1,11
llama_3_1_8b_instruct,compiler::behavioral_policy::behavioral_0011,behavioral_policy,train,meta-llama/Llama-3.1-8B-Instruct,middle__all__r16,1.0,1.0,0.0,0.9708333333333333,0.7427083333333333,1,11
llama_3_1_8b_instruct,compiler::behavioral_policy::behavioral_0012,behavioral_policy,validation,meta-llama/Llama-3.1-8B-Instruct,early__all__r16,0.1,0.3333333333333333,0.0,1.0,0.35833333333333334,1,11
llama_3_1_8b_instruct,compiler::behavioral_policy::behavioral_0012,behavioral_policy,validation,meta-llama/Llama-3.1-8B-Instruct,full__all__r4,1.0,1.0,0.0,1.0,0.75,1,11
llama_3_1_8b_instruct,compiler::behavioral_policy::behavioral_0012,behavioral_policy,validation,meta-llama/Llama-3.1-8B-Instruct,late__all__r16,1.0,1.0,0.0,1.0,0.75,1,11
llama_3_1_8b_instruct,compiler::behavioral_policy::behavioral_0012,behavioral_policy,validation,meta-llama/Llama-3.1-8B-Instruct,middle__all__r16,0.7,0.8333333333333334,0.0,0.9875,0.6302083333333334,1,11
llama_3_1_8b_instruct,compiler::behavioral_policy::behavioral_0013,behavioral_policy,train,meta-llama/Llama-3.1-8B-Instruct,early__all__r16,0.4,0.16666666666666666,0.0,0.9875,0.3885416666666667,1,11
llama_3_1_8b_instruct,compiler::behavioral_policy::behavioral_0013,behavioral_policy,train,meta-llama/Llama-3.1-8B-Instruct,full__all__r4,1.0,1.0,0.0,1.0,0.75,1,11
llama_3_1_8b_instruct,compiler::behavioral_policy::behavioral_0013,behavioral_policy,train,meta-llama/Llama-3.1-8B-Instruct,late__all__r16,1.0,1.0,0.0,1.0,0.75,1,11
llama_3_1_8b_instruct,compiler::behavioral_policy::behavioral_0013,behavioral_policy,train,meta-llama/Llama-3.1-8B-Instruct,middle__all__r16,1.0,1.0,0.0,0.9958333333333333,0.7489583333333334,1,11
llama_3_1_8b_instruct,compiler::behavioral_policy::behavioral_0014,behavioral_policy,train,meta-llama/Llama-3.1-8B-Instruct,early__all__r16,0.0,0.16666666666666666,0.0,1.0,0.2916666666666667,1,11
llama_3_1_8b_instruct,compiler::behavioral_policy::behavioral_0014,behavioral_policy,train,meta-llama/Llama-3.1-8B-Instruct,full__all__r4,1.0,0.6666666666666666,0.0,1.0,0.6666666666666666,1,11
llama_3_1_8b_instruct,compiler::behavioral_policy::behavioral_0014,behavioral_policy,train,meta-llama/Llama-3.1-8B-Instruct,late__all__r16,1.0,1.0,0.0,1.0,0.75,1,11
llama_3_1_8b_instruct,compiler::behavioral_policy::behavioral_0014,behavioral_policy,train,meta-llama/Llama-3.1-8B-Instruct,middle__all__r16,1.0,0.8333333333333334,0.0,0.9791666666666666,0.703125,1,11
llama_3_1_8b_instruct,compiler::behavioral_policy::behavioral_0015,behavioral_policy,train,meta-llama/Llama-3.1-8B-Instruct,early__all__r16,0.1,0.5,0.0,1.0,0.4,1,11
llama_3_1_8b_instruct,compiler::behavioral_policy::behavioral_0015,behavioral_policy,train,meta-llama/Llama-3.1-8B-Instruct,full__all__r4,1.0,1.0,0.0,1.0,0.75,1,11
llama_3_1_8b_instruct,compiler::behavioral_policy::behavioral_0015,behavioral_policy,train,meta-llama/Llama-3.1-8B-Instruct,late__all__r16,1.0,1.0,0.0,0.9916666666666667,0.7479166666666667,1,11
llama_3_1_8b_instruct,compiler::behavioral_policy::behavioral_0015,behavioral_policy,train,meta-llama/Llama-3.1-8B-Instruct,middle__all__r16,1.0,1.0,0.0,0.9916666666666667,0.7479166666666667,1,11
llama_3_1_8b_instruct,compiler::behavioral_policy::behavioral_0016,behavioral_policy,train,meta-llama/Llama-3.1-8B-Instruct,early__all__r16,0.1,0.5,0.0,0.9958333333333333,0.39895833333333336,1,11
llama_3_1_8b_instruct,compiler::behavioral_policy::behavioral_0016,behavioral_policy,train,meta-llama/Llama-3.1-8B-Instruct,full__all__r4,1.0,1.0,0.0,0.9875,0.746875,1,11
llama_3_1_8b_instruct,compiler::behavioral_policy::behavioral_0016,behavioral_policy,train,meta-llama/Llama-3.1-8B-Instruct,late__all__r16,1.0,1.0,0.0,0.9916666666666667,0.7479166666666667,1,11
llama_3_1_8b_instruct,compiler::behavioral_policy::behavioral_0016,behavioral_policy,train,meta-llama/Llama-3.1-8B-Instruct,middle__all__r16,1.0,1.0,0.0,0.9666666666666667,0.7416666666666667,1,11
llama_3_1_8b_instruct,compiler::behavioral_policy::behavioral_0017,behavioral_policy,train,meta-llama/Llama-3.1-8B-Instruct,early__all__r16,0.1,0.5,0.0,1.0,0.4,1,11
llama_3_1_8b_instruct,compiler::behavioral_policy::behavioral_0017,behavioral_policy,train,meta-llama/Llama-3.1-8B-Instruct,full__all__r4,1.0,1.0,0.16666666666666666,1.0,0.7916666666666666,1,11
llama_3_1_8b_instruct,compiler::behavioral_policy::behavioral_0017,behavioral_policy,train,meta-llama/Llama-3.1-8B-Instruct,late__all__r16,1.0,1.0,0.0,0.9916666666666667,0.7479166666666667,1,11
llama_3_1_8b_instruct,compiler::behavioral_policy::behavioral_0017,behavioral_policy,train,meta-llama/Llama-3.1-8B-Instruct,middle__all__r16,1.0,1.0,0.3333333333333333,1.0,0.8333333333333334,1,11
llama_3_1_8b_instruct,compiler::behavioral_policy::behavioral_0018,behavioral_policy,validation,meta-llama/Llama-3.1-8B-Instruct,early__all__r16,0.4,0.6666666666666666,0.0,0.9958333333333333,0.515625,1,11
llama_3_1_8b_instruct,compiler::behavioral_policy::behavioral_0018,behavioral_policy,validation,meta-llama/Llama-3.1-8B-Instruct,full__all__r4,1.0,1.0,0.0,1.0,0.75,1,11
llama_3_1_8b_instruct,compiler::behavioral_policy::behavioral_0018,behavioral_policy,validation,meta-llama/Llama-3.1-8B-Instruct,late__all__r16,1.0,1.0,0.0,1.0,0.75,1,11
llama_3_1_8b_instruct,compiler::behavioral_policy::behavioral_0018,behavioral_policy,validation,meta-llama/Llama-3.1-8B-Instruct,middle__all__r16,1.0,1.0,0.5,0.9833333333333333,0.8708333333333333,1,11
llama_3_1_8b_instruct,compiler::behavioral_policy::behavioral_0019,behavioral_policy,test,meta-llama/Llama-3.1-8B-Instruct,early__all__r16,0.16666666666666666,0.27777777777777773,0.0,1.0,0.3611111111111111,3,11|22|33
llama_3_1_8b_instruct,compiler::behavioral_policy::behavioral_0019,behavioral_policy,test,meta-llama/Llama-3.1-8B-Instruct,full__all__r4,1.0,1.0,0.0,1.0,0.75,3,11|22|33
llama_3_1_8b_instruct,compiler::behavioral_policy::behavioral_0019,behavioral_policy,test,meta-llama/Llama-3.1-8B-Instruct,late__all__r16,1.0,1.0,0.0,0.9986111111111112,0.7496527777777778,3,11|22|33
llama_3_1_8b_instruct,compiler::behavioral_policy::behavioral_0019,behavioral_policy,test,meta-llama/Llama-3.1-8B-Instruct,middle__all__r16,1.0,0.888888888888889,0.0,0.9902777777777777,0.7197916666666666,3,11|22|33
llama_3_1_8b_instruct,compiler::behavioral_policy::behavioral_0020,behavioral_policy,train,meta-llama/Llama-3.1-8B-Instruct,early__all__r16,0.2,0.5,0.0,0.9916666666666667,0.42291666666666666,1,11
llama_3_1_8b_instruct,compiler::behavioral_policy::behavioral_0020,behavioral_policy,train,meta-llama/Llama-3.1-8B-Instruct,full__all__r4,1.0,1.0,0.0,0.9958333333333333,0.7489583333333334,1,11
llama_3_1_8b_instruct,compiler::behavioral_policy::behavioral_0020,behavioral_policy,train,meta-llama/Llama-3.1-8B-Instruct,late__all__r16,1.0,1.0,0.0,1.0,0.75,1,11
llama_3_1_8b_instruct,compiler::behavioral_policy::behavioral_0020,behavioral_policy,train,meta-llama/Llama-3.1-8B-Instruct,middle__all__r16,1.0,1.0,0.0,0.975,0.74375,1,11
llama_3_1_8b_instruct,compiler::behavioral_policy::behavioral_0021,behavioral_policy,train,meta-llama/Llama-3.1-8B-Instruct,early__all__r16,0.1,0.5,0.0,1.0,0.4,1,11
llama_3_1_8b_instruct,compiler::behavioral_policy::behavioral_0021,behavioral_policy,train,meta-llama/Llama-3.1-8B-Instruct,full__all__r4,1.0,0.8333333333333334,0.0,1.0,0.7083333333333334,1,11
llama_3_1_8b_instruct,compiler::behavioral_policy::behavioral_0021,behavioral_policy,train,meta-llama/Llama-3.1-8B-Instruct,late__all__r16,1.0,0.8333333333333334,0.0,1.0,0.7083333333333334,1,11
llama_3_1_8b_instruct,compiler::behavioral_policy::behavioral_0021,behavioral_policy,train,meta-llama/Llama-3.1-8B-Instruct,middle__all__r16,1.0,1.0,0.0,0.9833333333333333,0.7458333333333333,1,11
llama_3_1_8b_instruct,compiler::behavioral_policy::behavioral_0022,behavioral_policy,train,meta-llama/Llama-3.1-8B-Instruct,early__all__r16,0.2,0.3333333333333333,0.0,1.0,0.3833333333333333,1,11
llama_3_1_8b_instruct,compiler::behavioral_policy::behavioral_0022,behavioral_policy,train,meta-llama/Llama-3.1-8B-Instruct,full__all__r4,1.0,1.0,0.0,1.0,0.75,1,11
llama_3_1_8b_instruct,compiler::behavioral_policy::behavioral_0022,behavioral_policy,train,meta-llama/Llama-3.1-8B-Instruct,late__all__r16,1.0,1.0,0.0,1.0,0.75,1,11
llama_3_1_8b_instruct,compiler::behavioral_policy::behavioral_0022,behavioral_policy,train,meta-llama/Llama-3.1-8B-Instruct,middle__all__r16,0.6000000000000001,1.0,0.0,0.9833333333333333,0.6458333333333334,1,11
llama_3_1_8b_instruct,compiler::behavioral_policy::behavioral_0023,behavioral_policy,train,meta-llama/Llama-3.1-8B-Instruct,early__all__r16,0.6000000000000001,0.16666666666666666,0.0,0.9875,0.4385416666666667,1,11
llama_3_1_8b_instruct,compiler::behavioral_policy::behavioral_0023,behavioral_policy,train,meta-llama/Llama-3.1-8B-Instruct,full__all__r4,1.0,0.8333333333333334,0.0,1.0,0.7083333333333334,1,11
llama_3_1_8b_instruct,compiler::behavioral_policy::behavioral_0023,behavioral_policy,train,meta-llama/Llama-3.1-8B-Instruct,late__all__r16,1.0,1.0,0.0,1.0,0.75,1,11
llama_3_1_8b_instruct,compiler::behavioral_policy::behavioral_0023,behavioral_policy,train,meta-llama/Llama-3.1-8B-Instruct,middle__all__r16,1.0,1.0,0.0,1.0,0.75,1,11
llama_3_1_8b_instruct,compiler::behavioral_policy::behavioral_0024,behavioral_policy,test,meta-llama/Llama-3.1-8B-Instruct,early__all__r16,0.3,0.27777777777777773,0.0,0.9958333333333332,0.39340277777777777,3,11|22|33
llama_3_1_8b_instruct,compiler::behavioral_policy::behavioral_0024,behavioral_policy,test,meta-llama/Llama-3.1-8B-Instruct,full__all__r4,0.9666666666666667,0.8333333333333334,0.0,0.9972222222222222,0.6993055555555556,3,11|22|33
llama_3_1_8b_instruct,compiler::behavioral_policy::behavioral_0024,behavioral_policy,test,meta-llama/Llama-3.1-8B-Instruct,late__all__r16,1.0,1.0,0.0,0.9958333333333332,0.7489583333333333,3,11|22|33
llama_3_1_8b_instruct,compiler::behavioral_policy::behavioral_0024,behavioral_policy,test,meta-llama/Llama-3.1-8B-Instruct,middle__all__r16,1.0,0.9444444444444445,0.0,0.9708333333333333,0.7288194444444445,3,11|22|33
llama_3_1_8b_instruct,compiler::behavioral_policy::behavioral_0025,behavioral_policy,train,meta-llama/Llama-3.1-8B-Instruct,early__all__r16,0.1,0.5,0.0,0.9958333333333333,0.39895833333333336,1,11
llama_3_1_8b_instruct,compiler::behavioral_policy::behavioral_0025,behavioral_policy,train,meta-llama/Llama-3.1-8B-Instruct,full__all__r4,1.0,1.0,0.0,1.0,0.75,1,11
llama_3_1_8b_instruct,compiler::behavioral_policy::behavioral_0025,behavioral_policy,train,meta-llama/Llama-3.1-8B-Instruct,late__all__r16,1.0,1.0,0.0,0.9916666666666667,0.7479166666666667,1,11
llama_3_1_8b_instruct,compiler::behavioral_policy::behavioral_0025,behavioral_policy,train,meta-llama/Llama-3.1-8B-Instruct,middle__all__r16,1.0,0.8333333333333334,0.0,1.0,0.7083333333333334,1,11
llama_3_1_8b_instruct,compiler::behavioral_policy::behavioral_0026,behavioral_policy,train,meta-llama/Llama-3.1-8B-Instruct,early__all__r16,0.1,0.5,0.0,1.0,0.4,1,11
llama_3_1_8b_instruct,compiler::behavioral_policy::behavioral_0026,behavioral_policy,train,meta-llama/Llama-3.1-8B-Instruct,full__all__r4,1.0,1.0,0.0,0.9916666666666667,0.7479166666666667,1,11
llama_3_1_8b_instruct,compiler::behavioral_policy::behavioral_0026,behavioral_policy,train,meta-llama/Llama-3.1-8B-Instruct,late__all__r16,1.0,1.0,0.0,0.9916666666666667,0.7479166666666667,1,11
llama_3_1_8b_instruct,compiler::behavioral_policy::behavioral_0026,behavioral_policy,train,meta-llama/Llama-3.1-8B-Instruct,middle__all__r16,1.0,1.0,0.0,0.9833333333333333,0.7458333333333333,1,11
llama_3_1_8b_instruct,compiler::behavioral_policy::behavioral_0027,behavioral_policy,train,meta-llama/Llama-3.1-8B-Instruct,early__all__r16,0.2,0.5,0.0,1.0,0.425,1,11
llama_3_1_8b_instruct,compiler::behavioral_policy::behavioral_0027,behavioral_policy,train,meta-llama/Llama-3.1-8B-Instruct,full__all__r4,0.8,0.8333333333333334,0.0,1.0,0.6583333333333333,1,11
llama_3_1_8b_instruct,compiler::behavioral_policy::behavioral_0027,behavioral_policy,train,meta-llama/Llama-3.1-8B-Instruct,late__all__r16,1.0,1.0,0.0,0.9916666666666667,0.7479166666666667,1,11
llama_3_1_8b_instruct,compiler::behavioral_policy::behavioral_0027,behavioral_policy,train,meta-llama/Llama-3.1-8B-Instruct,middle__all__r16,0.8,0.8333333333333334,0.6666666666666666,0.9916666666666667,0.8229166666666667,1,11
llama_3_1_8b_instruct,compiler::behavioral_policy::behavioral_0028,behavioral_policy,train,meta-llama/Llama-3.1-8B-Instruct,early__all__r16,0.5,0.5,0.0,1.0,0.5,1,11
llama_3_1_8b_instruct,compiler::behavioral_policy::behavioral_0028,behavioral_policy,train,meta-llama/Llama-3.1-8B-Instruct,full__all__r4,1.0,1.0,0.0,1.0,0.75,1,11
llama_3_1_8b_instruct,compiler::behavioral_policy::behavioral_0028,behavioral_policy,train,meta-llama/Llama-3.1-8B-Instruct,late__all__r16,1.0,1.0,0.0,1.0,0.75,1,11
llama_3_1_8b_instruct,compiler::behavioral_policy::behavioral_0028,behavioral_policy,train,meta-llama/Llama-3.1-8B-Instruct,middle__all__r16,1.0,1.0,0.16666666666666666,0.9833333333333333,0.7875,1,11
llama_3_1_8b_instruct,compiler::behavioral_policy::behavioral_0029,behavioral_policy,train,meta-llama/Llama-3.1-8B-Instruct,early__all__r16,0.1,0.16666666666666666,0.0,1.0,0.31666666666666665,1,11
llama_3_1_8b_instruct,compiler::behavioral_policy::behavioral_0029,behavioral_policy,train,meta-llama/Llama-3.1-8B-Instruct,full__all__r4,1.0,1.0,0.0,1.0,0.75,1,11
llama_3_1_8b_instruct,compiler::behavioral_policy::behavioral_0029,behavioral_policy,train,meta-llama/Llama-3.1-8B-Instruct,late__all__r16,1.0,1.0,0.0,1.0,0.75,1,11
llama_3_1_8b_instruct,compiler::behavioral_policy::behavioral_0029,behavioral_policy,train,meta-llama/Llama-3.1-8B-Instruct,middle__all__r16,1.0,1.0,0.0,0.9916666666666667,0.7479166666666667,1,11
llama_3_1_8b_instruct,compiler::behavioral_policy::behavioral_0030,behavioral_policy,train,meta-llama/Llama-3.1-8B-Instruct,early__all__r16,0.1,0.5,0.0,0.9916666666666667,0.3979166666666667,1,11
llama_3_1_8b_instruct,compiler::behavioral_policy::behavioral_0030,behavioral_policy,train,meta-llama/Llama-3.1-8B-Instruct,full__all__r4,1.0,1.0,0.0,1.0,0.75,1,11
llama_3_1_8b_instruct,compiler::behavioral_policy::behavioral_0030,behavioral_policy,train,meta-llama/Llama-3.1-8B-Instruct,late__all__r16,1.0,1.0,0.0,1.0,0.75,1,11
llama_3_1_8b_instruct,compiler::behavioral_policy::behavioral_0030,behavioral_policy,train,meta-llama/Llama-3.1-8B-Instruct,middle__all__r16,1.0,1.0,0.0,0.9875,0.746875,1,11
llama_3_1_8b_instruct,compiler::behavioral_policy::behavioral_0031,behavioral_policy,test,meta-llama/Llama-3.1-8B-Instruct,early__all__r16,0.06666666666666667,0.3333333333333333,0.0,1.0,0.35,3,11|22|33
llama_3_1_8b_instruct,compiler::behavioral_policy::behavioral_0031,behavioral_policy,test,meta-llama/Llama-3.1-8B-Instruct,full__all__r4,1.0,1.0,0.0,1.0,0.75,3,11|22|33
llama_3_1_8b_instruct,compiler::behavioral_policy::behavioral_0031,behavioral_policy,test,meta-llama/Llama-3.1-8B-Instruct,late__all__r16,1.0,0.8333333333333334,0.0,0.9972222222222222,0.7076388888888889,3,11|22|33
llama_3_1_8b_instruct,compiler::behavioral_policy::behavioral_0031,behavioral_policy,test,meta-llama/Llama-3.1-8B-Instruct,middle__all__r16,1.0,1.0,0.0,0.9666666666666667,0.7416666666666667,3,11|22|33
llama_3_1_8b_instruct,compiler::behavioral_policy::behavioral_0032,behavioral_policy,train,meta-llama/Llama-3.1-8B-Instruct,early__all__r16,0.0,0.5,0.0,1.0,0.375,1,11
llama_3_1_8b_instruct,compiler::behavioral_policy::behavioral_0032,behavioral_policy,train,meta-llama/Llama-3.1-8B-Instruct,full__all__r4,1.0,1.0,0.0,1.0,0.75,1,11
llama_3_1_8b_instruct,compiler::behavioral_policy::behavioral_0032,behavioral_policy,train,meta-llama/Llama-3.1-8B-Instruct,late__all__r16,1.0,1.0,0.0,1.0,0.75,1,11
llama_3_1_8b_instruct,compiler::behavioral_policy::behavioral_0032,behavioral_policy,train,meta-llama/Llama-3.1-8B-Instruct,middle__all__r16,0.6,0.8333333333333334,0.0,0.9875,0.6052083333333333,1,11
llama_3_1_8b_instruct,compiler::behavioral_policy::behavioral_0033,behavioral_policy,validation,meta-llama/Llama-3.1-8B-Instruct,early__all__r16,0.6000000000000001,0.3333333333333333,0.0,0.9916666666666667,0.48125,1,11
llama_3_1_8b_instruct,compiler::behavioral_policy::behavioral_0033,behavioral_policy,validation,meta-llama/Llama-3.1-8B-Instruct,full__all__r4,1.0,1.0,0.0,1.0,0.75,1,11
llama_3_1_8b_instruct,compiler::behavioral_policy::behavioral_0033,behavioral_policy,validation,meta-llama/Llama-3.1-8B-Instruct,late__all__r16,1.0,1.0,0.0,1.0,0.75,1,11
llama_3_1_8b_instruct,compiler::behavioral_policy::behavioral_0033,behavioral_policy,validation,meta-llama/Llama-3.1-8B-Instruct,middle__all__r16,1.0,0.8333333333333334,0.0,1.0,0.7083333333333334,1,11
llama_3_1_8b_instruct,compiler::behavioral_policy::behavioral_0034,behavioral_policy,train,meta-llama/Llama-3.1-8B-Instruct,early__all__r16,0.1,0.3333333333333333,0.0,0.9958333333333333,0.3572916666666667,1,11
llama_3_1_8b_instruct,compiler::behavioral_policy::behavioral_0034,behavioral_policy,train,meta-llama/Llama-3.1-8B-Instruct,full__all__r4,1.0,1.0,0.0,1.0,0.75,1,11
llama_3_1_8b_instruct,compiler::behavioral_policy::behavioral_0034,behavioral_policy,train,meta-llama/Llama-3.1-8B-Instruct,late__all__r16,1.0,1.0,0.0,1.0,0.75,1,11
llama_3_1_8b_instruct,compiler::behavioral_policy::behavioral_0034,behavioral_policy,train,meta-llama/Llama-3.1-8B-Instruct,middle__all__r16,1.0,1.0,0.0,0.9708333333333333,0.7427083333333333,1,11
llama_3_1_8b_instruct,compiler::behavioral_policy::behavioral_0035,behavioral_policy,train,meta-llama/Llama-3.1-8B-Instruct,early__all__r16,0.1,0.5,0.0,0.9958333333333333,0.39895833333333336,1,11
llama_3_1_8b_instruct,compiler::behavioral_policy::behavioral_0035,behavioral_policy,train,meta-llama/Llama-3.1-8B-Instruct,full__all__r4,1.0,1.0,0.0,1.0,0.75,1,11
llama_3_1_8b_instruct,compiler::behavioral_policy::behavioral_0035,behavioral_policy,train,meta-llama/Llama-3.1-8B-Instruct,late__all__r16,1.0,1.0,0.0,0.9916666666666667,0.7479166666666667,1,11
llama_3_1_8b_instruct,compiler::behavioral_policy::behavioral_0035,behavioral_policy,train,meta-llama/Llama-3.1-8B-Instruct,middle__all__r16,0.9,1.0,0.0,1.0,0.725,1,11
llama_3_1_8b_instruct,compiler::behavioral_policy::behavioral_0036,behavioral_policy,train,meta-llama/Llama-3.1-8B-Instruct,early__all__r16,0.1,0.5,0.0,1.0,0.4,1,11
llama_3_1_8b_instruct,compiler::behavioral_policy::behavioral_0036,behavioral_policy,train,meta-llama/Llama-3.1-8B-Instruct,full__all__r4,1.0,1.0,0.0,0.9875,0.746875,1,11
llama_3_1_8b_instruct,compiler::behavioral_policy::behavioral_0036,behavioral_policy,train,meta-llama/Llama-3.1-8B-Instruct,late__all__r16,1.0,1.0,0.0,0.9916666666666667,0.7479166666666667,1,11
llama_3_1_8b_instruct,compiler::behavioral_policy::behavioral_0036,behavioral_policy,train,meta-llama/Llama-3.1-8B-Instruct,middle__all__r16,1.0,1.0,0.16666666666666666,0.9666666666666667,0.7833333333333333,1,11
llama_3_1_8b_instruct,compiler::behavioral_policy::behavioral_0037,behavioral_policy,train,meta-llama/Llama-3.1-8B-Instruct,early__all__r16,0.2,0.6666666666666666,0.0,1.0,0.4666666666666667,1,11
llama_3_1_8b_instruct,compiler::behavioral_policy::behavioral_0037,behavioral_policy,train,meta-llama/Llama-3.1-8B-Instruct,full__all__r4,1.0,0.8333333333333334,0.0,1.0,0.7083333333333334,1,11
llama_3_1_8b_instruct,compiler::behavioral_policy::behavioral_0037,behavioral_policy,train,meta-llama/Llama-3.1-8B-Instruct,late__all__r16,1.0,1.0,0.0,0.9916666666666667,0.7479166666666667,1,11
llama_3_1_8b_instruct,compiler::behavioral_policy::behavioral_0037,behavioral_policy,train,meta-llama/Llama-3.1-8B-Instruct,middle__all__r16,1.0,0.8333333333333334,0.0,1.0,0.7083333333333334,1,11
llama_3_1_8b_instruct,compiler::behavioral_policy::behavioral_0038,behavioral_policy,train,meta-llama/Llama-3.1-8B-Instruct,early__all__r16,0.5,0.5,0.0,1.0,0.5,1,11
llama_3_1_8b_instruct,compiler::behavioral_policy::behavioral_0038,behavioral_policy,train,meta-llama/Llama-3.1-8B-Instruct,full__all__r4,1.0,1.0,0.0,1.0,0.75,1,11
llama_3_1_8b_instruct,compiler::behavioral_policy::behavioral_0038,behavioral_policy,train,meta-llama/Llama-3.1-8B-Instruct,late__all__r16,1.0,0.8333333333333334,0.0,1.0,0.7083333333333334,1,11
llama_3_1_8b_instruct,compiler::behavioral_policy::behavioral_0038,behavioral_policy,train,meta-llama/Llama-3.1-8B-Instruct,middle__all__r16,1.0,1.0,0.0,0.9875,0.746875,1,11
llama_3_1_8b_instruct,compiler::behavioral_policy::behavioral_0039,behavioral_policy,train,meta-llama/Llama-3.1-8B-Instruct,early__all__r16,0.1,0.16666666666666666,0.0,0.9958333333333333,0.315625,1,11
llama_3_1_8b_instruct,compiler::behavioral_policy::behavioral_0039,behavioral_policy,train,meta-llama/Llama-3.1-8B-Instruct,full__all__r4,1.0,1.0,0.0,1.0,0.75,1,11
llama_3_1_8b_instruct,compiler::behavioral_policy::behavioral_0039,behavioral_policy,train,meta-llama/Llama-3.1-8B-Instruct,late__all__r16,1.0,1.0,0.0,1.0,0.75,1,11
llama_3_1_8b_instruct,compiler::behavioral_policy::behavioral_0039,behavioral_policy,train,meta-llama/Llama-3.1-8B-Instruct,middle__all__r16,1.0,0.8333333333333334,0.0,0.9791666666666666,0.703125,1,11
llama_3_1_8b_instruct,compiler::behavioral_policy::behavioral_0040,behavioral_policy,train,meta-llama/Llama-3.1-8B-Instruct,early__all__r16,0.1,0.5,0.0,0.9916666666666667,0.3979166666666667,1,11
llama_3_1_8b_instruct,compiler::behavioral_policy::behavioral_0040,behavioral_policy,train,meta-llama/Llama-3.1-8B-Instruct,full__all__r4,0.9,1.0,0.0,1.0,0.725,1,11
llama_3_1_8b_instruct,compiler::behavioral_policy::behavioral_0040,behavioral_policy,train,meta-llama/Llama-3.1-8B-Instruct,late__all__r16,1.0,1.0,0.0,1.0,0.75,1,11
llama_3_1_8b_instruct,compiler::behavioral_policy::behavioral_0040,behavioral_policy,train,meta-llama/Llama-3.1-8B-Instruct,middle__all__r16,0.9,1.0,0.0,0.9916666666666667,0.7229166666666667,1,11
llama_3_1_8b_instruct,compiler::behavioral_policy::behavioral_0041,behavioral_policy,validation,meta-llama/Llama-3.1-8B-Instruct,early__all__r16,0.1,0.3333333333333333,0.0,1.0,0.35833333333333334,1,11
llama_3_1_8b_instruct,compiler::behavioral_policy::behavioral_0041,behavioral_policy,validation,meta-llama/Llama-3.1-8B-Instruct,full__all__r4,1.0,0.8333333333333334,0.0,1.0,0.7083333333333334,1,11
llama_3_1_8b_instruct,compiler::behavioral_policy::behavioral_0041,behavioral_policy,validation,meta-llama/Llama-3.1-8B-Instruct,late__all__r16,1.0,1.0,0.0,1.0,0.75,1,11
llama_3_1_8b_instruct,compiler::behavioral_policy::behavioral_0041,behavioral_policy,validation,meta-llama/Llama-3.1-8B-Instruct,middle__all__r16,1.0,1.0,0.0,0.9708333333333333,0.7427083333333333,1,11
llama_3_1_8b_instruct,compiler::behavioral_policy::behavioral_0042,behavioral_policy,test,meta-llama/Llama-3.1-8B-Instruct,early__all__r16,0.13333333333333333,0.1111111111111111,0.0,0.9986111111111112,0.3107638888888889,3,11|22|33
llama_3_1_8b_instruct,compiler::behavioral_policy::behavioral_0042,behavioral_policy,test,meta-llama/Llama-3.1-8B-Instruct,full__all__r4,1.0,1.0,0.0,1.0,0.75,3,11|22|33
llama_3_1_8b_instruct,compiler::behavioral_policy::behavioral_0042,behavioral_policy,test,meta-llama/Llama-3.1-8B-Instruct,late__all__r16,1.0,1.0,0.0,0.9972222222222222,0.7493055555555556,3,11|22|33
llama_3_1_8b_instruct,compiler::behavioral_policy::behavioral_0042,behavioral_policy,test,meta-llama/Llama-3.1-8B-Instruct,middle__all__r16,0.6,0.8333333333333334,0.0,0.9861111111111112,0.6048611111111111,3,11|22|33
llama_3_1_8b_instruct,compiler::behavioral_policy::behavioral_0043,behavioral_policy,train,meta-llama/Llama-3.1-8B-Instruct,early__all__r16,0.4,0.16666666666666666,0.0,0.9875,0.3885416666666667,1,11
llama_3_1_8b_instruct,compiler::behavioral_policy::behavioral_0043,behavioral_policy,train,meta-llama/Llama-3.1-8B-Instruct,full__all__r4,1.0,1.0,0.0,1.0,0.75,1,11
llama_3_1_8b_instruct,compiler::behavioral_policy::behavioral_0043,behavioral_policy,train,meta-llama/Llama-3.1-8B-Instruct,late__all__r16,1.0,1.0,0.0,1.0,0.75,1,11
llama_3_1_8b_instruct,compiler::behavioral_policy::behavioral_0043,behavioral_policy,train,meta-llama/Llama-3.1-8B-Instruct,middle__all__r16,1.0,1.0,0.0,0.9958333333333333,0.7489583333333334,1,11
llama_3_1_8b_instruct,compiler::behavioral_policy::behavioral_0044,behavioral_policy,validation,meta-llama/Llama-3.1-8B-Instruct,early__all__r16,0.0,0.16666666666666666,0.0,1.0,0.2916666666666667,1,11
llama_3_1_8b_instruct,compiler::behavioral_policy::behavioral_0044,behavioral_policy,validation,meta-llama/Llama-3.1-8B-Instruct,full__all__r4,1.0,0.6666666666666666,0.0,1.0,0.6666666666666666,1,11
llama_3_1_8b_instruct,compiler::behavioral_policy::behavioral_0044,behavioral_policy,validation,meta-llama/Llama-3.1-8B-Instruct,late__all__r16,1.0,1.0,0.0,1.0,0.75,1,11
llama_3_1_8b_instruct,compiler::behavioral_policy::behavioral_0044,behavioral_policy,validation,meta-llama/Llama-3.1-8B-Instruct,middle__all__r16,1.0,0.8333333333333334,0.0,0.9791666666666666,0.703125,1,11
llama_3_1_8b_instruct,compiler::behavioral_policy::behavioral_0045,behavioral_policy,train,meta-llama/Llama-3.1-8B-Instruct,early__all__r16,0.1,0.5,0.0,1.0,0.4,1,11
llama_3_1_8b_instruct,compiler::behavioral_policy::behavioral_0045,behavioral_policy,train,meta-llama/Llama-3.1-8B-Instruct,full__all__r4,1.0,1.0,0.0,1.0,0.75,1,11
llama_3_1_8b_instruct,compiler::behavioral_policy::behavioral_0045,behavioral_policy,train,meta-llama/Llama-3.1-8B-Instruct,late__all__r16,1.0,1.0,0.0,0.9916666666666667,0.7479166666666667,1,11
llama_3_1_8b_instruct,compiler::behavioral_policy::behavioral_0045,behavioral_policy,train,meta-llama/Llama-3.1-8B-Instruct,middle__all__r16,1.0,1.0,0.0,0.9916666666666667,0.7479166666666667,1,11
llama_3_1_8b_instruct,compiler::behavioral_policy::behavioral_0046,behavioral_policy,train,meta-llama/Llama-3.1-8B-Instruct,early__all__r16,0.1,0.5,0.0,0.9958333333333333,0.39895833333333336,1,11
llama_3_1_8b_instruct,compiler::behavioral_policy::behavioral_0046,behavioral_policy,train,meta-llama/Llama-3.1-8B-Instruct,full__all__r4,1.0,1.0,0.0,0.9875,0.746875,1,11
llama_3_1_8b_instruct,compiler::behavioral_policy::behavioral_0046,behavioral_policy,train,meta-llama/Llama-3.1-8B-Instruct,late__all__r16,1.0,1.0,0.0,0.9916666666666667,0.7479166666666667,1,11
llama_3_1_8b_instruct,compiler::behavioral_policy::behavioral_0046,behavioral_policy,train,meta-llama/Llama-3.1-8B-Instruct,middle__all__r16,1.0,1.0,0.0,0.9666666666666667,0.7416666666666667,1,11
llama_3_1_8b_instruct,compiler::behavioral_policy::behavioral_0047,behavioral_policy,train,meta-llama/Llama-3.1-8B-Instruct,early__all__r16,0.1,0.5,0.0,1.0,0.4,1,11
llama_3_1_8b_instruct,compiler::behavioral_policy::behavioral_0047,behavioral_policy,train,meta-llama/Llama-3.1-8B-Instruct,full__all__r4,1.0,1.0,0.16666666666666666,1.0,0.7916666666666666,1,11
llama_3_1_8b_instruct,compiler::behavioral_policy::behavioral_0047,behavioral_policy,train,meta-llama/Llama-3.1-8B-Instruct,late__all__r16,1.0,1.0,0.0,0.9916666666666667,0.7479166666666667,1,11
llama_3_1_8b_instruct,compiler::behavioral_policy::behavioral_0047,behavioral_policy,train,meta-llama/Llama-3.1-8B-Instruct,middle__all__r16,1.0,1.0,0.3333333333333333,1.0,0.8333333333333334,1,11
llama_3_1_8b_instruct,compiler::behavioral_policy::behavioral_0048,behavioral_policy,train,meta-llama/Llama-3.1-8B-Instruct,early__all__r16,0.4,0.6666666666666666,0.0,0.9958333333333333,0.515625,1,11
llama_3_1_8b_instruct,compiler::behavioral_policy::behavioral_0048,behavioral_policy,train,meta-llama/Llama-3.1-8B-Instruct,full__all__r4,1.0,1.0,0.0,1.0,0.75,1,11
llama_3_1_8b_instruct,compiler::behavioral_policy::behavioral_0048,behavioral_policy,train,meta-llama/Llama-3.1-8B-Instruct,late__all__r16,1.0,1.0,0.0,1.0,0.75,1,11
llama_3_1_8b_instruct,compiler::behavioral_policy::behavioral_0048,behavioral_policy,train,meta-llama/Llama-3.1-8B-Instruct,middle__all__r16,1.0,1.0,0.5,0.9833333333333333,0.8708333333333333,1,11
llama_3_1_8b_instruct,compiler::behavioral_policy::behavioral_0049,behavioral_policy,validation,meta-llama/Llama-3.1-8B-Instruct,early__all__r16,0.2,0.3333333333333333,0.0,1.0,0.3833333333333333,1,11
llama_3_1_8b_instruct,compiler::behavioral_policy::behavioral_0049,behavioral_policy,validation,meta-llama/Llama-3.1-8B-Instruct,full__all__r4,1.0,1.0,0.0,1.0,0.75,1,11
llama_3_1_8b_instruct,compiler::behavioral_policy::behavioral_0049,behavioral_policy,validation,meta-llama/Llama-3.1-8B-Instruct,late__all__r16,1.0,1.0,0.0,1.0,0.75,1,11
llama_3_1_8b_instruct,compiler::behavioral_policy::behavioral_0049,behavioral_policy,validation,meta-llama/Llama-3.1-8B-Instruct,middle__all__r16,1.0,1.0,0.0,1.0,0.75,1,11
llama_3_1_8b_instruct,compiler::behavioral_policy::behavioral_0050,behavioral_policy,train,meta-llama/Llama-3.1-8B-Instruct,early__all__r16,0.2,0.5,0.0,0.9916666666666667,0.42291666666666666,1,11
llama_3_1_8b_instruct,compiler::behavioral_policy::behavioral_0050,behavioral_policy,train,meta-llama/Llama-3.1-8B-Instruct,full__all__r4,1.0,1.0,0.0,0.9958333333333333,0.7489583333333334,1,11
llama_3_1_8b_instruct,compiler::behavioral_policy::behavioral_0050,behavioral_policy,train,meta-llama/Llama-3.1-8B-Instruct,late__all__r16,1.0,1.0,0.0,1.0,0.75,1,11
llama_3_1_8b_instruct,compiler::behavioral_policy::behavioral_0050,behavioral_policy,train,meta-llama/Llama-3.1-8B-Instruct,middle__all__r16,1.0,1.0,0.0,0.975,0.74375,1,11
llama_3_1_8b_instruct,compiler::behavioral_policy::behavioral_0051,behavioral_policy,train,meta-llama/Llama-3.1-8B-Instruct,early__all__r16,0.1,0.5,0.0,1.0,0.4,1,11
llama_3_1_8b_instruct,compiler::behavioral_policy::behavioral_0051,behavioral_policy,train,meta-llama/Llama-3.1-8B-Instruct,full__all__r4,1.0,0.8333333333333334,0.0,1.0,0.7083333333333334,1,11
llama_3_1_8b_instruct,compiler::behavioral_policy::behavioral_0051,behavioral_policy,train,meta-llama/Llama-3.1-8B-Instruct,late__all__r16,1.0,0.8333333333333334,0.0,1.0,0.7083333333333334,1,11
llama_3_1_8b_instruct,compiler::behavioral_policy::behavioral_0051,behavioral_policy,train,meta-llama/Llama-3.1-8B-Instruct,middle__all__r16,1.0,1.0,0.0,0.9833333333333333,0.7458333333333333,1,11
llama_3_1_8b_instruct,compiler::behavioral_policy::behavioral_0052,behavioral_policy,validation,meta-llama/Llama-3.1-8B-Instruct,early__all__r16,0.2,0.3333333333333333,0.0,1.0,0.3833333333333333,1,11
llama_3_1_8b_instruct,compiler::behavioral_policy::behavioral_0052,behavioral_policy,validation,meta-llama/Llama-3.1-8B-Instruct,full__all__r4,1.0,1.0,0.0,1.0,0.75,1,11
llama_3_1_8b_instruct,compiler::behavioral_policy::behavioral_0052,behavioral_policy,validation,meta-llama/Llama-3.1-8B-Instruct,late__all__r16,1.0,1.0,0.0,1.0,0.75,1,11
llama_3_1_8b_instruct,compiler::behavioral_policy::behavioral_0052,behavioral_policy,validation,meta-llama/Llama-3.1-8B-Instruct,middle__all__r16,0.6000000000000001,1.0,0.0,0.9833333333333333,0.6458333333333334,1,11
llama_3_1_8b_instruct,compiler::behavioral_policy::behavioral_0053,behavioral_policy,train,meta-llama/Llama-3.1-8B-Instruct,early__all__r16,0.6000000000000001,0.16666666666666666,0.0,0.9875,0.4385416666666667,1,11
llama_3_1_8b_instruct,compiler::behavioral_policy::behavioral_0053,behavioral_policy,train,meta-llama/Llama-3.1-8B-Instruct,full__all__r4,1.0,0.8333333333333334,0.0,1.0,0.7083333333333334,1,11
llama_3_1_8b_instruct,compiler::behavioral_policy::behavioral_0053,behavioral_policy,train,meta-llama/Llama-3.1-8B-Instruct,late__all__r16,1.0,1.0,0.0,1.0,0.75,1,11
llama_3_1_8b_instruct,compiler::behavioral_policy::behavioral_0053,behavioral_policy,train,meta-llama/Llama-3.1-8B-Instruct,middle__all__r16,1.0,1.0,0.0,1.0,0.75,1,11
llama_3_1_8b_instruct,compiler::behavioral_policy::behavioral_0054,behavioral_policy,validation,meta-llama/Llama-3.1-8B-Instruct,early__all__r16,0.1,0.3333333333333333,0.0,0.9958333333333333,0.3572916666666667,1,11
llama_3_1_8b_instruct,compiler::behavioral_policy::behavioral_0054,behavioral_policy,validation,meta-llama/Llama-3.1-8B-Instruct,full__all__r4,1.0,0.8333333333333334,0.0,1.0,0.7083333333333334,1,11
llama_3_1_8b_instruct,compiler::behavioral_policy::behavioral_0054,behavioral_policy,validation,meta-llama/Llama-3.1-8B-Instruct,late__all__r16,1.0,1.0,0.0,1.0,0.75,1,11
llama_3_1_8b_instruct,compiler::behavioral_policy::behavioral_0054,behavioral_policy,validation,meta-llama/Llama-3.1-8B-Instruct,middle__all__r16,1.0,1.0,0.0,0.975,0.74375,1,11
llama_3_1_8b_instruct,compiler::behavioral_policy::behavioral_0055,behavioral_policy,train,meta-llama/Llama-3.1-8B-Instruct,early__all__r16,0.1,0.5,0.0,0.9958333333333333,0.39895833333333336,1,11
llama_3_1_8b_instruct,compiler::behavioral_policy::behavioral_0055,behavioral_policy,train,meta-llama/Llama-3.1-8B-Instruct,full__all__r4,1.0,1.0,0.0,1.0,0.75,1,11
llama_3_1_8b_instruct,compiler::behavioral_policy::behavioral_0055,behavioral_policy,train,meta-llama/Llama-3.1-8B-Instruct,late__all__r16,1.0,1.0,0.0,0.9916666666666667,0.7479166666666667,1,11
llama_3_1_8b_instruct,compiler::behavioral_policy::behavioral_0055,behavioral_policy,train,meta-llama/Llama-3.1-8B-Instruct,middle__all__r16,1.0,0.8333333333333334,0.0,1.0,0.7083333333333334,1,11
llama_3_1_8b_instruct,compiler::behavioral_policy::behavioral_0056,behavioral_policy,test,meta-llama/Llama-3.1-8B-Instruct,early__all__r16,0.10000000000000002,0.5,0.0,0.9986111111111112,0.3996527777777778,3,11|22|33
llama_3_1_8b_instruct,compiler::behavioral_policy::behavioral_0056,behavioral_policy,test,meta-llama/Llama-3.1-8B-Instruct,full__all__r4,1.0,1.0,0.0,0.9958333333333332,0.7489583333333333,3,11|22|33
llama_3_1_8b_instruct,compiler::behavioral_policy::behavioral_0056,behavioral_policy,test,meta-llama/Llama-3.1-8B-Instruct,late__all__r16,1.0,1.0,0.0,0.9916666666666667,0.7479166666666667,3,11|22|33
llama_3_1_8b_instruct,compiler::behavioral_policy::behavioral_0056,behavioral_policy,test,meta-llama/Llama-3.1-8B-Instruct,middle__all__r16,1.0,1.0,0.0,0.9805555555555555,0.7451388888888889,3,11|22|33
llama_3_1_8b_instruct,compiler::behavioral_policy::behavioral_0057,behavioral_policy,validation,meta-llama/Llama-3.1-8B-Instruct,early__all__r16,0.2,0.5,0.0,1.0,0.425,1,11
llama_3_1_8b_instruct,compiler::behavioral_policy::behavioral_0057,behavioral_policy,validation,meta-llama/Llama-3.1-8B-Instruct,full__all__r4,0.8,0.8333333333333334,0.0,1.0,0.6583333333333333,1,11
llama_3_1_8b_instruct,compiler::behavioral_policy::behavioral_0057,behavioral_policy,validation,meta-llama/Llama-3.1-8B-Instruct,late__all__r16,1.0,1.0,0.0,0.9916666666666667,0.7479166666666667,1,11
llama_3_1_8b_instruct,compiler::behavioral_policy::behavioral_0057,behavioral_policy,validation,meta-llama/Llama-3.1-8B-Instruct,middle__all__r16,0.8,0.8333333333333334,0.6666666666666666,0.9916666666666667,0.8229166666666667,1,11
llama_3_1_8b_instruct,compiler::behavioral_policy::behavioral_0058,behavioral_policy,test,meta-llama/Llama-3.1-8B-Instruct,early__all__r16,0.43333333333333335,0.5,0.0,1.0,0.48333333333333334,3,11|22|33
llama_3_1_8b_instruct,compiler::behavioral_policy::behavioral_0058,behavioral_policy,test,meta-llama/Llama-3.1-8B-Instruct,full__all__r4,1.0,1.0,0.0,1.0,0.75,3,11|22|33
llama_3_1_8b_instruct,compiler::behavioral_policy::behavioral_0058,behavioral_policy,test,meta-llama/Llama-3.1-8B-Instruct,late__all__r16,1.0,1.0,0.0,0.9958333333333332,0.7489583333333333,3,11|22|33
llama_3_1_8b_instruct,compiler::behavioral_policy::behavioral_0058,behavioral_policy,test,meta-llama/Llama-3.1-8B-Instruct,middle__all__r16,1.0,1.0,0.05555555555555555,0.9791666666666666,0.7586805555555556,3,11|22|33
llama_3_1_8b_instruct,compiler::behavioral_policy::behavioral_0059,behavioral_policy,train,meta-llama/Llama-3.1-8B-Instruct,early__all__r16,0.1,0.16666666666666666,0.0,1.0,0.31666666666666665,1,11
llama_3_1_8b_instruct,compiler::behavioral_policy::behavioral_0059,behavioral_policy,train,meta-llama/Llama-3.1-8B-Instruct,full__all__r4,1.0,1.0,0.0,1.0,0.75,1,11
llama_3_1_8b_instruct,compiler::behavioral_policy::behavioral_0059,behavioral_policy,train,meta-llama/Llama-3.1-8B-Instruct,late__all__r16,1.0,1.0,0.0,1.0,0.75,1,11
llama_3_1_8b_instruct,compiler::behavioral_policy::behavioral_0059,behavioral_policy,train,meta-llama/Llama-3.1-8B-Instruct,middle__all__r16,1.0,1.0,0.0,0.9916666666666667,0.7479166666666667,1,11
llama_3_1_8b_instruct,compiler::behavioral_policy::behavioral_0060,behavioral_policy,train,meta-llama/Llama-3.1-8B-Instruct,early__all__r16,0.1,0.5,0.0,0.9916666666666667,0.3979166666666667,1,11
llama_3_1_8b_instruct,compiler::behavioral_policy::behavioral_0060,behavioral_policy,train,meta-llama/Llama-3.1-8B-Instruct,full__all__r4,1.0,1.0,0.0,1.0,0.75,1,11
llama_3_1_8b_instruct,compiler::behavioral_policy::behavioral_0060,behavioral_policy,train,meta-llama/Llama-3.1-8B-Instruct,late__all__r16,1.0,1.0,0.0,1.0,0.75,1,11
llama_3_1_8b_instruct,compiler::behavioral_policy::behavioral_0060,behavioral_policy,train,meta-llama/Llama-3.1-8B-Instruct,middle__all__r16,1.0,1.0,0.0,0.9875,0.746875,1,11
llama_3_1_8b_instruct,compiler::behavioral_policy::behavioral_0061,behavioral_policy,train,meta-llama/Llama-3.1-8B-Instruct,early__all__r16,0.1,0.5,0.0,1.0,0.4,1,11
llama_3_1_8b_instruct,compiler::behavioral_policy::behavioral_0061,behavioral_policy,train,meta-llama/Llama-3.1-8B-Instruct,full__all__r4,1.0,1.0,0.0,1.0,0.75,1,11
llama_3_1_8b_instruct,compiler::behavioral_policy::behavioral_0061,behavioral_policy,train,meta-llama/Llama-3.1-8B-Instruct,late__all__r16,1.0,0.8333333333333334,0.0,1.0,0.7083333333333334,1,11
llama_3_1_8b_instruct,compiler::behavioral_policy::behavioral_0061,behavioral_policy,train,meta-llama/Llama-3.1-8B-Instruct,middle__all__r16,1.0,1.0,0.0,0.9708333333333333,0.7427083333333333,1,11
llama_3_1_8b_instruct,compiler::behavioral_policy::behavioral_0062,behavioral_policy,train,meta-llama/Llama-3.1-8B-Instruct,early__all__r16,0.0,0.5,0.0,1.0,0.375,1,11
llama_3_1_8b_instruct,compiler::behavioral_policy::behavioral_0062,behavioral_policy,train,meta-llama/Llama-3.1-8B-Instruct,full__all__r4,1.0,1.0,0.0,1.0,0.75,1,11
llama_3_1_8b_instruct,compiler::behavioral_policy::behavioral_0062,behavioral_policy,train,meta-llama/Llama-3.1-8B-Instruct,late__all__r16,1.0,1.0,0.0,1.0,0.75,1,11
llama_3_1_8b_instruct,compiler::behavioral_policy::behavioral_0062,behavioral_policy,train,meta-llama/Llama-3.1-8B-Instruct,middle__all__r16,0.6,0.8333333333333334,0.0,0.9875,0.6052083333333333,1,11
llama_3_1_8b_instruct,compiler::behavioral_policy::behavioral_0063,behavioral_policy,train,meta-llama/Llama-3.1-8B-Instruct,early__all__r16,0.6000000000000001,0.3333333333333333,0.0,0.9916666666666667,0.48125,1,11
llama_3_1_8b_instruct,compiler::behavioral_policy::behavioral_0063,behavioral_policy,train,meta-llama/Llama-3.1-8B-Instruct,full__all__r4,1.0,1.0,0.0,1.0,0.75,1,11
llama_3_1_8b_instruct,compiler::behavioral_policy::behavioral_0063,behavioral_policy,train,meta-llama/Llama-3.1-8B-Instruct,late__all__r16,1.0,1.0,0.0,1.0,0.75,1,11
llama_3_1_8b_instruct,compiler::behavioral_policy::behavioral_0063,behavioral_policy,train,meta-llama/Llama-3.1-8B-Instruct,middle__all__r16,1.0,0.8333333333333334,0.0,1.0,0.7083333333333334,1,11
llama_3_1_8b_instruct,compiler::behavioral_policy::behavioral_0064,behavioral_policy,test,meta-llama/Llama-3.1-8B-Instruct,early__all__r16,0.10000000000000002,0.16666666666666666,0.0,0.9958333333333332,0.315625,3,11|22|33
llama_3_1_8b_instruct,compiler::behavioral_policy::behavioral_0064,behavioral_policy,test,meta-llama/Llama-3.1-8B-Instruct,full__all__r4,1.0,0.8888888888888888,0.0,0.9972222222222222,0.7215277777777778,3,11|22|33
llama_3_1_8b_instruct,compiler::behavioral_policy::behavioral_0064,behavioral_policy,test,meta-llama/Llama-3.1-8B-Instruct,late__all__r16,1.0,1.0,0.0,0.9972222222222222,0.7493055555555556,3,11|22|33
llama_3_1_8b_instruct,compiler::behavioral_policy::behavioral_0064,behavioral_policy,test,meta-llama/Llama-3.1-8B-Instruct,middle__all__r16,1.0,1.0,0.0,0.9694444444444444,0.7423611111111111,3,11|22|33
llama_3_1_8b_instruct,compiler::behavioral_policy::behavioral_0065,behavioral_policy,train,meta-llama/Llama-3.1-8B-Instruct,early__all__r16,0.1,0.5,0.0,0.9958333333333333,0.39895833333333336,1,11
llama_3_1_8b_instruct,compiler::behavioral_policy::behavioral_0065,behavioral_policy,train,meta-llama/Llama-3.1-8B-Instruct,full__all__r4,1.0,1.0,0.0,1.0,0.75,1,11
llama_3_1_8b_instruct,compiler::behavioral_policy::behavioral_0065,behavioral_policy,train,meta-llama/Llama-3.1-8B-Instruct,late__all__r16,1.0,1.0,0.0,0.9916666666666667,0.7479166666666667,1,11
llama_3_1_8b_instruct,compiler::behavioral_policy::behavioral_0065,behavioral_policy,train,meta-llama/Llama-3.1-8B-Instruct,middle__all__r16,0.9,1.0,0.0,1.0,0.725,1,11
llama_3_1_8b_instruct,compiler::behavioral_policy::behavioral_0066,behavioral_policy,validation,meta-llama/Llama-3.1-8B-Instruct,early__all__r16,0.1,0.5,0.0,1.0,0.4,1,11
llama_3_1_8b_instruct,compiler::behavioral_policy::behavioral_0066,behavioral_policy,validation,meta-llama/Llama-3.1-8B-Instruct,full__all__r4,1.0,1.0,0.0,0.9875,0.746875,1,11
llama_3_1_8b_instruct,compiler::behavioral_policy::behavioral_0066,behavioral_policy,validation,meta-llama/Llama-3.1-8B-Instruct,late__all__r16,1.0,1.0,0.0,0.9916666666666667,0.7479166666666667,1,11
llama_3_1_8b_instruct,compiler::behavioral_policy::behavioral_0066,behavioral_policy,validation,meta-llama/Llama-3.1-8B-Instruct,middle__all__r16,1.0,1.0,0.16666666666666666,0.9666666666666667,0.7833333333333333,1,11
llama_3_1_8b_instruct,compiler::behavioral_policy::behavioral_0067,behavioral_policy,test,meta-llama/Llama-3.1-8B-Instruct,early__all__r16,0.20000000000000004,0.6666666666666666,0.0,1.0,0.4666666666666667,3,11|22|33
llama_3_1_8b_instruct,compiler::behavioral_policy::behavioral_0067,behavioral_policy,test,meta-llama/Llama-3.1-8B-Instruct,full__all__r4,1.0,0.8333333333333334,0.0,1.0,0.7083333333333334,3,11|22|33
llama_3_1_8b_instruct,compiler::behavioral_policy::behavioral_0067,behavioral_policy,test,meta-llama/Llama-3.1-8B-Instruct,late__all__r16,1.0,1.0,0.0,0.9888888888888889,0.7472222222222222,3,11|22|33
llama_3_1_8b_instruct,compiler::behavioral_policy::behavioral_0067,behavioral_policy,test,meta-llama/Llama-3.1-8B-Instruct,middle__all__r16,0.9333333333333332,0.8333333333333334,0.0,0.9972222222222222,0.6909722222222222,3,11|22|33
llama_3_1_8b_instruct,compiler::behavioral_policy::behavioral_0068,behavioral_policy,train,meta-llama/Llama-3.1-8B-Instruct,early__all__r16,0.5,0.5,0.0,1.0,0.5,1,11
llama_3_1_8b_instruct,compiler::behavioral_policy::behavioral_0068,behavioral_policy,train,meta-llama/Llama-3.1-8B-Instruct,full__all__r4,1.0,1.0,0.0,1.0,0.75,1,11
llama_3_1_8b_instruct,compiler::behavioral_policy::behavioral_0068,behavioral_policy,train,meta-llama/Llama-3.1-8B-Instruct,late__all__r16,1.0,0.8333333333333334,0.0,1.0,0.7083333333333334,1,11
llama_3_1_8b_instruct,compiler::behavioral_policy::behavioral_0068,behavioral_policy,train,meta-llama/Llama-3.1-8B-Instruct,middle__all__r16,1.0,1.0,0.0,0.9875,0.746875,1,11
llama_3_1_8b_instruct,compiler::behavioral_policy::behavioral_0069,behavioral_policy,train,meta-llama/Llama-3.1-8B-Instruct,early__all__r16,0.1,0.16666666666666666,0.0,0.9958333333333333,0.315625,1,11
llama_3_1_8b_instruct,compiler::behavioral_policy::behavioral_0069,behavioral_policy,train,meta-llama/Llama-3.1-8B-Instruct,full__all__r4,1.0,1.0,0.0,1.0,0.75,1,11
llama_3_1_8b_instruct,compiler::behavioral_policy::behavioral_0069,behavioral_policy,train,meta-llama/Llama-3.1-8B-Instruct,late__all__r16,1.0,1.0,0.0,1.0,0.75,1,11
llama_3_1_8b_instruct,compiler::behavioral_policy::behavioral_0069,behavioral_policy,train,meta-llama/Llama-3.1-8B-Instruct,middle__all__r16,1.0,0.8333333333333334,0.0,0.9791666666666666,0.703125,1,11
llama_3_1_8b_instruct,compiler::behavioral_policy::behavioral_0070,behavioral_policy,validation,meta-llama/Llama-3.1-8B-Instruct,early__all__r16,0.1,0.5,0.0,0.9916666666666667,0.3979166666666667,1,11
llama_3_1_8b_instruct,compiler::behavioral_policy::behavioral_0070,behavioral_policy,validation,meta-llama/Llama-3.1-8B-Instruct,full__all__r4,0.9,1.0,0.0,1.0,0.725,1,11
llama_3_1_8b_instruct,compiler::behavioral_policy::behavioral_0070,behavioral_policy,validation,meta-llama/Llama-3.1-8B-Instruct,late__all__r16,1.0,1.0,0.0,1.0,0.75,1,11
llama_3_1_8b_instruct,compiler::behavioral_policy::behavioral_0070,behavioral_policy,validation,meta-llama/Llama-3.1-8B-Instruct,middle__all__r16,0.9,1.0,0.0,0.9916666666666667,0.7229166666666667,1,11
llama_3_1_8b_instruct,compiler::behavioral_policy::behavioral_0071,behavioral_policy,test,meta-llama/Llama-3.1-8B-Instruct,early__all__r16,0.16666666666666666,0.38888888888888884,0.0,0.9986111111111112,0.3885416666666667,3,11|22|33
llama_3_1_8b_instruct,compiler::behavioral_policy::behavioral_0071,behavioral_policy,test,meta-llama/Llama-3.1-8B-Instruct,full__all__r4,1.0,0.8333333333333334,0.0,1.0,0.7083333333333334,3,11|22|33
llama_3_1_8b_instruct,compiler::behavioral_policy::behavioral_0071,behavioral_policy,test,meta-llama/Llama-3.1-8B-Instruct,late__all__r16,1.0,1.0,0.0,0.9986111111111112,0.7496527777777778,3,11|22|33
llama_3_1_8b_instruct,compiler::behavioral_policy::behavioral_0071,behavioral_policy,test,meta-llama/Llama-3.1-8B-Instruct,middle__all__r16,1.0,1.0,0.0,0.9708333333333333,0.7427083333333333,3,11|22|33
llama_3_1_8b_instruct,compiler::behavioral_policy::behavioral_0072,behavioral_policy,train,meta-llama/Llama-3.1-8B-Instruct,early__all__r16,0.1,0.3333333333333333,0.0,1.0,0.35833333333333334,1,11
llama_3_1_8b_instruct,compiler::behavioral_policy::behavioral_0072,behavioral_policy,train,meta-llama/Llama-3.1-8B-Instruct,full__all__r4,1.0,1.0,0.0,1.0,0.75,1,11
llama_3_1_8b_instruct,compiler::behavioral_policy::behavioral_0072,behavioral_policy,train,meta-llama/Llama-3.1-8B-Instruct,late__all__r16,1.0,1.0,0.0,1.0,0.75,1,11
llama_3_1_8b_instruct,compiler::behavioral_policy::behavioral_0072,behavioral_policy,train,meta-llama/Llama-3.1-8B-Instruct,middle__all__r16,0.7,0.8333333333333334,0.0,0.9875,0.6302083333333334,1,11
llama_3_1_8b_instruct,compiler::behavioral_policy::behavioral_0073,behavioral_policy,train,meta-llama/Llama-3.1-8B-Instruct,early__all__r16,0.4,0.16666666666666666,0.0,0.9875,0.3885416666666667,1,11
llama_3_1_8b_instruct,compiler::behavioral_policy::behavioral_0073,behavioral_policy,train,meta-llama/Llama-3.1-8B-Instruct,full__all__r4,1.0,1.0,0.0,1.0,0.75,1,11
llama_3_1_8b_instruct,compiler::behavioral_policy::behavioral_0073,behavioral_policy,train,meta-llama/Llama-3.1-8B-Instruct,late__all__r16,1.0,1.0,0.0,1.0,0.75,1,11
llama_3_1_8b_instruct,compiler::behavioral_policy::behavioral_0073,behavioral_policy,train,meta-llama/Llama-3.1-8B-Instruct,middle__all__r16,1.0,1.0,0.0,0.9958333333333333,0.7489583333333334,1,11
llama_3_1_8b_instruct,compiler::behavioral_policy::behavioral_0074,behavioral_policy,train,meta-llama/Llama-3.1-8B-Instruct,early__all__r16,0.0,0.16666666666666666,0.0,1.0,0.2916666666666667,1,11
llama_3_1_8b_instruct,compiler::behavioral_policy::behavioral_0074,behavioral_policy,train,meta-llama/Llama-3.1-8B-Instruct,full__all__r4,1.0,0.6666666666666666,0.0,1.0,0.6666666666666666,1,11
llama_3_1_8b_instruct,compiler::behavioral_policy::behavioral_0074,behavioral_policy,train,meta-llama/Llama-3.1-8B-Instruct,late__all__r16,1.0,1.0,0.0,1.0,0.75,1,11
llama_3_1_8b_instruct,compiler::behavioral_policy::behavioral_0074,behavioral_policy,train,meta-llama/Llama-3.1-8B-Instruct,middle__all__r16,1.0,0.8333333333333334,0.0,0.9791666666666666,0.703125,1,11
llama_3_1_8b_instruct,compiler::behavioral_policy::behavioral_0075,behavioral_policy,train,meta-llama/Llama-3.1-8B-Instruct,early__all__r16,0.1,0.5,0.0,1.0,0.4,1,11
llama_3_1_8b_instruct,compiler::behavioral_policy::behavioral_0075,behavioral_policy,train,meta-llama/Llama-3.1-8B-Instruct,full__all__r4,1.0,1.0,0.0,1.0,0.75,1,11
llama_3_1_8b_instruct,compiler::behavioral_policy::behavioral_0075,behavioral_policy,train,meta-llama/Llama-3.1-8B-Instruct,late__all__r16,1.0,1.0,0.0,0.9916666666666667,0.7479166666666667,1,11
llama_3_1_8b_instruct,compiler::behavioral_policy::behavioral_0075,behavioral_policy,train,meta-llama/Llama-3.1-8B-Instruct,middle__all__r16,1.0,1.0,0.0,0.9916666666666667,0.7479166666666667,1,11
llama_3_1_8b_instruct,compiler::behavioral_policy::behavioral_0076,behavioral_policy,train,meta-llama/Llama-3.1-8B-Instruct,early__all__r16,0.1,0.5,0.0,0.9958333333333333,0.39895833333333336,1,11
llama_3_1_8b_instruct,compiler::behavioral_policy::behavioral_0076,behavioral_policy,train,meta-llama/Llama-3.1-8B-Instruct,full__all__r4,1.0,1.0,0.0,0.9875,0.746875,1,11
llama_3_1_8b_instruct,compiler::behavioral_policy::behavioral_0076,behavioral_policy,train,meta-llama/Llama-3.1-8B-Instruct,late__all__r16,1.0,1.0,0.0,0.9916666666666667,0.7479166666666667,1,11
llama_3_1_8b_instruct,compiler::behavioral_policy::behavioral_0076,behavioral_policy,train,meta-llama/Llama-3.1-8B-Instruct,middle__all__r16,1.0,1.0,0.0,0.9666666666666667,0.7416666666666667,1,11
llama_3_1_8b_instruct,compiler::behavioral_policy::behavioral_0077,behavioral_policy,validation,meta-llama/Llama-3.1-8B-Instruct,early__all__r16,0.1,0.5,0.0,1.0,0.4,1,11
llama_3_1_8b_instruct,compiler::behavioral_policy::behavioral_0077,behavioral_policy,validation,meta-llama/Llama-3.1-8B-Instruct,full__all__r4,1.0,1.0,0.16666666666666666,1.0,0.7916666666666666,1,11
llama_3_1_8b_instruct,compiler::behavioral_policy::behavioral_0077,behavioral_policy,validation,meta-llama/Llama-3.1-8B-Instruct,late__all__r16,1.0,1.0,0.0,0.9916666666666667,0.7479166666666667,1,11
llama_3_1_8b_instruct,compiler::behavioral_policy::behavioral_0077,behavioral_policy,validation,meta-llama/Llama-3.1-8B-Instruct,middle__all__r16,1.0,1.0,0.3333333333333333,1.0,0.8333333333333334,1,11
llama_3_1_8b_instruct,compiler::behavioral_policy::behavioral_0078,behavioral_policy,train,meta-llama/Llama-3.1-8B-Instruct,early__all__r16,0.4,0.6666666666666666,0.0,0.9958333333333333,0.515625,1,11
llama_3_1_8b_instruct,compiler::behavioral_policy::behavioral_0078,behavioral_policy,train,meta-llama/Llama-3.1-8B-Instruct,full__all__r4,1.0,1.0,0.0,1.0,0.75,1,11
llama_3_1_8b_instruct,compiler::behavioral_policy::behavioral_0078,behavioral_policy,train,meta-llama/Llama-3.1-8B-Instruct,late__all__r16,1.0,1.0,0.0,1.0,0.75,1,11
llama_3_1_8b_instruct,compiler::behavioral_policy::behavioral_0078,behavioral_policy,train,meta-llama/Llama-3.1-8B-Instruct,middle__all__r16,1.0,1.0,0.5,0.9833333333333333,0.8708333333333333,1,11
llama_3_1_8b_instruct,compiler::behavioral_policy::behavioral_0079,behavioral_policy,train,meta-llama/Llama-3.1-8B-Instruct,early__all__r16,0.2,0.3333333333333333,0.0,1.0,0.3833333333333333,1,11
llama_3_1_8b_instruct,compiler::behavioral_policy::behavioral_0079,behavioral_policy,train,meta-llama/Llama-3.1-8B-Instruct,full__all__r4,1.0,1.0,0.0,1.0,0.75,1,11
llama_3_1_8b_instruct,compiler::behavioral_policy::behavioral_0079,behavioral_policy,train,meta-llama/Llama-3.1-8B-Instruct,late__all__r16,1.0,1.0,0.0,1.0,0.75,1,11
llama_3_1_8b_instruct,compiler::behavioral_policy::behavioral_0079,behavioral_policy,train,meta-llama/Llama-3.1-8B-Instruct,middle__all__r16,1.0,1.0,0.0,1.0,0.75,1,11
llama_3_1_8b_instruct,compiler::behavioral_policy::behavioral_0080,behavioral_policy,train,meta-llama/Llama-3.1-8B-Instruct,early__all__r16,0.2,0.5,0.0,0.9916666666666667,0.42291666666666666,1,11
llama_3_1_8b_instruct,compiler::behavioral_policy::behavioral_0080,behavioral_policy,train,meta-llama/Llama-3.1-8B-Instruct,full__all__r4,1.0,1.0,0.0,0.9958333333333333,0.7489583333333334,1,11
llama_3_1_8b_instruct,compiler::behavioral_policy::behavioral_0080,behavioral_policy,train,meta-llama/Llama-3.1-8B-Instruct,late__all__r16,1.0,1.0,0.0,1.0,0.75,1,11
llama_3_1_8b_instruct,compiler::behavioral_policy::behavioral_0080,behavioral_policy,train,meta-llama/Llama-3.1-8B-Instruct,middle__all__r16,1.0,1.0,0.0,0.975,0.74375,1,11
llama_3_1_8b_instruct,compiler::behavioral_policy::behavioral_0081,behavioral_policy,train,meta-llama/Llama-3.1-8B-Instruct,early__all__r16,0.1,0.5,0.0,1.0,0.4,1,11
llama_3_1_8b_instruct,compiler::behavioral_policy::behavioral_0081,behavioral_policy,train,meta-llama/Llama-3.1-8B-Instruct,full__all__r4,1.0,0.8333333333333334,0.0,1.0,0.7083333333333334,1,11
llama_3_1_8b_instruct,compiler::behavioral_policy::behavioral_0081,behavioral_policy,train,meta-llama/Llama-3.1-8B-Instruct,late__all__r16,1.0,0.8333333333333334,0.0,1.0,0.7083333333333334,1,11
llama_3_1_8b_instruct,compiler::behavioral_policy::behavioral_0081,behavioral_policy,train,meta-llama/Llama-3.1-8B-Instruct,middle__all__r16,1.0,1.0,0.0,0.9833333333333333,0.7458333333333333,1,11
llama_3_1_8b_instruct,compiler::behavioral_policy::behavioral_0082,behavioral_policy,test,meta-llama/Llama-3.1-8B-Instruct,early__all__r16,0.20000000000000004,0.27777777777777773,0.0,1.0,0.36944444444444446,3,11|22|33
llama_3_1_8b_instruct,compiler::behavioral_policy::behavioral_0082,behavioral_policy,test,meta-llama/Llama-3.1-8B-Instruct,full__all__r4,1.0,1.0,0.0,1.0,0.75,3,11|22|33
llama_3_1_8b_instruct,compiler::behavioral_policy::behavioral_0082,behavioral_policy,test,meta-llama/Llama-3.1-8B-Instruct,late__all__r16,1.0,1.0,0.0,0.9944444444444445,0.7486111111111111,3,11|22|33
llama_3_1_8b_instruct,compiler::behavioral_policy::behavioral_0082,behavioral_policy,test,meta-llama/Llama-3.1-8B-Instruct,middle__all__r16,0.7666666666666667,1.0,0.0,0.9874999999999999,0.6885416666666666,3,11|22|33
llama_3_1_8b_instruct,compiler::behavioral_policy::behavioral_0083,behavioral_policy,train,meta-llama/Llama-3.1-8B-Instruct,early__all__r16,0.6000000000000001,0.16666666666666666,0.0,0.9875,0.4385416666666667,1,11
llama_3_1_8b_instruct,compiler::behavioral_policy::behavioral_0083,behavioral_policy,train,meta-llama/Llama-3.1-8B-Instruct,full__all__r4,1.0,0.8333333333333334,0.0,1.0,0.7083333333333334,1,11
llama_3_1_8b_instruct,compiler::behavioral_policy::behavioral_0083,behavioral_policy,train,meta-llama/Llama-3.1-8B-Instruct,late__all__r16,1.0,1.0,0.0,1.0,0.75,1,11
llama_3_1_8b_instruct,compiler::behavioral_policy::behavioral_0083,behavioral_policy,train,meta-llama/Llama-3.1-8B-Instruct,middle__all__r16,1.0,1.0,0.0,1.0,0.75,1,11
llama_3_1_8b_instruct,compiler::behavioral_policy::behavioral_0084,behavioral_policy,validation,meta-llama/Llama-3.1-8B-Instruct,early__all__r16,0.1,0.3333333333333333,0.0,0.9958333333333333,0.3572916666666667,1,11
llama_3_1_8b_instruct,compiler::behavioral_policy::behavioral_0084,behavioral_policy,validation,meta-llama/Llama-3.1-8B-Instruct,full__all__r4,1.0,0.8333333333333334,0.0,1.0,0.7083333333333334,1,11
llama_3_1_8b_instruct,compiler::behavioral_policy::behavioral_0084,behavioral_policy,validation,meta-llama/Llama-3.1-8B-Instruct,late__all__r16,1.0,1.0,0.0,1.0,0.75,1,11
llama_3_1_8b_instruct,compiler::behavioral_policy::behavioral_0084,behavioral_policy,validation,meta-llama/Llama-3.1-8B-Instruct,middle__all__r16,1.0,1.0,0.0,0.975,0.74375,1,11
llama_3_1_8b_instruct,compiler::behavioral_policy::behavioral_0085,behavioral_policy,train,meta-llama/Llama-3.1-8B-Instruct,early__all__r16,0.1,0.5,0.0,0.9958333333333333,0.39895833333333336,1,11
llama_3_1_8b_instruct,compiler::behavioral_policy::behavioral_0085,behavioral_policy,train,meta-llama/Llama-3.1-8B-Instruct,full__all__r4,1.0,1.0,0.0,1.0,0.75,1,11
llama_3_1_8b_instruct,compiler::behavioral_policy::behavioral_0085,behavioral_policy,train,meta-llama/Llama-3.1-8B-Instruct,late__all__r16,1.0,1.0,0.0,0.9916666666666667,0.7479166666666667,1,11
llama_3_1_8b_instruct,compiler::behavioral_policy::behavioral_0085,behavioral_policy,train,meta-llama/Llama-3.1-8B-Instruct,middle__all__r16,1.0,0.8333333333333334,0.0,1.0,0.7083333333333334,1,11
llama_3_1_8b_instruct,compiler::behavioral_policy::behavioral_0086,behavioral_policy,train,meta-llama/Llama-3.1-8B-Instruct,early__all__r16,0.1,0.5,0.0,1.0,0.4,1,11
llama_3_1_8b_instruct,compiler::behavioral_policy::behavioral_0086,behavioral_policy,train,meta-llama/Llama-3.1-8B-Instruct,full__all__r4,1.0,1.0,0.0,0.9916666666666667,0.7479166666666667,1,11
llama_3_1_8b_instruct,compiler::behavioral_policy::behavioral_0086,behavioral_policy,train,meta-llama/Llama-3.1-8B-Instruct,late__all__r16,1.0,1.0,0.0,0.9916666666666667,0.7479166666666667,1,11
llama_3_1_8b_instruct,compiler::behavioral_policy::behavioral_0086,behavioral_policy,train,meta-llama/Llama-3.1-8B-Instruct,middle__all__r16,1.0,1.0,0.0,0.9833333333333333,0.7458333333333333,1,11
llama_3_1_8b_instruct,compiler::behavioral_policy::behavioral_0087,behavioral_policy,test,meta-llama/Llama-3.1-8B-Instruct,early__all__r16,0.3,0.5,0.0,1.0,0.45,3,11|22|33
llama_3_1_8b_instruct,compiler::behavioral_policy::behavioral_0087,behavioral_policy,test,meta-llama/Llama-3.1-8B-Instruct,full__all__r4,0.8333333333333334,0.8333333333333334,0.0,1.0,0.6666666666666667,3,11|22|33
llama_3_1_8b_instruct,compiler::behavioral_policy::behavioral_0087,behavioral_policy,test,meta-llama/Llama-3.1-8B-Instruct,late__all__r16,1.0,1.0,0.0,0.9916666666666667,0.7479166666666667,3,11|22|33
llama_3_1_8b_instruct,compiler::behavioral_policy::behavioral_0087,behavioral_policy,test,meta-llama/Llama-3.1-8B-Instruct,middle__all__r16,0.8333333333333334,0.888888888888889,0.5555555555555555,0.9847222222222222,0.815625,3,11|22|33
llama_3_1_8b_instruct,compiler::behavioral_policy::behavioral_0088,behavioral_policy,train,meta-llama/Llama-3.1-8B-Instruct,early__all__r16,0.5,0.5,0.0,1.0,0.5,1,11
llama_3_1_8b_instruct,compiler::behavioral_policy::behavioral_0088,behavioral_policy,train,meta-llama/Llama-3.1-8B-Instruct,full__all__r4,1.0,1.0,0.0,1.0,0.75,1,11
llama_3_1_8b_instruct,compiler::behavioral_policy::behavioral_0088,behavioral_policy,train,meta-llama/Llama-3.1-8B-Instruct,late__all__r16,1.0,1.0,0.0,1.0,0.75,1,11
llama_3_1_8b_instruct,compiler::behavioral_policy::behavioral_0088,behavioral_policy,train,meta-llama/Llama-3.1-8B-Instruct,middle__all__r16,1.0,1.0,0.16666666666666666,0.9833333333333333,0.7875,1,11
llama_3_1_8b_instruct,compiler::behavioral_policy::behavioral_0089,behavioral_policy,train,meta-llama/Llama-3.1-8B-Instruct,early__all__r16,0.1,0.16666666666666666,0.0,1.0,0.31666666666666665,1,11
llama_3_1_8b_instruct,compiler::behavioral_policy::behavioral_0089,behavioral_policy,train,meta-llama/Llama-3.1-8B-Instruct,full__all__r4,1.0,1.0,0.0,1.0,0.75,1,11
llama_3_1_8b_instruct,compiler::behavioral_policy::behavioral_0089,behavioral_policy,train,meta-llama/Llama-3.1-8B-Instruct,late__all__r16,1.0,1.0,0.0,1.0,0.75,1,11
llama_3_1_8b_instruct,compiler::behavioral_policy::behavioral_0089,behavioral_policy,train,meta-llama/Llama-3.1-8B-Instruct,middle__all__r16,1.0,1.0,0.0,0.9916666666666667,0.7479166666666667,1,11
llama_3_1_8b_instruct,compiler::behavioral_policy::behavioral_0090,behavioral_policy,validation,meta-llama/Llama-3.1-8B-Instruct,early__all__r16,0.1,0.5,0.0,0.9916666666666667,0.3979166666666667,1,11
llama_3_1_8b_instruct,compiler::behavioral_policy::behavioral_0090,behavioral_policy,validation,meta-llama/Llama-3.1-8B-Instruct,full__all__r4,1.0,1.0,0.0,1.0,0.75,1,11
llama_3_1_8b_instruct,compiler::behavioral_policy::behavioral_0090,behavioral_policy,validation,meta-llama/Llama-3.1-8B-Instruct,late__all__r16,1.0,1.0,0.0,1.0,0.75,1,11
llama_3_1_8b_instruct,compiler::behavioral_policy::behavioral_0090,behavioral_policy,validation,meta-llama/Llama-3.1-8B-Instruct,middle__all__r16,1.0,1.0,0.0,0.9875,0.746875,1,11
llama_3_1_8b_instruct,compiler::behavioral_policy::behavioral_0091,behavioral_policy,validation,meta-llama/Llama-3.1-8B-Instruct,early__all__r16,0.1,0.5,0.0,1.0,0.4,1,11
llama_3_1_8b_instruct,compiler::behavioral_policy::behavioral_0091,behavioral_policy,validation,meta-llama/Llama-3.1-8B-Instruct,full__all__r4,1.0,1.0,0.0,1.0,0.75,1,11
llama_3_1_8b_instruct,compiler::behavioral_policy::behavioral_0091,behavioral_policy,validation,meta-llama/Llama-3.1-8B-Instruct,late__all__r16,1.0,0.8333333333333334,0.0,1.0,0.7083333333333334,1,11
llama_3_1_8b_instruct,compiler::behavioral_policy::behavioral_0091,behavioral_policy,validation,meta-llama/Llama-3.1-8B-Instruct,middle__all__r16,1.0,1.0,0.0,0.9708333333333333,0.7427083333333333,1,11
llama_3_1_8b_instruct,compiler::behavioral_policy::behavioral_0092,behavioral_policy,test,meta-llama/Llama-3.1-8B-Instruct,early__all__r16,0.06666666666666667,0.3333333333333333,0.0,1.0,0.35,3,11|22|33
llama_3_1_8b_instruct,compiler::behavioral_policy::behavioral_0092,behavioral_policy,test,meta-llama/Llama-3.1-8B-Instruct,full__all__r4,0.9666666666666667,1.0,0.0,1.0,0.7416666666666667,3,11|22|33
llama_3_1_8b_instruct,compiler::behavioral_policy::behavioral_0092,behavioral_policy,test,meta-llama/Llama-3.1-8B-Instruct,late__all__r16,1.0,1.0,0.0,0.9958333333333332,0.7489583333333333,3,11|22|33
llama_3_1_8b_instruct,compiler::behavioral_policy::behavioral_0092,behavioral_policy,test,meta-llama/Llama-3.1-8B-Instruct,middle__all__r16,0.5666666666666667,0.8333333333333334,0.0,0.9819444444444444,0.5954861111111112,3,11|22|33
llama_3_1_8b_instruct,compiler::behavioral_policy::behavioral_0093,behavioral_policy,train,meta-llama/Llama-3.1-8B-Instruct,early__all__r16,0.6000000000000001,0.3333333333333333,0.0,0.9916666666666667,0.48125,1,11
llama_3_1_8b_instruct,compiler::behavioral_policy::behavioral_0093,behavioral_policy,train,meta-llama/Llama-3.1-8B-Instruct,full__all__r4,1.0,1.0,0.0,1.0,0.75,1,11
llama_3_1_8b_instruct,compiler::behavioral_policy::behavioral_0093,behavioral_policy,train,meta-llama/Llama-3.1-8B-Instruct,late__all__r16,1.0,1.0,0.0,1.0,0.75,1,11
llama_3_1_8b_instruct,compiler::behavioral_policy::behavioral_0093,behavioral_policy,train,meta-llama/Llama-3.1-8B-Instruct,middle__all__r16,1.0,0.8333333333333334,0.0,1.0,0.7083333333333334,1,11
llama_3_1_8b_instruct,compiler::behavioral_policy::behavioral_0094,behavioral_policy,train,meta-llama/Llama-3.1-8B-Instruct,early__all__r16,0.1,0.3333333333333333,0.0,0.9958333333333333,0.3572916666666667,1,11
llama_3_1_8b_instruct,compiler::behavioral_policy::behavioral_0094,behavioral_policy,train,meta-llama/Llama-3.1-8B-Instruct,full__all__r4,1.0,1.0,0.0,1.0,0.75,1,11
llama_3_1_8b_instruct,compiler::behavioral_policy::behavioral_0094,behavioral_policy,train,meta-llama/Llama-3.1-8B-Instruct,late__all__r16,1.0,1.0,0.0,1.0,0.75,1,11
llama_3_1_8b_instruct,compiler::behavioral_policy::behavioral_0094,behavioral_policy,train,meta-llama/Llama-3.1-8B-Instruct,middle__all__r16,1.0,1.0,0.0,0.9708333333333333,0.7427083333333333,1,11
llama_3_1_8b_instruct,compiler::behavioral_policy::behavioral_0095,behavioral_policy,train,meta-llama/Llama-3.1-8B-Instruct,early__all__r16,0.1,0.5,0.0,0.9958333333333333,0.39895833333333336,1,11
llama_3_1_8b_instruct,compiler::behavioral_policy::behavioral_0095,behavioral_policy,train,meta-llama/Llama-3.1-8B-Instruct,full__all__r4,1.0,1.0,0.0,1.0,0.75,1,11
llama_3_1_8b_instruct,compiler::behavioral_policy::behavioral_0095,behavioral_policy,train,meta-llama/Llama-3.1-8B-Instruct,late__all__r16,1.0,1.0,0.0,0.9916666666666667,0.7479166666666667,1,11
llama_3_1_8b_instruct,compiler::behavioral_policy::behavioral_0095,behavioral_policy,train,meta-llama/Llama-3.1-8B-Instruct,middle__all__r16,0.9,1.0,0.0,1.0,0.725,1,11
llama_3_1_8b_instruct,compiler::behavioral_policy::behavioral_0096,behavioral_policy,train,meta-llama/Llama-3.1-8B-Instruct,early__all__r16,0.1,0.5,0.0,1.0,0.4,1,11
llama_3_1_8b_instruct,compiler::behavioral_policy::behavioral_0096,behavioral_policy,train,meta-llama/Llama-3.1-8B-Instruct,full__all__r4,1.0,1.0,0.0,0.9875,0.746875,1,11
llama_3_1_8b_instruct,compiler::behavioral_policy::behavioral_0096,behavioral_policy,train,meta-llama/Llama-3.1-8B-Instruct,late__all__r16,1.0,1.0,0.0,0.9916666666666667,0.7479166666666667,1,11
llama_3_1_8b_instruct,compiler::behavioral_policy::behavioral_0096,behavioral_policy,train,meta-llama/Llama-3.1-8B-Instruct,middle__all__r16,1.0,1.0,0.16666666666666666,0.9666666666666667,0.7833333333333333,1,11
llama_3_1_8b_instruct,compiler::behavioral_policy::behavioral_0097,behavioral_policy,test,meta-llama/Llama-3.1-8B-Instruct,early__all__r16,0.20000000000000004,0.6666666666666666,0.0,1.0,0.4666666666666667,3,11|22|33
llama_3_1_8b_instruct,compiler::behavioral_policy::behavioral_0097,behavioral_policy,test,meta-llama/Llama-3.1-8B-Instruct,full__all__r4,1.0,0.8333333333333334,0.0,1.0,0.7083333333333334,3,11|22|33
llama_3_1_8b_instruct,compiler::behavioral_policy::behavioral_0097,behavioral_policy,test,meta-llama/Llama-3.1-8B-Instruct,late__all__r16,1.0,1.0,0.0,0.9888888888888889,0.7472222222222222,3,11|22|33
llama_3_1_8b_instruct,compiler::behavioral_policy::behavioral_0097,behavioral_policy,test,meta-llama/Llama-3.1-8B-Instruct,middle__all__r16,0.9333333333333332,0.8333333333333334,0.0,0.9972222222222222,0.6909722222222222,3,11|22|33
llama_3_1_8b_instruct,compiler::behavioral_policy::behavioral_0098,behavioral_policy,train,meta-llama/Llama-3.1-8B-Instruct,early__all__r16,0.5,0.5,0.0,1.0,0.5,1,11
llama_3_1_8b_instruct,compiler::behavioral_policy::behavioral_0098,behavioral_policy,train,meta-llama/Llama-3.1-8B-Instruct,full__all__r4,1.0,1.0,0.0,1.0,0.75,1,11
llama_3_1_8b_instruct,compiler::behavioral_policy::behavioral_0098,behavioral_policy,train,meta-llama/Llama-3.1-8B-Instruct,late__all__r16,1.0,0.8333333333333334,0.0,1.0,0.7083333333333334,1,11
llama_3_1_8b_instruct,compiler::behavioral_policy::behavioral_0098,behavioral_policy,train,meta-llama/Llama-3.1-8B-Instruct,middle__all__r16,1.0,1.0,0.0,0.9875,0.746875,1,11
llama_3_1_8b_instruct,compiler::behavioral_policy::behavioral_0099,behavioral_policy,validation,meta-llama/Llama-3.1-8B-Instruct,early__all__r16,0.1,0.16666666666666666,0.0,0.9958333333333333,0.315625,1,11
llama_3_1_8b_instruct,compiler::behavioral_policy::behavioral_0099,behavioral_policy,validation,meta-llama/Llama-3.1-8B-Instruct,full__all__r4,1.0,1.0,0.0,1.0,0.75,1,11
llama_3_1_8b_instruct,compiler::behavioral_policy::behavioral_0099,behavioral_policy,validation,meta-llama/Llama-3.1-8B-Instruct,late__all__r16,1.0,1.0,0.0,1.0,0.75,1,11
llama_3_1_8b_instruct,compiler::behavioral_policy::behavioral_0099,behavioral_policy,validation,meta-llama/Llama-3.1-8B-Instruct,middle__all__r16,1.0,0.8333333333333334,0.0,0.9791666666666666,0.703125,1,11
llama_3_1_8b_instruct,compiler::behavioral_policy::behavioral_0100,behavioral_policy,test,meta-llama/Llama-3.1-8B-Instruct,early__all__r16,0.10000000000000002,0.5,0.0,0.9888888888888889,0.39722222222222225,3,11|22|33
llama_3_1_8b_instruct,compiler::behavioral_policy::behavioral_0100,behavioral_policy,test,meta-llama/Llama-3.1-8B-Instruct,full__all__r4,0.9666666666666667,1.0,0.0,1.0,0.7416666666666667,3,11|22|33
llama_3_1_8b_instruct,compiler::behavioral_policy::behavioral_0100,behavioral_policy,test,meta-llama/Llama-3.1-8B-Instruct,late__all__r16,1.0,1.0,0.0,0.9958333333333332,0.7489583333333333,3,11|22|33
llama_3_1_8b_instruct,compiler::behavioral_policy::behavioral_0100,behavioral_policy,test,meta-llama/Llama-3.1-8B-Instruct,middle__all__r16,0.9,0.9444444444444445,0.0,0.9819444444444444,0.7065972222222222,3,11|22|33
llama_3_1_8b_instruct,compiler::behavioral_policy::behavioral_0101,behavioral_policy,train,meta-llama/Llama-3.1-8B-Instruct,early__all__r16,0.1,0.3333333333333333,0.0,1.0,0.35833333333333334,1,11
llama_3_1_8b_instruct,compiler::behavioral_policy::behavioral_0101,behavioral_policy,train,meta-llama/Llama-3.1-8B-Instruct,full__all__r4,1.0,0.8333333333333334,0.0,1.0,0.7083333333333334,1,11
llama_3_1_8b_instruct,compiler::behavioral_policy::behavioral_0101,behavioral_policy,train,meta-llama/Llama-3.1-8B-Instruct,late__all__r16,1.0,1.0,0.0,1.0,0.75,1,11
llama_3_1_8b_instruct,compiler::behavioral_policy::behavioral_0101,behavioral_policy,train,meta-llama/Llama-3.1-8B-Instruct,middle__all__r16,1.0,1.0,0.0,0.9708333333333333,0.7427083333333333,1,11
llama_3_1_8b_instruct,compiler::behavioral_policy::behavioral_0102,behavioral_policy,train,meta-llama/Llama-3.1-8B-Instruct,early__all__r16,0.1,0.3333333333333333,0.0,1.0,0.35833333333333334,1,11
llama_3_1_8b_instruct,compiler::behavioral_policy::behavioral_0102,behavioral_policy,train,meta-llama/Llama-3.1-8B-Instruct,full__all__r4,1.0,1.0,0.0,1.0,0.75,1,11
llama_3_1_8b_instruct,compiler::behavioral_policy::behavioral_0102,behavioral_policy,train,meta-llama/Llama-3.1-8B-Instruct,late__all__r16,1.0,1.0,0.0,1.0,0.75,1,11
llama_3_1_8b_instruct,compiler::behavioral_policy::behavioral_0102,behavioral_policy,train,meta-llama/Llama-3.1-8B-Instruct,middle__all__r16,0.7,0.8333333333333334,0.0,0.9875,0.6302083333333334,1,11
llama_3_1_8b_instruct,compiler::behavioral_policy::behavioral_0103,behavioral_policy,validation,meta-llama/Llama-3.1-8B-Instruct,early__all__r16,0.4,0.16666666666666666,0.0,0.9875,0.3885416666666667,1,11
llama_3_1_8b_instruct,compiler::behavioral_policy::behavioral_0103,behavioral_policy,validation,meta-llama/Llama-3.1-8B-Instruct,full__all__r4,1.0,1.0,0.0,1.0,0.75,1,11
llama_3_1_8b_instruct,compiler::behavioral_policy::behavioral_0103,behavioral_policy,validation,meta-llama/Llama-3.1-8B-Instruct,late__all__r16,1.0,1.0,0.0,1.0,0.75,1,11
llama_3_1_8b_instruct,compiler::behavioral_policy::behavioral_0103,behavioral_policy,validation,meta-llama/Llama-3.1-8B-Instruct,middle__all__r16,1.0,1.0,0.0,0.9958333333333333,0.7489583333333334,1,11
llama_3_1_8b_instruct,compiler::behavioral_policy::behavioral_0104,behavioral_policy,test,meta-llama/Llama-3.1-8B-Instruct,early__all__r16,0.10000000000000002,0.2222222222222222,0.0,0.9986111111111112,0.3302083333333334,3,11|22|33
llama_3_1_8b_instruct,compiler::behavioral_policy::behavioral_0104,behavioral_policy,test,meta-llama/Llama-3.1-8B-Instruct,full__all__r4,1.0,0.611111111111111,0.0,0.9972222222222222,0.6520833333333333,3,11|22|33
llama_3_1_8b_instruct,compiler::behavioral_policy::behavioral_0104,behavioral_policy,test,meta-llama/Llama-3.1-8B-Instruct,late__all__r16,1.0,1.0,0.0,0.9972222222222222,0.7493055555555556,3,11|22|33
llama_3_1_8b_instruct,compiler::behavioral_policy::behavioral_0104,behavioral_policy,test,meta-llama/Llama-3.1-8B-Instruct,middle__all__r16,1.0,0.8333333333333334,0.0,0.9722222222222222,0.7013888888888888,3,11|22|33
llama_3_1_8b_instruct,compiler::behavioral_policy::behavioral_0105,behavioral_policy,validation,meta-llama/Llama-3.1-8B-Instruct,early__all__r16,0.1,0.5,0.0,1.0,0.4,1,11
llama_3_1_8b_instruct,compiler::behavioral_policy::behavioral_0105,behavioral_policy,validation,meta-llama/Llama-3.1-8B-Instruct,full__all__r4,1.0,1.0,0.0,1.0,0.75,1,11
llama_3_1_8b_instruct,compiler::behavioral_policy::behavioral_0105,behavioral_policy,validation,meta-llama/Llama-3.1-8B-Instruct,late__all__r16,1.0,1.0,0.0,0.9916666666666667,0.7479166666666667,1,11
llama_3_1_8b_instruct,compiler::behavioral_policy::behavioral_0105,behavioral_policy,validation,meta-llama/Llama-3.1-8B-Instruct,middle__all__r16,1.0,1.0,0.0,0.9916666666666667,0.7479166666666667,1,11
llama_3_1_8b_instruct,compiler::behavioral_policy::behavioral_0106,behavioral_policy,train,meta-llama/Llama-3.1-8B-Instruct,early__all__r16,0.1,0.5,0.0,0.9958333333333333,0.39895833333333336,1,11
llama_3_1_8b_instruct,compiler::behavioral_policy::behavioral_0106,behavioral_policy,train,meta-llama/Llama-3.1-8B-Instruct,full__all__r4,1.0,1.0,0.0,0.9875,0.746875,1,11
llama_3_1_8b_instruct,compiler::behavioral_policy::behavioral_0106,behavioral_policy,train,meta-llama/Llama-3.1-8B-Instruct,late__all__r16,1.0,1.0,0.0,0.9916666666666667,0.7479166666666667,1,11
llama_3_1_8b_instruct,compiler::behavioral_policy::behavioral_0106,behavioral_policy,train,meta-llama/Llama-3.1-8B-Instruct,middle__all__r16,1.0,1.0,0.0,0.9666666666666667,0.7416666666666667,1,11
llama_3_1_8b_instruct,compiler::behavioral_policy::behavioral_0107,behavioral_policy,train,meta-llama/Llama-3.1-8B-Instruct,early__all__r16,0.1,0.5,0.0,1.0,0.4,1,11
llama_3_1_8b_instruct,compiler::behavioral_policy::behavioral_0107,behavioral_policy,train,meta-llama/Llama-3.1-8B-Instruct,full__all__r4,1.0,1.0,0.16666666666666666,1.0,0.7916666666666666,1,11
llama_3_1_8b_instruct,compiler::behavioral_policy::behavioral_0107,behavioral_policy,train,meta-llama/Llama-3.1-8B-Instruct,late__all__r16,1.0,1.0,0.0,0.9916666666666667,0.7479166666666667,1,11
llama_3_1_8b_instruct,compiler::behavioral_policy::behavioral_0107,behavioral_policy,train,meta-llama/Llama-3.1-8B-Instruct,middle__all__r16,1.0,1.0,0.3333333333333333,1.0,0.8333333333333334,1,11
llama_3_1_8b_instruct,compiler::behavioral_policy::behavioral_0108,behavioral_policy,train,meta-llama/Llama-3.1-8B-Instruct,early__all__r16,0.4,0.6666666666666666,0.0,0.9958333333333333,0.515625,1,11
llama_3_1_8b_instruct,compiler::behavioral_policy::behavioral_0108,behavioral_policy,train,meta-llama/Llama-3.1-8B-Instruct,full__all__r4,1.0,1.0,0.0,1.0,0.75,1,11
llama_3_1_8b_instruct,compiler::behavioral_policy::behavioral_0108,behavioral_policy,train,meta-llama/Llama-3.1-8B-Instruct,late__all__r16,1.0,1.0,0.0,1.0,0.75,1,11
llama_3_1_8b_instruct,compiler::behavioral_policy::behavioral_0108,behavioral_policy,train,meta-llama/Llama-3.1-8B-Instruct,middle__all__r16,1.0,1.0,0.5,0.9833333333333333,0.8708333333333333,1,11
llama_3_1_8b_instruct,compiler::behavioral_policy::behavioral_0109,behavioral_policy,train,meta-llama/Llama-3.1-8B-Instruct,early__all__r16,0.2,0.3333333333333333,0.0,1.0,0.3833333333333333,1,11
llama_3_1_8b_instruct,compiler::behavioral_policy::behavioral_0109,behavioral_policy,train,meta-llama/Llama-3.1-8B-Instruct,full__all__r4,1.0,1.0,0.0,1.0,0.75,1,11
llama_3_1_8b_instruct,compiler::behavioral_policy::behavioral_0109,behavioral_policy,train,meta-llama/Llama-3.1-8B-Instruct,late__all__r16,1.0,1.0,0.0,1.0,0.75,1,11
llama_3_1_8b_instruct,compiler::behavioral_policy::behavioral_0109,behavioral_policy,train,meta-llama/Llama-3.1-8B-Instruct,middle__all__r16,1.0,1.0,0.0,1.0,0.75,1,11
llama_3_1_8b_instruct,compiler::behavioral_policy::behavioral_0110,behavioral_policy,train,meta-llama/Llama-3.1-8B-Instruct,early__all__r16,0.2,0.5,0.0,0.9916666666666667,0.42291666666666666,1,11
llama_3_1_8b_instruct,compiler::behavioral_policy::behavioral_0110,behavioral_policy,train,meta-llama/Llama-3.1-8B-Instruct,full__all__r4,1.0,1.0,0.0,0.9958333333333333,0.7489583333333334,1,11
llama_3_1_8b_instruct,compiler::behavioral_policy::behavioral_0110,behavioral_policy,train,meta-llama/Llama-3.1-8B-Instruct,late__all__r16,1.0,1.0,0.0,1.0,0.75,1,11
llama_3_1_8b_instruct,compiler::behavioral_policy::behavioral_0110,behavioral_policy,train,meta-llama/Llama-3.1-8B-Instruct,middle__all__r16,1.0,1.0,0.0,0.975,0.74375,1,11
llama_3_1_8b_instruct,compiler::behavioral_policy::behavioral_0111,behavioral_policy,validation,meta-llama/Llama-3.1-8B-Instruct,early__all__r16,0.1,0.5,0.0,1.0,0.4,1,11
llama_3_1_8b_instruct,compiler::behavioral_policy::behavioral_0111,behavioral_policy,validation,meta-llama/Llama-3.1-8B-Instruct,full__all__r4,1.0,0.8333333333333334,0.0,1.0,0.7083333333333334,1,11
llama_3_1_8b_instruct,compiler::behavioral_policy::behavioral_0111,behavioral_policy,validation,meta-llama/Llama-3.1-8B-Instruct,late__all__r16,1.0,0.8333333333333334,0.0,1.0,0.7083333333333334,1,11
llama_3_1_8b_instruct,compiler::behavioral_policy::behavioral_0111,behavioral_policy,validation,meta-llama/Llama-3.1-8B-Instruct,middle__all__r16,1.0,1.0,0.0,0.9833333333333333,0.7458333333333333,1,11
llama_3_1_8b_instruct,compiler::behavioral_policy::behavioral_0112,behavioral_policy,test,meta-llama/Llama-3.1-8B-Instruct,early__all__r16,0.20000000000000004,0.27777777777777773,0.0,1.0,0.36944444444444446,3,11|22|33
llama_3_1_8b_instruct,compiler::behavioral_policy::behavioral_0112,behavioral_policy,test,meta-llama/Llama-3.1-8B-Instruct,full__all__r4,1.0,1.0,0.0,1.0,0.75,3,11|22|33
llama_3_1_8b_instruct,compiler::behavioral_policy::behavioral_0112,behavioral_policy,test,meta-llama/Llama-3.1-8B-Instruct,late__all__r16,1.0,1.0,0.0,0.9944444444444445,0.7486111111111111,3,11|22|33
llama_3_1_8b_instruct,compiler::behavioral_policy::behavioral_0112,behavioral_policy,test,meta-llama/Llama-3.1-8B-Instruct,middle__all__r16,0.7666666666666667,1.0,0.0,0.9874999999999999,0.6885416666666666,3,11|22|33
llama_3_1_8b_instruct,compiler::behavioral_policy::behavioral_0113,behavioral_policy,train,meta-llama/Llama-3.1-8B-Instruct,early__all__r16,0.6000000000000001,0.16666666666666666,0.0,0.9875,0.4385416666666667,1,11
llama_3_1_8b_instruct,compiler::behavioral_policy::behavioral_0113,behavioral_policy,train,meta-llama/Llama-3.1-8B-Instruct,full__all__r4,1.0,0.8333333333333334,0.0,1.0,0.7083333333333334,1,11
llama_3_1_8b_instruct,compiler::behavioral_policy::behavioral_0113,behavioral_policy,train,meta-llama/Llama-3.1-8B-Instruct,late__all__r16,1.0,1.0,0.0,1.0,0.75,1,11
llama_3_1_8b_instruct,compiler::behavioral_policy::behavioral_0113,behavioral_policy,train,meta-llama/Llama-3.1-8B-Instruct,middle__all__r16,1.0,1.0,0.0,1.0,0.75,1,11
llama_3_1_8b_instruct,compiler::behavioral_policy::behavioral_0114,behavioral_policy,train,meta-llama/Llama-3.1-8B-Instruct,early__all__r16,0.1,0.3333333333333333,0.0,0.9958333333333333,0.3572916666666667,1,11
llama_3_1_8b_instruct,compiler::behavioral_policy::behavioral_0114,behavioral_policy,train,meta-llama/Llama-3.1-8B-Instruct,full__all__r4,1.0,0.8333333333333334,0.0,1.0,0.7083333333333334,1,11
llama_3_1_8b_instruct,compiler::behavioral_policy::behavioral_0114,behavioral_policy,train,meta-llama/Llama-3.1-8B-Instruct,late__all__r16,1.0,1.0,0.0,1.0,0.75,1,11
llama_3_1_8b_instruct,compiler::behavioral_policy::behavioral_0114,behavioral_policy,train,meta-llama/Llama-3.1-8B-Instruct,middle__all__r16,1.0,1.0,0.0,0.975,0.74375,1,11
llama_3_1_8b_instruct,compiler::behavioral_policy::behavioral_0115,behavioral_policy,train,meta-llama/Llama-3.1-8B-Instruct,early__all__r16,0.1,0.5,0.0,0.9958333333333333,0.39895833333333336,1,11
llama_3_1_8b_instruct,compiler::behavioral_policy::behavioral_0115,behavioral_policy,train,meta-llama/Llama-3.1-8B-Instruct,full__all__r4,1.0,1.0,0.0,1.0,0.75,1,11
llama_3_1_8b_instruct,compiler::behavioral_policy::behavioral_0115,behavioral_policy,train,meta-llama/Llama-3.1-8B-Instruct,late__all__r16,1.0,1.0,0.0,0.9916666666666667,0.7479166666666667,1,11
llama_3_1_8b_instruct,compiler::behavioral_policy::behavioral_0115,behavioral_policy,train,meta-llama/Llama-3.1-8B-Instruct,middle__all__r16,1.0,0.8333333333333334,0.0,1.0,0.7083333333333334,1,11
llama_3_1_8b_instruct,compiler::behavioral_policy::behavioral_0116,behavioral_policy,test,meta-llama/Llama-3.1-8B-Instruct,early__all__r16,0.10000000000000002,0.5,0.0,0.9986111111111112,0.3996527777777778,3,11|22|33
llama_3_1_8b_instruct,compiler::behavioral_policy::behavioral_0116,behavioral_policy,test,meta-llama/Llama-3.1-8B-Instruct,full__all__r4,1.0,1.0,0.0,0.9958333333333332,0.7489583333333333,3,11|22|33
llama_3_1_8b_instruct,compiler::behavioral_policy::behavioral_0116,behavioral_policy,test,meta-llama/Llama-3.1-8B-Instruct,late__all__r16,1.0,1.0,0.0,0.9916666666666667,0.7479166666666667,3,11|22|33
llama_3_1_8b_instruct,compiler::behavioral_policy::behavioral_0116,behavioral_policy,test,meta-llama/Llama-3.1-8B-Instruct,middle__all__r16,1.0,1.0,0.0,0.9805555555555555,0.7451388888888889,3,11|22|33
llama_3_1_8b_instruct,compiler::behavioral_policy::behavioral_0117,behavioral_policy,train,meta-llama/Llama-3.1-8B-Instruct,early__all__r16,0.2,0.5,0.0,1.0,0.425,1,11
llama_3_1_8b_instruct,compiler::behavioral_policy::behavioral_0117,behavioral_policy,train,meta-llama/Llama-3.1-8B-Instruct,full__all__r4,0.8,0.8333333333333334,0.0,1.0,0.6583333333333333,1,11
llama_3_1_8b_instruct,compiler::behavioral_policy::behavioral_0117,behavioral_policy,train,meta-llama/Llama-3.1-8B-Instruct,late__all__r16,1.0,1.0,0.0,0.9916666666666667,0.7479166666666667,1,11
llama_3_1_8b_instruct,compiler::behavioral_policy::behavioral_0117,behavioral_policy,train,meta-llama/Llama-3.1-8B-Instruct,middle__all__r16,0.8,0.8333333333333334,0.6666666666666666,0.9916666666666667,0.8229166666666667,1,11
llama_3_1_8b_instruct,compiler::behavioral_policy::behavioral_0118,behavioral_policy,test,meta-llama/Llama-3.1-8B-Instruct,early__all__r16,0.43333333333333335,0.5,0.0,1.0,0.48333333333333334,3,11|22|33
llama_3_1_8b_instruct,compiler::behavioral_policy::behavioral_0118,behavioral_policy,test,meta-llama/Llama-3.1-8B-Instruct,full__all__r4,1.0,1.0,0.0,1.0,0.75,3,11|22|33
llama_3_1_8b_instruct,compiler::behavioral_policy::behavioral_0118,behavioral_policy,test,meta-llama/Llama-3.1-8B-Instruct,late__all__r16,1.0,1.0,0.0,0.9958333333333332,0.7489583333333333,3,11|22|33
llama_3_1_8b_instruct,compiler::behavioral_policy::behavioral_0118,behavioral_policy,test,meta-llama/Llama-3.1-8B-Instruct,middle__all__r16,1.0,1.0,0.05555555555555555,0.9791666666666666,0.7586805555555556,3,11|22|33
llama_3_1_8b_instruct,compiler::behavioral_policy::behavioral_0119,behavioral_policy,train,meta-llama/Llama-3.1-8B-Instruct,early__all__r16,0.1,0.16666666666666666,0.0,1.0,0.31666666666666665,1,11
llama_3_1_8b_instruct,compiler::behavioral_policy::behavioral_0119,behavioral_policy,train,meta-llama/Llama-3.1-8B-Instruct,full__all__r4,1.0,1.0,0.0,1.0,0.75,1,11
llama_3_1_8b_instruct,compiler::behavioral_policy::behavioral_0119,behavioral_policy,train,meta-llama/Llama-3.1-8B-Instruct,late__all__r16,1.0,1.0,0.0,1.0,0.75,1,11
llama_3_1_8b_instruct,compiler::behavioral_policy::behavioral_0119,behavioral_policy,train,meta-llama/Llama-3.1-8B-Instruct,middle__all__r16,1.0,1.0,0.0,0.9916666666666667,0.7479166666666667,1,11
llama_3_1_8b_instruct,compiler::causal_mapping::causal_0000,causal_mapping,train,meta-llama/Llama-3.1-8B-Instruct,early__all__r16,0.1,0.0,0.0,0.9875,0.27187500000000003,1,11
llama_3_1_8b_instruct,compiler::causal_mapping::causal_0000,causal_mapping,train,meta-llama/Llama-3.1-8B-Instruct,full__all__r4,0.4,0.0,0.3333333333333333,0.9958333333333333,0.4322916666666667,1,11
llama_3_1_8b_instruct,compiler::causal_mapping::causal_0000,causal_mapping,train,meta-llama/Llama-3.1-8B-Instruct,late__all__r16,0.4,0.0,0.3333333333333333,1.0,0.43333333333333335,1,11
llama_3_1_8b_instruct,compiler::causal_mapping::causal_0000,causal_mapping,train,meta-llama/Llama-3.1-8B-Instruct,middle__all__r16,0.2,0.0,0.16666666666666666,0.9833333333333333,0.33749999999999997,1,11
llama_3_1_8b_instruct,compiler::causal_mapping::causal_0001,causal_mapping,validation,meta-llama/Llama-3.1-8B-Instruct,early__all__r16,0.0,0.0,0.0,0.9625,0.240625,1,11
llama_3_1_8b_instruct,compiler::causal_mapping::causal_0001,causal_mapping,validation,meta-llama/Llama-3.1-8B-Instruct,full__all__r4,0.6000000000000001,0.3333333333333333,0.3333333333333333,1.0,0.5666666666666667,1,11
llama_3_1_8b_instruct,compiler::causal_mapping::causal_0001,causal_mapping,validation,meta-llama/Llama-3.1-8B-Instruct,late__all__r16,0.4,0.3333333333333333,0.5,1.0,0.5583333333333333,1,11
llama_3_1_8b_instruct,compiler::causal_mapping::causal_0001,causal_mapping,validation,meta-llama/Llama-3.1-8B-Instruct,middle__all__r16,1.0,0.6666666666666666,0.3333333333333333,0.9833333333333333,0.7458333333333333,1,11
llama_3_1_8b_instruct,compiler::causal_mapping::causal_0002,causal_mapping,validation,meta-llama/Llama-3.1-8B-Instruct,early__all__r16,0.0,0.0,0.0,0.9916666666666667,0.24791666666666667,1,11
llama_3_1_8b_instruct,compiler::causal_mapping::causal_0002,causal_mapping,validation,meta-llama/Llama-3.1-8B-Instruct,full__all__r4,0.5,0.16666666666666666,0.16666666666666666,0.9958333333333333,0.45729166666666665,1,11
llama_3_1_8b_instruct,compiler::causal_mapping::causal_0002,causal_mapping,validation,meta-llama/Llama-3.1-8B-Instruct,late__all__r16,0.6,0.0,0.16666666666666666,1.0,0.44166666666666665,1,11
llama_3_1_8b_instruct,compiler::causal_mapping::causal_0002,causal_mapping,validation,meta-llama/Llama-3.1-8B-Instruct,middle__all__r16,0.6,0.5,0.0,0.9833333333333333,0.5208333333333333,1,11
llama_3_1_8b_instruct,compiler::causal_mapping::causal_0003,causal_mapping,train,meta-llama/Llama-3.1-8B-Instruct,early__all__r16,0.0,0.0,0.0,0.9916666666666667,0.24791666666666667,1,11
llama_3_1_8b_instruct,compiler::causal_mapping::causal_0003,causal_mapping,train,meta-llama/Llama-3.1-8B-Instruct,full__all__r4,0.30000000000000004,0.0,0.5,0.9958333333333333,0.44895833333333335,1,11
llama_3_1_8b_instruct,compiler::causal_mapping::causal_0003,causal_mapping,train,meta-llama/Llama-3.1-8B-Instruct,late__all__r16,0.1,0.0,0.3333333333333333,1.0,0.35833333333333334,1,11
llama_3_1_8b_instruct,compiler::causal_mapping::causal_0003,causal_mapping,train,meta-llama/Llama-3.1-8B-Instruct,middle__all__r16,0.5,0.3333333333333333,0.16666666666666666,0.9875,0.496875,1,11
llama_3_1_8b_instruct,compiler::causal_mapping::causal_0004,causal_mapping,train,meta-llama/Llama-3.1-8B-Instruct,early__all__r16,0.0,0.0,0.0,0.9833333333333333,0.24583333333333332,1,11
llama_3_1_8b_instruct,compiler::causal_mapping::causal_0004,causal_mapping,train,meta-llama/Llama-3.1-8B-Instruct,full__all__r4,0.4,0.0,0.3333333333333333,0.9916666666666667,0.43125,1,11
llama_3_1_8b_instruct,compiler::causal_mapping::causal_0004,causal_mapping,train,meta-llama/Llama-3.1-8B-Instruct,late__all__r16,0.2,0.0,0.3333333333333333,1.0,0.3833333333333333,1,11
llama_3_1_8b_instruct,compiler::causal_mapping::causal_0004,causal_mapping,train,meta-llama/Llama-3.1-8B-Instruct,middle__all__r16,0.7,0.3333333333333333,0.0,0.9875,0.5052083333333334,1,11
llama_3_1_8b_instruct,compiler::causal_mapping::causal_0005,causal_mapping,train,meta-llama/Llama-3.1-8B-Instruct,early__all__r16,0.0,0.0,0.0,0.9916666666666667,0.24791666666666667,1,11
llama_3_1_8b_instruct,compiler::causal_mapping::causal_0005,causal_mapping,train,meta-llama/Llama-3.1-8B-Instruct,full__all__r4,0.5,0.16666666666666666,0.3333333333333333,0.9958333333333333,0.49895833333333334,1,11
llama_3_1_8b_instruct,compiler::causal_mapping::causal_0005,causal_mapping,train,meta-llama/Llama-3.1-8B-Instruct,late__all__r16,0.30000000000000004,0.0,0.3333333333333333,1.0,0.4083333333333333,1,11
llama_3_1_8b_instruct,compiler::causal_mapping::causal_0005,causal_mapping,train,meta-llama/Llama-3.1-8B-Instruct,middle__all__r16,0.6000000000000001,0.16666666666666666,0.16666666666666666,0.9833333333333333,0.4791666666666667,1,11
llama_3_1_8b_instruct,compiler::causal_mapping::causal_0006,causal_mapping,test,meta-llama/Llama-3.1-8B-Instruct,early__all__r16,0.06666666666666667,0.0,0.0,0.9875000000000002,0.26354166666666673,3,11|22|33
llama_3_1_8b_instruct,compiler::causal_mapping::causal_0006,causal_mapping,test,meta-llama/Llama-3.1-8B-Instruct,full__all__r4,0.4000000000000001,0.0,0.1111111111111111,0.9958333333333332,0.3767361111111111,3,11|22|33
llama_3_1_8b_instruct,compiler::causal_mapping::causal_0006,causal_mapping,test,meta-llama/Llama-3.1-8B-Instruct,late__all__r16,0.43333333333333335,0.0,0.16666666666666666,0.9972222222222222,0.3993055555555556,3,11|22|33
llama_3_1_8b_instruct,compiler::causal_mapping::causal_0006,causal_mapping,test,meta-llama/Llama-3.1-8B-Instruct,middle__all__r16,0.8333333333333334,0.2222222222222222,0.2222222222222222,0.9722222222222222,0.5625,3,11|22|33
llama_3_1_8b_instruct,compiler::causal_mapping::causal_0007,causal_mapping,validation,meta-llama/Llama-3.1-8B-Instruct,early__all__r16,0.1,0.0,0.0,0.9958333333333333,0.27395833333333336,1,11
llama_3_1_8b_instruct,compiler::causal_mapping::causal_0007,causal_mapping,validation,meta-llama/Llama-3.1-8B-Instruct,full__all__r4,0.1,0.0,0.0,0.9958333333333333,0.27395833333333336,1,11
llama_3_1_8b_instruct,compiler::causal_mapping::causal_0007,causal_mapping,validation,meta-llama/Llama-3.1-8B-Instruct,late__all__r16,0.30000000000000004,0.0,0.16666666666666666,1.0,0.3666666666666667,1,11
llama_3_1_8b_instruct,compiler::causal_mapping::causal_0007,causal_mapping,validation,meta-llama/Llama-3.1-8B-Instruct,middle__all__r16,0.2,0.0,0.0,0.9791666666666666,0.2947916666666667,1,11
llama_3_1_8b_instruct,compiler::causal_mapping::causal_0008,causal_mapping,train,meta-llama/Llama-3.1-8B-Instruct,early__all__r16,0.1,0.0,0.0,0.975,0.26875,1,11
llama_3_1_8b_instruct,compiler::causal_mapping::causal_0008,causal_mapping,train,meta-llama/Llama-3.1-8B-Instruct,full__all__r4,0.6000000000000001,0.0,0.3333333333333333,0.9958333333333333,0.4822916666666667,1,11
llama_3_1_8b_instruct,compiler::causal_mapping::causal_0008,causal_mapping,train,meta-llama/Llama-3.1-8B-Instruct,late__all__r16,0.5,0.0,0.5,0.9958333333333333,0.49895833333333334,1,11
llama_3_1_8b_instruct,compiler::causal_mapping::causal_0008,causal_mapping,train,meta-llama/Llama-3.1-8B-Instruct,middle__all__r16,0.8,0.16666666666666666,0.16666666666666666,0.975,0.5270833333333333,1,11
llama_3_1_8b_instruct,compiler::causal_mapping::causal_0009,causal_mapping,train,meta-llama/Llama-3.1-8B-Instruct,early__all__r16,0.1,0.0,0.0,0.9958333333333333,0.27395833333333336,1,11
llama_3_1_8b_instruct,compiler::causal_mapping::causal_0009,causal_mapping,train,meta-llama/Llama-3.1-8B-Instruct,full__all__r4,0.2,0.0,0.0,0.9958333333333333,0.2989583333333333,1,11
llama_3_1_8b_instruct,compiler::causal_mapping::causal_0009,causal_mapping,train,meta-llama/Llama-3.1-8B-Instruct,late__all__r16,0.2,0.0,0.3333333333333333,0.9708333333333333,0.37604166666666666,1,11
llama_3_1_8b_instruct,compiler::causal_mapping::causal_0009,causal_mapping,train,meta-llama/Llama-3.1-8B-Instruct,middle__all__r16,0.6,0.16666666666666666,0.16666666666666666,0.9708333333333333,0.47604166666666664,1,11
llama_3_1_8b_instruct,compiler::causal_mapping::causal_0010,causal_mapping,test,meta-llama/Llama-3.1-8B-Instruct,early__all__r16,0.06666666666666667,0.0,0.0,0.9888888888888889,0.2638888888888889,3,11|22|33
llama_3_1_8b_instruct,compiler::causal_mapping::causal_0010,causal_mapping,test,meta-llama/Llama-3.1-8B-Instruct,full__all__r4,0.4000000000000001,0.16666666666666666,0.27777777777777773,0.9972222222222222,0.4604166666666667,3,11|22|33
llama_3_1_8b_instruct,compiler::causal_mapping::causal_0010,causal_mapping,test,meta-llama/Llama-3.1-8B-Instruct,late__all__r16,0.3333333333333333,0.0,0.2222222222222222,1.0,0.3888888888888889,3,11|22|33
llama_3_1_8b_instruct,compiler::causal_mapping::causal_0010,causal_mapping,test,meta-llama/Llama-3.1-8B-Instruct,middle__all__r16,0.23333333333333336,0.1111111111111111,0.16666666666666666,0.9833333333333334,0.3736111111111111,3,11|22|33
llama_3_1_8b_instruct,compiler::causal_mapping::causal_0011,causal_mapping,train,meta-llama/Llama-3.1-8B-Instruct,early__all__r16,0.0,0.0,0.0,0.9666666666666667,0.24166666666666667,1,11
llama_3_1_8b_instruct,compiler::causal_mapping::causal_0011,causal_mapping,train,meta-llama/Llama-3.1-8B-Instruct,full__all__r4,0.5,0.3333333333333333,0.5,1.0,0.5833333333333334,1,11
llama_3_1_8b_instruct,compiler::causal_mapping::causal_0011,causal_mapping,train,meta-llama/Llama-3.1-8B-Instruct,late__all__r16,0.5,0.3333333333333333,0.5,1.0,0.5833333333333334,1,11
llama_3_1_8b_instruct,compiler::causal_mapping::causal_0011,causal_mapping,train,meta-llama/Llama-3.1-8B-Instruct,middle__all__r16,1.0,0.6666666666666666,0.3333333333333333,0.9875,0.746875,1,11
llama_3_1_8b_instruct,compiler::causal_mapping::causal_0012,causal_mapping,validation,meta-llama/Llama-3.1-8B-Instruct,early__all__r16,0.0,0.0,0.0,0.9875,0.246875,1,11
llama_3_1_8b_instruct,compiler::causal_mapping::causal_0012,causal_mapping,validation,meta-llama/Llama-3.1-8B-Instruct,full__all__r4,0.5,0.0,0.3333333333333333,1.0,0.4583333333333333,1,11
llama_3_1_8b_instruct,compiler::causal_mapping::causal_0012,causal_mapping,validation,meta-llama/Llama-3.1-8B-Instruct,late__all__r16,0.8,0.16666666666666666,0.16666666666666666,0.9958333333333333,0.5322916666666667,1,11
llama_3_1_8b_instruct,compiler::causal_mapping::causal_0012,causal_mapping,validation,meta-llama/Llama-3.1-8B-Instruct,middle__all__r16,0.6,0.5,0.0,0.9875,0.521875,1,11
llama_3_1_8b_instruct,compiler::causal_mapping::causal_0013,causal_mapping,validation,meta-llama/Llama-3.1-8B-Instruct,early__all__r16,0.1,0.0,0.0,0.9875,0.27187500000000003,1,11
llama_3_1_8b_instruct,compiler::causal_mapping::causal_0013,causal_mapping,validation,meta-llama/Llama-3.1-8B-Instruct,full__all__r4,0.30000000000000004,0.0,0.5,0.9958333333333333,0.44895833333333335,1,11
llama_3_1_8b_instruct,compiler::causal_mapping::causal_0013,causal_mapping,validation,meta-llama/Llama-3.1-8B-Instruct,late__all__r16,0.1,0.0,0.3333333333333333,1.0,0.35833333333333334,1,11
llama_3_1_8b_instruct,compiler::causal_mapping::causal_0013,causal_mapping,validation,meta-llama/Llama-3.1-8B-Instruct,middle__all__r16,0.3,0.16666666666666666,0.16666666666666666,0.9916666666666667,0.40625,1,11
llama_3_1_8b_instruct,compiler::causal_mapping::causal_0014,causal_mapping,train,meta-llama/Llama-3.1-8B-Instruct,early__all__r16,0.0,0.0,0.0,0.9833333333333333,0.24583333333333332,1,11
llama_3_1_8b_instruct,compiler::causal_mapping::causal_0014,causal_mapping,train,meta-llama/Llama-3.1-8B-Instruct,full__all__r4,0.4,0.0,0.3333333333333333,0.9958333333333333,0.4322916666666667,1,11
llama_3_1_8b_instruct,compiler::causal_mapping::causal_0014,causal_mapping,train,meta-llama/Llama-3.1-8B-Instruct,late__all__r16,0.2,0.0,0.3333333333333333,1.0,0.3833333333333333,1,11
llama_3_1_8b_instruct,compiler::causal_mapping::causal_0014,causal_mapping,train,meta-llama/Llama-3.1-8B-Instruct,middle__all__r16,0.9,0.16666666666666666,0.0,0.9833333333333333,0.5125,1,11
llama_3_1_8b_instruct,compiler::causal_mapping::causal_0015,causal_mapping,train,meta-llama/Llama-3.1-8B-Instruct,early__all__r16,0.0,0.0,0.0,0.9833333333333333,0.24583333333333332,1,11
llama_3_1_8b_instruct,compiler::causal_mapping::causal_0015,causal_mapping,train,meta-llama/Llama-3.1-8B-Instruct,full__all__r4,0.6000000000000001,0.16666666666666666,0.3333333333333333,0.9958333333333333,0.5239583333333333,1,11
llama_3_1_8b_instruct,compiler::causal_mapping::causal_0015,causal_mapping,train,meta-llama/Llama-3.1-8B-Instruct,late__all__r16,0.4,0.0,0.5,1.0,0.475,1,11
llama_3_1_8b_instruct,compiler::causal_mapping::causal_0015,causal_mapping,train,meta-llama/Llama-3.1-8B-Instruct,middle__all__r16,0.6000000000000001,0.16666666666666666,0.16666666666666666,0.9833333333333333,0.4791666666666667,1,11
llama_3_1_8b_instruct,compiler::causal_mapping::causal_0016,causal_mapping,validation,meta-llama/Llama-3.1-8B-Instruct,early__all__r16,0.1,0.0,0.0,0.9875,0.27187500000000003,1,11
llama_3_1_8b_instruct,compiler::causal_mapping::causal_0016,causal_mapping,validation,meta-llama/Llama-3.1-8B-Instruct,full__all__r4,0.2,0.0,0.0,0.9958333333333333,0.2989583333333333,1,11
llama_3_1_8b_instruct,compiler::causal_mapping::causal_0016,causal_mapping,validation,meta-llama/Llama-3.1-8B-Instruct,late__all__r16,0.4,0.0,0.16666666666666666,1.0,0.39166666666666666,1,11
llama_3_1_8b_instruct,compiler::causal_mapping::causal_0016,causal_mapping,validation,meta-llama/Llama-3.1-8B-Instruct,middle__all__r16,0.8,0.16666666666666666,0.0,0.9791666666666666,0.4864583333333333,1,11
llama_3_1_8b_instruct,compiler::causal_mapping::causal_0017,causal_mapping,train,meta-llama/Llama-3.1-8B-Instruct,early__all__r16,0.1,0.0,0.0,0.9958333333333333,0.27395833333333336,1,11
llama_3_1_8b_instruct,compiler::causal_mapping::causal_0017,causal_mapping,train,meta-llama/Llama-3.1-8B-Instruct,full__all__r4,0.1,0.0,0.0,0.9958333333333333,0.27395833333333336,1,11
llama_3_1_8b_instruct,compiler::causal_mapping::causal_0017,causal_mapping,train,meta-llama/Llama-3.1-8B-Instruct,late__all__r16,0.30000000000000004,0.0,0.16666666666666666,1.0,0.3666666666666667,1,11
llama_3_1_8b_instruct,compiler::causal_mapping::causal_0017,causal_mapping,train,meta-llama/Llama-3.1-8B-Instruct,middle__all__r16,0.2,0.0,0.0,0.9791666666666666,0.2947916666666667,1,11
llama_3_1_8b_instruct,compiler::causal_mapping::causal_0018,causal_mapping,train,meta-llama/Llama-3.1-8B-Instruct,early__all__r16,0.0,0.0,0.0,0.9791666666666666,0.24479166666666666,1,11
llama_3_1_8b_instruct,compiler::causal_mapping::causal_0018,causal_mapping,train,meta-llama/Llama-3.1-8B-Instruct,full__all__r4,0.6000000000000001,0.0,0.16666666666666666,0.9958333333333333,0.44062500000000004,1,11
llama_3_1_8b_instruct,compiler::causal_mapping::causal_0018,causal_mapping,train,meta-llama/Llama-3.1-8B-Instruct,late__all__r16,0.4,0.0,0.5,0.9916666666666667,0.47291666666666665,1,11
llama_3_1_8b_instruct,compiler::causal_mapping::causal_0018,causal_mapping,train,meta-llama/Llama-3.1-8B-Instruct,middle__all__r16,0.8,0.16666666666666666,0.16666666666666666,0.975,0.5270833333333333,1,11
llama_3_1_8b_instruct,compiler::causal_mapping::causal_0019,causal_mapping,train,meta-llama/Llama-3.1-8B-Instruct,early__all__r16,0.1,0.0,0.0,0.9958333333333333,0.27395833333333336,1,11
llama_3_1_8b_instruct,compiler::causal_mapping::causal_0019,causal_mapping,train,meta-llama/Llama-3.1-8B-Instruct,full__all__r4,0.2,0.0,0.16666666666666666,0.9958333333333333,0.340625,1,11
llama_3_1_8b_instruct,compiler::causal_mapping::causal_0019,causal_mapping,train,meta-llama/Llama-3.1-8B-Instruct,late__all__r16,0.1,0.0,0.3333333333333333,0.9666666666666667,0.35,1,11
llama_3_1_8b_instruct,compiler::causal_mapping::causal_0019,causal_mapping,train,meta-llama/Llama-3.1-8B-Instruct,middle__all__r16,0.7,0.16666666666666666,0.16666666666666666,0.975,0.5020833333333333,1,11
llama_3_1_8b_instruct,compiler::causal_mapping::causal_0020,causal_mapping,train,meta-llama/Llama-3.1-8B-Instruct,early__all__r16,0.1,0.0,0.0,0.9875,0.27187500000000003,1,11
llama_3_1_8b_instruct,compiler::causal_mapping::causal_0020,causal_mapping,train,meta-llama/Llama-3.1-8B-Instruct,full__all__r4,0.4,0.0,0.16666666666666666,0.9958333333333333,0.390625,1,11
llama_3_1_8b_instruct,compiler::causal_mapping::causal_0020,causal_mapping,train,meta-llama/Llama-3.1-8B-Instruct,late__all__r16,0.4,0.0,0.16666666666666666,1.0,0.39166666666666666,1,11
llama_3_1_8b_instruct,compiler::causal_mapping::causal_0020,causal_mapping,train,meta-llama/Llama-3.1-8B-Instruct,middle__all__r16,0.2,0.16666666666666666,0.16666666666666666,0.9833333333333333,0.37916666666666665,1,11
llama_3_1_8b_instruct,compiler::causal_mapping::causal_0021,causal_mapping,validation,meta-llama/Llama-3.1-8B-Instruct,early__all__r16,0.1,0.0,0.0,0.9625,0.265625,1,11
llama_3_1_8b_instruct,compiler::causal_mapping::causal_0021,causal_mapping,validation,meta-llama/Llama-3.1-8B-Instruct,full__all__r4,0.5,0.3333333333333333,0.3333333333333333,1.0,0.5416666666666666,1,11
llama_3_1_8b_instruct,compiler::causal_mapping::causal_0021,causal_mapping,validation,meta-llama/Llama-3.1-8B-Instruct,late__all__r16,0.4,0.3333333333333333,0.5,1.0,0.5583333333333333,1,11
llama_3_1_8b_instruct,compiler::causal_mapping::causal_0021,causal_mapping,validation,meta-llama/Llama-3.1-8B-Instruct,middle__all__r16,1.0,0.6666666666666666,0.3333333333333333,0.9916666666666667,0.7479166666666667,1,11
llama_3_1_8b_instruct,compiler::causal_mapping::causal_0022,causal_mapping,test,meta-llama/Llama-3.1-8B-Instruct,early__all__r16,0.0,0.0,0.0,0.9874999999999999,0.24687499999999998,3,11|22|33
llama_3_1_8b_instruct,compiler::causal_mapping::causal_0022,causal_mapping,test,meta-llama/Llama-3.1-8B-Instruct,full__all__r4,0.5666666666666668,0.2222222222222222,0.27777777777777773,0.9958333333333332,0.515625,3,11|22|33
llama_3_1_8b_instruct,compiler::causal_mapping::causal_0022,causal_mapping,test,meta-llama/Llama-3.1-8B-Instruct,late__all__r16,0.6666666666666666,0.1111111111111111,0.16666666666666666,1.0,0.4861111111111111,3,11|22|33
llama_3_1_8b_instruct,compiler::causal_mapping::causal_0022,causal_mapping,test,meta-llama/Llama-3.1-8B-Instruct,middle__all__r16,0.5666666666666667,0.611111111111111,0.0,0.9847222222222222,0.5406249999999999,3,11|22|33
llama_3_1_8b_instruct,compiler::causal_mapping::causal_0023,causal_mapping,validation,meta-llama/Llama-3.1-8B-Instruct,early__all__r16,0.0,0.0,0.0,0.9875,0.246875,1,11
llama_3_1_8b_instruct,compiler::causal_mapping::causal_0023,causal_mapping,validation,meta-llama/Llama-3.1-8B-Instruct,full__all__r4,0.30000000000000004,0.0,0.5,0.9958333333333333,0.44895833333333335,1,11
llama_3_1_8b_instruct,compiler::causal_mapping::causal_0023,causal_mapping,validation,meta-llama/Llama-3.1-8B-Instruct,late__all__r16,0.1,0.0,0.3333333333333333,1.0,0.35833333333333334,1,11
llama_3_1_8b_instruct,compiler::causal_mapping::causal_0023,causal_mapping,validation,meta-llama/Llama-3.1-8B-Instruct,middle__all__r16,0.6000000000000001,0.16666666666666666,0.16666666666666666,0.9916666666666667,0.48125,1,11
llama_3_1_8b_instruct,compiler::causal_mapping::causal_0024,causal_mapping,train,meta-llama/Llama-3.1-8B-Instruct,early__all__r16,0.0,0.0,0.0,0.9833333333333333,0.24583333333333332,1,11
llama_3_1_8b_instruct,compiler::causal_mapping::causal_0024,causal_mapping,train,meta-llama/Llama-3.1-8B-Instruct,full__all__r4,0.4,0.0,0.3333333333333333,0.9916666666666667,0.43125,1,11
llama_3_1_8b_instruct,compiler::causal_mapping::causal_0024,causal_mapping,train,meta-llama/Llama-3.1-8B-Instruct,late__all__r16,0.30000000000000004,0.0,0.3333333333333333,1.0,0.4083333333333333,1,11
llama_3_1_8b_instruct,compiler::causal_mapping::causal_0024,causal_mapping,train,meta-llama/Llama-3.1-8B-Instruct,middle__all__r16,0.8,0.3333333333333333,0.0,0.9833333333333333,0.5291666666666667,1,11
llama_3_1_8b_instruct,compiler::causal_mapping::causal_0025,causal_mapping,train,meta-llama/Llama-3.1-8B-Instruct,early__all__r16,0.0,0.0,0.0,0.9833333333333333,0.24583333333333332,1,11
llama_3_1_8b_instruct,compiler::causal_mapping::causal_0025,causal_mapping,train,meta-llama/Llama-3.1-8B-Instruct,full__all__r4,0.5,0.16666666666666666,0.3333333333333333,0.9958333333333333,0.49895833333333334,1,11
llama_3_1_8b_instruct,compiler::causal_mapping::causal_0025,causal_mapping,train,meta-llama/Llama-3.1-8B-Instruct,late__all__r16,0.4,0.0,0.3333333333333333,0.9958333333333333,0.4322916666666667,1,11
llama_3_1_8b_instruct,compiler::causal_mapping::causal_0025,causal_mapping,train,meta-llama/Llama-3.1-8B-Instruct,middle__all__r16,0.6000000000000001,0.16666666666666666,0.16666666666666666,0.9833333333333333,0.4791666666666667,1,11
llama_3_1_8b_instruct,compiler::causal_mapping::causal_0026,causal_mapping,test,meta-llama/Llama-3.1-8B-Instruct,early__all__r16,0.06666666666666667,0.0,0.0,0.9861111111111112,0.26319444444444445,3,11|22|33
llama_3_1_8b_instruct,compiler::causal_mapping::causal_0026,causal_mapping,test,meta-llama/Llama-3.1-8B-Instruct,full__all__r4,0.43333333333333335,0.0,0.1111111111111111,0.9958333333333332,0.3850694444444444,3,11|22|33
llama_3_1_8b_instruct,compiler::causal_mapping::causal_0026,causal_mapping,test,meta-llama/Llama-3.1-8B-Instruct,late__all__r16,0.5666666666666668,0.0,0.16666666666666666,0.9986111111111112,0.4329861111111112,3,11|22|33
llama_3_1_8b_instruct,compiler::causal_mapping::causal_0026,causal_mapping,test,meta-llama/Llama-3.1-8B-Instruct,middle__all__r16,0.7999999999999999,0.2222222222222222,0.1111111111111111,0.9736111111111111,0.5267361111111111,3,11|22|33
llama_3_1_8b_instruct,compiler::causal_mapping::causal_0027,causal_mapping,test,meta-llama/Llama-3.1-8B-Instruct,early__all__r16,0.10000000000000002,0.0,0.0,0.9944444444444445,0.27361111111111114,3,11|22|33
llama_3_1_8b_instruct,compiler::causal_mapping::causal_0027,causal_mapping,test,meta-llama/Llama-3.1-8B-Instruct,full__all__r4,0.10000000000000002,0.0,0.0,0.9986111111111112,0.2746527777777778,3,11|22|33
llama_3_1_8b_instruct,compiler::causal_mapping::causal_0027,causal_mapping,test,meta-llama/Llama-3.1-8B-Instruct,late__all__r16,0.26666666666666666,0.0,0.16666666666666666,1.0,0.35833333333333334,3,11|22|33
llama_3_1_8b_instruct,compiler::causal_mapping::causal_0027,causal_mapping,test,meta-llama/Llama-3.1-8B-Instruct,middle__all__r16,0.23333333333333336,0.0,0.0,0.9763888888888889,0.30243055555555554,3,11|22|33
llama_3_1_8b_instruct,compiler::causal_mapping::causal_0028,causal_mapping,validation,meta-llama/Llama-3.1-8B-Instruct,early__all__r16,0.0,0.0,0.0,0.975,0.24375,1,11
llama_3_1_8b_instruct,compiler::causal_mapping::causal_0028,causal_mapping,validation,meta-llama/Llama-3.1-8B-Instruct,full__all__r4,0.6000000000000001,0.0,0.0,0.9958333333333333,0.39895833333333336,1,11
llama_3_1_8b_instruct,compiler::causal_mapping::causal_0028,causal_mapping,validation,meta-llama/Llama-3.1-8B-Instruct,late__all__r16,0.4,0.0,0.5,0.9916666666666667,0.47291666666666665,1,11
llama_3_1_8b_instruct,compiler::causal_mapping::causal_0028,causal_mapping,validation,meta-llama/Llama-3.1-8B-Instruct,middle__all__r16,0.9,0.16666666666666666,0.16666666666666666,0.9833333333333333,0.5541666666666667,1,11
llama_3_1_8b_instruct,compiler::causal_mapping::causal_0029,causal_mapping,validation,meta-llama/Llama-3.1-8B-Instruct,early__all__r16,0.1,0.0,0.0,0.9958333333333333,0.27395833333333336,1,11
llama_3_1_8b_instruct,compiler::causal_mapping::causal_0029,causal_mapping,validation,meta-llama/Llama-3.1-8B-Instruct,full__all__r4,0.3,0.0,0.0,0.9958333333333333,0.32395833333333335,1,11
llama_3_1_8b_instruct,compiler::causal_mapping::causal_0029,causal_mapping,validation,meta-llama/Llama-3.1-8B-Instruct,late__all__r16,0.1,0.0,0.3333333333333333,0.9666666666666667,0.35,1,11
llama_3_1_8b_instruct,compiler::causal_mapping::causal_0029,causal_mapping,validation,meta-llama/Llama-3.1-8B-Instruct,middle__all__r16,0.6,0.0,0.16666666666666666,0.9625,0.4322916666666667,1,11
llama_3_1_8b_instruct,compiler::causal_mapping::causal_0030,causal_mapping,train,meta-llama/Llama-3.1-8B-Instruct,early__all__r16,0.1,0.0,0.0,0.9916666666666667,0.2729166666666667,1,11
llama_3_1_8b_instruct,compiler::causal_mapping::causal_0030,causal_mapping,train,meta-llama/Llama-3.1-8B-Instruct,full__all__r4,0.4,0.0,0.16666666666666666,0.9958333333333333,0.390625,1,11
llama_3_1_8b_instruct,compiler::causal_mapping::causal_0030,causal_mapping,train,meta-llama/Llama-3.1-8B-Instruct,late__all__r16,0.4,0.0,0.16666666666666666,1.0,0.39166666666666666,1,11
llama_3_1_8b_instruct,compiler::causal_mapping::causal_0030,causal_mapping,train,meta-llama/Llama-3.1-8B-Instruct,middle__all__r16,0.1,0.0,0.16666666666666666,0.9875,0.31354166666666666,1,11
llama_3_1_8b_instruct,compiler::causal_mapping::causal_0031,causal_mapping,train,meta-llama/Llama-3.1-8B-Instruct,early__all__r16,0.1,0.0,0.0,0.9625,0.265625,1,11
llama_3_1_8b_instruct,compiler::causal_mapping::causal_0031,causal_mapping,train,meta-llama/Llama-3.1-8B-Instruct,full__all__r4,0.5,0.3333333333333333,0.5,1.0,0.5833333333333334,1,11
llama_3_1_8b_instruct,compiler::causal_mapping::causal_0031,causal_mapping,train,meta-llama/Llama-3.1-8B-Instruct,late__all__r16,0.4,0.3333333333333333,0.3333333333333333,1.0,0.5166666666666666,1,11
llama_3_1_8b_instruct,compiler::causal_mapping::causal_0031,causal_mapping,train,meta-llama/Llama-3.1-8B-Instruct,middle__all__r16,1.0,0.6666666666666666,0.3333333333333333,0.9916666666666667,0.7479166666666667,1,11
llama_3_1_8b_instruct,compiler::causal_mapping::causal_0032,causal_mapping,train,meta-llama/Llama-3.1-8B-Instruct,early__all__r16,0.0,0.0,0.0,0.9958333333333333,0.24895833333333334,1,11
llama_3_1_8b_instruct,compiler::causal_mapping::causal_0032,causal_mapping,train,meta-llama/Llama-3.1-8B-Instruct,full__all__r4,0.30000000000000004,0.16666666666666666,0.16666666666666666,0.9958333333333333,0.40729166666666666,1,11
llama_3_1_8b_instruct,compiler::causal_mapping::causal_0032,causal_mapping,train,meta-llama/Llama-3.1-8B-Instruct,late__all__r16,0.5,0.0,0.16666666666666666,1.0,0.4166666666666667,1,11
llama_3_1_8b_instruct,compiler::causal_mapping::causal_0032,causal_mapping,train,meta-llama/Llama-3.1-8B-Instruct,middle__all__r16,0.5,0.3333333333333333,0.0,0.9833333333333333,0.45416666666666666,1,11
llama_3_1_8b_instruct,compiler::causal_mapping::causal_0033,causal_mapping,train,meta-llama/Llama-3.1-8B-Instruct,early__all__r16,0.1,0.0,0.0,0.9875,0.27187500000000003,1,11
llama_3_1_8b_instruct,compiler::causal_mapping::causal_0033,causal_mapping,train,meta-llama/Llama-3.1-8B-Instruct,full__all__r4,0.2,0.0,0.5,0.9958333333333333,0.4239583333333333,1,11
llama_3_1_8b_instruct,compiler::causal_mapping::causal_0033,causal_mapping,train,meta-llama/Llama-3.1-8B-Instruct,late__all__r16,0.1,0.0,0.3333333333333333,1.0,0.35833333333333334,1,11
llama_3_1_8b_instruct,compiler::causal_mapping::causal_0033,causal_mapping,train,meta-llama/Llama-3.1-8B-Instruct,middle__all__r16,0.4,0.3333333333333333,0.0,0.9916666666666667,0.43125,1,11
llama_3_1_8b_instruct,compiler::causal_mapping::causal_0034,causal_mapping,test,meta-llama/Llama-3.1-8B-Instruct,early__all__r16,0.03333333333333333,0.0,0.0,0.9791666666666666,0.253125,3,11|22|33
llama_3_1_8b_instruct,compiler::causal_mapping::causal_0034,causal_mapping,test,meta-llama/Llama-3.1-8B-Instruct,full__all__r4,0.5666666666666668,0.1111111111111111,0.27777777777777773,0.9944444444444445,0.48750000000000004,3,11|22|33
llama_3_1_8b_instruct,compiler::causal_mapping::causal_0034,causal_mapping,test,meta-llama/Llama-3.1-8B-Instruct,late__all__r16,0.3333333333333333,0.16666666666666666,0.27777777777777773,0.9986111111111112,0.44409722222222225,3,11|22|33
llama_3_1_8b_instruct,compiler::causal_mapping::causal_0034,causal_mapping,test,meta-llama/Llama-3.1-8B-Instruct,middle__all__r16,0.7999999999999999,0.2222222222222222,0.0,0.9791666666666666,0.5003472222222222,3,11|22|33
llama_3_1_8b_instruct,compiler::causal_mapping::causal_0035,causal_mapping,train,meta-llama/Llama-3.1-8B-Instruct,early__all__r16,0.0,0.0,0.0,0.9833333333333333,0.24583333333333332,1,11
llama_3_1_8b_instruct,compiler::causal_mapping::causal_0035,causal_mapping,train,meta-llama/Llama-3.1-8B-Instruct,full__all__r4,0.6000000000000001,0.16666666666666666,0.3333333333333333,0.9958333333333333,0.5239583333333333,1,11
llama_3_1_8b_instruct,compiler::causal_mapping::causal_0035,causal_mapping,train,meta-llama/Llama-3.1-8B-Instruct,late__all__r16,0.4,0.0,0.3333333333333333,0.9916666666666667,0.43125,1,11
llama_3_1_8b_instruct,compiler::causal_mapping::causal_0035,causal_mapping,train,meta-llama/Llama-3.1-8B-Instruct,middle__all__r16,0.6000000000000001,0.16666666666666666,0.16666666666666666,0.9791666666666666,0.478125,1,11
llama_3_1_8b_instruct,compiler::causal_mapping::causal_0036,causal_mapping,test,meta-llama/Llama-3.1-8B-Instruct,early__all__r16,0.06666666666666667,0.0,0.0,0.9861111111111112,0.26319444444444445,3,11|22|33
llama_3_1_8b_instruct,compiler::causal_mapping::causal_0036,causal_mapping,test,meta-llama/Llama-3.1-8B-Instruct,full__all__r4,0.4666666666666666,0.0,0.16666666666666666,0.9958333333333332,0.4072916666666666,3,11|22|33
llama_3_1_8b_instruct,compiler::causal_mapping::causal_0036,causal_mapping,test,meta-llama/Llama-3.1-8B-Instruct,late__all__r16,0.43333333333333335,0.0,0.16666666666666666,0.9972222222222222,0.3993055555555556,3,11|22|33
llama_3_1_8b_instruct,compiler::causal_mapping::causal_0036,causal_mapping,test,meta-llama/Llama-3.1-8B-Instruct,middle__all__r16,0.7999999999999999,0.3333333333333333,0.1111111111111111,0.9722222222222222,0.5541666666666667,3,11|22|33
llama_3_1_8b_instruct,compiler::causal_mapping::causal_0037,causal_mapping,train,meta-llama/Llama-3.1-8B-Instruct,early__all__r16,0.1,0.0,0.0,0.9958333333333333,0.27395833333333336,1,11
llama_3_1_8b_instruct,compiler::causal_mapping::causal_0037,causal_mapping,train,meta-llama/Llama-3.1-8B-Instruct,full__all__r4,0.1,0.0,0.0,0.9958333333333333,0.27395833333333336,1,11
llama_3_1_8b_instruct,compiler::causal_mapping::causal_0037,causal_mapping,train,meta-llama/Llama-3.1-8B-Instruct,late__all__r16,0.2,0.0,0.16666666666666666,1.0,0.3416666666666667,1,11
llama_3_1_8b_instruct,compiler::causal_mapping::causal_0037,causal_mapping,train,meta-llama/Llama-3.1-8B-Instruct,middle__all__r16,0.2,0.0,0.0,0.9791666666666666,0.2947916666666667,1,11
llama_3_1_8b_instruct,compiler::causal_mapping::causal_0038,causal_mapping,train,meta-llama/Llama-3.1-8B-Instruct,early__all__r16,0.0,0.0,0.0,0.9833333333333333,0.24583333333333332,1,11
llama_3_1_8b_instruct,compiler::causal_mapping::causal_0038,causal_mapping,train,meta-llama/Llama-3.1-8B-Instruct,full__all__r4,0.5,0.0,0.0,0.9958333333333333,0.37395833333333334,1,11
llama_3_1_8b_instruct,compiler::causal_mapping::causal_0038,causal_mapping,train,meta-llama/Llama-3.1-8B-Instruct,late__all__r16,0.4,0.0,0.5,0.9916666666666667,0.47291666666666665,1,11
llama_3_1_8b_instruct,compiler::causal_mapping::causal_0038,causal_mapping,train,meta-llama/Llama-3.1-8B-Instruct,middle__all__r16,0.7,0.0,0.16666666666666666,0.9875,0.4635416666666667,1,11
llama_3_1_8b_instruct,compiler::causal_mapping::causal_0039,causal_mapping,test,meta-llama/Llama-3.1-8B-Instruct,early__all__r16,0.10000000000000002,0.0,0.0,0.9930555555555557,0.2732638888888889,3,11|22|33
llama_3_1_8b_instruct,compiler::causal_mapping::causal_0039,causal_mapping,test,meta-llama/Llama-3.1-8B-Instruct,full__all__r4,0.3333333333333333,0.0,0.0,0.9958333333333332,0.33229166666666665,3,11|22|33
llama_3_1_8b_instruct,compiler::causal_mapping::causal_0039,causal_mapping,test,meta-llama/Llama-3.1-8B-Instruct,late__all__r16,0.26666666666666666,0.0,0.3333333333333333,0.9583333333333334,0.38958333333333334,3,11|22|33
llama_3_1_8b_instruct,compiler::causal_mapping::causal_0039,causal_mapping,test,meta-llama/Llama-3.1-8B-Instruct,middle__all__r16,0.5,0.16666666666666666,0.16666666666666666,0.9708333333333333,0.4510416666666667,3,11|22|33
llama_3_1_8b_instruct,compiler::causal_mapping::causal_0040,causal_mapping,train,meta-llama/Llama-3.1-8B-Instruct,early__all__r16,0.1,0.0,0.0,0.9916666666666667,0.2729166666666667,1,11
llama_3_1_8b_instruct,compiler::causal_mapping::causal_0040,causal_mapping,train,meta-llama/Llama-3.1-8B-Instruct,full__all__r4,0.4,0.0,0.16666666666666666,0.9958333333333333,0.390625,1,11
llama_3_1_8b_instruct,compiler::causal_mapping::causal_0040,causal_mapping,train,meta-llama/Llama-3.1-8B-Instruct,late__all__r16,0.4,0.0,0.16666666666666666,1.0,0.39166666666666666,1,11
llama_3_1_8b_instruct,compiler::causal_mapping::causal_0040,causal_mapping,train,meta-llama/Llama-3.1-8B-Instruct,middle__all__r16,0.3,0.0,0.16666666666666666,0.9833333333333333,0.3625,1,11
llama_3_1_8b_instruct,compiler::causal_mapping::causal_0041,causal_mapping,train,meta-llama/Llama-3.1-8B-Instruct,early__all__r16,0.1,0.0,0.0,0.9666666666666667,0.26666666666666666,1,11
llama_3_1_8b_instruct,compiler::causal_mapping::causal_0041,causal_mapping,train,meta-llama/Llama-3.1-8B-Instruct,full__all__r4,0.5,0.3333333333333333,0.5,1.0,0.5833333333333334,1,11
llama_3_1_8b_instruct,compiler::causal_mapping::causal_0041,causal_mapping,train,meta-llama/Llama-3.1-8B-Instruct,late__all__r16,0.5,0.3333333333333333,0.5,1.0,0.5833333333333334,1,11
llama_3_1_8b_instruct,compiler::causal_mapping::causal_0041,causal_mapping,train,meta-llama/Llama-3.1-8B-Instruct,middle__all__r16,1.0,0.6666666666666666,0.3333333333333333,0.9875,0.746875,1,11
llama_3_1_8b_instruct,compiler::causal_mapping::causal_0042,causal_mapping,train,meta-llama/Llama-3.1-8B-Instruct,early__all__r16,0.0,0.0,0.0,0.9916666666666667,0.24791666666666667,1,11
llama_3_1_8b_instruct,compiler::causal_mapping::causal_0042,causal_mapping,train,meta-llama/Llama-3.1-8B-Instruct,full__all__r4,0.5,0.0,0.16666666666666666,0.9958333333333333,0.415625,1,11
llama_3_1_8b_instruct,compiler::causal_mapping::causal_0042,causal_mapping,train,meta-llama/Llama-3.1-8B-Instruct,late__all__r16,0.7,0.0,0.16666666666666666,1.0,0.4666666666666667,1,11
llama_3_1_8b_instruct,compiler::causal_mapping::causal_0042,causal_mapping,train,meta-llama/Llama-3.1-8B-Instruct,middle__all__r16,0.4,0.3333333333333333,0.0,0.9833333333333333,0.42916666666666664,1,11
llama_3_1_8b_instruct,compiler::causal_mapping::causal_0043,causal_mapping,train,meta-llama/Llama-3.1-8B-Instruct,early__all__r16,0.1,0.0,0.0,0.9875,0.27187500000000003,1,11
llama_3_1_8b_instruct,compiler::causal_mapping::causal_0043,causal_mapping,train,meta-llama/Llama-3.1-8B-Instruct,full__all__r4,0.2,0.0,0.5,0.9958333333333333,0.4239583333333333,1,11
llama_3_1_8b_instruct,compiler::causal_mapping::causal_0043,causal_mapping,train,meta-llama/Llama-3.1-8B-Instruct,late__all__r16,0.1,0.0,0.3333333333333333,1.0,0.35833333333333334,1,11
llama_3_1_8b_instruct,compiler::causal_mapping::causal_0043,causal_mapping,train,meta-llama/Llama-3.1-8B-Instruct,middle__all__r16,0.4,0.3333333333333333,0.16666666666666666,0.9916666666666667,0.47291666666666665,1,11
llama_3_1_8b_instruct,compiler::causal_mapping::causal_0044,causal_mapping,test,meta-llama/Llama-3.1-8B-Instruct,early__all__r16,0.03333333333333333,0.0,0.0,0.9819444444444444,0.25381944444444443,3,11|22|33
llama_3_1_8b_instruct,compiler::causal_mapping::causal_0044,causal_mapping,test,meta-llama/Llama-3.1-8B-Instruct,full__all__r4,0.43333333333333335,0.16666666666666666,0.3333333333333333,0.9958333333333332,0.4822916666666666,3,11|22|33
llama_3_1_8b_instruct,compiler::causal_mapping::causal_0044,causal_mapping,test,meta-llama/Llama-3.1-8B-Instruct,late__all__r16,0.3333333333333333,0.16666666666666666,0.27777777777777773,1.0,0.4444444444444444,3,11|22|33
llama_3_1_8b_instruct,compiler::causal_mapping::causal_0044,causal_mapping,test,meta-llama/Llama-3.1-8B-Instruct,middle__all__r16,0.8333333333333334,0.3333333333333333,0.0,0.9763888888888889,0.5357638888888889,3,11|22|33
llama_3_1_8b_instruct,compiler::causal_mapping::causal_0045,causal_mapping,test,meta-llama/Llama-3.1-8B-Instruct,early__all__r16,0.0,0.0,0.0,0.9861111111111112,0.2465277777777778,3,11|22|33
llama_3_1_8b_instruct,compiler::causal_mapping::causal_0045,causal_mapping,test,meta-llama/Llama-3.1-8B-Instruct,full__all__r4,0.6,0.27777777777777773,0.5,0.9958333333333332,0.5934027777777777,3,11|22|33
llama_3_1_8b_instruct,compiler::causal_mapping::causal_0045,causal_mapping,test,meta-llama/Llama-3.1-8B-Instruct,late__all__r16,0.3333333333333333,0.0,0.2222222222222222,0.9902777777777777,0.3864583333333333,3,11|22|33
llama_3_1_8b_instruct,compiler::causal_mapping::causal_0045,causal_mapping,test,meta-llama/Llama-3.1-8B-Instruct,middle__all__r16,0.7666666666666666,0.4444444444444444,0.27777777777777773,0.975,0.6159722222222221,3,11|22|33
llama_3_1_8b_instruct,compiler::causal_mapping::causal_0046,causal_mapping,train,meta-llama/Llama-3.1-8B-Instruct,early__all__r16,0.1,0.0,0.0,0.9875,0.27187500000000003,1,11
llama_3_1_8b_instruct,compiler::causal_mapping::causal_0046,causal_mapping,train,meta-llama/Llama-3.1-8B-Instruct,full__all__r4,0.2,0.0,0.0,0.9958333333333333,0.2989583333333333,1,11
llama_3_1_8b_instruct,compiler::causal_mapping::causal_0046,causal_mapping,train,meta-llama/Llama-3.1-8B-Instruct,late__all__r16,0.5,0.0,0.16666666666666666,1.0,0.4166666666666667,1,11
llama_3_1_8b_instruct,compiler::causal_mapping::causal_0046,causal_mapping,train,meta-llama/Llama-3.1-8B-Instruct,middle__all__r16,0.9,0.16666666666666666,0.16666666666666666,0.9708333333333333,0.5510416666666667,1,11
llama_3_1_8b_instruct,compiler::causal_mapping::causal_0047,causal_mapping,test,meta-llama/Llama-3.1-8B-Instruct,early__all__r16,0.10000000000000002,0.0,0.0,0.9958333333333332,0.2739583333333333,3,11|22|33
llama_3_1_8b_instruct,compiler::causal_mapping::causal_0047,causal_mapping,test,meta-llama/Llama-3.1-8B-Instruct,full__all__r4,0.10000000000000002,0.0,0.0,0.9986111111111112,0.2746527777777778,3,11|22|33
llama_3_1_8b_instruct,compiler::causal_mapping::causal_0047,causal_mapping,test,meta-llama/Llama-3.1-8B-Instruct,late__all__r16,0.26666666666666666,0.0,0.16666666666666666,1.0,0.35833333333333334,3,11|22|33
llama_3_1_8b_instruct,compiler::causal_mapping::causal_0047,causal_mapping,test,meta-llama/Llama-3.1-8B-Instruct,middle__all__r16,0.23333333333333336,0.0,0.0,0.9777777777777777,0.30277777777777776,3,11|22|33
llama_3_1_8b_instruct,compiler::causal_mapping::causal_0048,causal_mapping,train,meta-llama/Llama-3.1-8B-Instruct,early__all__r16,0.0,0.0,0.0,0.975,0.24375,1,11
llama_3_1_8b_instruct,compiler::causal_mapping::causal_0048,causal_mapping,train,meta-llama/Llama-3.1-8B-Instruct,full__all__r4,0.6000000000000001,0.0,0.0,0.9958333333333333,0.39895833333333336,1,11
llama_3_1_8b_instruct,compiler::causal_mapping::causal_0048,causal_mapping,train,meta-llama/Llama-3.1-8B-Instruct,late__all__r16,0.4,0.0,0.5,1.0,0.475,1,11
llama_3_1_8b_instruct,compiler::causal_mapping::causal_0048,causal_mapping,train,meta-llama/Llama-3.1-8B-Instruct,middle__all__r16,0.7,0.16666666666666666,0.16666666666666666,0.9833333333333333,0.5041666666666667,1,11
llama_3_1_8b_instruct,compiler::causal_mapping::causal_0049,causal_mapping,train,meta-llama/Llama-3.1-8B-Instruct,early__all__r16,0.1,0.0,0.0,0.9958333333333333,0.27395833333333336,1,11
llama_3_1_8b_instruct,compiler::causal_mapping::causal_0049,causal_mapping,train,meta-llama/Llama-3.1-8B-Instruct,full__all__r4,0.3,0.0,0.0,0.9958333333333333,0.32395833333333335,1,11
llama_3_1_8b_instruct,compiler::causal_mapping::causal_0049,causal_mapping,train,meta-llama/Llama-3.1-8B-Instruct,late__all__r16,0.2,0.0,0.3333333333333333,0.9708333333333333,0.37604166666666666,1,11
llama_3_1_8b_instruct,compiler::causal_mapping::causal_0049,causal_mapping,train,meta-llama/Llama-3.1-8B-Instruct,middle__all__r16,0.9,0.0,0.16666666666666666,0.975,0.5104166666666666,1,11
llama_3_1_8b_instruct,compiler::causal_mapping::causal_0050,causal_mapping,train,meta-llama/Llama-3.1-8B-Instruct,early__all__r16,0.1,0.0,0.0,0.9916666666666667,0.2729166666666667,1,11
llama_3_1_8b_instruct,compiler::causal_mapping::causal_0050,causal_mapping,train,meta-llama/Llama-3.1-8B-Instruct,full__all__r4,0.4,0.0,0.16666666666666666,0.9958333333333333,0.390625,1,11
llama_3_1_8b_instruct,compiler::causal_mapping::causal_0050,causal_mapping,train,meta-llama/Llama-3.1-8B-Instruct,late__all__r16,0.4,0.0,0.16666666666666666,1.0,0.39166666666666666,1,11
llama_3_1_8b_instruct,compiler::causal_mapping::causal_0050,causal_mapping,train,meta-llama/Llama-3.1-8B-Instruct,middle__all__r16,0.2,0.0,0.16666666666666666,0.9833333333333333,0.33749999999999997,1,11
llama_3_1_8b_instruct,compiler::causal_mapping::causal_0051,causal_mapping,train,meta-llama/Llama-3.1-8B-Instruct,early__all__r16,0.1,0.0,0.0,0.9625,0.265625,1,11
llama_3_1_8b_instruct,compiler::causal_mapping::causal_0051,causal_mapping,train,meta-llama/Llama-3.1-8B-Instruct,full__all__r4,0.5,0.3333333333333333,0.5,1.0,0.5833333333333334,1,11
llama_3_1_8b_instruct,compiler::causal_mapping::causal_0051,causal_mapping,train,meta-llama/Llama-3.1-8B-Instruct,late__all__r16,0.5,0.3333333333333333,0.5,1.0,0.5833333333333334,1,11
llama_3_1_8b_instruct,compiler::causal_mapping::causal_0051,causal_mapping,train,meta-llama/Llama-3.1-8B-Instruct,middle__all__r16,1.0,0.6666666666666666,0.3333333333333333,0.9875,0.746875,1,11
llama_3_1_8b_instruct,compiler::causal_mapping::causal_0052,causal_mapping,train,meta-llama/Llama-3.1-8B-Instruct,early__all__r16,0.0,0.0,0.0,0.9916666666666667,0.24791666666666667,1,11
llama_3_1_8b_instruct,compiler::causal_mapping::causal_0052,causal_mapping,train,meta-llama/Llama-3.1-8B-Instruct,full__all__r4,0.30000000000000004,0.3333333333333333,0.16666666666666666,0.9958333333333333,0.44895833333333335,1,11
llama_3_1_8b_instruct,compiler::causal_mapping::causal_0052,causal_mapping,train,meta-llama/Llama-3.1-8B-Instruct,late__all__r16,0.7,0.3333333333333333,0.16666666666666666,0.9958333333333333,0.5489583333333333,1,11
llama_3_1_8b_instruct,compiler::causal_mapping::causal_0052,causal_mapping,train,meta-llama/Llama-3.1-8B-Instruct,middle__all__r16,0.6,0.5,0.0,0.9833333333333333,0.5208333333333333,1,11
llama_3_1_8b_instruct,compiler::causal_mapping::causal_0053,causal_mapping,test,meta-llama/Llama-3.1-8B-Instruct,early__all__r16,0.06666666666666667,0.0,0.0,0.9888888888888889,0.2638888888888889,3,11|22|33
llama_3_1_8b_instruct,compiler::causal_mapping::causal_0053,causal_mapping,test,meta-llama/Llama-3.1-8B-Instruct,full__all__r4,0.26666666666666666,0.0,0.5,0.9958333333333332,0.440625,3,11|22|33
llama_3_1_8b_instruct,compiler::causal_mapping::causal_0053,causal_mapping,test,meta-llama/Llama-3.1-8B-Instruct,late__all__r16,0.10000000000000002,0.0,0.27777777777777773,1.0,0.34444444444444444,3,11|22|33
llama_3_1_8b_instruct,compiler::causal_mapping::causal_0053,causal_mapping,test,meta-llama/Llama-3.1-8B-Instruct,middle__all__r16,0.5,0.3333333333333333,0.1111111111111111,0.9902777777777777,0.48368055555555556,3,11|22|33
llama_3_1_8b_instruct,compiler::causal_mapping::causal_0054,causal_mapping,train,meta-llama/Llama-3.1-8B-Instruct,early__all__r16,0.0,0.0,0.0,0.9833333333333333,0.24583333333333332,1,11
llama_3_1_8b_instruct,compiler::causal_mapping::causal_0054,causal_mapping,train,meta-llama/Llama-3.1-8B-Instruct,full__all__r4,0.5,0.0,0.3333333333333333,0.9916666666666667,0.45625,1,11
llama_3_1_8b_instruct,compiler::causal_mapping::causal_0054,causal_mapping,train,meta-llama/Llama-3.1-8B-Instruct,late__all__r16,0.30000000000000004,0.0,0.3333333333333333,1.0,0.4083333333333333,1,11
llama_3_1_8b_instruct,compiler::causal_mapping::causal_0054,causal_mapping,train,meta-llama/Llama-3.1-8B-Instruct,middle__all__r16,0.7,0.3333333333333333,0.0,0.9833333333333333,0.5041666666666667,1,11
llama_3_1_8b_instruct,compiler::causal_mapping::causal_0055,causal_mapping,train,meta-llama/Llama-3.1-8B-Instruct,early__all__r16,0.0,0.0,0.0,0.9833333333333333,0.24583333333333332,1,11
llama_3_1_8b_instruct,compiler::causal_mapping::causal_0055,causal_mapping,train,meta-llama/Llama-3.1-8B-Instruct,full__all__r4,0.5,0.16666666666666666,0.3333333333333333,0.9958333333333333,0.49895833333333334,1,11
llama_3_1_8b_instruct,compiler::causal_mapping::causal_0055,causal_mapping,train,meta-llama/Llama-3.1-8B-Instruct,late__all__r16,0.30000000000000004,0.0,0.3333333333333333,1.0,0.4083333333333333,1,11
llama_3_1_8b_instruct,compiler::causal_mapping::causal_0055,causal_mapping,train,meta-llama/Llama-3.1-8B-Instruct,middle__all__r16,0.6000000000000001,0.16666666666666666,0.16666666666666666,0.9833333333333333,0.4791666666666667,1,11
llama_3_1_8b_instruct,compiler::causal_mapping::causal_0056,causal_mapping,train,meta-llama/Llama-3.1-8B-Instruct,early__all__r16,0.1,0.0,0.0,0.9875,0.27187500000000003,1,11
llama_3_1_8b_instruct,compiler::causal_mapping::causal_0056,causal_mapping,train,meta-llama/Llama-3.1-8B-Instruct,full__all__r4,0.4,0.0,0.0,0.9958333333333333,0.34895833333333337,1,11
llama_3_1_8b_instruct,compiler::causal_mapping::causal_0056,causal_mapping,train,meta-llama/Llama-3.1-8B-Instruct,late__all__r16,0.5,0.0,0.16666666666666666,1.0,0.4166666666666667,1,11
llama_3_1_8b_instruct,compiler::causal_mapping::causal_0056,causal_mapping,train,meta-llama/Llama-3.1-8B-Instruct,middle__all__r16,0.9,0.16666666666666666,0.0,0.9708333333333333,0.509375,1,11
llama_3_1_8b_instruct,compiler::causal_mapping::causal_0057,causal_mapping,train,meta-llama/Llama-3.1-8B-Instruct,early__all__r16,0.1,0.0,0.0,0.9958333333333333,0.27395833333333336,1,11
llama_3_1_8b_instruct,compiler::causal_mapping::causal_0057,causal_mapping,train,meta-llama/Llama-3.1-8B-Instruct,full__all__r4,0.1,0.0,0.0,0.9958333333333333,0.27395833333333336,1,11
llama_3_1_8b_instruct,compiler::causal_mapping::causal_0057,causal_mapping,train,meta-llama/Llama-3.1-8B-Instruct,late__all__r16,0.30000000000000004,0.0,0.16666666666666666,1.0,0.3666666666666667,1,11
llama_3_1_8b_instruct,compiler::causal_mapping::causal_0057,causal_mapping,train,meta-llama/Llama-3.1-8B-Instruct,middle__all__r16,0.2,0.0,0.0,0.975,0.29375,1,11
llama_3_1_8b_instruct,compiler::causal_mapping::causal_0058,causal_mapping,validation,meta-llama/Llama-3.1-8B-Instruct,early__all__r16,0.0,0.0,0.0,0.975,0.24375,1,11
llama_3_1_8b_instruct,compiler::causal_mapping::causal_0058,causal_mapping,validation,meta-llama/Llama-3.1-8B-Instruct,full__all__r4,0.6000000000000001,0.0,0.16666666666666666,0.9958333333333333,0.44062500000000004,1,11
llama_3_1_8b_instruct,compiler::causal_mapping::causal_0058,causal_mapping,validation,meta-llama/Llama-3.1-8B-Instruct,late__all__r16,0.6000000000000001,0.0,0.5,0.9875,0.5218750000000001,1,11
llama_3_1_8b_instruct,compiler::causal_mapping::causal_0058,causal_mapping,validation,meta-llama/Llama-3.1-8B-Instruct,middle__all__r16,0.7,0.0,0.0,0.9916666666666667,0.42291666666666666,1,11
llama_3_1_8b_instruct,compiler::causal_mapping::causal_0059,causal_mapping,train,meta-llama/Llama-3.1-8B-Instruct,early__all__r16,0.1,0.0,0.0,0.9958333333333333,0.27395833333333336,1,11
llama_3_1_8b_instruct,compiler::causal_mapping::causal_0059,causal_mapping,train,meta-llama/Llama-3.1-8B-Instruct,full__all__r4,0.1,0.0,0.0,0.9958333333333333,0.27395833333333336,1,11
llama_3_1_8b_instruct,compiler::causal_mapping::causal_0059,causal_mapping,train,meta-llama/Llama-3.1-8B-Instruct,late__all__r16,0.1,0.0,0.3333333333333333,0.9625,0.3489583333333333,1,11
llama_3_1_8b_instruct,compiler::causal_mapping::causal_0059,causal_mapping,train,meta-llama/Llama-3.1-8B-Instruct,middle__all__r16,0.6,0.0,0.16666666666666666,0.9666666666666667,0.43333333333333335,1,11
llama_3_1_8b_instruct,compiler::causal_mapping::causal_0060,causal_mapping,train,meta-llama/Llama-3.1-8B-Instruct,early__all__r16,0.1,0.0,0.0,0.9916666666666667,0.2729166666666667,1,11
llama_3_1_8b_instruct,compiler::causal_mapping::causal_0060,causal_mapping,train,meta-llama/Llama-3.1-8B-Instruct,full__all__r4,0.4,0.0,0.16666666666666666,0.9958333333333333,0.390625,1,11
llama_3_1_8b_instruct,compiler::causal_mapping::causal_0060,causal_mapping,train,meta-llama/Llama-3.1-8B-Instruct,late__all__r16,0.30000000000000004,0.0,0.16666666666666666,1.0,0.3666666666666667,1,11
llama_3_1_8b_instruct,compiler::causal_mapping::causal_0060,causal_mapping,train,meta-llama/Llama-3.1-8B-Instruct,middle__all__r16,0.1,0.0,0.16666666666666666,0.9833333333333333,0.3125,1,11
llama_3_1_8b_instruct,compiler::causal_mapping::causal_0061,causal_mapping,train,meta-llama/Llama-3.1-8B-Instruct,early__all__r16,0.0,0.0,0.0,0.9666666666666667,0.24166666666666667,1,11
llama_3_1_8b_instruct,compiler::causal_mapping::causal_0061,causal_mapping,train,meta-llama/Llama-3.1-8B-Instruct,full__all__r4,0.5,0.16666666666666666,0.5,1.0,0.5416666666666666,1,11
llama_3_1_8b_instruct,compiler::causal_mapping::causal_0061,causal_mapping,train,meta-llama/Llama-3.1-8B-Instruct,late__all__r16,0.5,0.3333333333333333,0.5,1.0,0.5833333333333334,1,11
llama_3_1_8b_instruct,compiler::causal_mapping::causal_0061,causal_mapping,train,meta-llama/Llama-3.1-8B-Instruct,middle__all__r16,1.0,0.6666666666666666,0.3333333333333333,0.9916666666666667,0.7479166666666667,1,11
llama_3_1_8b_instruct,compiler::causal_mapping::causal_0062,causal_mapping,train,meta-llama/Llama-3.1-8B-Instruct,early__all__r16,0.1,0.0,0.0,0.9916666666666667,0.2729166666666667,1,11
llama_3_1_8b_instruct,compiler::causal_mapping::causal_0062,causal_mapping,train,meta-llama/Llama-3.1-8B-Instruct,full__all__r4,0.4,0.3333333333333333,0.3333333333333333,0.9958333333333333,0.515625,1,11
llama_3_1_8b_instruct,compiler::causal_mapping::causal_0062,causal_mapping,train,meta-llama/Llama-3.1-8B-Instruct,late__all__r16,0.7,0.3333333333333333,0.16666666666666666,0.9916666666666667,0.5479166666666666,1,11
llama_3_1_8b_instruct,compiler::causal_mapping::causal_0062,causal_mapping,train,meta-llama/Llama-3.1-8B-Instruct,middle__all__r16,0.5,0.3333333333333333,0.0,0.9875,0.4552083333333333,1,11
llama_3_1_8b_instruct,compiler::causal_mapping::causal_0063,causal_mapping,train,meta-llama/Llama-3.1-8B-Instruct,early__all__r16,0.1,0.0,0.0,0.9875,0.27187500000000003,1,11
llama_3_1_8b_instruct,compiler::causal_mapping::causal_0063,causal_mapping,train,meta-llama/Llama-3.1-8B-Instruct,full__all__r4,0.30000000000000004,0.0,0.5,0.9958333333333333,0.44895833333333335,1,11
llama_3_1_8b_instruct,compiler::causal_mapping::causal_0063,causal_mapping,train,meta-llama/Llama-3.1-8B-Instruct,late__all__r16,0.1,0.0,0.3333333333333333,1.0,0.35833333333333334,1,11
llama_3_1_8b_instruct,compiler::causal_mapping::causal_0063,causal_mapping,train,meta-llama/Llama-3.1-8B-Instruct,middle__all__r16,0.5,0.16666666666666666,0.0,0.9916666666666667,0.41458333333333336,1,11
llama_3_1_8b_instruct,compiler::causal_mapping::causal_0064,causal_mapping,test,meta-llama/Llama-3.1-8B-Instruct,early__all__r16,0.0,0.0,0.0,0.9819444444444444,0.2454861111111111,3,11|22|33
llama_3_1_8b_instruct,compiler::causal_mapping::causal_0064,causal_mapping,test,meta-llama/Llama-3.1-8B-Instruct,full__all__r4,0.5000000000000001,0.2222222222222222,0.38888888888888884,0.9944444444444445,0.5263888888888889,3,11|22|33
llama_3_1_8b_instruct,compiler::causal_mapping::causal_0064,causal_mapping,test,meta-llama/Llama-3.1-8B-Instruct,late__all__r16,0.3333333333333333,0.16666666666666666,0.27777777777777773,0.9986111111111112,0.44409722222222225,3,11|22|33
llama_3_1_8b_instruct,compiler::causal_mapping::causal_0064,causal_mapping,test,meta-llama/Llama-3.1-8B-Instruct,middle__all__r16,0.8666666666666667,0.27777777777777773,0.0,0.975,0.5298611111111111,3,11|22|33
llama_3_1_8b_instruct,compiler::causal_mapping::causal_0065,causal_mapping,validation,meta-llama/Llama-3.1-8B-Instruct,early__all__r16,0.0,0.0,0.0,0.9791666666666666,0.24479166666666666,1,11
llama_3_1_8b_instruct,compiler::causal_mapping::causal_0065,causal_mapping,validation,meta-llama/Llama-3.1-8B-Instruct,full__all__r4,0.5,0.16666666666666666,0.3333333333333333,0.9958333333333333,0.49895833333333334,1,11
llama_3_1_8b_instruct,compiler::causal_mapping::causal_0065,causal_mapping,validation,meta-llama/Llama-3.1-8B-Instruct,late__all__r16,0.4,0.0,0.3333333333333333,0.9958333333333333,0.4322916666666667,1,11
llama_3_1_8b_instruct,compiler::causal_mapping::causal_0065,causal_mapping,validation,meta-llama/Llama-3.1-8B-Instruct,middle__all__r16,0.6000000000000001,0.3333333333333333,0.16666666666666666,0.9875,0.521875,1,11
llama_3_1_8b_instruct,compiler::causal_mapping::causal_0066,causal_mapping,validation,meta-llama/Llama-3.1-8B-Instruct,early__all__r16,0.0,0.0,0.0,0.9875,0.246875,1,11
llama_3_1_8b_instruct,compiler::causal_mapping::causal_0066,causal_mapping,validation,meta-llama/Llama-3.1-8B-Instruct,full__all__r4,0.2,0.0,0.0,0.9958333333333333,0.2989583333333333,1,11
llama_3_1_8b_instruct,compiler::causal_mapping::causal_0066,causal_mapping,validation,meta-llama/Llama-3.1-8B-Instruct,late__all__r16,0.30000000000000004,0.0,0.16666666666666666,1.0,0.3666666666666667,1,11
llama_3_1_8b_instruct,compiler::causal_mapping::causal_0066,causal_mapping,validation,meta-llama/Llama-3.1-8B-Instruct,middle__all__r16,0.7,0.16666666666666666,0.16666666666666666,0.9708333333333333,0.5010416666666666,1,11
llama_3_1_8b_instruct,compiler::causal_mapping::causal_0067,causal_mapping,validation,meta-llama/Llama-3.1-8B-Instruct,early__all__r16,0.1,0.0,0.0,0.9916666666666667,0.2729166666666667,1,11
llama_3_1_8b_instruct,compiler::causal_mapping::causal_0067,causal_mapping,validation,meta-llama/Llama-3.1-8B-Instruct,full__all__r4,0.1,0.0,0.0,0.9958333333333333,0.27395833333333336,1,11
llama_3_1_8b_instruct,compiler::causal_mapping::causal_0067,causal_mapping,validation,meta-llama/Llama-3.1-8B-Instruct,late__all__r16,0.30000000000000004,0.0,0.16666666666666666,1.0,0.3666666666666667,1,11
llama_3_1_8b_instruct,compiler::causal_mapping::causal_0067,causal_mapping,validation,meta-llama/Llama-3.1-8B-Instruct,middle__all__r16,0.2,0.0,0.0,0.975,0.29375,1,11
llama_3_1_8b_instruct,compiler::causal_mapping::causal_0068,causal_mapping,validation,meta-llama/Llama-3.1-8B-Instruct,early__all__r16,0.0,0.0,0.0,0.975,0.24375,1,11
llama_3_1_8b_instruct,compiler::causal_mapping::causal_0068,causal_mapping,validation,meta-llama/Llama-3.1-8B-Instruct,full__all__r4,0.5,0.0,0.0,0.9958333333333333,0.37395833333333334,1,11
llama_3_1_8b_instruct,compiler::causal_mapping::causal_0068,causal_mapping,validation,meta-llama/Llama-3.1-8B-Instruct,late__all__r16,0.4,0.0,0.5,0.9916666666666667,0.47291666666666665,1,11
llama_3_1_8b_instruct,compiler::causal_mapping::causal_0068,causal_mapping,validation,meta-llama/Llama-3.1-8B-Instruct,middle__all__r16,0.7,0.16666666666666666,0.0,0.9875,0.4635416666666667,1,11
llama_3_1_8b_instruct,compiler::causal_mapping::causal_0069,causal_mapping,train,meta-llama/Llama-3.1-8B-Instruct,early__all__r16,0.1,0.0,0.0,0.9916666666666667,0.2729166666666667,1,11
llama_3_1_8b_instruct,compiler::causal_mapping::causal_0069,causal_mapping,train,meta-llama/Llama-3.1-8B-Instruct,full__all__r4,0.2,0.0,0.0,0.9958333333333333,0.2989583333333333,1,11
llama_3_1_8b_instruct,compiler::causal_mapping::causal_0069,causal_mapping,train,meta-llama/Llama-3.1-8B-Instruct,late__all__r16,0.1,0.0,0.3333333333333333,0.9666666666666667,0.35,1,11
llama_3_1_8b_instruct,compiler::causal_mapping::causal_0069,causal_mapping,train,meta-llama/Llama-3.1-8B-Instruct,middle__all__r16,0.8,0.0,0.16666666666666666,0.9625,0.4822916666666667,1,11
llama_3_1_8b_instruct,compiler::causal_mapping::causal_0070,causal_mapping,validation,meta-llama/Llama-3.1-8B-Instruct,early__all__r16,0.1,0.0,0.0,0.9916666666666667,0.2729166666666667,1,11
llama_3_1_8b_instruct,compiler::causal_mapping::causal_0070,causal_mapping,validation,meta-llama/Llama-3.1-8B-Instruct,full__all__r4,0.4,0.0,0.3333333333333333,0.9958333333333333,0.4322916666666667,1,11
llama_3_1_8b_instruct,compiler::causal_mapping::causal_0070,causal_mapping,validation,meta-llama/Llama-3.1-8B-Instruct,late__all__r16,0.4,0.0,0.16666666666666666,1.0,0.39166666666666666,1,11
llama_3_1_8b_instruct,compiler::causal_mapping::causal_0070,causal_mapping,validation,meta-llama/Llama-3.1-8B-Instruct,middle__all__r16,0.2,0.0,0.16666666666666666,0.9833333333333333,0.33749999999999997,1,11
llama_3_1_8b_instruct,compiler::causal_mapping::causal_0071,causal_mapping,train,meta-llama/Llama-3.1-8B-Instruct,early__all__r16,0.1,0.0,0.0,0.9625,0.265625,1,11
llama_3_1_8b_instruct,compiler::causal_mapping::causal_0071,causal_mapping,train,meta-llama/Llama-3.1-8B-Instruct,full__all__r4,0.6000000000000001,0.16666666666666666,0.5,1.0,0.5666666666666667,1,11
llama_3_1_8b_instruct,compiler::causal_mapping::causal_0071,causal_mapping,train,meta-llama/Llama-3.1-8B-Instruct,late__all__r16,0.5,0.3333333333333333,0.5,1.0,0.5833333333333334,1,11
llama_3_1_8b_instruct,compiler::causal_mapping::causal_0071,causal_mapping,train,meta-llama/Llama-3.1-8B-Instruct,middle__all__r16,0.9,0.6666666666666666,0.3333333333333333,0.9833333333333333,0.7208333333333333,1,11
llama_3_1_8b_instruct,compiler::causal_mapping::causal_0072,causal_mapping,train,meta-llama/Llama-3.1-8B-Instruct,early__all__r16,0.0,0.0,0.0,0.9875,0.246875,1,11
llama_3_1_8b_instruct,compiler::causal_mapping::causal_0072,causal_mapping,train,meta-llama/Llama-3.1-8B-Instruct,full__all__r4,0.5,0.16666666666666666,0.3333333333333333,0.9958333333333333,0.49895833333333334,1,11
llama_3_1_8b_instruct,compiler::causal_mapping::causal_0072,causal_mapping,train,meta-llama/Llama-3.1-8B-Instruct,late__all__r16,0.7,0.3333333333333333,0.16666666666666666,1.0,0.5499999999999999,1,11
llama_3_1_8b_instruct,compiler::causal_mapping::causal_0072,causal_mapping,train,meta-llama/Llama-3.1-8B-Instruct,middle__all__r16,0.6,0.5,0.0,0.9791666666666666,0.5197916666666667,1,11
llama_3_1_8b_instruct,compiler::causal_mapping::causal_0073,causal_mapping,train,meta-llama/Llama-3.1-8B-Instruct,early__all__r16,0.0,0.0,0.0,0.9916666666666667,0.24791666666666667,1,11
llama_3_1_8b_instruct,compiler::causal_mapping::causal_0073,causal_mapping,train,meta-llama/Llama-3.1-8B-Instruct,full__all__r4,0.30000000000000004,0.0,0.5,0.9958333333333333,0.44895833333333335,1,11
llama_3_1_8b_instruct,compiler::causal_mapping::causal_0073,causal_mapping,train,meta-llama/Llama-3.1-8B-Instruct,late__all__r16,0.1,0.0,0.3333333333333333,1.0,0.35833333333333334,1,11
llama_3_1_8b_instruct,compiler::causal_mapping::causal_0073,causal_mapping,train,meta-llama/Llama-3.1-8B-Instruct,middle__all__r16,0.4,0.3333333333333333,0.16666666666666666,0.9875,0.471875,1,11
llama_3_1_8b_instruct,compiler::causal_mapping::causal_0074,causal_mapping,test,meta-llama/Llama-3.1-8B-Instruct,early__all__r16,0.0,0.0,0.0,0.9833333333333334,0.24583333333333335,3,11|22|33
llama_3_1_8b_instruct,compiler::causal_mapping::causal_0074,causal_mapping,test,meta-llama/Llama-3.1-8B-Instruct,full__all__r4,0.6,0.1111111111111111,0.3333333333333333,0.9930555555555557,0.509375,3,11|22|33
llama_3_1_8b_instruct,compiler::causal_mapping::causal_0074,causal_mapping,test,meta-llama/Llama-3.1-8B-Instruct,late__all__r16,0.3666666666666667,0.16666666666666666,0.3333333333333333,1.0,0.4666666666666667,3,11|22|33
llama_3_1_8b_instruct,compiler::causal_mapping::causal_0074,causal_mapping,test,meta-llama/Llama-3.1-8B-Instruct,middle__all__r16,0.7999999999999999,0.38888888888888884,0.0,0.9805555555555555,0.5423611111111111,3,11|22|33
llama_3_1_8b_instruct,compiler::causal_mapping::causal_0075,causal_mapping,train,meta-llama/Llama-3.1-8B-Instruct,early__all__r16,0.0,0.0,0.0,0.9833333333333333,0.24583333333333332,1,11
llama_3_1_8b_instruct,compiler::causal_mapping::causal_0075,causal_mapping,train,meta-llama/Llama-3.1-8B-Instruct,full__all__r4,0.6000000000000001,0.16666666666666666,0.5,0.9958333333333333,0.565625,1,11
llama_3_1_8b_instruct,compiler::causal_mapping::causal_0075,causal_mapping,train,meta-llama/Llama-3.1-8B-Instruct,late__all__r16,0.30000000000000004,0.0,0.3333333333333333,0.9916666666666667,0.40625,1,11
llama_3_1_8b_instruct,compiler::causal_mapping::causal_0075,causal_mapping,train,meta-llama/Llama-3.1-8B-Instruct,middle__all__r16,0.6000000000000001,0.16666666666666666,0.16666666666666666,0.9833333333333333,0.4791666666666667,1,11
llama_3_1_8b_instruct,compiler::causal_mapping::causal_0076,causal_mapping,validation,meta-llama/Llama-3.1-8B-Instruct,early__all__r16,0.1,0.0,0.0,0.9916666666666667,0.2729166666666667,1,11
llama_3_1_8b_instruct,compiler::causal_mapping::causal_0076,causal_mapping,validation,meta-llama/Llama-3.1-8B-Instruct,full__all__r4,0.30000000000000004,0.0,0.0,0.9958333333333333,0.32395833333333335,1,11
llama_3_1_8b_instruct,compiler::causal_mapping::causal_0076,causal_mapping,validation,meta-llama/Llama-3.1-8B-Instruct,late__all__r16,0.4,0.0,0.16666666666666666,1.0,0.39166666666666666,1,11
llama_3_1_8b_instruct,compiler::causal_mapping::causal_0076,causal_mapping,validation,meta-llama/Llama-3.1-8B-Instruct,middle__all__r16,0.9,0.16666666666666666,0.0,0.9708333333333333,0.509375,1,11
llama_3_1_8b_instruct,compiler::causal_mapping::causal_0077,causal_mapping,test,meta-llama/Llama-3.1-8B-Instruct,early__all__r16,0.10000000000000002,0.0,0.0,0.9958333333333332,0.2739583333333333,3,11|22|33
llama_3_1_8b_instruct,compiler::causal_mapping::causal_0077,causal_mapping,test,meta-llama/Llama-3.1-8B-Instruct,full__all__r4,0.10000000000000002,0.0,0.0,1.0,0.275,3,11|22|33
llama_3_1_8b_instruct,compiler::causal_mapping::causal_0077,causal_mapping,test,meta-llama/Llama-3.1-8B-Instruct,late__all__r16,0.3333333333333333,0.0,0.16666666666666666,1.0,0.375,3,11|22|33
llama_3_1_8b_instruct,compiler::causal_mapping::causal_0077,causal_mapping,test,meta-llama/Llama-3.1-8B-Instruct,middle__all__r16,0.20000000000000004,0.0,0.0,0.9763888888888889,0.29409722222222223,3,11|22|33
llama_3_1_8b_instruct,compiler::causal_mapping::causal_0078,causal_mapping,train,meta-llama/Llama-3.1-8B-Instruct,early__all__r16,0.0,0.0,0.0,0.9791666666666666,0.24479166666666666,1,11
llama_3_1_8b_instruct,compiler::causal_mapping::causal_0078,causal_mapping,train,meta-llama/Llama-3.1-8B-Instruct,full__all__r4,0.6000000000000001,0.0,0.3333333333333333,0.9958333333333333,0.4822916666666667,1,11
llama_3_1_8b_instruct,compiler::causal_mapping::causal_0078,causal_mapping,train,meta-llama/Llama-3.1-8B-Instruct,late__all__r16,0.6000000000000001,0.0,0.5,0.9916666666666667,0.5229166666666667,1,11
llama_3_1_8b_instruct,compiler::causal_mapping::causal_0078,causal_mapping,train,meta-llama/Llama-3.1-8B-Instruct,middle__all__r16,0.8,0.16666666666666666,0.16666666666666666,0.9833333333333333,0.5291666666666667,1,11
llama_3_1_8b_instruct,compiler::causal_mapping::causal_0079,causal_mapping,test,meta-llama/Llama-3.1-8B-Instruct,early__all__r16,0.10000000000000002,0.0,0.0,0.9944444444444445,0.27361111111111114,3,11|22|33
llama_3_1_8b_instruct,compiler::causal_mapping::causal_0079,causal_mapping,test,meta-llama/Llama-3.1-8B-Instruct,full__all__r4,0.3,0.0,0.0,0.9958333333333332,0.3239583333333333,3,11|22|33
llama_3_1_8b_instruct,compiler::causal_mapping::causal_0079,causal_mapping,test,meta-llama/Llama-3.1-8B-Instruct,late__all__r16,0.23333333333333336,0.0,0.3333333333333333,0.9569444444444445,0.3809027777777778,3,11|22|33
llama_3_1_8b_instruct,compiler::causal_mapping::causal_0079,causal_mapping,test,meta-llama/Llama-3.1-8B-Instruct,middle__all__r16,0.6333333333333333,0.16666666666666666,0.16666666666666666,0.975,0.48541666666666666,3,11|22|33
llama_3_1_8b_instruct,compiler::causal_mapping::causal_0080,causal_mapping,train,meta-llama/Llama-3.1-8B-Instruct,early__all__r16,0.1,0.0,0.0,0.9916666666666667,0.2729166666666667,1,11
llama_3_1_8b_instruct,compiler::causal_mapping::causal_0080,causal_mapping,train,meta-llama/Llama-3.1-8B-Instruct,full__all__r4,0.4,0.0,0.3333333333333333,0.9958333333333333,0.4322916666666667,1,11
llama_3_1_8b_instruct,compiler::causal_mapping::causal_0080,causal_mapping,train,meta-llama/Llama-3.1-8B-Instruct,late__all__r16,0.30000000000000004,0.0,0.16666666666666666,1.0,0.3666666666666667,1,11
llama_3_1_8b_instruct,compiler::causal_mapping::causal_0080,causal_mapping,train,meta-llama/Llama-3.1-8B-Instruct,middle__all__r16,0.2,0.0,0.16666666666666666,0.9833333333333333,0.33749999999999997,1,11
llama_3_1_8b_instruct,compiler::causal_mapping::causal_0081,causal_mapping,train,meta-llama/Llama-3.1-8B-Instruct,early__all__r16,0.1,0.0,0.0,0.9625,0.265625,1,11
llama_3_1_8b_instruct,compiler::causal_mapping::causal_0081,causal_mapping,train,meta-llama/Llama-3.1-8B-Instruct,full__all__r4,0.5,0.3333333333333333,0.5,1.0,0.5833333333333334,1,11
llama_3_1_8b_instruct,compiler::causal_mapping::causal_0081,causal_mapping,train,meta-llama/Llama-3.1-8B-Instruct,late__all__r16,0.5,0.3333333333333333,0.5,1.0,0.5833333333333334,1,11
llama_3_1_8b_instruct,compiler::causal_mapping::causal_0081,causal_mapping,train,meta-llama/Llama-3.1-8B-Instruct,middle__all__r16,1.0,0.6666666666666666,0.3333333333333333,0.9875,0.746875,1,11
llama_3_1_8b_instruct,compiler::causal_mapping::causal_0082,causal_mapping,train,meta-llama/Llama-3.1-8B-Instruct,early__all__r16,0.0,0.0,0.0,0.9916666666666667,0.24791666666666667,1,11
llama_3_1_8b_instruct,compiler::causal_mapping::causal_0082,causal_mapping,train,meta-llama/Llama-3.1-8B-Instruct,full__all__r4,0.4,0.0,0.3333333333333333,0.9958333333333333,0.4322916666666667,1,11
llama_3_1_8b_instruct,compiler::causal_mapping::causal_0082,causal_mapping,train,meta-llama/Llama-3.1-8B-Instruct,late__all__r16,0.6,0.5,0.16666666666666666,0.9958333333333333,0.565625,1,11
llama_3_1_8b_instruct,compiler::causal_mapping::causal_0082,causal_mapping,train,meta-llama/Llama-3.1-8B-Instruct,middle__all__r16,0.5,0.5,0.0,0.9833333333333333,0.49583333333333335,1,11
llama_3_1_8b_instruct,compiler::causal_mapping::causal_0083,causal_mapping,validation,meta-llama/Llama-3.1-8B-Instruct,early__all__r16,0.1,0.0,0.0,0.9875,0.27187500000000003,1,11
llama_3_1_8b_instruct,compiler::causal_mapping::causal_0083,causal_mapping,validation,meta-llama/Llama-3.1-8B-Instruct,full__all__r4,0.30000000000000004,0.0,0.5,0.9958333333333333,0.44895833333333335,1,11
llama_3_1_8b_instruct,compiler::causal_mapping::causal_0083,causal_mapping,validation,meta-llama/Llama-3.1-8B-Instruct,late__all__r16,0.1,0.0,0.3333333333333333,1.0,0.35833333333333334,1,11
llama_3_1_8b_instruct,compiler::causal_mapping::causal_0083,causal_mapping,validation,meta-llama/Llama-3.1-8B-Instruct,middle__all__r16,0.4,0.3333333333333333,0.16666666666666666,0.9916666666666667,0.47291666666666665,1,11
llama_3_1_8b_instruct,compiler::causal_mapping::causal_0084,causal_mapping,train,meta-llama/Llama-3.1-8B-Instruct,early__all__r16,0.0,0.0,0.0,0.9791666666666666,0.24479166666666666,1,11
llama_3_1_8b_instruct,compiler::causal_mapping::causal_0084,causal_mapping,train,meta-llama/Llama-3.1-8B-Instruct,full__all__r4,0.5,0.0,0.3333333333333333,0.9916666666666667,0.45625,1,11
llama_3_1_8b_instruct,compiler::causal_mapping::causal_0084,causal_mapping,train,meta-llama/Llama-3.1-8B-Instruct,late__all__r16,0.2,0.0,0.3333333333333333,0.9958333333333333,0.3822916666666667,1,11
llama_3_1_8b_instruct,compiler::causal_mapping::causal_0084,causal_mapping,train,meta-llama/Llama-3.1-8B-Instruct,middle__all__r16,0.8,0.3333333333333333,0.0,0.9833333333333333,0.5291666666666667,1,11
llama_3_1_8b_instruct,compiler::causal_mapping::causal_0085,causal_mapping,train,meta-llama/Llama-3.1-8B-Instruct,early__all__r16,0.0,0.0,0.0,0.9875,0.246875,1,11
llama_3_1_8b_instruct,compiler::causal_mapping::causal_0085,causal_mapping,train,meta-llama/Llama-3.1-8B-Instruct,full__all__r4,0.5,0.16666666666666666,0.3333333333333333,0.9958333333333333,0.49895833333333334,1,11
llama_3_1_8b_instruct,compiler::causal_mapping::causal_0085,causal_mapping,train,meta-llama/Llama-3.1-8B-Instruct,late__all__r16,0.4,0.0,0.3333333333333333,0.9958333333333333,0.4322916666666667,1,11
llama_3_1_8b_instruct,compiler::causal_mapping::causal_0085,causal_mapping,train,meta-llama/Llama-3.1-8B-Instruct,middle__all__r16,0.6000000000000001,0.16666666666666666,0.16666666666666666,0.9833333333333333,0.4791666666666667,1,11
llama_3_1_8b_instruct,compiler::causal_mapping::causal_0086,causal_mapping,train,meta-llama/Llama-3.1-8B-Instruct,early__all__r16,0.1,0.0,0.0,0.9916666666666667,0.2729166666666667,1,11
llama_3_1_8b_instruct,compiler::causal_mapping::causal_0086,causal_mapping,train,meta-llama/Llama-3.1-8B-Instruct,full__all__r4,0.30000000000000004,0.0,0.0,0.9958333333333333,0.32395833333333335,1,11
llama_3_1_8b_instruct,compiler::causal_mapping::causal_0086,causal_mapping,train,meta-llama/Llama-3.1-8B-Instruct,late__all__r16,0.4,0.0,0.16666666666666666,1.0,0.39166666666666666,1,11
llama_3_1_8b_instruct,compiler::causal_mapping::causal_0086,causal_mapping,train,meta-llama/Llama-3.1-8B-Instruct,middle__all__r16,0.8,0.16666666666666666,0.0,0.9708333333333333,0.484375,1,11
llama_3_1_8b_instruct,compiler::causal_mapping::causal_0087,causal_mapping,train,meta-llama/Llama-3.1-8B-Instruct,early__all__r16,0.1,0.0,0.0,0.9958333333333333,0.27395833333333336,1,11
llama_3_1_8b_instruct,compiler::causal_mapping::causal_0087,causal_mapping,train,meta-llama/Llama-3.1-8B-Instruct,full__all__r4,0.1,0.0,0.0,1.0,0.275,1,11
llama_3_1_8b_instruct,compiler::causal_mapping::causal_0087,causal_mapping,train,meta-llama/Llama-3.1-8B-Instruct,late__all__r16,0.30000000000000004,0.0,0.16666666666666666,1.0,0.3666666666666667,1,11
llama_3_1_8b_instruct,compiler::causal_mapping::causal_0087,causal_mapping,train,meta-llama/Llama-3.1-8B-Instruct,middle__all__r16,0.2,0.0,0.0,0.9791666666666666,0.2947916666666667,1,11
llama_3_1_8b_instruct,compiler::causal_mapping::causal_0088,causal_mapping,train,meta-llama/Llama-3.1-8B-Instruct,early__all__r16,0.0,0.0,0.0,0.9791666666666666,0.24479166666666666,1,11
llama_3_1_8b_instruct,compiler::causal_mapping::causal_0088,causal_mapping,train,meta-llama/Llama-3.1-8B-Instruct,full__all__r4,0.6000000000000001,0.0,0.0,0.9958333333333333,0.39895833333333336,1,11
llama_3_1_8b_instruct,compiler::causal_mapping::causal_0088,causal_mapping,train,meta-llama/Llama-3.1-8B-Instruct,late__all__r16,0.4,0.0,0.5,0.9958333333333333,0.47395833333333337,1,11
llama_3_1_8b_instruct,compiler::causal_mapping::causal_0088,causal_mapping,train,meta-llama/Llama-3.1-8B-Instruct,middle__all__r16,0.8,0.16666666666666666,0.16666666666666666,0.9833333333333333,0.5291666666666667,1,11
llama_3_1_8b_instruct,compiler::causal_mapping::causal_0089,causal_mapping,test,meta-llama/Llama-3.1-8B-Instruct,early__all__r16,0.06666666666666667,0.0,0.0,0.9916666666666667,0.26458333333333334,3,11|22|33
llama_3_1_8b_instruct,compiler::causal_mapping::causal_0089,causal_mapping,test,meta-llama/Llama-3.1-8B-Instruct,full__all__r4,0.3,0.0,0.16666666666666666,0.9958333333333332,0.365625,3,11|22|33
llama_3_1_8b_instruct,compiler::causal_mapping::causal_0089,causal_mapping,test,meta-llama/Llama-3.1-8B-Instruct,late__all__r16,0.23333333333333336,0.0,0.3333333333333333,0.9569444444444445,0.3809027777777778,3,11|22|33
llama_3_1_8b_instruct,compiler::causal_mapping::causal_0089,causal_mapping,test,meta-llama/Llama-3.1-8B-Instruct,middle__all__r16,0.6666666666666666,0.2222222222222222,0.16666666666666666,0.975,0.5076388888888889,3,11|22|33
llama_3_1_8b_instruct,compiler::causal_mapping::causal_0090,causal_mapping,test,meta-llama/Llama-3.1-8B-Instruct,early__all__r16,0.10000000000000002,0.0,0.0,0.9902777777777777,0.2725694444444444,3,11|22|33
llama_3_1_8b_instruct,compiler::causal_mapping::causal_0090,causal_mapping,test,meta-llama/Llama-3.1-8B-Instruct,full__all__r4,0.4000000000000001,0.05555555555555555,0.27777777777777773,0.9972222222222222,0.4326388888888889,3,11|22|33
llama_3_1_8b_instruct,compiler::causal_mapping::causal_0090,causal_mapping,test,meta-llama/Llama-3.1-8B-Instruct,late__all__r16,0.43333333333333335,0.0,0.2222222222222222,1.0,0.41388888888888886,3,11|22|33
llama_3_1_8b_instruct,compiler::causal_mapping::causal_0090,causal_mapping,test,meta-llama/Llama-3.1-8B-Instruct,middle__all__r16,0.30000000000000004,0.05555555555555555,0.05555555555555555,0.9805555555555555,0.34791666666666665,3,11|22|33
llama_3_1_8b_instruct,compiler::causal_mapping::causal_0091,causal_mapping,train,meta-llama/Llama-3.1-8B-Instruct,early__all__r16,0.0,0.0,0.0,0.9666666666666667,0.24166666666666667,1,11
llama_3_1_8b_instruct,compiler::causal_mapping::causal_0091,causal_mapping,train,meta-llama/Llama-3.1-8B-Instruct,full__all__r4,0.5,0.3333333333333333,0.5,1.0,0.5833333333333334,1,11
llama_3_1_8b_instruct,compiler::causal_mapping::causal_0091,causal_mapping,train,meta-llama/Llama-3.1-8B-Instruct,late__all__r16,0.5,0.3333333333333333,0.5,1.0,0.5833333333333334,1,11
llama_3_1_8b_instruct,compiler::causal_mapping::causal_0091,causal_mapping,train,meta-llama/Llama-3.1-8B-Instruct,middle__all__r16,0.9,0.6666666666666666,0.3333333333333333,0.9875,0.721875,1,11
llama_3_1_8b_instruct,compiler::causal_mapping::causal_0092,causal_mapping,train,meta-llama/Llama-3.1-8B-Instruct,early__all__r16,0.0,0.0,0.0,0.9916666666666667,0.24791666666666667,1,11
llama_3_1_8b_instruct,compiler::causal_mapping::causal_0092,causal_mapping,train,meta-llama/Llama-3.1-8B-Instruct,full__all__r4,0.4,0.16666666666666666,0.16666666666666666,0.9958333333333333,0.4322916666666667,1,11
llama_3_1_8b_instruct,compiler::causal_mapping::causal_0092,causal_mapping,train,meta-llama/Llama-3.1-8B-Instruct,late__all__r16,0.7,0.0,0.16666666666666666,1.0,0.4666666666666667,1,11
llama_3_1_8b_instruct,compiler::causal_mapping::causal_0092,causal_mapping,train,meta-llama/Llama-3.1-8B-Instruct,middle__all__r16,0.5,0.16666666666666666,0.0,0.9833333333333333,0.4125,1,11
llama_3_1_8b_instruct,compiler::causal_mapping::causal_0093,causal_mapping,train,meta-llama/Llama-3.1-8B-Instruct,early__all__r16,0.0,0.0,0.0,0.9875,0.246875,1,11
llama_3_1_8b_instruct,compiler::causal_mapping::causal_0093,causal_mapping,train,meta-llama/Llama-3.1-8B-Instruct,full__all__r4,0.30000000000000004,0.0,0.3333333333333333,0.9958333333333333,0.40729166666666666,1,11
llama_3_1_8b_instruct,compiler::causal_mapping::causal_0093,causal_mapping,train,meta-llama/Llama-3.1-8B-Instruct,late__all__r16,0.1,0.0,0.3333333333333333,1.0,0.35833333333333334,1,11
llama_3_1_8b_instruct,compiler::causal_mapping::causal_0093,causal_mapping,train,meta-llama/Llama-3.1-8B-Instruct,middle__all__r16,0.6,0.3333333333333333,0.16666666666666666,0.9875,0.521875,1,11
llama_3_1_8b_instruct,compiler::causal_mapping::causal_0094,causal_mapping,train,meta-llama/Llama-3.1-8B-Instruct,early__all__r16,0.0,0.0,0.0,0.9875,0.246875,1,11
llama_3_1_8b_instruct,compiler::causal_mapping::causal_0094,causal_mapping,train,meta-llama/Llama-3.1-8B-Instruct,full__all__r4,0.4,0.0,0.3333333333333333,0.9958333333333333,0.4322916666666667,1,11
llama_3_1_8b_instruct,compiler::causal_mapping::causal_0094,causal_mapping,train,meta-llama/Llama-3.1-8B-Instruct,late__all__r16,0.30000000000000004,0.0,0.3333333333333333,0.9958333333333333,0.40729166666666666,1,11
llama_3_1_8b_instruct,compiler::causal_mapping::causal_0094,causal_mapping,train,meta-llama/Llama-3.1-8B-Instruct,middle__all__r16,0.7,0.16666666666666666,0.0,0.9833333333333333,0.46249999999999997,1,11
llama_3_1_8b_instruct,compiler::causal_mapping::causal_0095,causal_mapping,train,meta-llama/Llama-3.1-8B-Instruct,early__all__r16,0.0,0.0,0.0,0.9791666666666666,0.24479166666666666,1,11
llama_3_1_8b_instruct,compiler::causal_mapping::causal_0095,causal_mapping,train,meta-llama/Llama-3.1-8B-Instruct,full__all__r4,0.5,0.16666666666666666,0.3333333333333333,0.9958333333333333,0.49895833333333334,1,11
llama_3_1_8b_instruct,compiler::causal_mapping::causal_0095,causal_mapping,train,meta-llama/Llama-3.1-8B-Instruct,late__all__r16,0.30000000000000004,0.0,0.3333333333333333,0.9958333333333333,0.40729166666666666,1,11
llama_3_1_8b_instruct,compiler::causal_mapping::causal_0095,causal_mapping,train,meta-llama/Llama-3.1-8B-Instruct,middle__all__r16,0.6000000000000001,0.3333333333333333,0.16666666666666666,0.9791666666666666,0.5197916666666667,1,11
llama_3_1_8b_instruct,compiler::causal_mapping::causal_0096,causal_mapping,train,meta-llama/Llama-3.1-8B-Instruct,early__all__r16,0.1,0.0,0.0,0.9875,0.27187500000000003,1,11
llama_3_1_8b_instruct,compiler::causal_mapping::causal_0096,causal_mapping,train,meta-llama/Llama-3.1-8B-Instruct,full__all__r4,0.4,0.0,0.0,0.9958333333333333,0.34895833333333337,1,11
llama_3_1_8b_instruct,compiler::causal_mapping::causal_0096,causal_mapping,train,meta-llama/Llama-3.1-8B-Instruct,late__all__r16,0.4,0.0,0.16666666666666666,1.0,0.39166666666666666,1,11
llama_3_1_8b_instruct,compiler::causal_mapping::causal_0096,causal_mapping,train,meta-llama/Llama-3.1-8B-Instruct,middle__all__r16,0.8,0.3333333333333333,0.0,0.975,0.5270833333333333,1,11
llama_3_1_8b_instruct,compiler::causal_mapping::causal_0097,causal_mapping,train,meta-llama/Llama-3.1-8B-Instruct,early__all__r16,0.1,0.0,0.0,0.9958333333333333,0.27395833333333336,1,11
llama_3_1_8b_instruct,compiler::causal_mapping::causal_0097,causal_mapping,train,meta-llama/Llama-3.1-8B-Instruct,full__all__r4,0.1,0.0,0.0,1.0,0.275,1,11
llama_3_1_8b_instruct,compiler::causal_mapping::causal_0097,causal_mapping,train,meta-llama/Llama-3.1-8B-Instruct,late__all__r16,0.2,0.0,0.16666666666666666,1.0,0.3416666666666667,1,11
llama_3_1_8b_instruct,compiler::causal_mapping::causal_0097,causal_mapping,train,meta-llama/Llama-3.1-8B-Instruct,middle__all__r16,0.30000000000000004,0.0,0.0,0.9833333333333333,0.3208333333333333,1,11
llama_3_1_8b_instruct,compiler::causal_mapping::causal_0098,causal_mapping,train,meta-llama/Llama-3.1-8B-Instruct,early__all__r16,0.0,0.0,0.0,0.975,0.24375,1,11
llama_3_1_8b_instruct,compiler::causal_mapping::causal_0098,causal_mapping,train,meta-llama/Llama-3.1-8B-Instruct,full__all__r4,0.6000000000000001,0.16666666666666666,0.16666666666666666,0.9958333333333333,0.4822916666666667,1,11
llama_3_1_8b_instruct,compiler::causal_mapping::causal_0098,causal_mapping,train,meta-llama/Llama-3.1-8B-Instruct,late__all__r16,0.4,0.0,0.5,0.9875,0.47187500000000004,1,11
llama_3_1_8b_instruct,compiler::causal_mapping::causal_0098,causal_mapping,train,meta-llama/Llama-3.1-8B-Instruct,middle__all__r16,0.7,0.16666666666666666,0.16666666666666666,0.975,0.5020833333333333,1,11
llama_3_1_8b_instruct,compiler::causal_mapping::causal_0099,causal_mapping,train,meta-llama/Llama-3.1-8B-Instruct,early__all__r16,0.1,0.0,0.0,0.9958333333333333,0.27395833333333336,1,11
llama_3_1_8b_instruct,compiler::causal_mapping::causal_0099,causal_mapping,train,meta-llama/Llama-3.1-8B-Instruct,full__all__r4,0.2,0.0,0.0,0.9958333333333333,0.2989583333333333,1,11
llama_3_1_8b_instruct,compiler::causal_mapping::causal_0099,causal_mapping,train,meta-llama/Llama-3.1-8B-Instruct,late__all__r16,0.1,0.0,0.3333333333333333,0.9666666666666667,0.35,1,11
llama_3_1_8b_instruct,compiler::causal_mapping::causal_0099,causal_mapping,train,meta-llama/Llama-3.1-8B-Instruct,middle__all__r16,0.8,0.0,0.16666666666666666,0.9625,0.4822916666666667,1,11
llama_3_1_8b_instruct,compiler::causal_mapping::causal_0100,causal_mapping,train,meta-llama/Llama-3.1-8B-Instruct,early__all__r16,0.1,0.0,0.0,0.9916666666666667,0.2729166666666667,1,11
llama_3_1_8b_instruct,compiler::causal_mapping::causal_0100,causal_mapping,train,meta-llama/Llama-3.1-8B-Instruct,full__all__r4,0.4,0.0,0.0,0.9958333333333333,0.34895833333333337,1,11
llama_3_1_8b_instruct,compiler::causal_mapping::causal_0100,causal_mapping,train,meta-llama/Llama-3.1-8B-Instruct,late__all__r16,0.4,0.0,0.16666666666666666,1.0,0.39166666666666666,1,11
llama_3_1_8b_instruct,compiler::causal_mapping::causal_0100,causal_mapping,train,meta-llama/Llama-3.1-8B-Instruct,middle__all__r16,0.1,0.0,0.16666666666666666,0.9833333333333333,0.3125,1,11
llama_3_1_8b_instruct,compiler::causal_mapping::causal_0101,causal_mapping,test,meta-llama/Llama-3.1-8B-Instruct,early__all__r16,0.0,0.0,0.0,0.9611111111111111,0.24027777777777778,3,11|22|33
llama_3_1_8b_instruct,compiler::causal_mapping::causal_0101,causal_mapping,test,meta-llama/Llama-3.1-8B-Instruct,full__all__r4,0.5,0.27777777777777773,0.38888888888888884,1.0,0.5416666666666666,3,11|22|33
llama_3_1_8b_instruct,compiler::causal_mapping::causal_0101,causal_mapping,test,meta-llama/Llama-3.1-8B-Instruct,late__all__r16,0.4666666666666666,0.3333333333333333,0.4444444444444444,1.0,0.5611111111111111,3,11|22|33
llama_3_1_8b_instruct,compiler::causal_mapping::causal_0101,causal_mapping,test,meta-llama/Llama-3.1-8B-Instruct,middle__all__r16,0.9666666666666667,0.611111111111111,0.3333333333333333,0.9861111111111112,0.7243055555555555,3,11|22|33
llama_3_1_8b_instruct,compiler::causal_mapping::causal_0102,causal_mapping,train,meta-llama/Llama-3.1-8B-Instruct,early__all__r16,0.0,0.0,0.0,0.9958333333333333,0.24895833333333334,1,11
llama_3_1_8b_instruct,compiler::causal_mapping::causal_0102,causal_mapping,train,meta-llama/Llama-3.1-8B-Instruct,full__all__r4,0.30000000000000004,0.3333333333333333,0.16666666666666666,0.9958333333333333,0.44895833333333335,1,11
llama_3_1_8b_instruct,compiler::causal_mapping::causal_0102,causal_mapping,train,meta-llama/Llama-3.1-8B-Instruct,late__all__r16,0.7,0.0,0.16666666666666666,1.0,0.4666666666666667,1,11
llama_3_1_8b_instruct,compiler::causal_mapping::causal_0102,causal_mapping,train,meta-llama/Llama-3.1-8B-Instruct,middle__all__r16,0.6,0.3333333333333333,0.0,0.9833333333333333,0.47916666666666663,1,11
llama_3_1_8b_instruct,compiler::causal_mapping::causal_0103,causal_mapping,train,meta-llama/Llama-3.1-8B-Instruct,early__all__r16,0.1,0.0,0.0,0.9916666666666667,0.2729166666666667,1,11
llama_3_1_8b_instruct,compiler::causal_mapping::causal_0103,causal_mapping,train,meta-llama/Llama-3.1-8B-Instruct,full__all__r4,0.2,0.0,0.5,0.9958333333333333,0.4239583333333333,1,11
llama_3_1_8b_instruct,compiler::causal_mapping::causal_0103,causal_mapping,train,meta-llama/Llama-3.1-8B-Instruct,late__all__r16,0.1,0.0,0.3333333333333333,1.0,0.35833333333333334,1,11
llama_3_1_8b_instruct,compiler::causal_mapping::causal_0103,causal_mapping,train,meta-llama/Llama-3.1-8B-Instruct,middle__all__r16,0.4,0.16666666666666666,0.16666666666666666,0.9875,0.43020833333333336,1,11
llama_3_1_8b_instruct,compiler::causal_mapping::causal_0104,causal_mapping,train,meta-llama/Llama-3.1-8B-Instruct,early__all__r16,0.0,0.0,0.0,0.9833333333333333,0.24583333333333332,1,11
llama_3_1_8b_instruct,compiler::causal_mapping::causal_0104,causal_mapping,train,meta-llama/Llama-3.1-8B-Instruct,full__all__r4,0.5,0.0,0.3333333333333333,0.9916666666666667,0.45625,1,11
llama_3_1_8b_instruct,compiler::causal_mapping::causal_0104,causal_mapping,train,meta-llama/Llama-3.1-8B-Instruct,late__all__r16,0.30000000000000004,0.0,0.3333333333333333,0.9916666666666667,0.40625,1,11
llama_3_1_8b_instruct,compiler::causal_mapping::causal_0104,causal_mapping,train,meta-llama/Llama-3.1-8B-Instruct,middle__all__r16,0.8,0.16666666666666666,0.0,0.9833333333333333,0.4875,1,11
llama_3_1_8b_instruct,compiler::causal_mapping::causal_0105,causal_mapping,train,meta-llama/Llama-3.1-8B-Instruct,early__all__r16,0.0,0.0,0.0,0.9833333333333333,0.24583333333333332,1,11
llama_3_1_8b_instruct,compiler::causal_mapping::causal_0105,causal_mapping,train,meta-llama/Llama-3.1-8B-Instruct,full__all__r4,0.6000000000000001,0.16666666666666666,0.3333333333333333,0.9958333333333333,0.5239583333333333,1,11
llama_3_1_8b_instruct,compiler::causal_mapping::causal_0105,causal_mapping,train,meta-llama/Llama-3.1-8B-Instruct,late__all__r16,0.4,0.0,0.3333333333333333,0.9958333333333333,0.4322916666666667,1,11
llama_3_1_8b_instruct,compiler::causal_mapping::causal_0105,causal_mapping,train,meta-llama/Llama-3.1-8B-Instruct,middle__all__r16,0.6000000000000001,0.16666666666666666,0.16666666666666666,0.9833333333333333,0.4791666666666667,1,11
llama_3_1_8b_instruct,compiler::causal_mapping::causal_0106,causal_mapping,train,meta-llama/Llama-3.1-8B-Instruct,early__all__r16,0.1,0.0,0.0,0.9875,0.27187500000000003,1,11
llama_3_1_8b_instruct,compiler::causal_mapping::causal_0106,causal_mapping,train,meta-llama/Llama-3.1-8B-Instruct,full__all__r4,0.5,0.0,0.16666666666666666,0.9958333333333333,0.415625,1,11
llama_3_1_8b_instruct,compiler::causal_mapping::causal_0106,causal_mapping,train,meta-llama/Llama-3.1-8B-Instruct,late__all__r16,0.4,0.0,0.16666666666666666,1.0,0.39166666666666666,1,11
llama_3_1_8b_instruct,compiler::causal_mapping::causal_0106,causal_mapping,train,meta-llama/Llama-3.1-8B-Instruct,middle__all__r16,0.9,0.16666666666666666,0.0,0.9666666666666667,0.5083333333333333,1,11
llama_3_1_8b_instruct,compiler::causal_mapping::causal_0107,causal_mapping,train,meta-llama/Llama-3.1-8B-Instruct,early__all__r16,0.1,0.0,0.0,0.9958333333333333,0.27395833333333336,1,11
llama_3_1_8b_instruct,compiler::causal_mapping::causal_0107,causal_mapping,train,meta-llama/Llama-3.1-8B-Instruct,full__all__r4,0.1,0.0,0.0,0.9958333333333333,0.27395833333333336,1,11
llama_3_1_8b_instruct,compiler::causal_mapping::causal_0107,causal_mapping,train,meta-llama/Llama-3.1-8B-Instruct,late__all__r16,0.30000000000000004,0.0,0.16666666666666666,1.0,0.3666666666666667,1,11
llama_3_1_8b_instruct,compiler::causal_mapping::causal_0107,causal_mapping,train,meta-llama/Llama-3.1-8B-Instruct,middle__all__r16,0.30000000000000004,0.0,0.0,0.9875,0.321875,1,11
llama_3_1_8b_instruct,compiler::causal_mapping::causal_0108,causal_mapping,train,meta-llama/Llama-3.1-8B-Instruct,early__all__r16,0.0,0.0,0.0,0.9791666666666666,0.24479166666666666,1,11
llama_3_1_8b_instruct,compiler::causal_mapping::causal_0108,causal_mapping,train,meta-llama/Llama-3.1-8B-Instruct,full__all__r4,0.5,0.0,0.16666666666666666,0.9958333333333333,0.415625,1,11
llama_3_1_8b_instruct,compiler::causal_mapping::causal_0108,causal_mapping,train,meta-llama/Llama-3.1-8B-Instruct,late__all__r16,0.4,0.0,0.5,0.9916666666666667,0.47291666666666665,1,11
llama_3_1_8b_instruct,compiler::causal_mapping::causal_0108,causal_mapping,train,meta-llama/Llama-3.1-8B-Instruct,middle__all__r16,0.5,0.0,0.0,0.9875,0.371875,1,11
llama_3_1_8b_instruct,compiler::causal_mapping::causal_0109,causal_mapping,train,meta-llama/Llama-3.1-8B-Instruct,early__all__r16,0.1,0.0,0.0,0.9958333333333333,0.27395833333333336,1,11
llama_3_1_8b_instruct,compiler::causal_mapping::causal_0109,causal_mapping,train,meta-llama/Llama-3.1-8B-Instruct,full__all__r4,0.3,0.0,0.16666666666666666,0.9958333333333333,0.365625,1,11
llama_3_1_8b_instruct,compiler::causal_mapping::causal_0109,causal_mapping,train,meta-llama/Llama-3.1-8B-Instruct,late__all__r16,0.1,0.0,0.3333333333333333,0.9666666666666667,0.35,1,11
llama_3_1_8b_instruct,compiler::causal_mapping::causal_0109,causal_mapping,train,meta-llama/Llama-3.1-8B-Instruct,middle__all__r16,0.7,0.0,0.16666666666666666,0.975,0.46041666666666664,1,11
llama_3_1_8b_instruct,compiler::causal_mapping::causal_0110,causal_mapping,train,meta-llama/Llama-3.1-8B-Instruct,early__all__r16,0.1,0.0,0.0,0.9916666666666667,0.2729166666666667,1,11
llama_3_1_8b_instruct,compiler::causal_mapping::causal_0110,causal_mapping,train,meta-llama/Llama-3.1-8B-Instruct,full__all__r4,0.4,0.0,0.16666666666666666,0.9958333333333333,0.390625,1,11
llama_3_1_8b_instruct,compiler::causal_mapping::causal_0110,causal_mapping,train,meta-llama/Llama-3.1-8B-Instruct,late__all__r16,0.4,0.0,0.16666666666666666,1.0,0.39166666666666666,1,11
llama_3_1_8b_instruct,compiler::causal_mapping::causal_0110,causal_mapping,train,meta-llama/Llama-3.1-8B-Instruct,middle__all__r16,0.3,0.16666666666666666,0.16666666666666666,0.9833333333333333,0.4041666666666667,1,11
llama_3_1_8b_instruct,compiler::causal_mapping::causal_0111,causal_mapping,train,meta-llama/Llama-3.1-8B-Instruct,early__all__r16,0.1,0.0,0.0,0.9583333333333334,0.26458333333333334,1,11
llama_3_1_8b_instruct,compiler::causal_mapping::causal_0111,causal_mapping,train,meta-llama/Llama-3.1-8B-Instruct,full__all__r4,0.6000000000000001,0.16666666666666666,0.5,1.0,0.5666666666666667,1,11
llama_3_1_8b_instruct,compiler::causal_mapping::causal_0111,causal_mapping,train,meta-llama/Llama-3.1-8B-Instruct,late__all__r16,0.5,0.3333333333333333,0.5,1.0,0.5833333333333334,1,11
llama_3_1_8b_instruct,compiler::causal_mapping::causal_0111,causal_mapping,train,meta-llama/Llama-3.1-8B-Instruct,middle__all__r16,1.0,0.6666666666666666,0.3333333333333333,0.9875,0.746875,1,11
llama_3_1_8b_instruct,compiler::causal_mapping::causal_0112,causal_mapping,validation,meta-llama/Llama-3.1-8B-Instruct,early__all__r16,0.0,0.0,0.0,0.9958333333333333,0.24895833333333334,1,11
llama_3_1_8b_instruct,compiler::causal_mapping::causal_0112,causal_mapping,validation,meta-llama/Llama-3.1-8B-Instruct,full__all__r4,0.6000000000000001,0.16666666666666666,0.16666666666666666,0.9958333333333333,0.4822916666666667,1,11
llama_3_1_8b_instruct,compiler::causal_mapping::causal_0112,causal_mapping,validation,meta-llama/Llama-3.1-8B-Instruct,late__all__r16,0.7,0.16666666666666666,0.16666666666666666,1.0,0.5083333333333333,1,11
llama_3_1_8b_instruct,compiler::causal_mapping::causal_0112,causal_mapping,validation,meta-llama/Llama-3.1-8B-Instruct,middle__all__r16,0.5,0.5,0.0,0.9875,0.496875,1,11
llama_3_1_8b_instruct,compiler::causal_mapping::causal_0113,causal_mapping,train,meta-llama/Llama-3.1-8B-Instruct,early__all__r16,0.0,0.0,0.0,0.9875,0.246875,1,11
llama_3_1_8b_instruct,compiler::causal_mapping::causal_0113,causal_mapping,train,meta-llama/Llama-3.1-8B-Instruct,full__all__r4,0.30000000000000004,0.0,0.5,0.9958333333333333,0.44895833333333335,1,11
llama_3_1_8b_instruct,compiler::causal_mapping::causal_0113,causal_mapping,train,meta-llama/Llama-3.1-8B-Instruct,late__all__r16,0.1,0.0,0.3333333333333333,1.0,0.35833333333333334,1,11
llama_3_1_8b_instruct,compiler::causal_mapping::causal_0113,causal_mapping,train,meta-llama/Llama-3.1-8B-Instruct,middle__all__r16,0.5,0.16666666666666666,0.16666666666666666,0.9916666666666667,0.45625,1,11
llama_3_1_8b_instruct,compiler::causal_mapping::causal_0114,causal_mapping,test,meta-llama/Llama-3.1-8B-Instruct,early__all__r16,0.0,0.0,0.0,0.9847222222222222,0.24618055555555554,3,11|22|33
llama_3_1_8b_instruct,compiler::causal_mapping::causal_0114,causal_mapping,test,meta-llama/Llama-3.1-8B-Instruct,full__all__r4,0.5,0.16666666666666666,0.3333333333333333,0.9930555555555557,0.4982638888888889,3,11|22|33
llama_3_1_8b_instruct,compiler::causal_mapping::causal_0114,causal_mapping,test,meta-llama/Llama-3.1-8B-Instruct,late__all__r16,0.3333333333333333,0.2222222222222222,0.27777777777777773,1.0,0.4583333333333333,3,11|22|33
llama_3_1_8b_instruct,compiler::causal_mapping::causal_0114,causal_mapping,test,meta-llama/Llama-3.1-8B-Instruct,middle__all__r16,0.9333333333333332,0.5,0.0,0.9777777777777779,0.6027777777777777,3,11|22|33
llama_3_1_8b_instruct,compiler::causal_mapping::causal_0115,causal_mapping,train,meta-llama/Llama-3.1-8B-Instruct,early__all__r16,0.0,0.0,0.0,0.9833333333333333,0.24583333333333332,1,11
llama_3_1_8b_instruct,compiler::causal_mapping::causal_0115,causal_mapping,train,meta-llama/Llama-3.1-8B-Instruct,full__all__r4,0.5,0.16666666666666666,0.5,0.9958333333333333,0.540625,1,11
llama_3_1_8b_instruct,compiler::causal_mapping::causal_0115,causal_mapping,train,meta-llama/Llama-3.1-8B-Instruct,late__all__r16,0.30000000000000004,0.0,0.3333333333333333,1.0,0.4083333333333333,1,11
llama_3_1_8b_instruct,compiler::causal_mapping::causal_0115,causal_mapping,train,meta-llama/Llama-3.1-8B-Instruct,middle__all__r16,0.6000000000000001,0.3333333333333333,0.16666666666666666,0.9833333333333333,0.5208333333333334,1,11
llama_3_1_8b_instruct,compiler::causal_mapping::causal_0116,causal_mapping,validation,meta-llama/Llama-3.1-8B-Instruct,early__all__r16,0.1,0.0,0.0,0.9833333333333333,0.2708333333333333,1,11
llama_3_1_8b_instruct,compiler::causal_mapping::causal_0116,causal_mapping,validation,meta-llama/Llama-3.1-8B-Instruct,full__all__r4,0.30000000000000004,0.0,0.0,0.9958333333333333,0.32395833333333335,1,11
llama_3_1_8b_instruct,compiler::causal_mapping::causal_0116,causal_mapping,validation,meta-llama/Llama-3.1-8B-Instruct,late__all__r16,0.4,0.0,0.16666666666666666,1.0,0.39166666666666666,1,11
llama_3_1_8b_instruct,compiler::causal_mapping::causal_0116,causal_mapping,validation,meta-llama/Llama-3.1-8B-Instruct,middle__all__r16,0.9,0.16666666666666666,0.0,0.9791666666666666,0.5114583333333333,1,11
llama_3_1_8b_instruct,compiler::causal_mapping::causal_0117,causal_mapping,train,meta-llama/Llama-3.1-8B-Instruct,early__all__r16,0.1,0.0,0.0,0.9958333333333333,0.27395833333333336,1,11
llama_3_1_8b_instruct,compiler::causal_mapping::causal_0117,causal_mapping,train,meta-llama/Llama-3.1-8B-Instruct,full__all__r4,0.1,0.0,0.0,1.0,0.275,1,11
llama_3_1_8b_instruct,compiler::causal_mapping::causal_0117,causal_mapping,train,meta-llama/Llama-3.1-8B-Instruct,late__all__r16,0.30000000000000004,0.0,0.16666666666666666,1.0,0.3666666666666667,1,11
llama_3_1_8b_instruct,compiler::causal_mapping::causal_0117,causal_mapping,train,meta-llama/Llama-3.1-8B-Instruct,middle__all__r16,0.30000000000000004,0.0,0.0,0.9791666666666666,0.3197916666666667,1,11
llama_3_1_8b_instruct,compiler::causal_mapping::causal_0118,causal_mapping,train,meta-llama/Llama-3.1-8B-Instruct,early__all__r16,0.0,0.0,0.0,0.975,0.24375,1,11
llama_3_1_8b_instruct,compiler::causal_mapping::causal_0118,causal_mapping,train,meta-llama/Llama-3.1-8B-Instruct,full__all__r4,0.6000000000000001,0.0,0.16666666666666666,0.9958333333333333,0.44062500000000004,1,11
llama_3_1_8b_instruct,compiler::causal_mapping::causal_0118,causal_mapping,train,meta-llama/Llama-3.1-8B-Instruct,late__all__r16,0.5,0.0,0.5,0.9916666666666667,0.4979166666666667,1,11
llama_3_1_8b_instruct,compiler::causal_mapping::causal_0118,causal_mapping,train,meta-llama/Llama-3.1-8B-Instruct,middle__all__r16,0.9,0.16666666666666666,0.16666666666666666,0.9791666666666666,0.553125,1,11
llama_3_1_8b_instruct,compiler::causal_mapping::causal_0119,causal_mapping,train,meta-llama/Llama-3.1-8B-Instruct,early__all__r16,0.1,0.0,0.0,0.9958333333333333,0.27395833333333336,1,11
llama_3_1_8b_instruct,compiler::causal_mapping::causal_0119,causal_mapping,train,meta-llama/Llama-3.1-8B-Instruct,full__all__r4,0.4,0.0,0.0,0.9958333333333333,0.34895833333333337,1,11
llama_3_1_8b_instruct,compiler::causal_mapping::causal_0119,causal_mapping,train,meta-llama/Llama-3.1-8B-Instruct,late__all__r16,0.2,0.0,0.3333333333333333,0.9625,0.37395833333333334,1,11
llama_3_1_8b_instruct,compiler::causal_mapping::causal_0119,causal_mapping,train,meta-llama/Llama-3.1-8B-Instruct,middle__all__r16,0.6,0.16666666666666666,0.16666666666666666,0.9708333333333333,0.47604166666666664,1,11
llama_3_1_8b_instruct,compiler::factual_association::factual_0000,factual_association,train,meta-llama/Llama-3.1-8B-Instruct,early__all__r16,0.0,0.16666666666666666,1.0,0.9791666666666666,0.5364583333333334,1,11
llama_3_1_8b_instruct,compiler::factual_association::factual_0000,factual_association,train,meta-llama/Llama-3.1-8B-Instruct,full__all__r4,0.0,0.16666666666666666,1.0,1.0,0.5416666666666666,1,11
llama_3_1_8b_instruct,compiler::factual_association::factual_0000,factual_association,train,meta-llama/Llama-3.1-8B-Instruct,late__all__r16,0.3,0.8333333333333334,1.0,1.0,0.7833333333333333,1,11
llama_3_1_8b_instruct,compiler::factual_association::factual_0000,factual_association,train,meta-llama/Llama-3.1-8B-Instruct,middle__all__r16,0.0,0.16666666666666666,0.8333333333333334,1.0,0.5,1,11
llama_3_1_8b_instruct,compiler::factual_association::factual_0001,factual_association,train,meta-llama/Llama-3.1-8B-Instruct,early__all__r16,0.0,0.16666666666666666,1.0,0.9958333333333333,0.540625,1,11
llama_3_1_8b_instruct,compiler::factual_association::factual_0001,factual_association,train,meta-llama/Llama-3.1-8B-Instruct,full__all__r4,0.2,0.16666666666666666,0.6666666666666666,1.0,0.5083333333333333,1,11
llama_3_1_8b_instruct,compiler::factual_association::factual_0001,factual_association,train,meta-llama/Llama-3.1-8B-Instruct,late__all__r16,0.0,0.16666666666666666,1.0,1.0,0.5416666666666666,1,11
llama_3_1_8b_instruct,compiler::factual_association::factual_0001,factual_association,train,meta-llama/Llama-3.1-8B-Instruct,middle__all__r16,0.2,0.16666666666666666,0.16666666666666666,1.0,0.3833333333333333,1,11
llama_3_1_8b_instruct,compiler::factual_association::factual_0002,factual_association,train,meta-llama/Llama-3.1-8B-Instruct,early__all__r16,0.0,0.16666666666666666,1.0,0.9916666666666667,0.5395833333333333,1,11
llama_3_1_8b_instruct,compiler::factual_association::factual_0002,factual_association,train,meta-llama/Llama-3.1-8B-Instruct,full__all__r4,0.0,0.16666666666666666,1.0,0.9916666666666667,0.5395833333333333,1,11
llama_3_1_8b_instruct,compiler::factual_association::factual_0002,factual_association,train,meta-llama/Llama-3.1-8B-Instruct,late__all__r16,0.7,0.8333333333333334,0.6666666666666666,1.0,0.8,1,11
llama_3_1_8b_instruct,compiler::factual_association::factual_0002,factual_association,train,meta-llama/Llama-3.1-8B-Instruct,middle__all__r16,0.0,0.16666666666666666,0.8333333333333334,0.9875,0.496875,1,11
llama_3_1_8b_instruct,compiler::factual_association::factual_0003,factual_association,train,meta-llama/Llama-3.1-8B-Instruct,early__all__r16,0.0,0.16666666666666666,1.0,1.0,0.5416666666666666,1,11
llama_3_1_8b_instruct,compiler::factual_association::factual_0003,factual_association,train,meta-llama/Llama-3.1-8B-Instruct,full__all__r4,0.0,0.16666666666666666,1.0,1.0,0.5416666666666666,1,11
llama_3_1_8b_instruct,compiler::factual_association::factual_0003,factual_association,train,meta-llama/Llama-3.1-8B-Instruct,late__all__r16,0.0,0.16666666666666666,1.0,1.0,0.5416666666666666,1,11
llama_3_1_8b_instruct,compiler::factual_association::factual_0003,factual_association,train,meta-llama/Llama-3.1-8B-Instruct,middle__all__r16,0.0,0.16666666666666666,0.8333333333333334,0.9958333333333333,0.49895833333333334,1,11
llama_3_1_8b_instruct,compiler::factual_association::factual_0004,factual_association,train,meta-llama/Llama-3.1-8B-Instruct,early__all__r16,0.0,0.16666666666666666,1.0,0.9791666666666666,0.5364583333333334,1,11
llama_3_1_8b_instruct,compiler::factual_association::factual_0004,factual_association,train,meta-llama/Llama-3.1-8B-Instruct,full__all__r4,0.0,0.16666666666666666,1.0,1.0,0.5416666666666666,1,11
llama_3_1_8b_instruct,compiler::factual_association::factual_0004,factual_association,train,meta-llama/Llama-3.1-8B-Instruct,late__all__r16,0.0,0.16666666666666666,1.0,1.0,0.5416666666666666,1,11
llama_3_1_8b_instruct,compiler::factual_association::factual_0004,factual_association,train,meta-llama/Llama-3.1-8B-Instruct,middle__all__r16,0.2,0.16666666666666666,0.3333333333333333,0.9958333333333333,0.4239583333333333,1,11
llama_3_1_8b_instruct,compiler::factual_association::factual_0005,factual_association,train,meta-llama/Llama-3.1-8B-Instruct,early__all__r16,0.2,0.16666666666666666,0.8333333333333334,0.9708333333333333,0.5427083333333333,1,11
llama_3_1_8b_instruct,compiler::factual_association::factual_0005,factual_association,train,meta-llama/Llama-3.1-8B-Instruct,full__all__r4,0.2,0.16666666666666666,0.8333333333333334,0.9916666666666667,0.5479166666666667,1,11
llama_3_1_8b_instruct,compiler::factual_association::factual_0005,factual_association,train,meta-llama/Llama-3.1-8B-Instruct,late__all__r16,0.0,0.16666666666666666,0.6666666666666666,0.9958333333333333,0.45729166666666665,1,11
llama_3_1_8b_instruct,compiler::factual_association::factual_0005,factual_association,train,meta-llama/Llama-3.1-8B-Instruct,middle__all__r16,0.2,0.16666666666666666,0.6666666666666666,0.9916666666666667,0.50625,1,11
llama_3_1_8b_instruct,compiler::factual_association::factual_0006,factual_association,test,meta-llama/Llama-3.1-8B-Instruct,early__all__r16,0.0,0.16666666666666666,1.0,0.9944444444444445,0.5402777777777777,3,11|22|33
llama_3_1_8b_instruct,compiler::factual_association::factual_0006,factual_association,test,meta-llama/Llama-3.1-8B-Instruct,full__all__r4,0.26666666666666666,0.3333333333333333,1.0,0.9972222222222222,0.6493055555555556,3,11|22|33
llama_3_1_8b_instruct,compiler::factual_association::factual_0006,factual_association,test,meta-llama/Llama-3.1-8B-Instruct,late__all__r16,0.20000000000000004,0.3888888888888889,1.0,0.9958333333333332,0.6461805555555555,3,11|22|33
llama_3_1_8b_instruct,compiler::factual_association::factual_0006,factual_association,test,meta-llama/Llama-3.1-8B-Instruct,middle__all__r16,0.5333333333333333,0.6666666666666666,0.8888888888888888,1.0,0.7722222222222221,3,11|22|33
llama_3_1_8b_instruct,compiler::factual_association::factual_0007,factual_association,validation,meta-llama/Llama-3.1-8B-Instruct,early__all__r16,0.0,0.16666666666666666,1.0,0.9916666666666667,0.5395833333333333,1,11
llama_3_1_8b_instruct,compiler::factual_association::factual_0007,factual_association,validation,meta-llama/Llama-3.1-8B-Instruct,full__all__r4,0.0,0.16666666666666666,1.0,0.9916666666666667,0.5395833333333333,1,11
llama_3_1_8b_instruct,compiler::factual_association::factual_0007,factual_association,validation,meta-llama/Llama-3.1-8B-Instruct,late__all__r16,0.3,0.16666666666666666,1.0,0.9958333333333333,0.615625,1,11
llama_3_1_8b_instruct,compiler::factual_association::factual_0007,factual_association,validation,meta-llama/Llama-3.1-8B-Instruct,middle__all__r16,0.0,0.16666666666666666,1.0,1.0,0.5416666666666666,1,11
llama_3_1_8b_instruct,compiler::factual_association::factual_0008,factual_association,train,meta-llama/Llama-3.1-8B-Instruct,early__all__r16,0.0,0.0,1.0,0.9916666666666667,0.4979166666666667,1,11
llama_3_1_8b_instruct,compiler::factual_association::factual_0008,factual_association,train,meta-llama/Llama-3.1-8B-Instruct,full__all__r4,0.0,0.0,1.0,1.0,0.5,1,11
llama_3_1_8b_instruct,compiler::factual_association::factual_0008,factual_association,train,meta-llama/Llama-3.1-8B-Instruct,late__all__r16,0.2,0.0,0.8333333333333334,0.9958333333333333,0.5072916666666667,1,11
llama_3_1_8b_instruct,compiler::factual_association::factual_0008,factual_association,train,meta-llama/Llama-3.1-8B-Instruct,middle__all__r16,0.2,0.0,0.8333333333333334,0.9958333333333333,0.5072916666666667,1,11
llama_3_1_8b_instruct,compiler::factual_association::factual_0009,factual_association,train,meta-llama/Llama-3.1-8B-Instruct,early__all__r16,0.0,0.16666666666666666,1.0,0.9833333333333333,0.5375,1,11
llama_3_1_8b_instruct,compiler::factual_association::factual_0009,factual_association,train,meta-llama/Llama-3.1-8B-Instruct,full__all__r4,0.0,0.16666666666666666,1.0,0.9916666666666667,0.5395833333333333,1,11
llama_3_1_8b_instruct,compiler::factual_association::factual_0009,factual_association,train,meta-llama/Llama-3.1-8B-Instruct,late__all__r16,0.0,0.16666666666666666,1.0,1.0,0.5416666666666666,1,11
llama_3_1_8b_instruct,compiler::factual_association::factual_0009,factual_association,train,meta-llama/Llama-3.1-8B-Instruct,middle__all__r16,0.2,0.16666666666666666,0.5,1.0,0.4666666666666667,1,11
llama_3_1_8b_instruct,compiler::factual_association::factual_0010,factual_association,train,meta-llama/Llama-3.1-8B-Instruct,early__all__r16,0.0,0.16666666666666666,1.0,1.0,0.5416666666666666,1,11
llama_3_1_8b_instruct,compiler::factual_association::factual_0010,factual_association,train,meta-llama/Llama-3.1-8B-Instruct,full__all__r4,0.0,0.3333333333333333,1.0,1.0,0.5833333333333334,1,11
llama_3_1_8b_instruct,compiler::factual_association::factual_0010,factual_association,train,meta-llama/Llama-3.1-8B-Instruct,late__all__r16,0.0,0.16666666666666666,0.8333333333333334,0.9875,0.496875,1,11
llama_3_1_8b_instruct,compiler::factual_association::factual_0010,factual_association,train,meta-llama/Llama-3.1-8B-Instruct,middle__all__r16,0.2,0.16666666666666666,0.8333333333333334,1.0,0.55,1,11
llama_3_1_8b_instruct,compiler::factual_association::factual_0011,factual_association,validation,meta-llama/Llama-3.1-8B-Instruct,early__all__r16,0.0,0.16666666666666666,1.0,0.9875,0.5385416666666667,1,11
llama_3_1_8b_instruct,compiler::factual_association::factual_0011,factual_association,validation,meta-llama/Llama-3.1-8B-Instruct,full__all__r4,0.2,0.16666666666666666,1.0,0.9958333333333333,0.590625,1,11
llama_3_1_8b_instruct,compiler::factual_association::factual_0011,factual_association,validation,meta-llama/Llama-3.1-8B-Instruct,late__all__r16,0.2,0.16666666666666666,1.0,1.0,0.5916666666666667,1,11
llama_3_1_8b_instruct,compiler::factual_association::factual_0011,factual_association,validation,meta-llama/Llama-3.1-8B-Instruct,middle__all__r16,0.2,0.16666666666666666,0.3333333333333333,0.9958333333333333,0.4239583333333333,1,11
llama_3_1_8b_instruct,compiler::factual_association::factual_0012,factual_association,train,meta-llama/Llama-3.1-8B-Instruct,early__all__r16,0.0,0.16666666666666666,1.0,0.975,0.5354166666666667,1,11
llama_3_1_8b_instruct,compiler::factual_association::factual_0012,factual_association,train,meta-llama/Llama-3.1-8B-Instruct,full__all__r4,0.2,0.16666666666666666,0.8333333333333334,0.9916666666666667,0.5479166666666667,1,11
llama_3_1_8b_instruct,compiler::factual_association::factual_0012,factual_association,train,meta-llama/Llama-3.1-8B-Instruct,late__all__r16,0.5,0.5,0.8333333333333334,0.9875,0.7052083333333333,1,11
llama_3_1_8b_instruct,compiler::factual_association::factual_0012,factual_association,train,meta-llama/Llama-3.1-8B-Instruct,middle__all__r16,0.4,0.5,0.8333333333333334,1.0,0.6833333333333333,1,11
llama_3_1_8b_instruct,compiler::factual_association::factual_0013,factual_association,train,meta-llama/Llama-3.1-8B-Instruct,early__all__r16,0.0,0.16666666666666666,1.0,0.9833333333333333,0.5375,1,11
llama_3_1_8b_instruct,compiler::factual_association::factual_0013,factual_association,train,meta-llama/Llama-3.1-8B-Instruct,full__all__r4,0.0,0.16666666666666666,0.8333333333333334,1.0,0.5,1,11
llama_3_1_8b_instruct,compiler::factual_association::factual_0013,factual_association,train,meta-llama/Llama-3.1-8B-Instruct,late__all__r16,0.0,0.16666666666666666,0.8333333333333334,1.0,0.5,1,11
llama_3_1_8b_instruct,compiler::factual_association::factual_0013,factual_association,train,meta-llama/Llama-3.1-8B-Instruct,middle__all__r16,0.2,0.16666666666666666,0.5,1.0,0.4666666666666667,1,11
llama_3_1_8b_instruct,compiler::factual_association::factual_0014,factual_association,validation,meta-llama/Llama-3.1-8B-Instruct,early__all__r16,0.0,0.16666666666666666,0.6666666666666666,0.9833333333333333,0.45416666666666666,1,11
llama_3_1_8b_instruct,compiler::factual_association::factual_0014,factual_association,validation,meta-llama/Llama-3.1-8B-Instruct,full__all__r4,0.0,0.16666666666666666,0.6666666666666666,0.9875,0.4552083333333333,1,11
llama_3_1_8b_instruct,compiler::factual_association::factual_0014,factual_association,validation,meta-llama/Llama-3.1-8B-Instruct,late__all__r16,0.0,0.16666666666666666,0.5,1.0,0.4166666666666667,1,11
llama_3_1_8b_instruct,compiler::factual_association::factual_0014,factual_association,validation,meta-llama/Llama-3.1-8B-Instruct,middle__all__r16,0.2,0.0,0.3333333333333333,0.9958333333333333,0.3822916666666667,1,11
llama_3_1_8b_instruct,compiler::factual_association::factual_0015,factual_association,train,meta-llama/Llama-3.1-8B-Instruct,early__all__r16,0.0,0.16666666666666666,1.0,0.9708333333333333,0.534375,1,11
llama_3_1_8b_instruct,compiler::factual_association::factual_0015,factual_association,train,meta-llama/Llama-3.1-8B-Instruct,full__all__r4,0.0,0.0,1.0,0.9916666666666667,0.4979166666666667,1,11
llama_3_1_8b_instruct,compiler::factual_association::factual_0015,factual_association,train,meta-llama/Llama-3.1-8B-Instruct,late__all__r16,0.0,0.16666666666666666,1.0,1.0,0.5416666666666666,1,11
llama_3_1_8b_instruct,compiler::factual_association::factual_0015,factual_association,train,meta-llama/Llama-3.1-8B-Instruct,middle__all__r16,0.0,0.0,1.0,0.9958333333333333,0.49895833333333334,1,11
llama_3_1_8b_instruct,compiler::factual_association::factual_0016,factual_association,test,meta-llama/Llama-3.1-8B-Instruct,early__all__r16,0.0,0.16666666666666666,1.0,0.9986111111111112,0.5413194444444445,3,11|22|33
llama_3_1_8b_instruct,compiler::factual_association::factual_0016,factual_association,test,meta-llama/Llama-3.1-8B-Instruct,full__all__r4,0.0,0.16666666666666666,1.0,1.0,0.5416666666666666,3,11|22|33
llama_3_1_8b_instruct,compiler::factual_association::factual_0016,factual_association,test,meta-llama/Llama-3.1-8B-Instruct,late__all__r16,0.0,0.16666666666666666,1.0,0.9986111111111112,0.5413194444444445,3,11|22|33
llama_3_1_8b_instruct,compiler::factual_association::factual_0016,factual_association,test,meta-llama/Llama-3.1-8B-Instruct,middle__all__r16,0.06666666666666667,0.16666666666666666,0.6111111111111112,0.9972222222222222,0.4604166666666667,3,11|22|33
llama_3_1_8b_instruct,compiler::factual_association::factual_0017,factual_association,train,meta-llama/Llama-3.1-8B-Instruct,early__all__r16,0.2,0.16666666666666666,0.5,0.9875,0.4635416666666667,1,11
llama_3_1_8b_instruct,compiler::factual_association::factual_0017,factual_association,train,meta-llama/Llama-3.1-8B-Instruct,full__all__r4,0.0,0.16666666666666666,1.0,0.9875,0.5385416666666667,1,11
llama_3_1_8b_instruct,compiler::factual_association::factual_0017,factual_association,train,meta-llama/Llama-3.1-8B-Instruct,late__all__r16,0.0,0.16666666666666666,0.3333333333333333,0.9916666666666667,0.3729166666666667,1,11
llama_3_1_8b_instruct,compiler::factual_association::factual_0017,factual_association,train,meta-llama/Llama-3.1-8B-Instruct,middle__all__r16,0.2,0.16666666666666666,0.3333333333333333,0.9958333333333333,0.4239583333333333,1,11
llama_3_1_8b_instruct,compiler::factual_association::factual_0018,factual_association,test,meta-llama/Llama-3.1-8B-Instruct,early__all__r16,0.0,0.1111111111111111,1.0,0.9833333333333334,0.5236111111111111,3,11|22|33
llama_3_1_8b_instruct,compiler::factual_association::factual_0018,factual_association,test,meta-llama/Llama-3.1-8B-Instruct,full__all__r4,0.0,0.05555555555555555,0.8333333333333334,1.0,0.4722222222222222,3,11|22|33
llama_3_1_8b_instruct,compiler::factual_association::factual_0018,factual_association,test,meta-llama/Llama-3.1-8B-Instruct,late__all__r16,0.16666666666666666,0.3333333333333333,0.888888888888889,0.9847222222222222,0.5934027777777777,3,11|22|33
llama_3_1_8b_instruct,compiler::factual_association::factual_0018,factual_association,test,meta-llama/Llama-3.1-8B-Instruct,middle__all__r16,0.13333333333333333,0.05555555555555555,0.6111111111111112,0.9972222222222222,0.44930555555555557,3,11|22|33
llama_3_1_8b_instruct,compiler::factual_association::factual_0019,factual_association,train,meta-llama/Llama-3.1-8B-Instruct,early__all__r16,0.0,0.16666666666666666,1.0,1.0,0.5416666666666666,1,11
llama_3_1_8b_instruct,compiler::factual_association::factual_0019,factual_association,train,meta-llama/Llama-3.1-8B-Instruct,full__all__r4,0.1,0.16666666666666666,0.8333333333333334,1.0,0.525,1,11
llama_3_1_8b_instruct,compiler::factual_association::factual_0019,factual_association,train,meta-llama/Llama-3.1-8B-Instruct,late__all__r16,0.3,0.16666666666666666,0.6666666666666666,0.9916666666666667,0.53125,1,11
llama_3_1_8b_instruct,compiler::factual_association::factual_0019,factual_association,train,meta-llama/Llama-3.1-8B-Instruct,middle__all__r16,0.4,0.16666666666666666,0.5,0.9958333333333333,0.515625,1,11
llama_3_1_8b_instruct,compiler::factual_association::factual_0020,factual_association,train,meta-llama/Llama-3.1-8B-Instruct,early__all__r16,0.2,0.16666666666666666,0.8333333333333334,0.9875,0.546875,1,11
llama_3_1_8b_instruct,compiler::factual_association::factual_0020,factual_association,train,meta-llama/Llama-3.1-8B-Instruct,full__all__r4,0.0,0.16666666666666666,1.0,0.9916666666666667,0.5395833333333333,1,11
llama_3_1_8b_instruct,compiler::factual_association::factual_0020,factual_association,train,meta-llama/Llama-3.1-8B-Instruct,late__all__r16,0.2,0.5,0.6666666666666666,0.9958333333333333,0.590625,1,11
llama_3_1_8b_instruct,compiler::factual_association::factual_0020,factual_association,train,meta-llama/Llama-3.1-8B-Instruct,middle__all__r16,0.4,0.3333333333333333,0.5,0.9958333333333333,0.5572916666666666,1,11
llama_3_1_8b_instruct,compiler::factual_association::factual_0021,factual_association,validation,meta-llama/Llama-3.1-8B-Instruct,early__all__r16,0.0,0.3333333333333333,1.0,0.9916666666666667,0.58125,1,11
llama_3_1_8b_instruct,compiler::factual_association::factual_0021,factual_association,validation,meta-llama/Llama-3.1-8B-Instruct,full__all__r4,0.0,0.16666666666666666,1.0,1.0,0.5416666666666666,1,11
llama_3_1_8b_instruct,compiler::factual_association::factual_0021,factual_association,validation,meta-llama/Llama-3.1-8B-Instruct,late__all__r16,0.0,0.16666666666666666,1.0,0.9958333333333333,0.540625,1,11
llama_3_1_8b_instruct,compiler::factual_association::factual_0021,factual_association,validation,meta-llama/Llama-3.1-8B-Instruct,middle__all__r16,0.0,0.16666666666666666,1.0,0.9958333333333333,0.540625,1,11
llama_3_1_8b_instruct,compiler::factual_association::factual_0022,factual_association,test,meta-llama/Llama-3.1-8B-Instruct,early__all__r16,0.0,0.16666666666666666,1.0,0.9861111111111112,0.5381944444444444,3,11|22|33
llama_3_1_8b_instruct,compiler::factual_association::factual_0022,factual_association,test,meta-llama/Llama-3.1-8B-Instruct,full__all__r4,0.0,0.27777777777777773,1.0,1.0,0.5694444444444444,3,11|22|33
llama_3_1_8b_instruct,compiler::factual_association::factual_0022,factual_association,test,meta-llama/Llama-3.1-8B-Instruct,late__all__r16,0.0,0.2222222222222222,1.0,0.9958333333333332,0.5545138888888889,3,11|22|33
llama_3_1_8b_instruct,compiler::factual_association::factual_0022,factual_association,test,meta-llama/Llama-3.1-8B-Instruct,middle__all__r16,0.0,0.16666666666666666,0.5555555555555555,1.0,0.4305555555555555,3,11|22|33
llama_3_1_8b_instruct,compiler::factual_association::factual_0023,factual_association,train,meta-llama/Llama-3.1-8B-Instruct,early__all__r16,0.0,0.16666666666666666,1.0,0.9833333333333333,0.5375,1,11
llama_3_1_8b_instruct,compiler::factual_association::factual_0023,factual_association,train,meta-llama/Llama-3.1-8B-Instruct,full__all__r4,0.0,0.16666666666666666,1.0,0.9916666666666667,0.5395833333333333,1,11
llama_3_1_8b_instruct,compiler::factual_association::factual_0023,factual_association,train,meta-llama/Llama-3.1-8B-Instruct,late__all__r16,0.0,0.16666666666666666,0.6666666666666666,1.0,0.4583333333333333,1,11
llama_3_1_8b_instruct,compiler::factual_association::factual_0023,factual_association,train,meta-llama/Llama-3.1-8B-Instruct,middle__all__r16,0.2,0.0,0.5,0.9958333333333333,0.4239583333333333,1,11
llama_3_1_8b_instruct,compiler::factual_association::factual_0024,factual_association,test,meta-llama/Llama-3.1-8B-Instruct,early__all__r16,0.0,0.16666666666666666,1.0,0.9888888888888889,0.5388888888888889,3,11|22|33
llama_3_1_8b_instruct,compiler::factual_association::factual_0024,factual_association,test,meta-llama/Llama-3.1-8B-Instruct,full__all__r4,0.0,0.16666666666666666,1.0,0.9986111111111112,0.5413194444444445,3,11|22|33
llama_3_1_8b_instruct,compiler::factual_association::factual_0024,factual_association,test,meta-llama/Llama-3.1-8B-Instruct,late__all__r16,0.13333333333333333,0.2222222222222222,1.0,0.9958333333333332,0.5878472222222222,3,11|22|33
llama_3_1_8b_instruct,compiler::factual_association::factual_0024,factual_association,test,meta-llama/Llama-3.1-8B-Instruct,middle__all__r16,0.0,0.16666666666666666,0.888888888888889,0.9958333333333332,0.5128472222222222,3,11|22|33
llama_3_1_8b_instruct,compiler::factual_association::factual_0025,factual_association,train,meta-llama/Llama-3.1-8B-Instruct,early__all__r16,0.0,0.16666666666666666,1.0,0.9958333333333333,0.540625,1,11
llama_3_1_8b_instruct,compiler::factual_association::factual_0025,factual_association,train,meta-llama/Llama-3.1-8B-Instruct,full__all__r4,0.2,0.16666666666666666,0.5,1.0,0.4666666666666667,1,11
llama_3_1_8b_instruct,compiler::factual_association::factual_0025,factual_association,train,meta-llama/Llama-3.1-8B-Instruct,late__all__r16,0.0,0.16666666666666666,1.0,1.0,0.5416666666666666,1,11
llama_3_1_8b_instruct,compiler::factual_association::factual_0025,factual_association,train,meta-llama/Llama-3.1-8B-Instruct,middle__all__r16,0.2,0.16666666666666666,0.16666666666666666,1.0,0.3833333333333333,1,11
llama_3_1_8b_instruct,compiler::factual_association::factual_0026,factual_association,validation,meta-llama/Llama-3.1-8B-Instruct,early__all__r16,0.0,0.16666666666666666,0.5,0.9875,0.4135416666666667,1,11
llama_3_1_8b_instruct,compiler::factual_association::factual_0026,factual_association,validation,meta-llama/Llama-3.1-8B-Instruct,full__all__r4,0.0,0.0,0.6666666666666666,0.9958333333333333,0.415625,1,11
llama_3_1_8b_instruct,compiler::factual_association::factual_0026,factual_association,validation,meta-llama/Llama-3.1-8B-Instruct,late__all__r16,0.0,0.16666666666666666,0.6666666666666666,1.0,0.4583333333333333,1,11
llama_3_1_8b_instruct,compiler::factual_association::factual_0026,factual_association,validation,meta-llama/Llama-3.1-8B-Instruct,middle__all__r16,0.2,0.0,0.5,0.9958333333333333,0.4239583333333333,1,11
llama_3_1_8b_instruct,compiler::factual_association::factual_0027,factual_association,train,meta-llama/Llama-3.1-8B-Instruct,early__all__r16,0.0,0.16666666666666666,1.0,0.975,0.5354166666666667,1,11
llama_3_1_8b_instruct,compiler::factual_association::factual_0027,factual_association,train,meta-llama/Llama-3.1-8B-Instruct,full__all__r4,0.30000000000000004,0.6666666666666666,1.0,1.0,0.7416666666666667,1,11
llama_3_1_8b_instruct,compiler::factual_association::factual_0027,factual_association,train,meta-llama/Llama-3.1-8B-Instruct,late__all__r16,0.2,0.16666666666666666,1.0,1.0,0.5916666666666667,1,11
llama_3_1_8b_instruct,compiler::factual_association::factual_0027,factual_association,train,meta-llama/Llama-3.1-8B-Instruct,middle__all__r16,0.0,0.16666666666666666,1.0,0.9958333333333333,0.540625,1,11
llama_3_1_8b_instruct,compiler::factual_association::factual_0028,factual_association,train,meta-llama/Llama-3.1-8B-Instruct,early__all__r16,0.0,0.16666666666666666,1.0,0.9791666666666666,0.5364583333333334,1,11
llama_3_1_8b_instruct,compiler::factual_association::factual_0028,factual_association,train,meta-llama/Llama-3.1-8B-Instruct,full__all__r4,0.0,0.16666666666666666,1.0,1.0,0.5416666666666666,1,11
llama_3_1_8b_instruct,compiler::factual_association::factual_0028,factual_association,train,meta-llama/Llama-3.1-8B-Instruct,late__all__r16,0.0,0.16666666666666666,0.8333333333333334,1.0,0.5,1,11
llama_3_1_8b_instruct,compiler::factual_association::factual_0028,factual_association,train,meta-llama/Llama-3.1-8B-Instruct,middle__all__r16,0.2,0.16666666666666666,0.6666666666666666,0.9958333333333333,0.5072916666666667,1,11
llama_3_1_8b_instruct,compiler::factual_association::factual_0029,factual_association,train,meta-llama/Llama-3.1-8B-Instruct,early__all__r16,0.2,0.16666666666666666,0.6666666666666666,0.9875,0.5052083333333334,1,11
llama_3_1_8b_instruct,compiler::factual_association::factual_0029,factual_association,train,meta-llama/Llama-3.1-8B-Instruct,full__all__r4,0.2,0.16666666666666666,0.5,0.9916666666666667,0.46458333333333335,1,11
llama_3_1_8b_instruct,compiler::factual_association::factual_0029,factual_association,train,meta-llama/Llama-3.1-8B-Instruct,late__all__r16,0.2,0.16666666666666666,0.5,1.0,0.4666666666666667,1,11
llama_3_1_8b_instruct,compiler::factual_association::factual_0029,factual_association,train,meta-llama/Llama-3.1-8B-Instruct,middle__all__r16,0.2,0.0,0.5,0.9958333333333333,0.4239583333333333,1,11
llama_3_1_8b_instruct,compiler::factual_association::factual_0030,factual_association,test,meta-llama/Llama-3.1-8B-Instruct,early__all__r16,0.0,0.16666666666666666,1.0,0.9736111111111111,0.5350694444444445,3,11|22|33
llama_3_1_8b_instruct,compiler::factual_association::factual_0030,factual_association,test,meta-llama/Llama-3.1-8B-Instruct,full__all__r4,0.0,0.16666666666666666,1.0,0.9972222222222222,0.5409722222222222,3,11|22|33
llama_3_1_8b_instruct,compiler::factual_association::factual_0030,factual_association,test,meta-llama/Llama-3.1-8B-Instruct,late__all__r16,0.13333333333333333,0.5,1.0,0.9916666666666667,0.65625,3,11|22|33
llama_3_1_8b_instruct,compiler::factual_association::factual_0030,factual_association,test,meta-llama/Llama-3.1-8B-Instruct,middle__all__r16,0.0,0.16666666666666666,0.888888888888889,1.0,0.513888888888889,3,11|22|33
llama_3_1_8b_instruct,compiler::factual_association::factual_0031,factual_association,train,meta-llama/Llama-3.1-8B-Instruct,early__all__r16,0.0,0.16666666666666666,1.0,0.9916666666666667,0.5395833333333333,1,11
llama_3_1_8b_instruct,compiler::factual_association::factual_0031,factual_association,train,meta-llama/Llama-3.1-8B-Instruct,full__all__r4,0.0,0.16666666666666666,1.0,0.9916666666666667,0.5395833333333333,1,11
llama_3_1_8b_instruct,compiler::factual_association::factual_0031,factual_association,train,meta-llama/Llama-3.1-8B-Instruct,late__all__r16,0.3,0.16666666666666666,1.0,1.0,0.6166666666666667,1,11
llama_3_1_8b_instruct,compiler::factual_association::factual_0031,factual_association,train,meta-llama/Llama-3.1-8B-Instruct,middle__all__r16,0.0,0.16666666666666666,1.0,1.0,0.5416666666666666,1,11
llama_3_1_8b_instruct,compiler::factual_association::factual_0032,factual_association,test,meta-llama/Llama-3.1-8B-Instruct,early__all__r16,0.0,0.16666666666666666,1.0,0.9847222222222222,0.5378472222222223,3,11|22|33
llama_3_1_8b_instruct,compiler::factual_association::factual_0032,factual_association,test,meta-llama/Llama-3.1-8B-Instruct,full__all__r4,0.0,0.16666666666666666,1.0,0.9986111111111112,0.5413194444444445,3,11|22|33
llama_3_1_8b_instruct,compiler::factual_association::factual_0032,factual_association,test,meta-llama/Llama-3.1-8B-Instruct,late__all__r16,0.0,0.16666666666666666,0.7777777777777777,1.0,0.4861111111111111,3,11|22|33
llama_3_1_8b_instruct,compiler::factual_association::factual_0032,factual_association,test,meta-llama/Llama-3.1-8B-Instruct,middle__all__r16,0.13333333333333333,0.0,0.6666666666666666,0.9958333333333332,0.4489583333333333,3,11|22|33
llama_3_1_8b_instruct,compiler::factual_association::factual_0033,factual_association,validation,meta-llama/Llama-3.1-8B-Instruct,early__all__r16,0.0,0.16666666666666666,1.0,0.9958333333333333,0.540625,1,11
llama_3_1_8b_instruct,compiler::factual_association::factual_0033,factual_association,validation,meta-llama/Llama-3.1-8B-Instruct,full__all__r4,0.0,0.16666666666666666,1.0,1.0,0.5416666666666666,1,11
llama_3_1_8b_instruct,compiler::factual_association::factual_0033,factual_association,validation,meta-llama/Llama-3.1-8B-Instruct,late__all__r16,0.0,0.16666666666666666,1.0,0.9958333333333333,0.540625,1,11
llama_3_1_8b_instruct,compiler::factual_association::factual_0033,factual_association,validation,meta-llama/Llama-3.1-8B-Instruct,middle__all__r16,0.0,0.16666666666666666,0.8333333333333334,0.9958333333333333,0.49895833333333334,1,11
llama_3_1_8b_instruct,compiler::factual_association::factual_0034,factual_association,train,meta-llama/Llama-3.1-8B-Instruct,early__all__r16,0.0,0.16666666666666666,1.0,1.0,0.5416666666666666,1,11
llama_3_1_8b_instruct,compiler::factual_association::factual_0034,factual_association,train,meta-llama/Llama-3.1-8B-Instruct,full__all__r4,0.0,0.3333333333333333,1.0,1.0,0.5833333333333334,1,11
llama_3_1_8b_instruct,compiler::factual_association::factual_0034,factual_association,train,meta-llama/Llama-3.1-8B-Instruct,late__all__r16,0.0,0.16666666666666666,0.6666666666666666,0.9875,0.4552083333333333,1,11
llama_3_1_8b_instruct,compiler::factual_association::factual_0034,factual_association,train,meta-llama/Llama-3.1-8B-Instruct,middle__all__r16,0.2,0.16666666666666666,0.3333333333333333,1.0,0.425,1,11
llama_3_1_8b_instruct,compiler::factual_association::factual_0035,factual_association,train,meta-llama/Llama-3.1-8B-Instruct,early__all__r16,0.0,0.16666666666666666,1.0,0.9833333333333333,0.5375,1,11
llama_3_1_8b_instruct,compiler::factual_association::factual_0035,factual_association,train,meta-llama/Llama-3.1-8B-Instruct,full__all__r4,0.0,0.16666666666666666,0.6666666666666666,0.9916666666666667,0.45625,1,11
llama_3_1_8b_instruct,compiler::factual_association::factual_0035,factual_association,train,meta-llama/Llama-3.1-8B-Instruct,late__all__r16,0.0,0.16666666666666666,0.6666666666666666,1.0,0.4583333333333333,1,11
llama_3_1_8b_instruct,compiler::factual_association::factual_0035,factual_association,train,meta-llama/Llama-3.1-8B-Instruct,middle__all__r16,0.2,0.0,0.5,0.9958333333333333,0.4239583333333333,1,11
llama_3_1_8b_instruct,compiler::factual_association::factual_0036,factual_association,train,meta-llama/Llama-3.1-8B-Instruct,early__all__r16,0.0,0.16666666666666666,1.0,0.9875,0.5385416666666667,1,11
llama_3_1_8b_instruct,compiler::factual_association::factual_0036,factual_association,train,meta-llama/Llama-3.1-8B-Instruct,full__all__r4,0.2,0.3333333333333333,1.0,0.9916666666666667,0.63125,1,11
llama_3_1_8b_instruct,compiler::factual_association::factual_0036,factual_association,train,meta-llama/Llama-3.1-8B-Instruct,late__all__r16,0.1,0.16666666666666666,1.0,0.9958333333333333,0.565625,1,11
llama_3_1_8b_instruct,compiler::factual_association::factual_0036,factual_association,train,meta-llama/Llama-3.1-8B-Instruct,middle__all__r16,0.5,0.6666666666666666,1.0,1.0,0.7916666666666666,1,11
llama_3_1_8b_instruct,compiler::factual_association::factual_0037,factual_association,train,meta-llama/Llama-3.1-8B-Instruct,early__all__r16,0.0,0.16666666666666666,1.0,0.9833333333333333,0.5375,1,11
llama_3_1_8b_instruct,compiler::factual_association::factual_0037,factual_association,train,meta-llama/Llama-3.1-8B-Instruct,full__all__r4,0.0,0.16666666666666666,1.0,1.0,0.5416666666666666,1,11
llama_3_1_8b_instruct,compiler::factual_association::factual_0037,factual_association,train,meta-llama/Llama-3.1-8B-Instruct,late__all__r16,0.0,0.16666666666666666,0.8333333333333334,1.0,0.5,1,11
llama_3_1_8b_instruct,compiler::factual_association::factual_0037,factual_association,train,meta-llama/Llama-3.1-8B-Instruct,middle__all__r16,0.0,0.16666666666666666,0.6666666666666666,0.9958333333333333,0.45729166666666665,1,11
llama_3_1_8b_instruct,compiler::factual_association::factual_0038,factual_association,train,meta-llama/Llama-3.1-8B-Instruct,early__all__r16,0.2,0.16666666666666666,0.8333333333333334,0.9875,0.546875,1,11
llama_3_1_8b_instruct,compiler::factual_association::factual_0038,factual_association,train,meta-llama/Llama-3.1-8B-Instruct,full__all__r4,0.2,0.16666666666666666,0.8333333333333334,0.9916666666666667,0.5479166666666667,1,11
llama_3_1_8b_instruct,compiler::factual_association::factual_0038,factual_association,train,meta-llama/Llama-3.1-8B-Instruct,late__all__r16,0.2,0.16666666666666666,0.6666666666666666,1.0,0.5083333333333333,1,11
llama_3_1_8b_instruct,compiler::factual_association::factual_0038,factual_association,train,meta-llama/Llama-3.1-8B-Instruct,middle__all__r16,0.2,0.0,0.5,0.9958333333333333,0.4239583333333333,1,11
llama_3_1_8b_instruct,compiler::factual_association::factual_0039,factual_association,train,meta-llama/Llama-3.1-8B-Instruct,early__all__r16,0.0,0.16666666666666666,1.0,0.9833333333333333,0.5375,1,11
llama_3_1_8b_instruct,compiler::factual_association::factual_0039,factual_association,train,meta-llama/Llama-3.1-8B-Instruct,full__all__r4,0.0,0.16666666666666666,0.8333333333333334,0.9916666666666667,0.4979166666666667,1,11
llama_3_1_8b_instruct,compiler::factual_association::factual_0039,factual_association,train,meta-llama/Llama-3.1-8B-Instruct,late__all__r16,0.0,0.16666666666666666,1.0,1.0,0.5416666666666666,1,11
llama_3_1_8b_instruct,compiler::factual_association::factual_0039,factual_association,train,meta-llama/Llama-3.1-8B-Instruct,middle__all__r16,0.2,0.16666666666666666,0.6666666666666666,1.0,0.5083333333333333,1,11
llama_3_1_8b_instruct,compiler::factual_association::factual_0040,factual_association,validation,meta-llama/Llama-3.1-8B-Instruct,early__all__r16,0.0,0.16666666666666666,1.0,0.9958333333333333,0.540625,1,11
llama_3_1_8b_instruct,compiler::factual_association::factual_0040,factual_association,validation,meta-llama/Llama-3.1-8B-Instruct,full__all__r4,0.0,0.16666666666666666,1.0,1.0,0.5416666666666666,1,11
llama_3_1_8b_instruct,compiler::factual_association::factual_0040,factual_association,validation,meta-llama/Llama-3.1-8B-Instruct,late__all__r16,0.0,0.16666666666666666,1.0,1.0,0.5416666666666666,1,11
llama_3_1_8b_instruct,compiler::factual_association::factual_0040,factual_association,validation,meta-llama/Llama-3.1-8B-Instruct,middle__all__r16,0.2,0.16666666666666666,0.6666666666666666,0.9958333333333333,0.5072916666666667,1,11
llama_3_1_8b_instruct,compiler::factual_association::factual_0041,factual_association,train,meta-llama/Llama-3.1-8B-Instruct,early__all__r16,0.0,0.0,1.0,0.9625,0.490625,1,11
llama_3_1_8b_instruct,compiler::factual_association::factual_0041,factual_association,train,meta-llama/Llama-3.1-8B-Instruct,full__all__r4,0.0,0.16666666666666666,1.0,0.9958333333333333,0.540625,1,11
llama_3_1_8b_instruct,compiler::factual_association::factual_0041,factual_association,train,meta-llama/Llama-3.1-8B-Instruct,late__all__r16,0.0,0.16666666666666666,0.6666666666666666,1.0,0.4583333333333333,1,11
llama_3_1_8b_instruct,compiler::factual_association::factual_0041,factual_association,train,meta-llama/Llama-3.1-8B-Instruct,middle__all__r16,0.2,0.0,0.8333333333333334,0.9958333333333333,0.5072916666666667,1,11
llama_3_1_8b_instruct,compiler::factual_association::factual_0042,factual_association,train,meta-llama/Llama-3.1-8B-Instruct,early__all__r16,0.0,0.16666666666666666,1.0,0.9833333333333333,0.5375,1,11
llama_3_1_8b_instruct,compiler::factual_association::factual_0042,factual_association,train,meta-llama/Llama-3.1-8B-Instruct,full__all__r4,0.2,0.16666666666666666,1.0,0.9916666666666667,0.5895833333333333,1,11
llama_3_1_8b_instruct,compiler::factual_association::factual_0042,factual_association,train,meta-llama/Llama-3.1-8B-Instruct,late__all__r16,0.5,0.8333333333333334,1.0,0.9875,0.8302083333333333,1,11
llama_3_1_8b_instruct,compiler::factual_association::factual_0042,factual_association,train,meta-llama/Llama-3.1-8B-Instruct,middle__all__r16,0.8,0.5,0.6666666666666666,0.9958333333333333,0.740625,1,11
llama_3_1_8b_instruct,compiler::factual_association::factual_0043,factual_association,train,meta-llama/Llama-3.1-8B-Instruct,early__all__r16,0.0,0.16666666666666666,1.0,1.0,0.5416666666666666,1,11
llama_3_1_8b_instruct,compiler::factual_association::factual_0043,factual_association,train,meta-llama/Llama-3.1-8B-Instruct,full__all__r4,0.1,0.16666666666666666,0.8333333333333334,1.0,0.525,1,11
llama_3_1_8b_instruct,compiler::factual_association::factual_0043,factual_association,train,meta-llama/Llama-3.1-8B-Instruct,late__all__r16,0.3,0.16666666666666666,0.6666666666666666,0.9958333333333333,0.5322916666666666,1,11
llama_3_1_8b_instruct,compiler::factual_association::factual_0043,factual_association,train,meta-llama/Llama-3.1-8B-Instruct,middle__all__r16,0.30000000000000004,0.16666666666666666,0.3333333333333333,1.0,0.45,1,11
llama_3_1_8b_instruct,compiler::factual_association::factual_0044,factual_association,test,meta-llama/Llama-3.1-8B-Instruct,early__all__r16,0.13333333333333333,0.16666666666666666,0.8333333333333334,0.9833333333333334,0.5291666666666667,3,11|22|33
llama_3_1_8b_instruct,compiler::factual_association::factual_0044,factual_association,test,meta-llama/Llama-3.1-8B-Instruct,full__all__r4,0.06666666666666667,0.1111111111111111,1.0,0.9972222222222222,0.54375,3,11|22|33
llama_3_1_8b_instruct,compiler::factual_association::factual_0044,factual_association,test,meta-llama/Llama-3.1-8B-Instruct,late__all__r16,0.20000000000000004,0.27777777777777773,0.8333333333333334,0.9916666666666667,0.5756944444444445,3,11|22|33
llama_3_1_8b_instruct,compiler::factual_association::factual_0044,factual_association,test,meta-llama/Llama-3.1-8B-Instruct,middle__all__r16,0.20000000000000004,0.16666666666666666,0.6666666666666666,0.9958333333333332,0.5072916666666667,3,11|22|33
llama_3_1_8b_instruct,compiler::factual_association::factual_0045,factual_association,train,meta-llama/Llama-3.1-8B-Instruct,early__all__r16,0.0,0.16666666666666666,1.0,0.9708333333333333,0.534375,1,11
llama_3_1_8b_instruct,compiler::factual_association::factual_0045,factual_association,train,meta-llama/Llama-3.1-8B-Instruct,full__all__r4,0.0,0.16666666666666666,1.0,0.9958333333333333,0.540625,1,11
llama_3_1_8b_instruct,compiler::factual_association::factual_0045,factual_association,train,meta-llama/Llama-3.1-8B-Instruct,late__all__r16,0.0,0.16666666666666666,1.0,0.9916666666666667,0.5395833333333333,1,11
llama_3_1_8b_instruct,compiler::factual_association::factual_0045,factual_association,train,meta-llama/Llama-3.1-8B-Instruct,middle__all__r16,0.0,0.0,1.0,0.9958333333333333,0.49895833333333334,1,11
llama_3_1_8b_instruct,compiler::factual_association::factual_0046,factual_association,train,meta-llama/Llama-3.1-8B-Instruct,early__all__r16,0.0,0.16666666666666666,1.0,0.9791666666666666,0.5364583333333334,1,11
llama_3_1_8b_instruct,compiler::factual_association::factual_0046,factual_association,train,meta-llama/Llama-3.1-8B-Instruct,full__all__r4,0.0,0.16666666666666666,1.0,1.0,0.5416666666666666,1,11
llama_3_1_8b_instruct,compiler::factual_association::factual_0046,factual_association,train,meta-llama/Llama-3.1-8B-Instruct,late__all__r16,0.0,0.16666666666666666,1.0,1.0,0.5416666666666666,1,11
llama_3_1_8b_instruct,compiler::factual_association::factual_0046,factual_association,train,meta-llama/Llama-3.1-8B-Instruct,middle__all__r16,0.0,0.16666666666666666,0.5,1.0,0.4166666666666667,1,11
llama_3_1_8b_instruct,compiler::factual_association::factual_0047,factual_association,train,meta-llama/Llama-3.1-8B-Instruct,early__all__r16,0.0,0.16666666666666666,0.8333333333333334,0.975,0.49375,1,11
llama_3_1_8b_instruct,compiler::factual_association::factual_0047,factual_association,train,meta-llama/Llama-3.1-8B-Instruct,full__all__r4,0.2,0.0,0.5,1.0,0.425,1,11
llama_3_1_8b_instruct,compiler::factual_association::factual_0047,factual_association,train,meta-llama/Llama-3.1-8B-Instruct,late__all__r16,0.2,0.16666666666666666,0.5,0.9916666666666667,0.46458333333333335,1,11
llama_3_1_8b_instruct,compiler::factual_association::factual_0047,factual_association,train,meta-llama/Llama-3.1-8B-Instruct,middle__all__r16,0.2,0.16666666666666666,0.6666666666666666,1.0,0.5083333333333333,1,11
llama_3_1_8b_instruct,compiler::factual_association::factual_0048,factual_association,test,meta-llama/Llama-3.1-8B-Instruct,early__all__r16,0.0,0.1111111111111111,1.0,0.9819444444444444,0.5232638888888889,3,11|22|33
llama_3_1_8b_instruct,compiler::factual_association::factual_0048,factual_association,test,meta-llama/Llama-3.1-8B-Instruct,full__all__r4,0.0,0.05555555555555555,1.0,1.0,0.5138888888888888,3,11|22|33
llama_3_1_8b_instruct,compiler::factual_association::factual_0048,factual_association,test,meta-llama/Llama-3.1-8B-Instruct,late__all__r16,0.16666666666666666,0.3333333333333333,1.0,0.9861111111111112,0.6215277777777778,3,11|22|33
llama_3_1_8b_instruct,compiler::factual_association::factual_0048,factual_association,test,meta-llama/Llama-3.1-8B-Instruct,middle__all__r16,0.13333333333333333,0.05555555555555555,0.7222222222222222,0.9958333333333332,0.4767361111111111,3,11|22|33
llama_3_1_8b_instruct,compiler::factual_association::factual_0049,factual_association,train,meta-llama/Llama-3.1-8B-Instruct,early__all__r16,0.0,0.16666666666666666,1.0,0.9958333333333333,0.540625,1,11
llama_3_1_8b_instruct,compiler::factual_association::factual_0049,factual_association,train,meta-llama/Llama-3.1-8B-Instruct,full__all__r4,0.2,0.16666666666666666,0.5,1.0,0.4666666666666667,1,11
llama_3_1_8b_instruct,compiler::factual_association::factual_0049,factual_association,train,meta-llama/Llama-3.1-8B-Instruct,late__all__r16,0.0,0.16666666666666666,1.0,1.0,0.5416666666666666,1,11
llama_3_1_8b_instruct,compiler::factual_association::factual_0049,factual_association,train,meta-llama/Llama-3.1-8B-Instruct,middle__all__r16,0.2,0.16666666666666666,0.16666666666666666,1.0,0.3833333333333333,1,11
llama_3_1_8b_instruct,compiler::factual_association::factual_0050,factual_association,train,meta-llama/Llama-3.1-8B-Instruct,early__all__r16,0.0,0.16666666666666666,0.8333333333333334,0.9916666666666667,0.4979166666666667,1,11
llama_3_1_8b_instruct,compiler::factual_association::factual_0050,factual_association,train,meta-llama/Llama-3.1-8B-Instruct,full__all__r4,0.0,0.16666666666666666,0.8333333333333334,0.9958333333333333,0.49895833333333334,1,11
llama_3_1_8b_instruct,compiler::factual_association::factual_0050,factual_association,train,meta-llama/Llama-3.1-8B-Instruct,late__all__r16,0.0,0.16666666666666666,0.6666666666666666,1.0,0.4583333333333333,1,11
llama_3_1_8b_instruct,compiler::factual_association::factual_0050,factual_association,train,meta-llama/Llama-3.1-8B-Instruct,middle__all__r16,0.2,0.0,0.5,0.9958333333333333,0.4239583333333333,1,11
llama_3_1_8b_instruct,compiler::factual_association::factual_0051,factual_association,train,meta-llama/Llama-3.1-8B-Instruct,early__all__r16,0.0,0.3333333333333333,1.0,1.0,0.5833333333333334,1,11
llama_3_1_8b_instruct,compiler::factual_association::factual_0051,factual_association,train,meta-llama/Llama-3.1-8B-Instruct,full__all__r4,0.0,0.16666666666666666,1.0,1.0,0.5416666666666666,1,11
llama_3_1_8b_instruct,compiler::factual_association::factual_0051,factual_association,train,meta-llama/Llama-3.1-8B-Instruct,late__all__r16,0.0,0.16666666666666666,1.0,0.9916666666666667,0.5395833333333333,1,11
llama_3_1_8b_instruct,compiler::factual_association::factual_0051,factual_association,train,meta-llama/Llama-3.1-8B-Instruct,middle__all__r16,0.0,0.16666666666666666,1.0,0.9958333333333333,0.540625,1,11
llama_3_1_8b_instruct,compiler::factual_association::factual_0052,factual_association,train,meta-llama/Llama-3.1-8B-Instruct,early__all__r16,0.0,0.16666666666666666,1.0,0.9791666666666666,0.5364583333333334,1,11
llama_3_1_8b_instruct,compiler::factual_association::factual_0052,factual_association,train,meta-llama/Llama-3.1-8B-Instruct,full__all__r4,0.0,0.16666666666666666,1.0,1.0,0.5416666666666666,1,11
llama_3_1_8b_instruct,compiler::factual_association::factual_0052,factual_association,train,meta-llama/Llama-3.1-8B-Instruct,late__all__r16,0.0,0.16666666666666666,1.0,1.0,0.5416666666666666,1,11
llama_3_1_8b_instruct,compiler::factual_association::factual_0052,factual_association,train,meta-llama/Llama-3.1-8B-Instruct,middle__all__r16,0.2,0.16666666666666666,0.16666666666666666,1.0,0.3833333333333333,1,11
llama_3_1_8b_instruct,compiler::factual_association::factual_0053,factual_association,train,meta-llama/Llama-3.1-8B-Instruct,early__all__r16,0.2,0.16666666666666666,1.0,1.0,0.5916666666666667,1,11
llama_3_1_8b_instruct,compiler::factual_association::factual_0053,factual_association,train,meta-llama/Llama-3.1-8B-Instruct,full__all__r4,0.2,0.16666666666666666,1.0,1.0,0.5916666666666667,1,11
llama_3_1_8b_instruct,compiler::factual_association::factual_0053,factual_association,train,meta-llama/Llama-3.1-8B-Instruct,late__all__r16,0.2,0.16666666666666666,0.8333333333333334,1.0,0.55,1,11
llama_3_1_8b_instruct,compiler::factual_association::factual_0053,factual_association,train,meta-llama/Llama-3.1-8B-Instruct,middle__all__r16,0.0,0.0,1.0,0.9958333333333333,0.49895833333333334,1,11
llama_3_1_8b_instruct,compiler::factual_association::factual_0054,factual_association,train,meta-llama/Llama-3.1-8B-Instruct,early__all__r16,0.0,0.16666666666666666,1.0,0.9833333333333333,0.5375,1,11
llama_3_1_8b_instruct,compiler::factual_association::factual_0054,factual_association,train,meta-llama/Llama-3.1-8B-Instruct,full__all__r4,0.0,0.16666666666666666,1.0,0.9916666666666667,0.5395833333333333,1,11
llama_3_1_8b_instruct,compiler::factual_association::factual_0054,factual_association,train,meta-llama/Llama-3.1-8B-Instruct,late__all__r16,0.0,0.16666666666666666,1.0,0.9958333333333333,0.540625,1,11
llama_3_1_8b_instruct,compiler::factual_association::factual_0054,factual_association,train,meta-llama/Llama-3.1-8B-Instruct,middle__all__r16,0.0,0.16666666666666666,1.0,0.9958333333333333,0.540625,1,11
llama_3_1_8b_instruct,compiler::factual_association::factual_0055,factual_association,train,meta-llama/Llama-3.1-8B-Instruct,early__all__r16,0.0,0.16666666666666666,1.0,1.0,0.5416666666666666,1,11
llama_3_1_8b_instruct,compiler::factual_association::factual_0055,factual_association,train,meta-llama/Llama-3.1-8B-Instruct,full__all__r4,0.0,0.16666666666666666,1.0,0.9916666666666667,0.5395833333333333,1,11
llama_3_1_8b_instruct,compiler::factual_association::factual_0055,factual_association,train,meta-llama/Llama-3.1-8B-Instruct,late__all__r16,0.3,0.16666666666666666,1.0,0.9916666666666667,0.6145833333333334,1,11
llama_3_1_8b_instruct,compiler::factual_association::factual_0055,factual_association,train,meta-llama/Llama-3.1-8B-Instruct,middle__all__r16,0.0,0.16666666666666666,1.0,1.0,0.5416666666666666,1,11
llama_3_1_8b_instruct,compiler::factual_association::factual_0056,factual_association,test,meta-llama/Llama-3.1-8B-Instruct,early__all__r16,0.0,0.16666666666666666,1.0,0.9833333333333334,0.5375,3,11|22|33
llama_3_1_8b_instruct,compiler::factual_association::factual_0056,factual_association,test,meta-llama/Llama-3.1-8B-Instruct,full__all__r4,0.0,0.16666666666666666,1.0,0.9916666666666667,0.5395833333333333,3,11|22|33
llama_3_1_8b_instruct,compiler::factual_association::factual_0056,factual_association,test,meta-llama/Llama-3.1-8B-Instruct,late__all__r16,0.0,0.16666666666666666,0.888888888888889,0.9986111111111112,0.5135416666666667,3,11|22|33
llama_3_1_8b_instruct,compiler::factual_association::factual_0056,factual_association,test,meta-llama/Llama-3.1-8B-Instruct,middle__all__r16,0.0,0.16666666666666666,1.0,0.9944444444444445,0.5402777777777777,3,11|22|33
llama_3_1_8b_instruct,compiler::factual_association::factual_0057,factual_association,train,meta-llama/Llama-3.1-8B-Instruct,early__all__r16,0.0,0.16666666666666666,1.0,0.9875,0.5385416666666667,1,11
llama_3_1_8b_instruct,compiler::factual_association::factual_0057,factual_association,train,meta-llama/Llama-3.1-8B-Instruct,full__all__r4,0.30000000000000004,0.5,1.0,0.9916666666666667,0.6979166666666667,1,11
llama_3_1_8b_instruct,compiler::factual_association::factual_0057,factual_association,train,meta-llama/Llama-3.1-8B-Instruct,late__all__r16,0.1,0.16666666666666666,1.0,1.0,0.5666666666666667,1,11
llama_3_1_8b_instruct,compiler::factual_association::factual_0057,factual_association,train,meta-llama/Llama-3.1-8B-Instruct,middle__all__r16,0.0,0.16666666666666666,1.0,0.9958333333333333,0.540625,1,11
llama_3_1_8b_instruct,compiler::factual_association::factual_0058,factual_association,train,meta-llama/Llama-3.1-8B-Instruct,early__all__r16,0.0,0.16666666666666666,1.0,1.0,0.5416666666666666,1,11
llama_3_1_8b_instruct,compiler::factual_association::factual_0058,factual_association,train,meta-llama/Llama-3.1-8B-Instruct,full__all__r4,0.0,0.3333333333333333,1.0,1.0,0.5833333333333334,1,11
llama_3_1_8b_instruct,compiler::factual_association::factual_0058,factual_association,train,meta-llama/Llama-3.1-8B-Instruct,late__all__r16,0.0,0.16666666666666666,0.5,0.9916666666666667,0.41458333333333336,1,11
llama_3_1_8b_instruct,compiler::factual_association::factual_0058,factual_association,train,meta-llama/Llama-3.1-8B-Instruct,middle__all__r16,0.2,0.16666666666666666,0.3333333333333333,1.0,0.425,1,11
llama_3_1_8b_instruct,compiler::factual_association::factual_0059,factual_association,validation,meta-llama/Llama-3.1-8B-Instruct,early__all__r16,0.2,0.16666666666666666,0.5,0.9833333333333333,0.46249999999999997,1,11
llama_3_1_8b_instruct,compiler::factual_association::factual_0059,factual_association,validation,meta-llama/Llama-3.1-8B-Instruct,full__all__r4,0.2,0.16666666666666666,0.6666666666666666,1.0,0.5083333333333333,1,11
llama_3_1_8b_instruct,compiler::factual_association::factual_0059,factual_association,validation,meta-llama/Llama-3.1-8B-Instruct,late__all__r16,0.2,0.5,0.6666666666666666,1.0,0.5916666666666667,1,11
llama_3_1_8b_instruct,compiler::factual_association::factual_0059,factual_association,validation,meta-llama/Llama-3.1-8B-Instruct,middle__all__r16,0.2,0.16666666666666666,0.5,0.9958333333333333,0.465625,1,11
llama_3_1_8b_instruct,compiler::factual_association::factual_0060,factual_association,train,meta-llama/Llama-3.1-8B-Instruct,early__all__r16,0.0,0.16666666666666666,1.0,0.9791666666666666,0.5364583333333334,1,11
llama_3_1_8b_instruct,compiler::factual_association::factual_0060,factual_association,train,meta-llama/Llama-3.1-8B-Instruct,full__all__r4,0.0,0.16666666666666666,1.0,1.0,0.5416666666666666,1,11
llama_3_1_8b_instruct,compiler::factual_association::factual_0060,factual_association,train,meta-llama/Llama-3.1-8B-Instruct,late__all__r16,0.1,0.5,1.0,1.0,0.65,1,11
llama_3_1_8b_instruct,compiler::factual_association::factual_0060,factual_association,train,meta-llama/Llama-3.1-8B-Instruct,middle__all__r16,0.0,0.16666666666666666,1.0,1.0,0.5416666666666666,1,11
llama_3_1_8b_instruct,compiler::factual_association::factual_0061,factual_association,train,meta-llama/Llama-3.1-8B-Instruct,early__all__r16,0.0,0.16666666666666666,1.0,0.9875,0.5385416666666667,1,11
llama_3_1_8b_instruct,compiler::factual_association::factual_0061,factual_association,train,meta-llama/Llama-3.1-8B-Instruct,full__all__r4,0.0,0.16666666666666666,1.0,1.0,0.5416666666666666,1,11
llama_3_1_8b_instruct,compiler::factual_association::factual_0061,factual_association,train,meta-llama/Llama-3.1-8B-Instruct,late__all__r16,0.0,0.16666666666666666,1.0,1.0,0.5416666666666666,1,11
llama_3_1_8b_instruct,compiler::factual_association::factual_0061,factual_association,train,meta-llama/Llama-3.1-8B-Instruct,middle__all__r16,0.2,0.16666666666666666,0.5,1.0,0.4666666666666667,1,11
llama_3_1_8b_instruct,compiler::factual_association::factual_0062,factual_association,train,meta-llama/Llama-3.1-8B-Instruct,early__all__r16,0.2,0.16666666666666666,1.0,0.9916666666666667,0.5895833333333333,1,11
llama_3_1_8b_instruct,compiler::factual_association::factual_0062,factual_association,train,meta-llama/Llama-3.1-8B-Instruct,full__all__r4,0.0,0.16666666666666666,0.8333333333333334,0.9958333333333333,0.49895833333333334,1,11
llama_3_1_8b_instruct,compiler::factual_association::factual_0062,factual_association,train,meta-llama/Llama-3.1-8B-Instruct,late__all__r16,0.2,0.16666666666666666,0.5,1.0,0.4666666666666667,1,11
llama_3_1_8b_instruct,compiler::factual_association::factual_0062,factual_association,train,meta-llama/Llama-3.1-8B-Instruct,middle__all__r16,0.2,0.16666666666666666,0.5,0.9958333333333333,0.465625,1,11
llama_3_1_8b_instruct,compiler::factual_association::factual_0063,factual_association,train,meta-llama/Llama-3.1-8B-Instruct,early__all__r16,0.0,0.16666666666666666,1.0,0.9875,0.5385416666666667,1,11
llama_3_1_8b_instruct,compiler::factual_association::factual_0063,factual_association,train,meta-llama/Llama-3.1-8B-Instruct,full__all__r4,0.0,0.16666666666666666,1.0,0.9958333333333333,0.540625,1,11
llama_3_1_8b_instruct,compiler::factual_association::factual_0063,factual_association,train,meta-llama/Llama-3.1-8B-Instruct,late__all__r16,0.0,0.16666666666666666,1.0,0.9958333333333333,0.540625,1,11
llama_3_1_8b_instruct,compiler::factual_association::factual_0063,factual_association,train,meta-llama/Llama-3.1-8B-Instruct,middle__all__r16,0.2,0.16666666666666666,0.6666666666666666,0.9958333333333333,0.5072916666666667,1,11
llama_3_1_8b_instruct,compiler::factual_association::factual_0064,factual_association,train,meta-llama/Llama-3.1-8B-Instruct,early__all__r16,0.0,0.16666666666666666,1.0,1.0,0.5416666666666666,1,11
llama_3_1_8b_instruct,compiler::factual_association::factual_0064,factual_association,train,meta-llama/Llama-3.1-8B-Instruct,full__all__r4,0.0,0.16666666666666666,1.0,1.0,0.5416666666666666,1,11
llama_3_1_8b_instruct,compiler::factual_association::factual_0064,factual_association,train,meta-llama/Llama-3.1-8B-Instruct,late__all__r16,0.0,0.16666666666666666,1.0,1.0,0.5416666666666666,1,11
llama_3_1_8b_instruct,compiler::factual_association::factual_0064,factual_association,train,meta-llama/Llama-3.1-8B-Instruct,middle__all__r16,0.2,0.16666666666666666,0.3333333333333333,0.9958333333333333,0.4239583333333333,1,11
llama_3_1_8b_instruct,compiler::factual_association::factual_0065,factual_association,validation,meta-llama/Llama-3.1-8B-Instruct,early__all__r16,0.2,0.16666666666666666,0.8333333333333334,0.9833333333333333,0.5458333333333333,1,11
llama_3_1_8b_instruct,compiler::factual_association::factual_0065,factual_association,validation,meta-llama/Llama-3.1-8B-Instruct,full__all__r4,0.2,0.16666666666666666,0.8333333333333334,1.0,0.55,1,11
llama_3_1_8b_instruct,compiler::factual_association::factual_0065,factual_association,validation,meta-llama/Llama-3.1-8B-Instruct,late__all__r16,0.0,0.16666666666666666,0.5,1.0,0.4166666666666667,1,11
llama_3_1_8b_instruct,compiler::factual_association::factual_0065,factual_association,validation,meta-llama/Llama-3.1-8B-Instruct,middle__all__r16,0.2,0.16666666666666666,0.6666666666666666,0.9958333333333333,0.5072916666666667,1,11
llama_3_1_8b_instruct,compiler::factual_association::factual_0066,factual_association,train,meta-llama/Llama-3.1-8B-Instruct,early__all__r16,0.0,0.16666666666666666,1.0,0.9916666666666667,0.5395833333333333,1,11
llama_3_1_8b_instruct,compiler::factual_association::factual_0066,factual_association,train,meta-llama/Llama-3.1-8B-Instruct,full__all__r4,0.1,0.16666666666666666,1.0,0.9916666666666667,0.5645833333333333,1,11
llama_3_1_8b_instruct,compiler::factual_association::factual_0066,factual_association,train,meta-llama/Llama-3.1-8B-Instruct,late__all__r16,0.1,0.16666666666666666,1.0,0.9958333333333333,0.565625,1,11
llama_3_1_8b_instruct,compiler::factual_association::factual_0066,factual_association,train,meta-llama/Llama-3.1-8B-Instruct,middle__all__r16,0.0,0.16666666666666666,1.0,1.0,0.5416666666666666,1,11
llama_3_1_8b_instruct,compiler::factual_association::factual_0067,factual_association,train,meta-llama/Llama-3.1-8B-Instruct,early__all__r16,0.0,0.16666666666666666,1.0,1.0,0.5416666666666666,1,11
llama_3_1_8b_instruct,compiler::factual_association::factual_0067,factual_association,train,meta-llama/Llama-3.1-8B-Instruct,full__all__r4,0.1,0.16666666666666666,0.8333333333333334,1.0,0.525,1,11
llama_3_1_8b_instruct,compiler::factual_association::factual_0067,factual_association,train,meta-llama/Llama-3.1-8B-Instruct,late__all__r16,0.3,0.16666666666666666,0.6666666666666666,0.9958333333333333,0.5322916666666666,1,11
llama_3_1_8b_instruct,compiler::factual_association::factual_0067,factual_association,train,meta-llama/Llama-3.1-8B-Instruct,middle__all__r16,0.30000000000000004,0.16666666666666666,0.5,1.0,0.4916666666666667,1,11
llama_3_1_8b_instruct,compiler::factual_association::factual_0068,factual_association,train,meta-llama/Llama-3.1-8B-Instruct,early__all__r16,0.0,0.16666666666666666,1.0,0.9833333333333333,0.5375,1,11
llama_3_1_8b_instruct,compiler::factual_association::factual_0068,factual_association,train,meta-llama/Llama-3.1-8B-Instruct,full__all__r4,0.0,0.16666666666666666,1.0,0.9916666666666667,0.5395833333333333,1,11
llama_3_1_8b_instruct,compiler::factual_association::factual_0068,factual_association,train,meta-llama/Llama-3.1-8B-Instruct,late__all__r16,0.0,0.0,0.6666666666666666,0.9958333333333333,0.415625,1,11
llama_3_1_8b_instruct,compiler::factual_association::factual_0068,factual_association,train,meta-llama/Llama-3.1-8B-Instruct,middle__all__r16,0.0,0.0,0.8333333333333334,0.9958333333333333,0.45729166666666665,1,11
llama_3_1_8b_instruct,compiler::factual_association::factual_0069,factual_association,train,meta-llama/Llama-3.1-8B-Instruct,early__all__r16,0.0,0.16666666666666666,1.0,0.9833333333333333,0.5375,1,11
llama_3_1_8b_instruct,compiler::factual_association::factual_0069,factual_association,train,meta-llama/Llama-3.1-8B-Instruct,full__all__r4,0.0,0.16666666666666666,1.0,0.9916666666666667,0.5395833333333333,1,11
llama_3_1_8b_instruct,compiler::factual_association::factual_0069,factual_association,train,meta-llama/Llama-3.1-8B-Instruct,late__all__r16,0.0,0.16666666666666666,1.0,1.0,0.5416666666666666,1,11
llama_3_1_8b_instruct,compiler::factual_association::factual_0069,factual_association,train,meta-llama/Llama-3.1-8B-Instruct,middle__all__r16,0.2,0.16666666666666666,0.5,1.0,0.4666666666666667,1,11
llama_3_1_8b_instruct,compiler::factual_association::factual_0070,factual_association,validation,meta-llama/Llama-3.1-8B-Instruct,early__all__r16,0.0,0.16666666666666666,1.0,0.9833333333333333,0.5375,1,11
llama_3_1_8b_instruct,compiler::factual_association::factual_0070,factual_association,validation,meta-llama/Llama-3.1-8B-Instruct,full__all__r4,0.0,0.5,1.0,1.0,0.625,1,11
llama_3_1_8b_instruct,compiler::factual_association::factual_0070,factual_association,validation,meta-llama/Llama-3.1-8B-Instruct,late__all__r16,0.0,0.16666666666666666,1.0,0.9958333333333333,0.540625,1,11
llama_3_1_8b_instruct,compiler::factual_association::factual_0070,factual_association,validation,meta-llama/Llama-3.1-8B-Instruct,middle__all__r16,0.0,0.16666666666666666,0.8333333333333334,1.0,0.5,1,11
llama_3_1_8b_instruct,compiler::factual_association::factual_0071,factual_association,train,meta-llama/Llama-3.1-8B-Instruct,early__all__r16,0.0,0.16666666666666666,1.0,0.9875,0.5385416666666667,1,11
llama_3_1_8b_instruct,compiler::factual_association::factual_0071,factual_association,train,meta-llama/Llama-3.1-8B-Instruct,full__all__r4,0.2,0.16666666666666666,0.6666666666666666,1.0,0.5083333333333333,1,11
llama_3_1_8b_instruct,compiler::factual_association::factual_0071,factual_association,train,meta-llama/Llama-3.1-8B-Instruct,late__all__r16,0.0,0.16666666666666666,0.8333333333333334,1.0,0.5,1,11
llama_3_1_8b_instruct,compiler::factual_association::factual_0071,factual_association,train,meta-llama/Llama-3.1-8B-Instruct,middle__all__r16,0.2,0.16666666666666666,0.6666666666666666,0.9958333333333333,0.5072916666666667,1,11
llama_3_1_8b_instruct,compiler::factual_association::factual_0072,factual_association,validation,meta-llama/Llama-3.1-8B-Instruct,early__all__r16,0.0,0.16666666666666666,1.0,0.9791666666666666,0.5364583333333334,1,11
llama_3_1_8b_instruct,compiler::factual_association::factual_0072,factual_association,validation,meta-llama/Llama-3.1-8B-Instruct,full__all__r4,0.0,0.16666666666666666,1.0,0.9916666666666667,0.5395833333333333,1,11
llama_3_1_8b_instruct,compiler::factual_association::factual_0072,factual_association,validation,meta-llama/Llama-3.1-8B-Instruct,late__all__r16,0.2,0.16666666666666666,1.0,0.9875,0.5885416666666666,1,11
llama_3_1_8b_instruct,compiler::factual_association::factual_0072,factual_association,validation,meta-llama/Llama-3.1-8B-Instruct,middle__all__r16,0.8,0.5,0.6666666666666666,1.0,0.7416666666666667,1,11
llama_3_1_8b_instruct,compiler::factual_association::factual_0073,factual_association,train,meta-llama/Llama-3.1-8B-Instruct,early__all__r16,0.0,0.16666666666666666,1.0,0.9875,0.5385416666666667,1,11
llama_3_1_8b_instruct,compiler::factual_association::factual_0073,factual_association,train,meta-llama/Llama-3.1-8B-Instruct,full__all__r4,0.2,0.16666666666666666,0.5,1.0,0.4666666666666667,1,11
llama_3_1_8b_instruct,compiler::factual_association::factual_0073,factual_association,train,meta-llama/Llama-3.1-8B-Instruct,late__all__r16,0.0,0.16666666666666666,1.0,1.0,0.5416666666666666,1,11
llama_3_1_8b_instruct,compiler::factual_association::factual_0073,factual_association,train,meta-llama/Llama-3.1-8B-Instruct,middle__all__r16,0.2,0.16666666666666666,0.16666666666666666,1.0,0.3833333333333333,1,11
llama_3_1_8b_instruct,compiler::factual_association::factual_0074,factual_association,train,meta-llama/Llama-3.1-8B-Instruct,early__all__r16,0.0,0.16666666666666666,0.8333333333333334,0.9916666666666667,0.4979166666666667,1,11
llama_3_1_8b_instruct,compiler::factual_association::factual_0074,factual_association,train,meta-llama/Llama-3.1-8B-Instruct,full__all__r4,0.0,0.16666666666666666,1.0,0.9916666666666667,0.5395833333333333,1,11
llama_3_1_8b_instruct,compiler::factual_association::factual_0074,factual_association,train,meta-llama/Llama-3.1-8B-Instruct,late__all__r16,0.0,0.16666666666666666,1.0,1.0,0.5416666666666666,1,11
llama_3_1_8b_instruct,compiler::factual_association::factual_0074,factual_association,train,meta-llama/Llama-3.1-8B-Instruct,middle__all__r16,0.0,0.0,0.8333333333333334,0.9875,0.4552083333333333,1,11
llama_3_1_8b_instruct,compiler::factual_association::factual_0075,factual_association,train,meta-llama/Llama-3.1-8B-Instruct,early__all__r16,0.2,0.16666666666666666,0.8333333333333334,0.9833333333333333,0.5458333333333333,1,11
llama_3_1_8b_instruct,compiler::factual_association::factual_0075,factual_association,train,meta-llama/Llama-3.1-8B-Instruct,full__all__r4,0.0,0.0,1.0,1.0,0.5,1,11
llama_3_1_8b_instruct,compiler::factual_association::factual_0075,factual_association,train,meta-llama/Llama-3.1-8B-Instruct,late__all__r16,0.0,0.16666666666666666,1.0,0.9916666666666667,0.5395833333333333,1,11
llama_3_1_8b_instruct,compiler::factual_association::factual_0075,factual_association,train,meta-llama/Llama-3.1-8B-Instruct,middle__all__r16,0.0,0.0,1.0,0.9958333333333333,0.49895833333333334,1,11
llama_3_1_8b_instruct,compiler::factual_association::factual_0076,factual_association,validation,meta-llama/Llama-3.1-8B-Instruct,early__all__r16,0.0,0.16666666666666666,1.0,0.9791666666666666,0.5364583333333334,1,11
llama_3_1_8b_instruct,compiler::factual_association::factual_0076,factual_association,validation,meta-llama/Llama-3.1-8B-Instruct,full__all__r4,0.0,0.16666666666666666,1.0,1.0,0.5416666666666666,1,11
llama_3_1_8b_instruct,compiler::factual_association::factual_0076,factual_association,validation,meta-llama/Llama-3.1-8B-Instruct,late__all__r16,0.0,0.16666666666666666,1.0,1.0,0.5416666666666666,1,11
llama_3_1_8b_instruct,compiler::factual_association::factual_0076,factual_association,validation,meta-llama/Llama-3.1-8B-Instruct,middle__all__r16,0.2,0.16666666666666666,0.5,0.9958333333333333,0.465625,1,11
llama_3_1_8b_instruct,compiler::factual_association::factual_0077,factual_association,train,meta-llama/Llama-3.1-8B-Instruct,early__all__r16,0.0,0.16666666666666666,0.8333333333333334,0.9875,0.496875,1,11
llama_3_1_8b_instruct,compiler::factual_association::factual_0077,factual_association,train,meta-llama/Llama-3.1-8B-Instruct,full__all__r4,0.0,0.16666666666666666,1.0,0.9958333333333333,0.540625,1,11
llama_3_1_8b_instruct,compiler::factual_association::factual_0077,factual_association,train,meta-llama/Llama-3.1-8B-Instruct,late__all__r16,0.2,0.16666666666666666,0.6666666666666666,0.9916666666666667,0.50625,1,11
llama_3_1_8b_instruct,compiler::factual_association::factual_0077,factual_association,train,meta-llama/Llama-3.1-8B-Instruct,middle__all__r16,0.2,0.0,0.6666666666666666,0.9958333333333333,0.465625,1,11
llama_3_1_8b_instruct,compiler::factual_association::factual_0078,factual_association,test,meta-llama/Llama-3.1-8B-Instruct,early__all__r16,0.0,0.1111111111111111,1.0,0.9819444444444444,0.5232638888888889,3,11|22|33
llama_3_1_8b_instruct,compiler::factual_association::factual_0078,factual_association,test,meta-llama/Llama-3.1-8B-Instruct,full__all__r4,0.0,0.05555555555555555,0.9444444444444445,1.0,0.5,3,11|22|33
llama_3_1_8b_instruct,compiler::factual_association::factual_0078,factual_association,test,meta-llama/Llama-3.1-8B-Instruct,late__all__r16,0.16666666666666666,0.3333333333333333,1.0,0.9861111111111112,0.6215277777777778,3,11|22|33
llama_3_1_8b_instruct,compiler::factual_association::factual_0078,factual_association,test,meta-llama/Llama-3.1-8B-Instruct,middle__all__r16,0.13333333333333333,0.05555555555555555,0.7777777777777778,0.9958333333333332,0.490625,3,11|22|33
llama_3_1_8b_instruct,compiler::factual_association::factual_0079,factual_association,train,meta-llama/Llama-3.1-8B-Instruct,early__all__r16,0.0,0.16666666666666666,1.0,1.0,0.5416666666666666,1,11
llama_3_1_8b_instruct,compiler::factual_association::factual_0079,factual_association,train,meta-llama/Llama-3.1-8B-Instruct,full__all__r4,0.0,0.16666666666666666,1.0,0.9916666666666667,0.5395833333333333,1,11
llama_3_1_8b_instruct,compiler::factual_association::factual_0079,factual_association,train,meta-llama/Llama-3.1-8B-Instruct,late__all__r16,0.3,0.16666666666666666,1.0,0.9916666666666667,0.6145833333333334,1,11
llama_3_1_8b_instruct,compiler::factual_association::factual_0079,factual_association,train,meta-llama/Llama-3.1-8B-Instruct,middle__all__r16,0.0,0.16666666666666666,0.6666666666666666,1.0,0.4583333333333333,1,11
llama_3_1_8b_instruct,compiler::factual_association::factual_0080,factual_association,train,meta-llama/Llama-3.1-8B-Instruct,early__all__r16,0.0,0.16666666666666666,0.8333333333333334,0.9958333333333333,0.49895833333333334,1,11
llama_3_1_8b_instruct,compiler::factual_association::factual_0080,factual_association,train,meta-llama/Llama-3.1-8B-Instruct,full__all__r4,0.0,0.16666666666666666,1.0,1.0,0.5416666666666666,1,11
llama_3_1_8b_instruct,compiler::factual_association::factual_0080,factual_association,train,meta-llama/Llama-3.1-8B-Instruct,late__all__r16,0.0,0.16666666666666666,0.8333333333333334,0.9958333333333333,0.49895833333333334,1,11
llama_3_1_8b_instruct,compiler::factual_association::factual_0080,factual_association,train,meta-llama/Llama-3.1-8B-Instruct,middle__all__r16,0.0,0.16666666666666666,0.6666666666666666,0.9958333333333333,0.45729166666666665,1,11
llama_3_1_8b_instruct,compiler::factual_association::factual_0081,factual_association,train,meta-llama/Llama-3.1-8B-Instruct,early__all__r16,0.0,0.3333333333333333,0.8333333333333334,0.9958333333333333,0.540625,1,11
llama_3_1_8b_instruct,compiler::factual_association::factual_0081,factual_association,train,meta-llama/Llama-3.1-8B-Instruct,full__all__r4,0.0,0.16666666666666666,0.8333333333333334,0.9958333333333333,0.49895833333333334,1,11
llama_3_1_8b_instruct,compiler::factual_association::factual_0081,factual_association,train,meta-llama/Llama-3.1-8B-Instruct,late__all__r16,0.0,0.16666666666666666,0.8333333333333334,0.9916666666666667,0.4979166666666667,1,11
llama_3_1_8b_instruct,compiler::factual_association::factual_0081,factual_association,train,meta-llama/Llama-3.1-8B-Instruct,middle__all__r16,0.0,0.16666666666666666,0.8333333333333334,0.9958333333333333,0.49895833333333334,1,11
llama_3_1_8b_instruct,compiler::factual_association::factual_0082,factual_association,train,meta-llama/Llama-3.1-8B-Instruct,early__all__r16,0.0,0.16666666666666666,1.0,1.0,0.5416666666666666,1,11
llama_3_1_8b_instruct,compiler::factual_association::factual_0082,factual_association,train,meta-llama/Llama-3.1-8B-Instruct,full__all__r4,0.0,0.3333333333333333,1.0,1.0,0.5833333333333334,1,11
llama_3_1_8b_instruct,compiler::factual_association::factual_0082,factual_association,train,meta-llama/Llama-3.1-8B-Instruct,late__all__r16,0.0,0.16666666666666666,0.6666666666666666,0.9875,0.4552083333333333,1,11
llama_3_1_8b_instruct,compiler::factual_association::factual_0082,factual_association,train,meta-llama/Llama-3.1-8B-Instruct,middle__all__r16,0.2,0.16666666666666666,0.6666666666666666,1.0,0.5083333333333333,1,11
llama_3_1_8b_instruct,compiler::factual_association::factual_0083,factual_association,train,meta-llama/Llama-3.1-8B-Instruct,early__all__r16,0.0,0.16666666666666666,1.0,0.9916666666666667,0.5395833333333333,1,11
llama_3_1_8b_instruct,compiler::factual_association::factual_0083,factual_association,train,meta-llama/Llama-3.1-8B-Instruct,full__all__r4,0.2,0.16666666666666666,1.0,1.0,0.5916666666666667,1,11
llama_3_1_8b_instruct,compiler::factual_association::factual_0083,factual_association,train,meta-llama/Llama-3.1-8B-Instruct,late__all__r16,0.0,0.16666666666666666,0.8333333333333334,0.9958333333333333,0.49895833333333334,1,11
llama_3_1_8b_instruct,compiler::factual_association::factual_0083,factual_association,train,meta-llama/Llama-3.1-8B-Instruct,middle__all__r16,0.2,0.16666666666666666,0.6666666666666666,0.9958333333333333,0.5072916666666667,1,11
llama_3_1_8b_instruct,compiler::factual_association::factual_0084,factual_association,train,meta-llama/Llama-3.1-8B-Instruct,early__all__r16,0.0,0.16666666666666666,1.0,0.9875,0.5385416666666667,1,11
llama_3_1_8b_instruct,compiler::factual_association::factual_0084,factual_association,train,meta-llama/Llama-3.1-8B-Instruct,full__all__r4,0.0,0.16666666666666666,1.0,0.9958333333333333,0.540625,1,11
llama_3_1_8b_instruct,compiler::factual_association::factual_0084,factual_association,train,meta-llama/Llama-3.1-8B-Instruct,late__all__r16,0.1,0.16666666666666666,1.0,1.0,0.5666666666666667,1,11
llama_3_1_8b_instruct,compiler::factual_association::factual_0084,factual_association,train,meta-llama/Llama-3.1-8B-Instruct,middle__all__r16,0.0,0.16666666666666666,0.8333333333333334,0.9958333333333333,0.49895833333333334,1,11
llama_3_1_8b_instruct,compiler::factual_association::factual_0085,factual_association,train,meta-llama/Llama-3.1-8B-Instruct,early__all__r16,0.0,0.16666666666666666,1.0,0.9833333333333333,0.5375,1,11
llama_3_1_8b_instruct,compiler::factual_association::factual_0085,factual_association,train,meta-llama/Llama-3.1-8B-Instruct,full__all__r4,0.0,0.16666666666666666,1.0,1.0,0.5416666666666666,1,11
llama_3_1_8b_instruct,compiler::factual_association::factual_0085,factual_association,train,meta-llama/Llama-3.1-8B-Instruct,late__all__r16,0.0,0.16666666666666666,1.0,1.0,0.5416666666666666,1,11
llama_3_1_8b_instruct,compiler::factual_association::factual_0085,factual_association,train,meta-llama/Llama-3.1-8B-Instruct,middle__all__r16,0.0,0.16666666666666666,0.5,0.9958333333333333,0.415625,1,11
llama_3_1_8b_instruct,compiler::factual_association::factual_0086,factual_association,test,meta-llama/Llama-3.1-8B-Instruct,early__all__r16,0.0,0.16666666666666666,0.9444444444444445,0.9888888888888889,0.525,3,11|22|33
llama_3_1_8b_instruct,compiler::factual_association::factual_0086,factual_association,test,meta-llama/Llama-3.1-8B-Instruct,full__all__r4,0.13333333333333333,0.16666666666666666,0.7777777777777777,1.0,0.5194444444444444,3,11|22|33
llama_3_1_8b_instruct,compiler::factual_association::factual_0086,factual_association,test,meta-llama/Llama-3.1-8B-Instruct,late__all__r16,0.20000000000000004,0.16666666666666666,0.6666666666666666,1.0,0.5083333333333333,3,11|22|33
llama_3_1_8b_instruct,compiler::factual_association::factual_0086,factual_association,test,meta-llama/Llama-3.1-8B-Instruct,middle__all__r16,0.20000000000000004,0.16666666666666666,0.5555555555555555,0.9958333333333332,0.47951388888888885,3,11|22|33
llama_3_1_8b_instruct,compiler::factual_association::factual_0087,factual_association,test,meta-llama/Llama-3.1-8B-Instruct,early__all__r16,0.0,0.16666666666666666,0.8333333333333334,0.9874999999999999,0.496875,3,11|22|33
llama_3_1_8b_instruct,compiler::factual_association::factual_0087,factual_association,test,meta-llama/Llama-3.1-8B-Instruct,full__all__r4,0.2333333333333333,0.5,0.8333333333333334,0.9972222222222222,0.6409722222222223,3,11|22|33
llama_3_1_8b_instruct,compiler::factual_association::factual_0087,factual_association,test,meta-llama/Llama-3.1-8B-Instruct,late__all__r16,0.13333333333333333,0.16666666666666666,0.9444444444444445,0.9986111111111112,0.560763888888889,3,11|22|33
llama_3_1_8b_instruct,compiler::factual_association::factual_0087,factual_association,test,meta-llama/Llama-3.1-8B-Instruct,middle__all__r16,0.0,0.16666666666666666,0.9444444444444445,0.9958333333333332,0.5267361111111111,3,11|22|33
llama_3_1_8b_instruct,compiler::factual_association::factual_0088,factual_association,train,meta-llama/Llama-3.1-8B-Instruct,early__all__r16,0.0,0.16666666666666666,1.0,0.9958333333333333,0.540625,1,11
llama_3_1_8b_instruct,compiler::factual_association::factual_0088,factual_association,train,meta-llama/Llama-3.1-8B-Instruct,full__all__r4,0.0,0.16666666666666666,1.0,1.0,0.5416666666666666,1,11
llama_3_1_8b_instruct,compiler::factual_association::factual_0088,factual_association,train,meta-llama/Llama-3.1-8B-Instruct,late__all__r16,0.0,0.16666666666666666,1.0,1.0,0.5416666666666666,1,11
llama_3_1_8b_instruct,compiler::factual_association::factual_0088,factual_association,train,meta-llama/Llama-3.1-8B-Instruct,middle__all__r16,0.2,0.16666666666666666,0.5,0.9958333333333333,0.465625,1,11
llama_3_1_8b_instruct,compiler::factual_association::factual_0089,factual_association,validation,meta-llama/Llama-3.1-8B-Instruct,early__all__r16,0.2,0.16666666666666666,0.8333333333333334,0.9708333333333333,0.5427083333333333,1,11
llama_3_1_8b_instruct,compiler::factual_association::factual_0089,factual_association,validation,meta-llama/Llama-3.1-8B-Instruct,full__all__r4,0.2,0.16666666666666666,0.8333333333333334,0.9875,0.546875,1,11
llama_3_1_8b_instruct,compiler::factual_association::factual_0089,factual_association,validation,meta-llama/Llama-3.1-8B-Instruct,late__all__r16,0.0,0.16666666666666666,0.6666666666666666,1.0,0.4583333333333333,1,11
llama_3_1_8b_instruct,compiler::factual_association::factual_0089,factual_association,validation,meta-llama/Llama-3.1-8B-Instruct,middle__all__r16,0.2,0.16666666666666666,0.6666666666666666,0.9958333333333333,0.5072916666666667,1,11
llama_3_1_8b_instruct,compiler::factual_association::factual_0090,factual_association,validation,meta-llama/Llama-3.1-8B-Instruct,early__all__r16,0.0,0.16666666666666666,1.0,0.9708333333333333,0.534375,1,11
llama_3_1_8b_instruct,compiler::factual_association::factual_0090,factual_association,validation,meta-llama/Llama-3.1-8B-Instruct,full__all__r4,0.0,0.16666666666666666,1.0,0.9958333333333333,0.540625,1,11
llama_3_1_8b_instruct,compiler::factual_association::factual_0090,factual_association,validation,meta-llama/Llama-3.1-8B-Instruct,late__all__r16,0.1,0.5,0.8333333333333334,1.0,0.6083333333333334,1,11
llama_3_1_8b_instruct,compiler::factual_association::factual_0090,factual_association,validation,meta-llama/Llama-3.1-8B-Instruct,middle__all__r16,0.0,0.16666666666666666,0.6666666666666666,1.0,0.4583333333333333,1,11
llama_3_1_8b_instruct,compiler::factual_association::factual_0091,factual_association,test,meta-llama/Llama-3.1-8B-Instruct,early__all__r16,0.0,0.16666666666666666,1.0,1.0,0.5416666666666666,3,11|22|33
llama_3_1_8b_instruct,compiler::factual_association::factual_0091,factual_association,test,meta-llama/Llama-3.1-8B-Instruct,full__all__r4,0.10000000000000002,0.16666666666666666,0.7777777777777777,1.0,0.5111111111111111,3,11|22|33
llama_3_1_8b_instruct,compiler::factual_association::factual_0091,factual_association,test,meta-llama/Llama-3.1-8B-Instruct,late__all__r16,0.3,0.16666666666666666,0.6666666666666666,0.9930555555555557,0.5315972222222223,3,11|22|33
llama_3_1_8b_instruct,compiler::factual_association::factual_0091,factual_association,test,meta-llama/Llama-3.1-8B-Instruct,middle__all__r16,0.3333333333333333,0.16666666666666666,0.5555555555555555,0.9972222222222222,0.5131944444444444,3,11|22|33
llama_3_1_8b_instruct,compiler::factual_association::factual_0092,factual_association,train,meta-llama/Llama-3.1-8B-Instruct,early__all__r16,0.0,0.16666666666666666,1.0,0.9833333333333333,0.5375,1,11
llama_3_1_8b_instruct,compiler::factual_association::factual_0092,factual_association,train,meta-llama/Llama-3.1-8B-Instruct,full__all__r4,0.0,0.16666666666666666,1.0,0.9916666666666667,0.5395833333333333,1,11
llama_3_1_8b_instruct,compiler::factual_association::factual_0092,factual_association,train,meta-llama/Llama-3.1-8B-Instruct,late__all__r16,0.0,0.16666666666666666,0.8333333333333334,1.0,0.5,1,11
llama_3_1_8b_instruct,compiler::factual_association::factual_0092,factual_association,train,meta-llama/Llama-3.1-8B-Instruct,middle__all__r16,0.2,0.16666666666666666,0.6666666666666666,0.9958333333333333,0.5072916666666667,1,11
llama_3_1_8b_instruct,compiler::factual_association::factual_0093,factual_association,train,meta-llama/Llama-3.1-8B-Instruct,early__all__r16,0.0,0.16666666666666666,1.0,0.9958333333333333,0.540625,1,11
llama_3_1_8b_instruct,compiler::factual_association::factual_0093,factual_association,train,meta-llama/Llama-3.1-8B-Instruct,full__all__r4,0.0,0.16666666666666666,1.0,1.0,0.5416666666666666,1,11
llama_3_1_8b_instruct,compiler::factual_association::factual_0093,factual_association,train,meta-llama/Llama-3.1-8B-Instruct,late__all__r16,0.0,0.16666666666666666,1.0,0.9916666666666667,0.5395833333333333,1,11
llama_3_1_8b_instruct,compiler::factual_association::factual_0093,factual_association,train,meta-llama/Llama-3.1-8B-Instruct,middle__all__r16,0.0,0.16666666666666666,1.0,0.9958333333333333,0.540625,1,11
llama_3_1_8b_instruct,compiler::factual_association::factual_0094,factual_association,test,meta-llama/Llama-3.1-8B-Instruct,early__all__r16,0.0,0.16666666666666666,1.0,0.9805555555555555,0.5368055555555555,3,11|22|33
llama_3_1_8b_instruct,compiler::factual_association::factual_0094,factual_association,test,meta-llama/Llama-3.1-8B-Instruct,full__all__r4,0.0,0.3888888888888889,1.0,1.0,0.5972222222222222,3,11|22|33
llama_3_1_8b_instruct,compiler::factual_association::factual_0094,factual_association,test,meta-llama/Llama-3.1-8B-Instruct,late__all__r16,0.0,0.2222222222222222,0.9444444444444445,0.9972222222222222,0.5409722222222222,3,11|22|33
llama_3_1_8b_instruct,compiler::factual_association::factual_0094,factual_association,test,meta-llama/Llama-3.1-8B-Instruct,middle__all__r16,0.0,0.16666666666666666,0.6111111111111112,1.0,0.4444444444444445,3,11|22|33
llama_3_1_8b_instruct,compiler::factual_association::factual_0095,factual_association,train,meta-llama/Llama-3.1-8B-Instruct,early__all__r16,0.0,0.16666666666666666,1.0,0.9875,0.5385416666666667,1,11
llama_3_1_8b_instruct,compiler::factual_association::factual_0095,factual_association,train,meta-llama/Llama-3.1-8B-Instruct,full__all__r4,0.0,0.16666666666666666,1.0,1.0,0.5416666666666666,1,11
llama_3_1_8b_instruct,compiler::factual_association::factual_0095,factual_association,train,meta-llama/Llama-3.1-8B-Instruct,late__all__r16,0.0,0.16666666666666666,0.6666666666666666,1.0,0.4583333333333333,1,11
llama_3_1_8b_instruct,compiler::factual_association::factual_0095,factual_association,train,meta-llama/Llama-3.1-8B-Instruct,middle__all__r16,0.2,0.16666666666666666,0.3333333333333333,0.9958333333333333,0.4239583333333333,1,11
llama_3_1_8b_instruct,compiler::factual_association::factual_0096,factual_association,train,meta-llama/Llama-3.1-8B-Instruct,early__all__r16,0.0,0.16666666666666666,1.0,0.9916666666666667,0.5395833333333333,1,11
llama_3_1_8b_instruct,compiler::factual_association::factual_0096,factual_association,train,meta-llama/Llama-3.1-8B-Instruct,full__all__r4,0.2,0.16666666666666666,1.0,0.9916666666666667,0.5895833333333333,1,11
llama_3_1_8b_instruct,compiler::factual_association::factual_0096,factual_association,train,meta-llama/Llama-3.1-8B-Instruct,late__all__r16,0.1,0.16666666666666666,0.8333333333333334,0.9958333333333333,0.5239583333333333,1,11
llama_3_1_8b_instruct,compiler::factual_association::factual_0096,factual_association,train,meta-llama/Llama-3.1-8B-Instruct,middle__all__r16,0.5,0.6666666666666666,0.8333333333333334,1.0,0.75,1,11
llama_3_1_8b_instruct,compiler::factual_association::factual_0097,factual_association,train,meta-llama/Llama-3.1-8B-Instruct,early__all__r16,0.0,0.16666666666666666,1.0,0.9958333333333333,0.540625,1,11
llama_3_1_8b_instruct,compiler::factual_association::factual_0097,factual_association,train,meta-llama/Llama-3.1-8B-Instruct,full__all__r4,0.2,0.16666666666666666,0.5,1.0,0.4666666666666667,1,11
llama_3_1_8b_instruct,compiler::factual_association::factual_0097,factual_association,train,meta-llama/Llama-3.1-8B-Instruct,late__all__r16,0.0,0.16666666666666666,1.0,1.0,0.5416666666666666,1,11
llama_3_1_8b_instruct,compiler::factual_association::factual_0097,factual_association,train,meta-llama/Llama-3.1-8B-Instruct,middle__all__r16,0.2,0.16666666666666666,0.16666666666666666,1.0,0.3833333333333333,1,11
llama_3_1_8b_instruct,compiler::factual_association::factual_0098,factual_association,train,meta-llama/Llama-3.1-8B-Instruct,early__all__r16,0.2,0.16666666666666666,0.6666666666666666,0.9833333333333333,0.5041666666666667,1,11
llama_3_1_8b_instruct,compiler::factual_association::factual_0098,factual_association,train,meta-llama/Llama-3.1-8B-Instruct,full__all__r4,0.2,0.16666666666666666,0.8333333333333334,0.9958333333333333,0.5489583333333333,1,11
llama_3_1_8b_instruct,compiler::factual_association::factual_0098,factual_association,train,meta-llama/Llama-3.1-8B-Instruct,late__all__r16,0.2,0.16666666666666666,0.8333333333333334,1.0,0.55,1,11
llama_3_1_8b_instruct,compiler::factual_association::factual_0098,factual_association,train,meta-llama/Llama-3.1-8B-Instruct,middle__all__r16,0.2,0.0,0.8333333333333334,0.9958333333333333,0.5072916666666667,1,11
llama_3_1_8b_instruct,compiler::factual_association::factual_0099,factual_association,train,meta-llama/Llama-3.1-8B-Instruct,early__all__r16,0.0,0.16666666666666666,1.0,0.9875,0.5385416666666667,1,11
llama_3_1_8b_instruct,compiler::factual_association::factual_0099,factual_association,train,meta-llama/Llama-3.1-8B-Instruct,full__all__r4,0.0,0.16666666666666666,0.6666666666666666,0.9916666666666667,0.45625,1,11
llama_3_1_8b_instruct,compiler::factual_association::factual_0099,factual_association,train,meta-llama/Llama-3.1-8B-Instruct,late__all__r16,0.0,0.16666666666666666,1.0,1.0,0.5416666666666666,1,11
llama_3_1_8b_instruct,compiler::factual_association::factual_0099,factual_association,train,meta-llama/Llama-3.1-8B-Instruct,middle__all__r16,0.2,0.16666666666666666,0.5,1.0,0.4666666666666667,1,11
llama_3_1_8b_instruct,compiler::factual_association::factual_0100,factual_association,validation,meta-llama/Llama-3.1-8B-Instruct,early__all__r16,0.0,0.16666666666666666,1.0,0.9791666666666666,0.5364583333333334,1,11
llama_3_1_8b_instruct,compiler::factual_association::factual_0100,factual_association,validation,meta-llama/Llama-3.1-8B-Instruct,full__all__r4,0.0,0.16666666666666666,1.0,1.0,0.5416666666666666,1,11
llama_3_1_8b_instruct,compiler::factual_association::factual_0100,factual_association,validation,meta-llama/Llama-3.1-8B-Instruct,late__all__r16,0.0,0.16666666666666666,0.8333333333333334,1.0,0.5,1,11
llama_3_1_8b_instruct,compiler::factual_association::factual_0100,factual_association,validation,meta-llama/Llama-3.1-8B-Instruct,middle__all__r16,0.2,0.16666666666666666,0.3333333333333333,0.9958333333333333,0.4239583333333333,1,11
llama_3_1_8b_instruct,compiler::factual_association::factual_0101,factual_association,train,meta-llama/Llama-3.1-8B-Instruct,early__all__r16,0.0,0.16666666666666666,1.0,0.9875,0.5385416666666667,1,11
llama_3_1_8b_instruct,compiler::factual_association::factual_0101,factual_association,train,meta-llama/Llama-3.1-8B-Instruct,full__all__r4,0.0,0.16666666666666666,0.6666666666666666,1.0,0.4583333333333333,1,11
llama_3_1_8b_instruct,compiler::factual_association::factual_0101,factual_association,train,meta-llama/Llama-3.1-8B-Instruct,late__all__r16,0.2,0.16666666666666666,0.5,1.0,0.4666666666666667,1,11
llama_3_1_8b_instruct,compiler::factual_association::factual_0101,factual_association,train,meta-llama/Llama-3.1-8B-Instruct,middle__all__r16,0.2,0.16666666666666666,0.3333333333333333,0.9958333333333333,0.4239583333333333,1,11
llama_3_1_8b_instruct,compiler::factual_association::factual_0102,factual_association,train,meta-llama/Llama-3.1-8B-Instruct,early__all__r16,0.0,0.16666666666666666,1.0,0.9833333333333333,0.5375,1,11
llama_3_1_8b_instruct,compiler::factual_association::factual_0102,factual_association,train,meta-llama/Llama-3.1-8B-Instruct,full__all__r4,0.0,0.16666666666666666,1.0,0.9916666666666667,0.5395833333333333,1,11
llama_3_1_8b_instruct,compiler::factual_association::factual_0102,factual_association,train,meta-llama/Llama-3.1-8B-Instruct,late__all__r16,0.2,0.16666666666666666,1.0,0.9916666666666667,0.5895833333333333,1,11
llama_3_1_8b_instruct,compiler::factual_association::factual_0102,factual_association,train,meta-llama/Llama-3.1-8B-Instruct,middle__all__r16,0.8,0.5,0.6666666666666666,0.9958333333333333,0.740625,1,11
llama_3_1_8b_instruct,compiler::factual_association::factual_0103,factual_association,test,meta-llama/Llama-3.1-8B-Instruct,early__all__r16,0.0,0.16666666666666666,1.0,0.9930555555555557,0.5399305555555556,3,11|22|33
llama_3_1_8b_instruct,compiler::factual_association::factual_0103,factual_association,test,meta-llama/Llama-3.1-8B-Instruct,full__all__r4,0.0,0.16666666666666666,1.0,0.9972222222222222,0.5409722222222222,3,11|22|33
llama_3_1_8b_instruct,compiler::factual_association::factual_0103,factual_association,test,meta-llama/Llama-3.1-8B-Instruct,late__all__r16,0.3,0.16666666666666666,1.0,0.9916666666666667,0.6145833333333334,3,11|22|33
llama_3_1_8b_instruct,compiler::factual_association::factual_0103,factual_association,test,meta-llama/Llama-3.1-8B-Instruct,middle__all__r16,0.10000000000000002,0.3333333333333333,1.0,1.0,0.6083333333333333,3,11|22|33
llama_3_1_8b_instruct,compiler::factual_association::factual_0104,factual_association,validation,meta-llama/Llama-3.1-8B-Instruct,early__all__r16,0.0,0.16666666666666666,0.8333333333333334,0.9916666666666667,0.4979166666666667,1,11
llama_3_1_8b_instruct,compiler::factual_association::factual_0104,factual_association,validation,meta-llama/Llama-3.1-8B-Instruct,full__all__r4,0.0,0.0,1.0,1.0,0.5,1,11
llama_3_1_8b_instruct,compiler::factual_association::factual_0104,factual_association,validation,meta-llama/Llama-3.1-8B-Instruct,late__all__r16,0.2,0.16666666666666666,0.6666666666666666,0.9916666666666667,0.50625,1,11
llama_3_1_8b_instruct,compiler::factual_association::factual_0104,factual_association,validation,meta-llama/Llama-3.1-8B-Instruct,middle__all__r16,0.2,0.16666666666666666,0.5,0.9958333333333333,0.465625,1,11
llama_3_1_8b_instruct,compiler::factual_association::factual_0105,factual_association,train,meta-llama/Llama-3.1-8B-Instruct,early__all__r16,0.0,0.16666666666666666,1.0,0.9666666666666667,0.5333333333333333,1,11
llama_3_1_8b_instruct,compiler::factual_association::factual_0105,factual_association,train,meta-llama/Llama-3.1-8B-Instruct,full__all__r4,0.0,0.16666666666666666,1.0,0.9916666666666667,0.5395833333333333,1,11
llama_3_1_8b_instruct,compiler::factual_association::factual_0105,factual_association,train,meta-llama/Llama-3.1-8B-Instruct,late__all__r16,0.0,0.16666666666666666,1.0,0.9916666666666667,0.5395833333333333,1,11
llama_3_1_8b_instruct,compiler::factual_association::factual_0105,factual_association,train,meta-llama/Llama-3.1-8B-Instruct,middle__all__r16,0.0,0.0,1.0,0.9958333333333333,0.49895833333333334,1,11
llama_3_1_8b_instruct,compiler::factual_association::factual_0106,factual_association,test,meta-llama/Llama-3.1-8B-Instruct,early__all__r16,0.0,0.16666666666666666,1.0,0.9944444444444445,0.5402777777777777,3,11|22|33
llama_3_1_8b_instruct,compiler::factual_association::factual_0106,factual_association,test,meta-llama/Llama-3.1-8B-Instruct,full__all__r4,0.0,0.2222222222222222,1.0,0.9972222222222222,0.5548611111111111,3,11|22|33
llama_3_1_8b_instruct,compiler::factual_association::factual_0106,factual_association,test,meta-llama/Llama-3.1-8B-Instruct,late__all__r16,0.0,0.16666666666666666,0.6111111111111112,0.9902777777777777,0.4420138888888889,3,11|22|33
llama_3_1_8b_instruct,compiler::factual_association::factual_0106,factual_association,test,meta-llama/Llama-3.1-8B-Instruct,middle__all__r16,0.20000000000000004,0.16666666666666666,0.5,1.0,0.4666666666666667,3,11|22|33
llama_3_1_8b_instruct,compiler::factual_association::factual_0107,factual_association,train,meta-llama/Llama-3.1-8B-Instruct,early__all__r16,0.2,0.16666666666666666,0.5,0.9833333333333333,0.46249999999999997,1,11
llama_3_1_8b_instruct,compiler::factual_association::factual_0107,factual_association,train,meta-llama/Llama-3.1-8B-Instruct,full__all__r4,0.2,0.0,0.5,1.0,0.425,1,11
llama_3_1_8b_instruct,compiler::factual_association::factual_0107,factual_association,train,meta-llama/Llama-3.1-8B-Instruct,late__all__r16,0.0,0.16666666666666666,0.5,1.0,0.4166666666666667,1,11
llama_3_1_8b_instruct,compiler::factual_association::factual_0107,factual_association,train,meta-llama/Llama-3.1-8B-Instruct,middle__all__r16,0.2,0.16666666666666666,0.5,0.9958333333333333,0.465625,1,11
llama_3_1_8b_instruct,compiler::factual_association::factual_0108,factual_association,test,meta-llama/Llama-3.1-8B-Instruct,early__all__r16,0.0,0.16666666666666666,1.0,0.9833333333333334,0.5375,3,11|22|33
llama_3_1_8b_instruct,compiler::factual_association::factual_0108,factual_association,test,meta-llama/Llama-3.1-8B-Instruct,full__all__r4,0.0,0.05555555555555555,0.9444444444444445,1.0,0.5,3,11|22|33
llama_3_1_8b_instruct,compiler::factual_association::factual_0108,factual_association,test,meta-llama/Llama-3.1-8B-Instruct,late__all__r16,0.19999999999999998,0.3888888888888889,1.0,0.9833333333333334,0.6430555555555556,3,11|22|33
llama_3_1_8b_instruct,compiler::factual_association::factual_0108,factual_association,test,meta-llama/Llama-3.1-8B-Instruct,middle__all__r16,0.06666666666666667,0.0,0.7222222222222222,0.9958333333333332,0.4461805555555555,3,11|22|33
llama_3_1_8b_instruct,compiler::factual_association::factual_0109,factual_association,test,meta-llama/Llama-3.1-8B-Instruct,early__all__r16,0.0,0.16666666666666666,1.0,0.9861111111111112,0.5381944444444444,3,11|22|33
llama_3_1_8b_instruct,compiler::factual_association::factual_0109,factual_association,test,meta-llama/Llama-3.1-8B-Instruct,full__all__r4,0.0,0.16666666666666666,0.9444444444444445,1.0,0.5277777777777778,3,11|22|33
llama_3_1_8b_instruct,compiler::factual_association::factual_0109,factual_association,test,meta-llama/Llama-3.1-8B-Instruct,late__all__r16,0.0,0.16666666666666666,0.8333333333333334,0.9972222222222222,0.49930555555555556,3,11|22|33
llama_3_1_8b_instruct,compiler::factual_association::factual_0109,factual_association,test,meta-llama/Llama-3.1-8B-Instruct,middle__all__r16,0.0,0.16666666666666666,0.7777777777777777,0.9972222222222222,0.48541666666666666,3,11|22|33
llama_3_1_8b_instruct,compiler::factual_association::factual_0110,factual_association,validation,meta-llama/Llama-3.1-8B-Instruct,early__all__r16,0.2,0.16666666666666666,1.0,0.9875,0.5885416666666666,1,11
llama_3_1_8b_instruct,compiler::factual_association::factual_0110,factual_association,validation,meta-llama/Llama-3.1-8B-Instruct,full__all__r4,0.2,0.16666666666666666,0.8333333333333334,1.0,0.55,1,11
llama_3_1_8b_instruct,compiler::factual_association::factual_0110,factual_association,validation,meta-llama/Llama-3.1-8B-Instruct,late__all__r16,0.0,0.16666666666666666,0.6666666666666666,1.0,0.4583333333333333,1,11
llama_3_1_8b_instruct,compiler::factual_association::factual_0110,factual_association,validation,meta-llama/Llama-3.1-8B-Instruct,middle__all__r16,0.2,0.0,0.5,0.9958333333333333,0.4239583333333333,1,11
llama_3_1_8b_instruct,compiler::factual_association::factual_0111,factual_association,train,meta-llama/Llama-3.1-8B-Instruct,early__all__r16,0.0,0.16666666666666666,1.0,0.9875,0.5385416666666667,1,11
llama_3_1_8b_instruct,compiler::factual_association::factual_0111,factual_association,train,meta-llama/Llama-3.1-8B-Instruct,full__all__r4,0.0,0.16666666666666666,1.0,1.0,0.5416666666666666,1,11
llama_3_1_8b_instruct,compiler::factual_association::factual_0111,factual_association,train,meta-llama/Llama-3.1-8B-Instruct,late__all__r16,0.0,0.16666666666666666,1.0,1.0,0.5416666666666666,1,11
llama_3_1_8b_instruct,compiler::factual_association::factual_0111,factual_association,train,meta-llama/Llama-3.1-8B-Instruct,middle__all__r16,0.0,0.16666666666666666,1.0,0.9958333333333333,0.540625,1,11
llama_3_1_8b_instruct,compiler::factual_association::factual_0112,factual_association,validation,meta-llama/Llama-3.1-8B-Instruct,early__all__r16,0.0,0.16666666666666666,1.0,0.9958333333333333,0.540625,1,11
llama_3_1_8b_instruct,compiler::factual_association::factual_0112,factual_association,validation,meta-llama/Llama-3.1-8B-Instruct,full__all__r4,0.0,0.16666666666666666,1.0,1.0,0.5416666666666666,1,11
llama_3_1_8b_instruct,compiler::factual_association::factual_0112,factual_association,validation,meta-llama/Llama-3.1-8B-Instruct,late__all__r16,0.0,0.16666666666666666,1.0,1.0,0.5416666666666666,1,11
llama_3_1_8b_instruct,compiler::factual_association::factual_0112,factual_association,validation,meta-llama/Llama-3.1-8B-Instruct,middle__all__r16,0.2,0.16666666666666666,0.5,0.9958333333333333,0.465625,1,11
llama_3_1_8b_instruct,compiler::factual_association::factual_0113,factual_association,train,meta-llama/Llama-3.1-8B-Instruct,early__all__r16,0.0,0.0,0.8333333333333334,0.9875,0.4552083333333333,1,11
llama_3_1_8b_instruct,compiler::factual_association::factual_0113,factual_association,train,meta-llama/Llama-3.1-8B-Instruct,full__all__r4,0.0,0.0,0.8333333333333334,0.9916666666666667,0.45625000000000004,1,11
llama_3_1_8b_instruct,compiler::factual_association::factual_0113,factual_association,train,meta-llama/Llama-3.1-8B-Instruct,late__all__r16,0.0,0.16666666666666666,0.8333333333333334,1.0,0.5,1,11
llama_3_1_8b_instruct,compiler::factual_association::factual_0113,factual_association,train,meta-llama/Llama-3.1-8B-Instruct,middle__all__r16,0.0,0.16666666666666666,1.0,0.9958333333333333,0.540625,1,11
llama_3_1_8b_instruct,compiler::factual_association::factual_0114,factual_association,train,meta-llama/Llama-3.1-8B-Instruct,early__all__r16,0.0,0.16666666666666666,1.0,0.9875,0.5385416666666667,1,11
llama_3_1_8b_instruct,compiler::factual_association::factual_0114,factual_association,train,meta-llama/Llama-3.1-8B-Instruct,full__all__r4,0.0,0.16666666666666666,1.0,0.9916666666666667,0.5395833333333333,1,11
llama_3_1_8b_instruct,compiler::factual_association::factual_0114,factual_association,train,meta-llama/Llama-3.1-8B-Instruct,late__all__r16,0.1,0.16666666666666666,1.0,1.0,0.5666666666666667,1,11
llama_3_1_8b_instruct,compiler::factual_association::factual_0114,factual_association,train,meta-llama/Llama-3.1-8B-Instruct,middle__all__r16,0.0,0.16666666666666666,0.8333333333333334,0.9958333333333333,0.49895833333333334,1,11
llama_3_1_8b_instruct,compiler::factual_association::factual_0115,factual_association,test,meta-llama/Llama-3.1-8B-Instruct,early__all__r16,0.0,0.16666666666666666,1.0,1.0,0.5416666666666666,3,11|22|33
llama_3_1_8b_instruct,compiler::factual_association::factual_0115,factual_association,test,meta-llama/Llama-3.1-8B-Instruct,full__all__r4,0.16666666666666666,0.16666666666666666,0.8333333333333334,1.0,0.5416666666666666,3,11|22|33
llama_3_1_8b_instruct,compiler::factual_association::factual_0115,factual_association,test,meta-llama/Llama-3.1-8B-Instruct,late__all__r16,0.3,0.16666666666666666,0.6666666666666666,0.9944444444444445,0.5319444444444444,3,11|22|33
llama_3_1_8b_instruct,compiler::factual_association::factual_0115,factual_association,test,meta-llama/Llama-3.1-8B-Instruct,middle__all__r16,0.3333333333333333,0.16666666666666666,0.5555555555555555,1.0,0.5138888888888888,3,11|22|33
llama_3_1_8b_instruct,compiler::factual_association::factual_0116,factual_association,train,meta-llama/Llama-3.1-8B-Instruct,early__all__r16,0.0,0.16666666666666666,1.0,0.9791666666666666,0.5364583333333334,1,11
llama_3_1_8b_instruct,compiler::factual_association::factual_0116,factual_association,train,meta-llama/Llama-3.1-8B-Instruct,full__all__r4,0.0,0.16666666666666666,1.0,0.9916666666666667,0.5395833333333333,1,11
llama_3_1_8b_instruct,compiler::factual_association::factual_0116,factual_association,train,meta-llama/Llama-3.1-8B-Instruct,late__all__r16,0.0,0.16666666666666666,0.8333333333333334,0.9958333333333333,0.49895833333333334,1,11
llama_3_1_8b_instruct,compiler::factual_association::factual_0116,factual_association,train,meta-llama/Llama-3.1-8B-Instruct,middle__all__r16,0.0,0.16666666666666666,0.8333333333333334,0.9958333333333333,0.49895833333333334,1,11
llama_3_1_8b_instruct,compiler::factual_association::factual_0117,factual_association,validation,meta-llama/Llama-3.1-8B-Instruct,early__all__r16,0.0,0.16666666666666666,0.8333333333333334,0.9708333333333333,0.49270833333333336,1,11
llama_3_1_8b_instruct,compiler::factual_association::factual_0117,factual_association,validation,meta-llama/Llama-3.1-8B-Instruct,full__all__r4,0.2,0.3333333333333333,0.8333333333333334,1.0,0.5916666666666667,1,11
llama_3_1_8b_instruct,compiler::factual_association::factual_0117,factual_association,validation,meta-llama/Llama-3.1-8B-Instruct,late__all__r16,0.1,0.16666666666666666,1.0,1.0,0.5666666666666667,1,11
llama_3_1_8b_instruct,compiler::factual_association::factual_0117,factual_association,validation,meta-llama/Llama-3.1-8B-Instruct,middle__all__r16,0.0,0.16666666666666666,0.8333333333333334,0.9958333333333333,0.49895833333333334,1,11
llama_3_1_8b_instruct,compiler::factual_association::factual_0118,factual_association,train,meta-llama/Llama-3.1-8B-Instruct,early__all__r16,0.0,0.16666666666666666,1.0,0.9791666666666666,0.5364583333333334,1,11
llama_3_1_8b_instruct,compiler::factual_association::factual_0118,factual_association,train,meta-llama/Llama-3.1-8B-Instruct,full__all__r4,0.0,0.16666666666666666,1.0,1.0,0.5416666666666666,1,11
llama_3_1_8b_instruct,compiler::factual_association::factual_0118,factual_association,train,meta-llama/Llama-3.1-8B-Instruct,late__all__r16,0.0,0.16666666666666666,1.0,0.9958333333333333,0.540625,1,11
llama_3_1_8b_instruct,compiler::factual_association::factual_0118,factual_association,train,meta-llama/Llama-3.1-8B-Instruct,middle__all__r16,0.0,0.16666666666666666,0.5,1.0,0.4166666666666667,1,11
llama_3_1_8b_instruct,compiler::factual_association::factual_0119,factual_association,validation,meta-llama/Llama-3.1-8B-Instruct,early__all__r16,0.0,0.16666666666666666,0.8333333333333334,0.9916666666666667,0.4979166666666667,1,11
llama_3_1_8b_instruct,compiler::factual_association::factual_0119,factual_association,validation,meta-llama/Llama-3.1-8B-Instruct,full__all__r4,0.0,0.16666666666666666,0.8333333333333334,0.9958333333333333,0.49895833333333334,1,11
llama_3_1_8b_instruct,compiler::factual_association::factual_0119,factual_association,validation,meta-llama/Llama-3.1-8B-Instruct,late__all__r16,0.2,0.16666666666666666,0.6666666666666666,1.0,0.5083333333333333,1,11
llama_3_1_8b_instruct,compiler::factual_association::factual_0119,factual_association,validation,meta-llama/Llama-3.1-8B-Instruct,middle__all__r16,0.2,0.16666666666666666,0.6666666666666666,0.9958333333333333,0.5072916666666667,1,11
llama_3_1_8b_instruct,compiler::lexical_binding::lexical_0000,lexical_binding,train,meta-llama/Llama-3.1-8B-Instruct,early__all__r16,1.0,0.3333333333333333,1.0,1.0,0.8333333333333334,1,11
llama_3_1_8b_instruct,compiler::lexical_binding::lexical_0000,lexical_binding,train,meta-llama/Llama-3.1-8B-Instruct,full__all__r4,1.0,0.3333333333333333,0.5,0.9875,0.7052083333333333,1,11
llama_3_1_8b_instruct,compiler::lexical_binding::lexical_0000,lexical_binding,train,meta-llama/Llama-3.1-8B-Instruct,late__all__r16,0.9,0.3333333333333333,0.3333333333333333,0.9875,0.6385416666666667,1,11
llama_3_1_8b_instruct,compiler::lexical_binding::lexical_0000,lexical_binding,train,meta-llama/Llama-3.1-8B-Instruct,middle__all__r16,1.0,0.8333333333333334,0.16666666666666666,0.975,0.74375,1,11
llama_3_1_8b_instruct,compiler::lexical_binding::lexical_0001,lexical_binding,validation,meta-llama/Llama-3.1-8B-Instruct,early__all__r16,0.1,0.16666666666666666,0.8333333333333334,1.0,0.525,1,11
llama_3_1_8b_instruct,compiler::lexical_binding::lexical_0001,lexical_binding,validation,meta-llama/Llama-3.1-8B-Instruct,full__all__r4,1.0,0.5,0.3333333333333333,0.9958333333333333,0.7072916666666667,1,11
llama_3_1_8b_instruct,compiler::lexical_binding::lexical_0001,lexical_binding,validation,meta-llama/Llama-3.1-8B-Instruct,late__all__r16,0.9,0.3333333333333333,0.16666666666666666,0.9916666666666667,0.5979166666666667,1,11
llama_3_1_8b_instruct,compiler::lexical_binding::lexical_0001,lexical_binding,validation,meta-llama/Llama-3.1-8B-Instruct,middle__all__r16,1.0,1.0,0.0,0.975,0.74375,1,11
llama_3_1_8b_instruct,compiler::lexical_binding::lexical_0002,lexical_binding,test,meta-llama/Llama-3.1-8B-Instruct,early__all__r16,0.6,0.27777777777777773,0.9444444444444445,0.9958333333333332,0.7045138888888889,3,11|22|33
llama_3_1_8b_instruct,compiler::lexical_binding::lexical_0002,lexical_binding,test,meta-llama/Llama-3.1-8B-Instruct,full__all__r4,0.9666666666666667,0.38888888888888884,0.611111111111111,0.9930555555555557,0.7399305555555555,3,11|22|33
llama_3_1_8b_instruct,compiler::lexical_binding::lexical_0002,lexical_binding,test,meta-llama/Llama-3.1-8B-Instruct,late__all__r16,0.9,0.4444444444444444,0.1111111111111111,0.9819444444444444,0.609375,3,11|22|33
llama_3_1_8b_instruct,compiler::lexical_binding::lexical_0002,lexical_binding,test,meta-llama/Llama-3.1-8B-Instruct,middle__all__r16,1.0,0.5555555555555555,0.1111111111111111,0.975,0.6604166666666667,3,11|22|33
llama_3_1_8b_instruct,compiler::lexical_binding::lexical_0003,lexical_binding,test,meta-llama/Llama-3.1-8B-Instruct,early__all__r16,0.8666666666666667,0.1111111111111111,0.888888888888889,1.0,0.7166666666666667,3,11|22|33
llama_3_1_8b_instruct,compiler::lexical_binding::lexical_0003,lexical_binding,test,meta-llama/Llama-3.1-8B-Instruct,full__all__r4,1.0,0.3333333333333333,0.16666666666666666,0.9861111111111112,0.6215277777777778,3,11|22|33
llama_3_1_8b_instruct,compiler::lexical_binding::lexical_0003,lexical_binding,test,meta-llama/Llama-3.1-8B-Instruct,late__all__r16,0.9,0.3333333333333333,0.27777777777777773,0.9861111111111112,0.6243055555555556,3,11|22|33
llama_3_1_8b_instruct,compiler::lexical_binding::lexical_0003,lexical_binding,test,meta-llama/Llama-3.1-8B-Instruct,middle__all__r16,1.0,0.8333333333333334,0.0,0.9402777777777778,0.6934027777777778,3,11|22|33
llama_3_1_8b_instruct,compiler::lexical_binding::lexical_0004,lexical_binding,test,meta-llama/Llama-3.1-8B-Instruct,early__all__r16,0.9333333333333332,0.5,1.0,0.9916666666666667,0.85625,3,11|22|33
llama_3_1_8b_instruct,compiler::lexical_binding::lexical_0004,lexical_binding,test,meta-llama/Llama-3.1-8B-Instruct,full__all__r4,1.0,0.3333333333333333,0.5555555555555555,0.9902777777777777,0.7197916666666666,3,11|22|33
llama_3_1_8b_instruct,compiler::lexical_binding::lexical_0004,lexical_binding,test,meta-llama/Llama-3.1-8B-Instruct,late__all__r16,0.9,0.3333333333333333,0.38888888888888884,0.9861111111111112,0.6520833333333333,3,11|22|33
llama_3_1_8b_instruct,compiler::lexical_binding::lexical_0004,lexical_binding,test,meta-llama/Llama-3.1-8B-Instruct,middle__all__r16,1.0,0.7222222222222222,0.16666666666666666,0.9805555555555555,0.7173611111111111,3,11|22|33
llama_3_1_8b_instruct,compiler::lexical_binding::lexical_0005,lexical_binding,train,meta-llama/Llama-3.1-8B-Instruct,early__all__r16,0.2,0.16666666666666666,1.0,0.9958333333333333,0.590625,1,11
llama_3_1_8b_instruct,compiler::lexical_binding::lexical_0005,lexical_binding,train,meta-llama/Llama-3.1-8B-Instruct,full__all__r4,1.0,0.3333333333333333,0.16666666666666666,0.9958333333333333,0.6239583333333333,1,11
llama_3_1_8b_instruct,compiler::lexical_binding::lexical_0005,lexical_binding,train,meta-llama/Llama-3.1-8B-Instruct,late__all__r16,0.9,0.3333333333333333,0.16666666666666666,0.9916666666666667,0.5979166666666667,1,11
llama_3_1_8b_instruct,compiler::lexical_binding::lexical_0005,lexical_binding,train,meta-llama/Llama-3.1-8B-Instruct,middle__all__r16,1.0,0.5,0.16666666666666666,0.9833333333333333,0.6625,1,11
llama_3_1_8b_instruct,compiler::lexical_binding::lexical_0006,lexical_binding,test,meta-llama/Llama-3.1-8B-Instruct,early__all__r16,1.0,0.38888888888888884,1.0,0.9972222222222222,0.8465277777777778,3,11|22|33
llama_3_1_8b_instruct,compiler::lexical_binding::lexical_0006,lexical_binding,test,meta-llama/Llama-3.1-8B-Instruct,full__all__r4,0.9666666666666667,0.6666666666666666,0.9444444444444445,0.9902777777777777,0.8920138888888889,3,11|22|33
llama_3_1_8b_instruct,compiler::lexical_binding::lexical_0006,lexical_binding,test,meta-llama/Llama-3.1-8B-Instruct,late__all__r16,0.9,0.38888888888888884,0.3333333333333333,0.9805555555555555,0.6506944444444445,3,11|22|33
llama_3_1_8b_instruct,compiler::lexical_binding::lexical_0006,lexical_binding,test,meta-llama/Llama-3.1-8B-Instruct,middle__all__r16,0.9666666666666667,0.5,0.38888888888888884,0.9791666666666666,0.7086805555555555,3,11|22|33
llama_3_1_8b_instruct,compiler::lexical_binding::lexical_0007,lexical_binding,train,meta-llama/Llama-3.1-8B-Instruct,early__all__r16,0.5,0.16666666666666666,1.0,0.9916666666666667,0.6645833333333333,1,11
llama_3_1_8b_instruct,compiler::lexical_binding::lexical_0007,lexical_binding,train,meta-llama/Llama-3.1-8B-Instruct,full__all__r4,1.0,0.5,0.3333333333333333,0.9916666666666667,0.70625,1,11
llama_3_1_8b_instruct,compiler::lexical_binding::lexical_0007,lexical_binding,train,meta-llama/Llama-3.1-8B-Instruct,late__all__r16,0.9,0.5,0.3333333333333333,0.9875,0.6802083333333333,1,11
llama_3_1_8b_instruct,compiler::lexical_binding::lexical_0007,lexical_binding,train,meta-llama/Llama-3.1-8B-Instruct,middle__all__r16,1.0,1.0,0.16666666666666666,0.975,0.7854166666666667,1,11
llama_3_1_8b_instruct,compiler::lexical_binding::lexical_0008,lexical_binding,train,meta-llama/Llama-3.1-8B-Instruct,early__all__r16,1.0,0.5,1.0,0.9958333333333333,0.8739583333333334,1,11
llama_3_1_8b_instruct,compiler::lexical_binding::lexical_0008,lexical_binding,train,meta-llama/Llama-3.1-8B-Instruct,full__all__r4,1.0,0.8333333333333334,0.8333333333333334,1.0,0.9166666666666667,1,11
llama_3_1_8b_instruct,compiler::lexical_binding::lexical_0008,lexical_binding,train,meta-llama/Llama-3.1-8B-Instruct,late__all__r16,0.9,0.6666666666666666,0.3333333333333333,0.9875,0.721875,1,11
llama_3_1_8b_instruct,compiler::lexical_binding::lexical_0008,lexical_binding,train,meta-llama/Llama-3.1-8B-Instruct,middle__all__r16,1.0,0.8333333333333334,0.16666666666666666,0.9791666666666666,0.7447916666666666,1,11
llama_3_1_8b_instruct,compiler::lexical_binding::lexical_0009,lexical_binding,train,meta-llama/Llama-3.1-8B-Instruct,early__all__r16,1.0,0.6666666666666666,1.0,0.9958333333333333,0.915625,1,11
llama_3_1_8b_instruct,compiler::lexical_binding::lexical_0009,lexical_binding,train,meta-llama/Llama-3.1-8B-Instruct,full__all__r4,1.0,0.6666666666666666,0.8333333333333334,1.0,0.875,1,11
llama_3_1_8b_instruct,compiler::lexical_binding::lexical_0009,lexical_binding,train,meta-llama/Llama-3.1-8B-Instruct,late__all__r16,0.9,0.5,0.5,0.9875,0.721875,1,11
llama_3_1_8b_instruct,compiler::lexical_binding::lexical_0009,lexical_binding,train,meta-llama/Llama-3.1-8B-Instruct,middle__all__r16,1.0,0.8333333333333334,0.16666666666666666,0.9833333333333333,0.7458333333333333,1,11
llama_3_1_8b_instruct,compiler::lexical_binding::lexical_0010,lexical_binding,train,meta-llama/Llama-3.1-8B-Instruct,early__all__r16,0.1,0.5,1.0,0.9958333333333333,0.6489583333333333,1,11
llama_3_1_8b_instruct,compiler::lexical_binding::lexical_0010,lexical_binding,train,meta-llama/Llama-3.1-8B-Instruct,full__all__r4,1.0,0.3333333333333333,0.3333333333333333,0.9875,0.6635416666666667,1,11
llama_3_1_8b_instruct,compiler::lexical_binding::lexical_0010,lexical_binding,train,meta-llama/Llama-3.1-8B-Instruct,late__all__r16,0.9,0.3333333333333333,0.3333333333333333,0.9916666666666667,0.6395833333333334,1,11
llama_3_1_8b_instruct,compiler::lexical_binding::lexical_0010,lexical_binding,train,meta-llama/Llama-3.1-8B-Instruct,middle__all__r16,1.0,0.8333333333333334,0.16666666666666666,0.9791666666666666,0.7447916666666666,1,11
llama_3_1_8b_instruct,compiler::lexical_binding::lexical_0011,lexical_binding,validation,meta-llama/Llama-3.1-8B-Instruct,early__all__r16,0.1,0.3333333333333333,1.0,0.9958333333333333,0.6072916666666667,1,11
llama_3_1_8b_instruct,compiler::lexical_binding::lexical_0011,lexical_binding,validation,meta-llama/Llama-3.1-8B-Instruct,full__all__r4,0.1,0.0,1.0,0.9958333333333333,0.5239583333333333,1,11
llama_3_1_8b_instruct,compiler::lexical_binding::lexical_0011,lexical_binding,validation,meta-llama/Llama-3.1-8B-Instruct,late__all__r16,0.1,0.16666666666666666,0.16666666666666666,0.9875,0.35520833333333335,1,11
llama_3_1_8b_instruct,compiler::lexical_binding::lexical_0011,lexical_binding,validation,meta-llama/Llama-3.1-8B-Instruct,middle__all__r16,0.1,0.3333333333333333,0.3333333333333333,0.9791666666666666,0.43645833333333334,1,11
llama_3_1_8b_instruct,compiler::lexical_binding::lexical_0012,lexical_binding,validation,meta-llama/Llama-3.1-8B-Instruct,early__all__r16,0.1,0.16666666666666666,1.0,1.0,0.5666666666666667,1,11
llama_3_1_8b_instruct,compiler::lexical_binding::lexical_0012,lexical_binding,validation,meta-llama/Llama-3.1-8B-Instruct,full__all__r4,1.0,0.3333333333333333,0.16666666666666666,0.9875,0.621875,1,11
llama_3_1_8b_instruct,compiler::lexical_binding::lexical_0012,lexical_binding,validation,meta-llama/Llama-3.1-8B-Instruct,late__all__r16,0.9,0.3333333333333333,0.16666666666666666,0.9833333333333333,0.5958333333333333,1,11
llama_3_1_8b_instruct,compiler::lexical_binding::lexical_0012,lexical_binding,validation,meta-llama/Llama-3.1-8B-Instruct,middle__all__r16,1.0,0.5,0.0,0.95,0.6125,1,11
llama_3_1_8b_instruct,compiler::lexical_binding::lexical_0013,lexical_binding,validation,meta-llama/Llama-3.1-8B-Instruct,early__all__r16,0.7,0.5,0.8333333333333334,1.0,0.7583333333333333,1,11
llama_3_1_8b_instruct,compiler::lexical_binding::lexical_0013,lexical_binding,validation,meta-llama/Llama-3.1-8B-Instruct,full__all__r4,1.0,0.3333333333333333,0.16666666666666666,0.9916666666666667,0.6229166666666667,1,11
llama_3_1_8b_instruct,compiler::lexical_binding::lexical_0013,lexical_binding,validation,meta-llama/Llama-3.1-8B-Instruct,late__all__r16,0.9,0.3333333333333333,0.16666666666666666,0.9875,0.596875,1,11
llama_3_1_8b_instruct,compiler::lexical_binding::lexical_0013,lexical_binding,validation,meta-llama/Llama-3.1-8B-Instruct,middle__all__r16,1.0,1.0,0.16666666666666666,0.9833333333333333,0.7875,1,11
llama_3_1_8b_instruct,compiler::lexical_binding::lexical_0014,lexical_binding,test,meta-llama/Llama-3.1-8B-Instruct,early__all__r16,1.0,0.8333333333333334,1.0,0.9944444444444445,0.9569444444444445,3,11|22|33
llama_3_1_8b_instruct,compiler::lexical_binding::lexical_0014,lexical_binding,test,meta-llama/Llama-3.1-8B-Instruct,full__all__r4,1.0,0.7777777777777778,0.9444444444444445,0.9930555555555557,0.9288194444444445,3,11|22|33
llama_3_1_8b_instruct,compiler::lexical_binding::lexical_0014,lexical_binding,test,meta-llama/Llama-3.1-8B-Instruct,late__all__r16,0.9,0.3333333333333333,0.16666666666666666,0.9847222222222222,0.5961805555555555,3,11|22|33
llama_3_1_8b_instruct,compiler::lexical_binding::lexical_0014,lexical_binding,test,meta-llama/Llama-3.1-8B-Instruct,middle__all__r16,1.0,0.8333333333333334,0.38888888888888884,0.975,0.7993055555555555,3,11|22|33
llama_3_1_8b_instruct,compiler::lexical_binding::lexical_0015,lexical_binding,train,meta-llama/Llama-3.1-8B-Instruct,early__all__r16,1.0,0.5,1.0,1.0,0.875,1,11
llama_3_1_8b_instruct,compiler::lexical_binding::lexical_0015,lexical_binding,train,meta-llama/Llama-3.1-8B-Instruct,full__all__r4,0.9,0.3333333333333333,0.3333333333333333,0.9875,0.6385416666666667,1,11
llama_3_1_8b_instruct,compiler::lexical_binding::lexical_0015,lexical_binding,train,meta-llama/Llama-3.1-8B-Instruct,late__all__r16,0.9,0.3333333333333333,0.3333333333333333,0.9875,0.6385416666666667,1,11
llama_3_1_8b_instruct,compiler::lexical_binding::lexical_0015,lexical_binding,train,meta-llama/Llama-3.1-8B-Instruct,middle__all__r16,1.0,0.8333333333333334,0.0,0.9583333333333334,0.6979166666666667,1,11
llama_3_1_8b_instruct,compiler::lexical_binding::lexical_0016,lexical_binding,train,meta-llama/Llama-3.1-8B-Instruct,early__all__r16,1.0,0.3333333333333333,1.0,1.0,0.8333333333333334,1,11
llama_3_1_8b_instruct,compiler::lexical_binding::lexical_0016,lexical_binding,train,meta-llama/Llama-3.1-8B-Instruct,full__all__r4,1.0,0.3333333333333333,0.5,0.9875,0.7052083333333333,1,11
llama_3_1_8b_instruct,compiler::lexical_binding::lexical_0016,lexical_binding,train,meta-llama/Llama-3.1-8B-Instruct,late__all__r16,0.9,0.3333333333333333,0.3333333333333333,0.9916666666666667,0.6395833333333334,1,11
llama_3_1_8b_instruct,compiler::lexical_binding::lexical_0016,lexical_binding,train,meta-llama/Llama-3.1-8B-Instruct,middle__all__r16,1.0,0.3333333333333333,0.16666666666666666,0.9791666666666666,0.6197916666666666,1,11
llama_3_1_8b_instruct,compiler::lexical_binding::lexical_0017,lexical_binding,train,meta-llama/Llama-3.1-8B-Instruct,early__all__r16,0.30000000000000004,0.3333333333333333,1.0,1.0,0.6583333333333333,1,11
llama_3_1_8b_instruct,compiler::lexical_binding::lexical_0017,lexical_binding,train,meta-llama/Llama-3.1-8B-Instruct,full__all__r4,1.0,0.3333333333333333,0.5,0.9875,0.7052083333333333,1,11
llama_3_1_8b_instruct,compiler::lexical_binding::lexical_0017,lexical_binding,train,meta-llama/Llama-3.1-8B-Instruct,late__all__r16,0.9,0.5,0.3333333333333333,0.9875,0.6802083333333333,1,11
llama_3_1_8b_instruct,compiler::lexical_binding::lexical_0017,lexical_binding,train,meta-llama/Llama-3.1-8B-Instruct,middle__all__r16,1.0,0.5,0.16666666666666666,0.95,0.6541666666666667,1,11
llama_3_1_8b_instruct,compiler::lexical_binding::lexical_0018,lexical_binding,validation,meta-llama/Llama-3.1-8B-Instruct,early__all__r16,0.9,0.16666666666666666,1.0,0.9958333333333333,0.765625,1,11
llama_3_1_8b_instruct,compiler::lexical_binding::lexical_0018,lexical_binding,validation,meta-llama/Llama-3.1-8B-Instruct,full__all__r4,0.9,0.5,0.3333333333333333,0.9875,0.6802083333333333,1,11
llama_3_1_8b_instruct,compiler::lexical_binding::lexical_0018,lexical_binding,validation,meta-llama/Llama-3.1-8B-Instruct,late__all__r16,0.9,0.3333333333333333,0.3333333333333333,0.9875,0.6385416666666667,1,11
llama_3_1_8b_instruct,compiler::lexical_binding::lexical_0018,lexical_binding,validation,meta-llama/Llama-3.1-8B-Instruct,middle__all__r16,1.0,0.8333333333333334,0.16666666666666666,0.9791666666666666,0.7447916666666666,1,11
llama_3_1_8b_instruct,compiler::lexical_binding::lexical_0019,lexical_binding,train,meta-llama/Llama-3.1-8B-Instruct,early__all__r16,0.7,0.8333333333333334,1.0,1.0,0.8833333333333333,1,11
llama_3_1_8b_instruct,compiler::lexical_binding::lexical_0019,lexical_binding,train,meta-llama/Llama-3.1-8B-Instruct,full__all__r4,1.0,0.5,0.5,0.9958333333333333,0.7489583333333334,1,11
llama_3_1_8b_instruct,compiler::lexical_binding::lexical_0019,lexical_binding,train,meta-llama/Llama-3.1-8B-Instruct,late__all__r16,0.9,0.8333333333333334,0.16666666666666666,0.9833333333333333,0.7208333333333333,1,11
llama_3_1_8b_instruct,compiler::lexical_binding::lexical_0019,lexical_binding,train,meta-llama/Llama-3.1-8B-Instruct,middle__all__r16,1.0,0.6666666666666666,0.16666666666666666,0.9791666666666666,0.703125,1,11
llama_3_1_8b_instruct,compiler::lexical_binding::lexical_0020,lexical_binding,train,meta-llama/Llama-3.1-8B-Instruct,early__all__r16,1.0,0.3333333333333333,1.0,1.0,0.8333333333333334,1,11
llama_3_1_8b_instruct,compiler::lexical_binding::lexical_0020,lexical_binding,train,meta-llama/Llama-3.1-8B-Instruct,full__all__r4,1.0,0.5,0.16666666666666666,0.9833333333333333,0.6625,1,11
llama_3_1_8b_instruct,compiler::lexical_binding::lexical_0020,lexical_binding,train,meta-llama/Llama-3.1-8B-Instruct,late__all__r16,0.9,0.8333333333333334,0.16666666666666666,0.9833333333333333,0.7208333333333333,1,11
llama_3_1_8b_instruct,compiler::lexical_binding::lexical_0020,lexical_binding,train,meta-llama/Llama-3.1-8B-Instruct,middle__all__r16,1.0,0.8333333333333334,0.16666666666666666,0.9625,0.740625,1,11
llama_3_1_8b_instruct,compiler::lexical_binding::lexical_0021,lexical_binding,train,meta-llama/Llama-3.1-8B-Instruct,early__all__r16,1.0,0.3333333333333333,1.0,1.0,0.8333333333333334,1,11
llama_3_1_8b_instruct,compiler::lexical_binding::lexical_0021,lexical_binding,train,meta-llama/Llama-3.1-8B-Instruct,full__all__r4,1.0,0.5,0.16666666666666666,0.9916666666666667,0.6645833333333333,1,11
llama_3_1_8b_instruct,compiler::lexical_binding::lexical_0021,lexical_binding,train,meta-llama/Llama-3.1-8B-Instruct,late__all__r16,0.9,0.3333333333333333,0.3333333333333333,0.9916666666666667,0.6395833333333334,1,11
llama_3_1_8b_instruct,compiler::lexical_binding::lexical_0021,lexical_binding,train,meta-llama/Llama-3.1-8B-Instruct,middle__all__r16,1.0,1.0,0.0,0.9708333333333333,0.7427083333333333,1,11
llama_3_1_8b_instruct,compiler::lexical_binding::lexical_0022,lexical_binding,validation,meta-llama/Llama-3.1-8B-Instruct,early__all__r16,0.8,0.5,1.0,0.9958333333333333,0.8239583333333333,1,11
llama_3_1_8b_instruct,compiler::lexical_binding::lexical_0022,lexical_binding,validation,meta-llama/Llama-3.1-8B-Instruct,full__all__r4,1.0,0.5,0.5,1.0,0.75,1,11
llama_3_1_8b_instruct,compiler::lexical_binding::lexical_0022,lexical_binding,validation,meta-llama/Llama-3.1-8B-Instruct,late__all__r16,0.9,0.3333333333333333,0.16666666666666666,0.9916666666666667,0.5979166666666667,1,11
llama_3_1_8b_instruct,compiler::lexical_binding::lexical_0022,lexical_binding,validation,meta-llama/Llama-3.1-8B-Instruct,middle__all__r16,1.0,0.6666666666666666,0.16666666666666666,0.9833333333333333,0.7041666666666666,1,11
llama_3_1_8b_instruct,compiler::lexical_binding::lexical_0023,lexical_binding,train,meta-llama/Llama-3.1-8B-Instruct,early__all__r16,0.9,0.0,1.0,1.0,0.725,1,11
llama_3_1_8b_instruct,compiler::lexical_binding::lexical_0023,lexical_binding,train,meta-llama/Llama-3.1-8B-Instruct,full__all__r4,1.0,0.5,0.16666666666666666,0.9875,0.6635416666666667,1,11
llama_3_1_8b_instruct,compiler::lexical_binding::lexical_0023,lexical_binding,train,meta-llama/Llama-3.1-8B-Instruct,late__all__r16,0.9,0.3333333333333333,0.16666666666666666,0.9875,0.596875,1,11
llama_3_1_8b_instruct,compiler::lexical_binding::lexical_0023,lexical_binding,train,meta-llama/Llama-3.1-8B-Instruct,middle__all__r16,1.0,0.8333333333333334,0.16666666666666666,0.9666666666666667,0.7416666666666667,1,11
llama_3_1_8b_instruct,compiler::lexical_binding::lexical_0024,lexical_binding,train,meta-llama/Llama-3.1-8B-Instruct,early__all__r16,1.0,0.3333333333333333,1.0,1.0,0.8333333333333334,1,11
llama_3_1_8b_instruct,compiler::lexical_binding::lexical_0024,lexical_binding,train,meta-llama/Llama-3.1-8B-Instruct,full__all__r4,1.0,0.3333333333333333,0.3333333333333333,0.9875,0.6635416666666667,1,11
llama_3_1_8b_instruct,compiler::lexical_binding::lexical_0024,lexical_binding,train,meta-llama/Llama-3.1-8B-Instruct,late__all__r16,0.9,0.3333333333333333,0.3333333333333333,0.9875,0.6385416666666667,1,11
llama_3_1_8b_instruct,compiler::lexical_binding::lexical_0024,lexical_binding,train,meta-llama/Llama-3.1-8B-Instruct,middle__all__r16,1.0,0.5,0.16666666666666666,0.9708333333333333,0.659375,1,11
llama_3_1_8b_instruct,compiler::lexical_binding::lexical_0025,lexical_binding,validation,meta-llama/Llama-3.1-8B-Instruct,early__all__r16,0.7,0.3333333333333333,1.0,0.9833333333333333,0.7541666666666667,1,11
llama_3_1_8b_instruct,compiler::lexical_binding::lexical_0025,lexical_binding,validation,meta-llama/Llama-3.1-8B-Instruct,full__all__r4,1.0,0.3333333333333333,0.3333333333333333,1.0,0.6666666666666666,1,11
llama_3_1_8b_instruct,compiler::lexical_binding::lexical_0025,lexical_binding,validation,meta-llama/Llama-3.1-8B-Instruct,late__all__r16,0.9,0.5,0.16666666666666666,1.0,0.6416666666666667,1,11
llama_3_1_8b_instruct,compiler::lexical_binding::lexical_0025,lexical_binding,validation,meta-llama/Llama-3.1-8B-Instruct,middle__all__r16,1.0,0.3333333333333333,0.16666666666666666,0.9833333333333333,0.6208333333333333,1,11
llama_3_1_8b_instruct,compiler::lexical_binding::lexical_0026,lexical_binding,train,meta-llama/Llama-3.1-8B-Instruct,early__all__r16,0.1,0.3333333333333333,0.8333333333333334,0.9958333333333333,0.565625,1,11
llama_3_1_8b_instruct,compiler::lexical_binding::lexical_0026,lexical_binding,train,meta-llama/Llama-3.1-8B-Instruct,full__all__r4,0.9,0.3333333333333333,0.8333333333333334,0.9875,0.7635416666666667,1,11
llama_3_1_8b_instruct,compiler::lexical_binding::lexical_0026,lexical_binding,train,meta-llama/Llama-3.1-8B-Instruct,late__all__r16,0.9,0.5,0.3333333333333333,0.9791666666666666,0.678125,1,11
llama_3_1_8b_instruct,compiler::lexical_binding::lexical_0026,lexical_binding,train,meta-llama/Llama-3.1-8B-Instruct,middle__all__r16,1.0,0.8333333333333334,0.16666666666666666,0.9791666666666666,0.7447916666666666,1,11
llama_3_1_8b_instruct,compiler::lexical_binding::lexical_0027,lexical_binding,train,meta-llama/Llama-3.1-8B-Instruct,early__all__r16,1.0,0.6666666666666666,1.0,1.0,0.9166666666666666,1,11
llama_3_1_8b_instruct,compiler::lexical_binding::lexical_0027,lexical_binding,train,meta-llama/Llama-3.1-8B-Instruct,full__all__r4,1.0,0.5,0.5,0.9875,0.746875,1,11
llama_3_1_8b_instruct,compiler::lexical_binding::lexical_0027,lexical_binding,train,meta-llama/Llama-3.1-8B-Instruct,late__all__r16,0.9,0.3333333333333333,0.6666666666666666,0.9875,0.721875,1,11
llama_3_1_8b_instruct,compiler::lexical_binding::lexical_0027,lexical_binding,train,meta-llama/Llama-3.1-8B-Instruct,middle__all__r16,1.0,0.8333333333333334,0.16666666666666666,0.975,0.74375,1,11
llama_3_1_8b_instruct,compiler::lexical_binding::lexical_0028,lexical_binding,train,meta-llama/Llama-3.1-8B-Instruct,early__all__r16,1.0,0.5,1.0,1.0,0.875,1,11
llama_3_1_8b_instruct,compiler::lexical_binding::lexical_0028,lexical_binding,train,meta-llama/Llama-3.1-8B-Instruct,full__all__r4,1.0,0.3333333333333333,0.16666666666666666,0.9875,0.621875,1,11
llama_3_1_8b_instruct,compiler::lexical_binding::lexical_0028,lexical_binding,train,meta-llama/Llama-3.1-8B-Instruct,late__all__r16,0.9,0.3333333333333333,0.16666666666666666,0.9833333333333333,0.5958333333333333,1,11
llama_3_1_8b_instruct,compiler::lexical_binding::lexical_0028,lexical_binding,train,meta-llama/Llama-3.1-8B-Instruct,middle__all__r16,1.0,1.0,0.16666666666666666,0.9791666666666666,0.7864583333333334,1,11
llama_3_1_8b_instruct,compiler::lexical_binding::lexical_0029,lexical_binding,train,meta-llama/Llama-3.1-8B-Instruct,early__all__r16,0.9,0.6666666666666666,1.0,0.9916666666666667,0.8895833333333334,1,11
llama_3_1_8b_instruct,compiler::lexical_binding::lexical_0029,lexical_binding,train,meta-llama/Llama-3.1-8B-Instruct,full__all__r4,1.0,0.3333333333333333,0.6666666666666666,1.0,0.75,1,11
llama_3_1_8b_instruct,compiler::lexical_binding::lexical_0029,lexical_binding,train,meta-llama/Llama-3.1-8B-Instruct,late__all__r16,0.9,0.5,0.3333333333333333,0.9916666666666667,0.68125,1,11
llama_3_1_8b_instruct,compiler::lexical_binding::lexical_0029,lexical_binding,train,meta-llama/Llama-3.1-8B-Instruct,middle__all__r16,1.0,0.8333333333333334,0.16666666666666666,0.9791666666666666,0.7447916666666666,1,11
llama_3_1_8b_instruct,compiler::lexical_binding::lexical_0030,lexical_binding,train,meta-llama/Llama-3.1-8B-Instruct,early__all__r16,0.6000000000000001,0.16666666666666666,1.0,0.9916666666666667,0.6895833333333333,1,11
llama_3_1_8b_instruct,compiler::lexical_binding::lexical_0030,lexical_binding,train,meta-llama/Llama-3.1-8B-Instruct,full__all__r4,1.0,0.5,0.16666666666666666,0.9916666666666667,0.6645833333333333,1,11
llama_3_1_8b_instruct,compiler::lexical_binding::lexical_0030,lexical_binding,train,meta-llama/Llama-3.1-8B-Instruct,late__all__r16,0.9,0.3333333333333333,0.16666666666666666,0.9916666666666667,0.5979166666666667,1,11
llama_3_1_8b_instruct,compiler::lexical_binding::lexical_0030,lexical_binding,train,meta-llama/Llama-3.1-8B-Instruct,middle__all__r16,1.0,0.8333333333333334,0.16666666666666666,0.9791666666666666,0.7447916666666666,1,11
llama_3_1_8b_instruct,compiler::lexical_binding::lexical_0031,lexical_binding,train,meta-llama/Llama-3.1-8B-Instruct,early__all__r16,0.1,0.0,1.0,1.0,0.525,1,11
llama_3_1_8b_instruct,compiler::lexical_binding::lexical_0031,lexical_binding,train,meta-llama/Llama-3.1-8B-Instruct,full__all__r4,0.1,0.3333333333333333,0.3333333333333333,0.9916666666666667,0.4395833333333333,1,11
llama_3_1_8b_instruct,compiler::lexical_binding::lexical_0031,lexical_binding,train,meta-llama/Llama-3.1-8B-Instruct,late__all__r16,0.1,0.0,0.3333333333333333,0.9916666666666667,0.35625,1,11
llama_3_1_8b_instruct,compiler::lexical_binding::lexical_0031,lexical_binding,train,meta-llama/Llama-3.1-8B-Instruct,middle__all__r16,0.1,0.16666666666666666,0.3333333333333333,0.9833333333333333,0.3958333333333333,1,11
llama_3_1_8b_instruct,compiler::lexical_binding::lexical_0032,lexical_binding,test,meta-llama/Llama-3.1-8B-Instruct,early__all__r16,0.13333333333333333,0.0,1.0,0.9958333333333332,0.5322916666666666,3,11|22|33
llama_3_1_8b_instruct,compiler::lexical_binding::lexical_0032,lexical_binding,test,meta-llama/Llama-3.1-8B-Instruct,full__all__r4,1.0,0.3333333333333333,0.4444444444444444,0.9986111111111112,0.6940972222222223,3,11|22|33
llama_3_1_8b_instruct,compiler::lexical_binding::lexical_0032,lexical_binding,test,meta-llama/Llama-3.1-8B-Instruct,late__all__r16,0.9,0.3333333333333333,0.1111111111111111,0.9875000000000002,0.5829861111111112,3,11|22|33
llama_3_1_8b_instruct,compiler::lexical_binding::lexical_0032,lexical_binding,test,meta-llama/Llama-3.1-8B-Instruct,middle__all__r16,1.0,0.5,0.0,0.9583333333333334,0.6145833333333334,3,11|22|33
llama_3_1_8b_instruct,compiler::lexical_binding::lexical_0033,lexical_binding,train,meta-llama/Llama-3.1-8B-Instruct,early__all__r16,1.0,0.3333333333333333,1.0,0.9916666666666667,0.83125,1,11
llama_3_1_8b_instruct,compiler::lexical_binding::lexical_0033,lexical_binding,train,meta-llama/Llama-3.1-8B-Instruct,full__all__r4,1.0,0.5,0.8333333333333334,0.9958333333333333,0.8322916666666667,1,11
llama_3_1_8b_instruct,compiler::lexical_binding::lexical_0033,lexical_binding,train,meta-llama/Llama-3.1-8B-Instruct,late__all__r16,0.9,0.5,0.16666666666666666,0.9916666666666667,0.6395833333333334,1,11
llama_3_1_8b_instruct,compiler::lexical_binding::lexical_0033,lexical_binding,train,meta-llama/Llama-3.1-8B-Instruct,middle__all__r16,1.0,0.5,0.16666666666666666,0.9833333333333333,0.6625,1,11
llama_3_1_8b_instruct,compiler::lexical_binding::lexical_0034,lexical_binding,train,meta-llama/Llama-3.1-8B-Instruct,early__all__r16,1.0,0.5,1.0,1.0,0.875,1,11
llama_3_1_8b_instruct,compiler::lexical_binding::lexical_0034,lexical_binding,train,meta-llama/Llama-3.1-8B-Instruct,full__all__r4,1.0,0.3333333333333333,0.3333333333333333,0.9916666666666667,0.6645833333333333,1,11
llama_3_1_8b_instruct,compiler::lexical_binding::lexical_0034,lexical_binding,train,meta-llama/Llama-3.1-8B-Instruct,late__all__r16,0.9,0.3333333333333333,0.3333333333333333,0.9791666666666666,0.6364583333333333,1,11
llama_3_1_8b_instruct,compiler::lexical_binding::lexical_0034,lexical_binding,train,meta-llama/Llama-3.1-8B-Instruct,middle__all__r16,1.0,0.8333333333333334,0.0,0.9583333333333334,0.6979166666666667,1,11
llama_3_1_8b_instruct,compiler::lexical_binding::lexical_0035,lexical_binding,validation,meta-llama/Llama-3.1-8B-Instruct,early__all__r16,0.9,0.5,0.8333333333333334,0.9958333333333333,0.8072916666666667,1,11
llama_3_1_8b_instruct,compiler::lexical_binding::lexical_0035,lexical_binding,validation,meta-llama/Llama-3.1-8B-Instruct,full__all__r4,1.0,0.5,0.5,0.9875,0.746875,1,11
llama_3_1_8b_instruct,compiler::lexical_binding::lexical_0035,lexical_binding,validation,meta-llama/Llama-3.1-8B-Instruct,late__all__r16,0.9,0.3333333333333333,0.3333333333333333,0.9875,0.6385416666666667,1,11
llama_3_1_8b_instruct,compiler::lexical_binding::lexical_0035,lexical_binding,validation,meta-llama/Llama-3.1-8B-Instruct,middle__all__r16,1.0,1.0,0.0,0.95,0.7375,1,11
llama_3_1_8b_instruct,compiler::lexical_binding::lexical_0036,lexical_binding,train,meta-llama/Llama-3.1-8B-Instruct,early__all__r16,0.9,0.5,1.0,1.0,0.85,1,11
llama_3_1_8b_instruct,compiler::lexical_binding::lexical_0036,lexical_binding,train,meta-llama/Llama-3.1-8B-Instruct,full__all__r4,1.0,0.3333333333333333,0.6666666666666666,0.9875,0.746875,1,11
llama_3_1_8b_instruct,compiler::lexical_binding::lexical_0036,lexical_binding,train,meta-llama/Llama-3.1-8B-Instruct,late__all__r16,0.9,0.3333333333333333,0.5,0.9916666666666667,0.68125,1,11
llama_3_1_8b_instruct,compiler::lexical_binding::lexical_0036,lexical_binding,train,meta-llama/Llama-3.1-8B-Instruct,middle__all__r16,1.0,1.0,0.16666666666666666,0.975,0.7854166666666667,1,11
llama_3_1_8b_instruct,compiler::lexical_binding::lexical_0037,lexical_binding,validation,meta-llama/Llama-3.1-8B-Instruct,early__all__r16,0.0,0.3333333333333333,1.0,0.9958333333333333,0.5822916666666667,1,11
llama_3_1_8b_instruct,compiler::lexical_binding::lexical_0037,lexical_binding,validation,meta-llama/Llama-3.1-8B-Instruct,full__all__r4,0.9,0.3333333333333333,0.5,0.9875,0.6802083333333333,1,11
llama_3_1_8b_instruct,compiler::lexical_binding::lexical_0037,lexical_binding,validation,meta-llama/Llama-3.1-8B-Instruct,late__all__r16,0.9,0.3333333333333333,0.16666666666666666,0.9875,0.596875,1,11
llama_3_1_8b_instruct,compiler::lexical_binding::lexical_0037,lexical_binding,validation,meta-llama/Llama-3.1-8B-Instruct,middle__all__r16,1.0,0.6666666666666666,0.16666666666666666,0.9791666666666666,0.703125,1,11
llama_3_1_8b_instruct,compiler::lexical_binding::lexical_0038,lexical_binding,test,meta-llama/Llama-3.1-8B-Instruct,early__all__r16,0.9666666666666667,0.6666666666666666,1.0,1.0,0.9083333333333333,3,11|22|33
llama_3_1_8b_instruct,compiler::lexical_binding::lexical_0038,lexical_binding,test,meta-llama/Llama-3.1-8B-Instruct,full__all__r4,1.0,0.5,0.3333333333333333,0.9916666666666667,0.70625,3,11|22|33
llama_3_1_8b_instruct,compiler::lexical_binding::lexical_0038,lexical_binding,test,meta-llama/Llama-3.1-8B-Instruct,late__all__r16,0.9,0.3333333333333333,0.3333333333333333,0.9819444444444444,0.6371527777777778,3,11|22|33
llama_3_1_8b_instruct,compiler::lexical_binding::lexical_0038,lexical_binding,test,meta-llama/Llama-3.1-8B-Instruct,middle__all__r16,1.0,0.9444444444444445,0.16666666666666666,0.9680555555555556,0.7697916666666667,3,11|22|33
llama_3_1_8b_instruct,compiler::lexical_binding::lexical_0039,lexical_binding,train,meta-llama/Llama-3.1-8B-Instruct,early__all__r16,1.0,0.5,1.0,0.9958333333333333,0.8739583333333334,1,11
llama_3_1_8b_instruct,compiler::lexical_binding::lexical_0039,lexical_binding,train,meta-llama/Llama-3.1-8B-Instruct,full__all__r4,1.0,0.6666666666666666,0.5,0.9958333333333333,0.790625,1,11
llama_3_1_8b_instruct,compiler::lexical_binding::lexical_0039,lexical_binding,train,meta-llama/Llama-3.1-8B-Instruct,late__all__r16,0.9,0.3333333333333333,0.3333333333333333,0.9833333333333333,0.6375,1,11
llama_3_1_8b_instruct,compiler::lexical_binding::lexical_0039,lexical_binding,train,meta-llama/Llama-3.1-8B-Instruct,middle__all__r16,1.0,0.8333333333333334,0.16666666666666666,0.975,0.74375,1,11
llama_3_1_8b_instruct,compiler::lexical_binding::lexical_0040,lexical_binding,test,meta-llama/Llama-3.1-8B-Instruct,early__all__r16,0.9,0.4444444444444444,1.0,0.9916666666666667,0.8340277777777778,3,11|22|33
llama_3_1_8b_instruct,compiler::lexical_binding::lexical_0040,lexical_binding,test,meta-llama/Llama-3.1-8B-Instruct,full__all__r4,0.9,0.38888888888888884,0.16666666666666666,0.9847222222222222,0.6100694444444444,3,11|22|33
llama_3_1_8b_instruct,compiler::lexical_binding::lexical_0040,lexical_binding,test,meta-llama/Llama-3.1-8B-Instruct,late__all__r16,0.9,0.3333333333333333,0.05555555555555555,0.9819444444444444,0.5677083333333334,3,11|22|33
llama_3_1_8b_instruct,compiler::lexical_binding::lexical_0040,lexical_binding,test,meta-llama/Llama-3.1-8B-Instruct,middle__all__r16,1.0,0.7222222222222222,0.05555555555555555,0.9569444444444445,0.6836805555555555,3,11|22|33
llama_3_1_8b_instruct,compiler::lexical_binding::lexical_0041,lexical_binding,train,meta-llama/Llama-3.1-8B-Instruct,early__all__r16,1.0,1.0,1.0,0.9958333333333333,0.9989583333333334,1,11
llama_3_1_8b_instruct,compiler::lexical_binding::lexical_0041,lexical_binding,train,meta-llama/Llama-3.1-8B-Instruct,full__all__r4,1.0,0.8333333333333334,0.3333333333333333,0.9916666666666667,0.7895833333333333,1,11
llama_3_1_8b_instruct,compiler::lexical_binding::lexical_0041,lexical_binding,train,meta-llama/Llama-3.1-8B-Instruct,late__all__r16,0.9,0.3333333333333333,0.5,0.9916666666666667,0.68125,1,11
llama_3_1_8b_instruct,compiler::lexical_binding::lexical_0041,lexical_binding,train,meta-llama/Llama-3.1-8B-Instruct,middle__all__r16,1.0,1.0,0.16666666666666666,0.9833333333333333,0.7875,1,11
llama_3_1_8b_instruct,compiler::lexical_binding::lexical_0042,lexical_binding,validation,meta-llama/Llama-3.1-8B-Instruct,early__all__r16,0.8,0.6666666666666666,1.0,0.9833333333333333,0.8625,1,11
llama_3_1_8b_instruct,compiler::lexical_binding::lexical_0042,lexical_binding,validation,meta-llama/Llama-3.1-8B-Instruct,full__all__r4,1.0,0.5,0.8333333333333334,1.0,0.8333333333333334,1,11
llama_3_1_8b_instruct,compiler::lexical_binding::lexical_0042,lexical_binding,validation,meta-llama/Llama-3.1-8B-Instruct,late__all__r16,0.9,0.5,0.16666666666666666,0.9875,0.6385416666666667,1,11
llama_3_1_8b_instruct,compiler::lexical_binding::lexical_0042,lexical_binding,validation,meta-llama/Llama-3.1-8B-Instruct,middle__all__r16,1.0,0.5,0.16666666666666666,0.9791666666666666,0.6614583333333334,1,11
llama_3_1_8b_instruct,compiler::lexical_binding::lexical_0043,lexical_binding,train,meta-llama/Llama-3.1-8B-Instruct,early__all__r16,0.7,0.0,1.0,1.0,0.675,1,11
llama_3_1_8b_instruct,compiler::lexical_binding::lexical_0043,lexical_binding,train,meta-llama/Llama-3.1-8B-Instruct,full__all__r4,0.9,0.3333333333333333,0.3333333333333333,0.9875,0.6385416666666667,1,11
llama_3_1_8b_instruct,compiler::lexical_binding::lexical_0043,lexical_binding,train,meta-llama/Llama-3.1-8B-Instruct,late__all__r16,0.9,0.3333333333333333,0.16666666666666666,0.9875,0.596875,1,11
llama_3_1_8b_instruct,compiler::lexical_binding::lexical_0043,lexical_binding,train,meta-llama/Llama-3.1-8B-Instruct,middle__all__r16,1.0,0.5,0.16666666666666666,0.9625,0.6572916666666667,1,11
llama_3_1_8b_instruct,compiler::lexical_binding::lexical_0044,lexical_binding,train,meta-llama/Llama-3.1-8B-Instruct,early__all__r16,0.5,0.3333333333333333,1.0,0.9958333333333333,0.7072916666666667,1,11
llama_3_1_8b_instruct,compiler::lexical_binding::lexical_0044,lexical_binding,train,meta-llama/Llama-3.1-8B-Instruct,full__all__r4,1.0,0.5,0.3333333333333333,0.9916666666666667,0.70625,1,11
llama_3_1_8b_instruct,compiler::lexical_binding::lexical_0044,lexical_binding,train,meta-llama/Llama-3.1-8B-Instruct,late__all__r16,0.9,0.5,0.3333333333333333,0.9875,0.6802083333333333,1,11
llama_3_1_8b_instruct,compiler::lexical_binding::lexical_0044,lexical_binding,train,meta-llama/Llama-3.1-8B-Instruct,middle__all__r16,1.0,1.0,0.16666666666666666,0.9791666666666666,0.7864583333333334,1,11
llama_3_1_8b_instruct,compiler::lexical_binding::lexical_0045,lexical_binding,train,meta-llama/Llama-3.1-8B-Instruct,early__all__r16,0.9,0.6666666666666666,1.0,1.0,0.8916666666666666,1,11
llama_3_1_8b_instruct,compiler::lexical_binding::lexical_0045,lexical_binding,train,meta-llama/Llama-3.1-8B-Instruct,full__all__r4,1.0,0.5,0.5,0.9916666666666667,0.7479166666666667,1,11
llama_3_1_8b_instruct,compiler::lexical_binding::lexical_0045,lexical_binding,train,meta-llama/Llama-3.1-8B-Instruct,late__all__r16,0.9,0.3333333333333333,0.16666666666666666,0.9916666666666667,0.5979166666666667,1,11
llama_3_1_8b_instruct,compiler::lexical_binding::lexical_0045,lexical_binding,train,meta-llama/Llama-3.1-8B-Instruct,middle__all__r16,1.0,0.6666666666666666,0.16666666666666666,0.9833333333333333,0.7041666666666666,1,11
llama_3_1_8b_instruct,compiler::lexical_binding::lexical_0046,lexical_binding,train,meta-llama/Llama-3.1-8B-Instruct,early__all__r16,1.0,1.0,1.0,1.0,1.0,1,11
llama_3_1_8b_instruct,compiler::lexical_binding::lexical_0046,lexical_binding,train,meta-llama/Llama-3.1-8B-Instruct,full__all__r4,1.0,0.5,0.3333333333333333,0.9875,0.7052083333333333,1,11
llama_3_1_8b_instruct,compiler::lexical_binding::lexical_0046,lexical_binding,train,meta-llama/Llama-3.1-8B-Instruct,late__all__r16,0.9,0.5,0.3333333333333333,0.9833333333333333,0.6791666666666667,1,11
llama_3_1_8b_instruct,compiler::lexical_binding::lexical_0046,lexical_binding,train,meta-llama/Llama-3.1-8B-Instruct,middle__all__r16,1.0,0.6666666666666666,0.16666666666666666,0.9791666666666666,0.703125,1,11
llama_3_1_8b_instruct,compiler::lexical_binding::lexical_0047,lexical_binding,train,meta-llama/Llama-3.1-8B-Instruct,early__all__r16,1.0,0.3333333333333333,1.0,0.9958333333333333,0.8322916666666667,1,11
llama_3_1_8b_instruct,compiler::lexical_binding::lexical_0047,lexical_binding,train,meta-llama/Llama-3.1-8B-Instruct,full__all__r4,1.0,0.5,0.3333333333333333,1.0,0.7083333333333334,1,11
llama_3_1_8b_instruct,compiler::lexical_binding::lexical_0047,lexical_binding,train,meta-llama/Llama-3.1-8B-Instruct,late__all__r16,0.9,0.5,0.3333333333333333,0.9916666666666667,0.68125,1,11
llama_3_1_8b_instruct,compiler::lexical_binding::lexical_0047,lexical_binding,train,meta-llama/Llama-3.1-8B-Instruct,middle__all__r16,1.0,0.6666666666666666,0.16666666666666666,0.9833333333333333,0.7041666666666666,1,11
llama_3_1_8b_instruct,compiler::lexical_binding::lexical_0048,lexical_binding,train,meta-llama/Llama-3.1-8B-Instruct,early__all__r16,1.0,0.3333333333333333,1.0,0.9958333333333333,0.8322916666666667,1,11
llama_3_1_8b_instruct,compiler::lexical_binding::lexical_0048,lexical_binding,train,meta-llama/Llama-3.1-8B-Instruct,full__all__r4,1.0,0.3333333333333333,0.3333333333333333,0.9916666666666667,0.6645833333333333,1,11
llama_3_1_8b_instruct,compiler::lexical_binding::lexical_0048,lexical_binding,train,meta-llama/Llama-3.1-8B-Instruct,late__all__r16,0.9,0.6666666666666666,0.0,0.9875,0.6385416666666667,1,11
llama_3_1_8b_instruct,compiler::lexical_binding::lexical_0048,lexical_binding,train,meta-llama/Llama-3.1-8B-Instruct,middle__all__r16,1.0,0.8333333333333334,0.16666666666666666,0.9791666666666666,0.7447916666666666,1,11
llama_3_1_8b_instruct,compiler::lexical_binding::lexical_0049,lexical_binding,train,meta-llama/Llama-3.1-8B-Instruct,early__all__r16,1.0,0.3333333333333333,1.0,0.9958333333333333,0.8322916666666667,1,11
llama_3_1_8b_instruct,compiler::lexical_binding::lexical_0049,lexical_binding,train,meta-llama/Llama-3.1-8B-Instruct,full__all__r4,1.0,0.3333333333333333,0.5,0.9875,0.7052083333333333,1,11
llama_3_1_8b_instruct,compiler::lexical_binding::lexical_0049,lexical_binding,train,meta-llama/Llama-3.1-8B-Instruct,late__all__r16,0.9,0.3333333333333333,0.5,0.9875,0.6802083333333333,1,11
llama_3_1_8b_instruct,compiler::lexical_binding::lexical_0049,lexical_binding,train,meta-llama/Llama-3.1-8B-Instruct,middle__all__r16,1.0,0.6666666666666666,0.16666666666666666,0.9541666666666667,0.696875,1,11
llama_3_1_8b_instruct,compiler::lexical_binding::lexical_0050,lexical_binding,test,meta-llama/Llama-3.1-8B-Instruct,early__all__r16,0.43333333333333335,0.2222222222222222,0.9444444444444445,0.9930555555555557,0.648263888888889,3,11|22|33
llama_3_1_8b_instruct,compiler::lexical_binding::lexical_0050,lexical_binding,test,meta-llama/Llama-3.1-8B-Instruct,full__all__r4,0.9666666666666667,0.38888888888888884,0.27777777777777773,1.0,0.6583333333333333,3,11|22|33
llama_3_1_8b_instruct,compiler::lexical_binding::lexical_0050,lexical_binding,test,meta-llama/Llama-3.1-8B-Instruct,late__all__r16,0.9,0.3333333333333333,0.1111111111111111,0.9888888888888889,0.5833333333333334,3,11|22|33
llama_3_1_8b_instruct,compiler::lexical_binding::lexical_0050,lexical_binding,test,meta-llama/Llama-3.1-8B-Instruct,middle__all__r16,1.0,0.7777777777777778,0.16666666666666666,0.9791666666666666,0.7309027777777778,3,11|22|33
llama_3_1_8b_instruct,compiler::lexical_binding::lexical_0051,lexical_binding,validation,meta-llama/Llama-3.1-8B-Instruct,early__all__r16,0.1,0.0,1.0,0.9958333333333333,0.5239583333333333,1,11
llama_3_1_8b_instruct,compiler::lexical_binding::lexical_0051,lexical_binding,validation,meta-llama/Llama-3.1-8B-Instruct,full__all__r4,0.1,0.0,1.0,0.9958333333333333,0.5239583333333333,1,11
llama_3_1_8b_instruct,compiler::lexical_binding::lexical_0051,lexical_binding,validation,meta-llama/Llama-3.1-8B-Instruct,late__all__r16,0.0,0.0,0.5,0.9916666666666667,0.3729166666666667,1,11
llama_3_1_8b_instruct,compiler::lexical_binding::lexical_0051,lexical_binding,validation,meta-llama/Llama-3.1-8B-Instruct,middle__all__r16,0.1,0.3333333333333333,0.16666666666666666,0.9791666666666666,0.39479166666666665,1,11
llama_3_1_8b_instruct,compiler::lexical_binding::lexical_0052,lexical_binding,train,meta-llama/Llama-3.1-8B-Instruct,early__all__r16,0.9,0.6666666666666666,1.0,1.0,0.8916666666666666,1,11
llama_3_1_8b_instruct,compiler::lexical_binding::lexical_0052,lexical_binding,train,meta-llama/Llama-3.1-8B-Instruct,full__all__r4,1.0,0.3333333333333333,0.3333333333333333,0.9875,0.6635416666666667,1,11
llama_3_1_8b_instruct,compiler::lexical_binding::lexical_0052,lexical_binding,train,meta-llama/Llama-3.1-8B-Instruct,late__all__r16,0.9,0.3333333333333333,0.16666666666666666,0.9875,0.596875,1,11
llama_3_1_8b_instruct,compiler::lexical_binding::lexical_0052,lexical_binding,train,meta-llama/Llama-3.1-8B-Instruct,middle__all__r16,1.0,1.0,0.0,0.9625,0.740625,1,11
llama_3_1_8b_instruct,compiler::lexical_binding::lexical_0053,lexical_binding,train,meta-llama/Llama-3.1-8B-Instruct,early__all__r16,1.0,0.5,0.6666666666666666,0.9958333333333333,0.790625,1,11
llama_3_1_8b_instruct,compiler::lexical_binding::lexical_0053,lexical_binding,train,meta-llama/Llama-3.1-8B-Instruct,full__all__r4,1.0,0.3333333333333333,0.16666666666666666,0.9875,0.621875,1,11
llama_3_1_8b_instruct,compiler::lexical_binding::lexical_0053,lexical_binding,train,meta-llama/Llama-3.1-8B-Instruct,late__all__r16,0.9,0.3333333333333333,0.8333333333333334,0.9875,0.7635416666666667,1,11
llama_3_1_8b_instruct,compiler::lexical_binding::lexical_0053,lexical_binding,train,meta-llama/Llama-3.1-8B-Instruct,middle__all__r16,1.0,0.6666666666666666,0.16666666666666666,0.9833333333333333,0.7041666666666666,1,11
llama_3_1_8b_instruct,compiler::lexical_binding::lexical_0054,lexical_binding,train,meta-llama/Llama-3.1-8B-Instruct,early__all__r16,1.0,0.6666666666666666,0.6666666666666666,1.0,0.8333333333333333,1,11
llama_3_1_8b_instruct,compiler::lexical_binding::lexical_0054,lexical_binding,train,meta-llama/Llama-3.1-8B-Instruct,full__all__r4,1.0,0.3333333333333333,0.8333333333333334,0.9875,0.7885416666666667,1,11
llama_3_1_8b_instruct,compiler::lexical_binding::lexical_0054,lexical_binding,train,meta-llama/Llama-3.1-8B-Instruct,late__all__r16,0.9,0.5,0.16666666666666666,0.9875,0.6385416666666667,1,11
llama_3_1_8b_instruct,compiler::lexical_binding::lexical_0054,lexical_binding,train,meta-llama/Llama-3.1-8B-Instruct,middle__all__r16,1.0,1.0,0.0,0.9833333333333333,0.7458333333333333,1,11
llama_3_1_8b_instruct,compiler::lexical_binding::lexical_0055,lexical_binding,train,meta-llama/Llama-3.1-8B-Instruct,early__all__r16,1.0,0.3333333333333333,1.0,0.9958333333333333,0.8322916666666667,1,11
llama_3_1_8b_instruct,compiler::lexical_binding::lexical_0055,lexical_binding,train,meta-llama/Llama-3.1-8B-Instruct,full__all__r4,1.0,0.5,0.3333333333333333,0.9875,0.7052083333333333,1,11
llama_3_1_8b_instruct,compiler::lexical_binding::lexical_0055,lexical_binding,train,meta-llama/Llama-3.1-8B-Instruct,late__all__r16,0.9,0.5,0.3333333333333333,0.9916666666666667,0.68125,1,11
llama_3_1_8b_instruct,compiler::lexical_binding::lexical_0055,lexical_binding,train,meta-llama/Llama-3.1-8B-Instruct,middle__all__r16,1.0,1.0,0.16666666666666666,0.9791666666666666,0.7864583333333334,1,11
llama_3_1_8b_instruct,compiler::lexical_binding::lexical_0056,lexical_binding,test,meta-llama/Llama-3.1-8B-Instruct,early__all__r16,0.8333333333333334,0.16666666666666666,1.0,0.9986111111111112,0.7496527777777778,3,11|22|33
llama_3_1_8b_instruct,compiler::lexical_binding::lexical_0056,lexical_binding,test,meta-llama/Llama-3.1-8B-Instruct,full__all__r4,0.9333333333333332,0.3333333333333333,0.6666666666666666,0.9888888888888889,0.7305555555555555,3,11|22|33
llama_3_1_8b_instruct,compiler::lexical_binding::lexical_0056,lexical_binding,test,meta-llama/Llama-3.1-8B-Instruct,late__all__r16,0.9,0.3333333333333333,0.5,0.9916666666666667,0.68125,3,11|22|33
llama_3_1_8b_instruct,compiler::lexical_binding::lexical_0056,lexical_binding,test,meta-llama/Llama-3.1-8B-Instruct,middle__all__r16,0.9666666666666667,0.5555555555555555,0.16666666666666666,0.9597222222222223,0.6621527777777778,3,11|22|33
llama_3_1_8b_instruct,compiler::lexical_binding::lexical_0057,lexical_binding,train,meta-llama/Llama-3.1-8B-Instruct,early__all__r16,1.0,0.3333333333333333,1.0,1.0,0.8333333333333334,1,11
llama_3_1_8b_instruct,compiler::lexical_binding::lexical_0057,lexical_binding,train,meta-llama/Llama-3.1-8B-Instruct,full__all__r4,1.0,0.5,0.8333333333333334,0.9958333333333333,0.8322916666666667,1,11
llama_3_1_8b_instruct,compiler::lexical_binding::lexical_0057,lexical_binding,train,meta-llama/Llama-3.1-8B-Instruct,late__all__r16,0.9,0.3333333333333333,0.3333333333333333,0.9916666666666667,0.6395833333333334,1,11
llama_3_1_8b_instruct,compiler::lexical_binding::lexical_0057,lexical_binding,train,meta-llama/Llama-3.1-8B-Instruct,middle__all__r16,1.0,0.3333333333333333,0.3333333333333333,0.9791666666666666,0.6614583333333333,1,11
llama_3_1_8b_instruct,compiler::lexical_binding::lexical_0058,lexical_binding,train,meta-llama/Llama-3.1-8B-Instruct,early__all__r16,1.0,0.5,1.0,0.9791666666666666,0.8697916666666666,1,11
llama_3_1_8b_instruct,compiler::lexical_binding::lexical_0058,lexical_binding,train,meta-llama/Llama-3.1-8B-Instruct,full__all__r4,1.0,0.8333333333333334,0.3333333333333333,1.0,0.7916666666666666,1,11
llama_3_1_8b_instruct,compiler::lexical_binding::lexical_0058,lexical_binding,train,meta-llama/Llama-3.1-8B-Instruct,late__all__r16,0.8,0.5,0.3333333333333333,0.9875,0.6552083333333334,1,11
llama_3_1_8b_instruct,compiler::lexical_binding::lexical_0058,lexical_binding,train,meta-llama/Llama-3.1-8B-Instruct,middle__all__r16,1.0,0.8333333333333334,0.16666666666666666,0.9791666666666666,0.7447916666666666,1,11
llama_3_1_8b_instruct,compiler::lexical_binding::lexical_0059,lexical_binding,train,meta-llama/Llama-3.1-8B-Instruct,early__all__r16,1.0,0.6666666666666666,1.0,1.0,0.9166666666666666,1,11
llama_3_1_8b_instruct,compiler::lexical_binding::lexical_0059,lexical_binding,train,meta-llama/Llama-3.1-8B-Instruct,full__all__r4,1.0,0.6666666666666666,0.3333333333333333,0.9916666666666667,0.7479166666666667,1,11
llama_3_1_8b_instruct,compiler::lexical_binding::lexical_0059,lexical_binding,train,meta-llama/Llama-3.1-8B-Instruct,late__all__r16,0.9,0.6666666666666666,0.3333333333333333,0.9875,0.721875,1,11
llama_3_1_8b_instruct,compiler::lexical_binding::lexical_0059,lexical_binding,train,meta-llama/Llama-3.1-8B-Instruct,middle__all__r16,1.0,0.6666666666666666,0.16666666666666666,0.9791666666666666,0.703125,1,11
llama_3_1_8b_instruct,compiler::lexical_binding::lexical_0060,lexical_binding,train,meta-llama/Llama-3.1-8B-Instruct,early__all__r16,1.0,0.3333333333333333,1.0,0.9916666666666667,0.83125,1,11
llama_3_1_8b_instruct,compiler::lexical_binding::lexical_0060,lexical_binding,train,meta-llama/Llama-3.1-8B-Instruct,full__all__r4,1.0,0.3333333333333333,0.3333333333333333,0.9958333333333333,0.665625,1,11
llama_3_1_8b_instruct,compiler::lexical_binding::lexical_0060,lexical_binding,train,meta-llama/Llama-3.1-8B-Instruct,late__all__r16,1.0,0.6666666666666666,0.16666666666666666,0.9791666666666666,0.703125,1,11
llama_3_1_8b_instruct,compiler::lexical_binding::lexical_0060,lexical_binding,train,meta-llama/Llama-3.1-8B-Instruct,middle__all__r16,1.0,0.3333333333333333,0.0,0.9583333333333334,0.5729166666666666,1,11
llama_3_1_8b_instruct,compiler::lexical_binding::lexical_0061,lexical_binding,train,meta-llama/Llama-3.1-8B-Instruct,early__all__r16,0.1,0.3333333333333333,1.0,0.9958333333333333,0.6072916666666667,1,11
llama_3_1_8b_instruct,compiler::lexical_binding::lexical_0061,lexical_binding,train,meta-llama/Llama-3.1-8B-Instruct,full__all__r4,1.0,0.5,0.16666666666666666,0.9958333333333333,0.665625,1,11
llama_3_1_8b_instruct,compiler::lexical_binding::lexical_0061,lexical_binding,train,meta-llama/Llama-3.1-8B-Instruct,late__all__r16,0.9,0.6666666666666666,0.16666666666666666,0.9875,0.6802083333333333,1,11
llama_3_1_8b_instruct,compiler::lexical_binding::lexical_0061,lexical_binding,train,meta-llama/Llama-3.1-8B-Instruct,middle__all__r16,1.0,0.6666666666666666,0.16666666666666666,0.975,0.7020833333333333,1,11
llama_3_1_8b_instruct,compiler::lexical_binding::lexical_0062,lexical_binding,test,meta-llama/Llama-3.1-8B-Instruct,early__all__r16,0.9666666666666667,0.3333333333333333,1.0,0.9972222222222222,0.8243055555555555,3,11|22|33
llama_3_1_8b_instruct,compiler::lexical_binding::lexical_0062,lexical_binding,test,meta-llama/Llama-3.1-8B-Instruct,full__all__r4,1.0,0.4444444444444444,0.16666666666666666,0.9902777777777777,0.6503472222222222,3,11|22|33
llama_3_1_8b_instruct,compiler::lexical_binding::lexical_0062,lexical_binding,test,meta-llama/Llama-3.1-8B-Instruct,late__all__r16,0.9,0.3333333333333333,0.1111111111111111,0.9833333333333334,0.5819444444444445,3,11|22|33
llama_3_1_8b_instruct,compiler::lexical_binding::lexical_0062,lexical_binding,test,meta-llama/Llama-3.1-8B-Instruct,middle__all__r16,1.0,0.6666666666666666,0.1111111111111111,0.9833333333333333,0.6902777777777778,3,11|22|33
llama_3_1_8b_instruct,compiler::lexical_binding::lexical_0063,lexical_binding,validation,meta-llama/Llama-3.1-8B-Instruct,early__all__r16,1.0,0.5,1.0,0.9875,0.871875,1,11
llama_3_1_8b_instruct,compiler::lexical_binding::lexical_0063,lexical_binding,validation,meta-llama/Llama-3.1-8B-Instruct,full__all__r4,1.0,0.5,0.3333333333333333,0.9875,0.7052083333333333,1,11
llama_3_1_8b_instruct,compiler::lexical_binding::lexical_0063,lexical_binding,validation,meta-llama/Llama-3.1-8B-Instruct,late__all__r16,0.9,0.3333333333333333,0.3333333333333333,0.9875,0.6385416666666667,1,11
llama_3_1_8b_instruct,compiler::lexical_binding::lexical_0063,lexical_binding,validation,meta-llama/Llama-3.1-8B-Instruct,middle__all__r16,1.0,0.8333333333333334,0.16666666666666666,0.9791666666666666,0.7447916666666666,1,11
llama_3_1_8b_instruct,compiler::lexical_binding::lexical_0064,lexical_binding,train,meta-llama/Llama-3.1-8B-Instruct,early__all__r16,1.0,0.5,1.0,0.9875,0.871875,1,11
llama_3_1_8b_instruct,compiler::lexical_binding::lexical_0064,lexical_binding,train,meta-llama/Llama-3.1-8B-Instruct,full__all__r4,1.0,0.5,0.3333333333333333,0.9875,0.7052083333333333,1,11
llama_3_1_8b_instruct,compiler::lexical_binding::lexical_0064,lexical_binding,train,meta-llama/Llama-3.1-8B-Instruct,late__all__r16,0.9,0.3333333333333333,0.5,0.9875,0.6802083333333333,1,11
llama_3_1_8b_instruct,compiler::lexical_binding::lexical_0064,lexical_binding,train,meta-llama/Llama-3.1-8B-Instruct,middle__all__r16,1.0,0.6666666666666666,0.16666666666666666,0.9791666666666666,0.703125,1,11
llama_3_1_8b_instruct,compiler::lexical_binding::lexical_0065,lexical_binding,validation,meta-llama/Llama-3.1-8B-Instruct,early__all__r16,0.8,0.5,1.0,1.0,0.825,1,11
llama_3_1_8b_instruct,compiler::lexical_binding::lexical_0065,lexical_binding,validation,meta-llama/Llama-3.1-8B-Instruct,full__all__r4,1.0,0.5,0.5,0.9958333333333333,0.7489583333333334,1,11
llama_3_1_8b_instruct,compiler::lexical_binding::lexical_0065,lexical_binding,validation,meta-llama/Llama-3.1-8B-Instruct,late__all__r16,0.9,0.3333333333333333,0.3333333333333333,0.9916666666666667,0.6395833333333334,1,11
llama_3_1_8b_instruct,compiler::lexical_binding::lexical_0065,lexical_binding,validation,meta-llama/Llama-3.1-8B-Instruct,middle__all__r16,1.0,0.5,0.3333333333333333,0.9833333333333333,0.7041666666666666,1,11
llama_3_1_8b_instruct,compiler::lexical_binding::lexical_0066,lexical_binding,validation,meta-llama/Llama-3.1-8B-Instruct,early__all__r16,1.0,0.8333333333333334,1.0,1.0,0.9583333333333334,1,11
llama_3_1_8b_instruct,compiler::lexical_binding::lexical_0066,lexical_binding,validation,meta-llama/Llama-3.1-8B-Instruct,full__all__r4,1.0,0.6666666666666666,1.0,0.9916666666666667,0.9145833333333333,1,11
llama_3_1_8b_instruct,compiler::lexical_binding::lexical_0066,lexical_binding,validation,meta-llama/Llama-3.1-8B-Instruct,late__all__r16,0.9,0.3333333333333333,0.5,0.9833333333333333,0.6791666666666667,1,11
llama_3_1_8b_instruct,compiler::lexical_binding::lexical_0066,lexical_binding,validation,meta-llama/Llama-3.1-8B-Instruct,middle__all__r16,1.0,0.6666666666666666,0.16666666666666666,0.9791666666666666,0.703125,1,11
llama_3_1_8b_instruct,compiler::lexical_binding::lexical_0067,lexical_binding,train,meta-llama/Llama-3.1-8B-Instruct,early__all__r16,0.9,1.0,1.0,0.9958333333333333,0.9739583333333334,1,11
llama_3_1_8b_instruct,compiler::lexical_binding::lexical_0067,lexical_binding,train,meta-llama/Llama-3.1-8B-Instruct,full__all__r4,1.0,0.6666666666666666,0.3333333333333333,0.9875,0.746875,1,11
llama_3_1_8b_instruct,compiler::lexical_binding::lexical_0067,lexical_binding,train,meta-llama/Llama-3.1-8B-Instruct,late__all__r16,0.9,0.3333333333333333,0.6666666666666666,0.9916666666666667,0.7229166666666667,1,11
llama_3_1_8b_instruct,compiler::lexical_binding::lexical_0067,lexical_binding,train,meta-llama/Llama-3.1-8B-Instruct,middle__all__r16,1.0,0.6666666666666666,0.16666666666666666,0.9791666666666666,0.703125,1,11
llama_3_1_8b_instruct,compiler::lexical_binding::lexical_0068,lexical_binding,train,meta-llama/Llama-3.1-8B-Instruct,early__all__r16,0.9,0.3333333333333333,1.0,0.9958333333333333,0.8072916666666666,1,11
llama_3_1_8b_instruct,compiler::lexical_binding::lexical_0068,lexical_binding,train,meta-llama/Llama-3.1-8B-Instruct,full__all__r4,1.0,0.5,0.3333333333333333,1.0,0.7083333333333334,1,11
llama_3_1_8b_instruct,compiler::lexical_binding::lexical_0068,lexical_binding,train,meta-llama/Llama-3.1-8B-Instruct,late__all__r16,0.9,0.3333333333333333,0.16666666666666666,0.9791666666666666,0.5947916666666666,1,11
llama_3_1_8b_instruct,compiler::lexical_binding::lexical_0068,lexical_binding,train,meta-llama/Llama-3.1-8B-Instruct,middle__all__r16,1.0,0.8333333333333334,0.16666666666666666,0.9833333333333333,0.7458333333333333,1,11
llama_3_1_8b_instruct,compiler::lexical_binding::lexical_0069,lexical_binding,train,meta-llama/Llama-3.1-8B-Instruct,early__all__r16,1.0,0.5,1.0,0.9958333333333333,0.8739583333333334,1,11
llama_3_1_8b_instruct,compiler::lexical_binding::lexical_0069,lexical_binding,train,meta-llama/Llama-3.1-8B-Instruct,full__all__r4,1.0,0.3333333333333333,0.3333333333333333,0.9875,0.6635416666666667,1,11
llama_3_1_8b_instruct,compiler::lexical_binding::lexical_0069,lexical_binding,train,meta-llama/Llama-3.1-8B-Instruct,late__all__r16,0.9,0.3333333333333333,0.5,0.9916666666666667,0.68125,1,11
llama_3_1_8b_instruct,compiler::lexical_binding::lexical_0069,lexical_binding,train,meta-llama/Llama-3.1-8B-Instruct,middle__all__r16,1.0,0.6666666666666666,0.6666666666666666,0.975,0.8270833333333333,1,11
llama_3_1_8b_instruct,compiler::lexical_binding::lexical_0070,lexical_binding,train,meta-llama/Llama-3.1-8B-Instruct,early__all__r16,1.0,0.6666666666666666,1.0,1.0,0.9166666666666666,1,11
llama_3_1_8b_instruct,compiler::lexical_binding::lexical_0070,lexical_binding,train,meta-llama/Llama-3.1-8B-Instruct,full__all__r4,1.0,0.6666666666666666,0.16666666666666666,0.9875,0.7052083333333333,1,11
llama_3_1_8b_instruct,compiler::lexical_binding::lexical_0070,lexical_binding,train,meta-llama/Llama-3.1-8B-Instruct,late__all__r16,0.9,0.3333333333333333,0.3333333333333333,0.9916666666666667,0.6395833333333334,1,11
llama_3_1_8b_instruct,compiler::lexical_binding::lexical_0070,lexical_binding,train,meta-llama/Llama-3.1-8B-Instruct,middle__all__r16,0.9,1.0,0.0,0.9791666666666666,0.7197916666666666,1,11
llama_3_1_8b_instruct,compiler::lexical_binding::lexical_0071,lexical_binding,validation,meta-llama/Llama-3.1-8B-Instruct,early__all__r16,0.1,0.16666666666666666,1.0,0.9833333333333333,0.5625,1,11
llama_3_1_8b_instruct,compiler::lexical_binding::lexical_0071,lexical_binding,validation,meta-llama/Llama-3.1-8B-Instruct,full__all__r4,0.1,0.0,0.5,1.0,0.4,1,11
llama_3_1_8b_instruct,compiler::lexical_binding::lexical_0071,lexical_binding,validation,meta-llama/Llama-3.1-8B-Instruct,late__all__r16,0.0,0.0,0.16666666666666666,0.9916666666666667,0.28958333333333336,1,11
llama_3_1_8b_instruct,compiler::lexical_binding::lexical_0071,lexical_binding,validation,meta-llama/Llama-3.1-8B-Instruct,middle__all__r16,0.1,0.16666666666666666,0.16666666666666666,0.9666666666666667,0.35,1,11
llama_3_1_8b_instruct,compiler::lexical_binding::lexical_0072,lexical_binding,train,meta-llama/Llama-3.1-8B-Instruct,early__all__r16,1.0,0.3333333333333333,1.0,1.0,0.8333333333333334,1,11
llama_3_1_8b_instruct,compiler::lexical_binding::lexical_0072,lexical_binding,train,meta-llama/Llama-3.1-8B-Instruct,full__all__r4,1.0,0.3333333333333333,0.6666666666666666,0.9875,0.746875,1,11
llama_3_1_8b_instruct,compiler::lexical_binding::lexical_0072,lexical_binding,train,meta-llama/Llama-3.1-8B-Instruct,late__all__r16,0.9,0.5,0.16666666666666666,0.9875,0.6385416666666667,1,11
llama_3_1_8b_instruct,compiler::lexical_binding::lexical_0072,lexical_binding,train,meta-llama/Llama-3.1-8B-Instruct,middle__all__r16,1.0,0.6666666666666666,0.0,0.9625,0.6572916666666666,1,11
llama_3_1_8b_instruct,compiler::lexical_binding::lexical_0073,lexical_binding,test,meta-llama/Llama-3.1-8B-Instruct,early__all__r16,0.9666666666666667,0.5555555555555555,0.9444444444444445,0.9972222222222222,0.8659722222222223,3,11|22|33
llama_3_1_8b_instruct,compiler::lexical_binding::lexical_0073,lexical_binding,test,meta-llama/Llama-3.1-8B-Instruct,full__all__r4,1.0,0.5,0.16666666666666666,0.9916666666666667,0.6645833333333333,3,11|22|33
llama_3_1_8b_instruct,compiler::lexical_binding::lexical_0073,lexical_binding,test,meta-llama/Llama-3.1-8B-Instruct,late__all__r16,0.9,0.3333333333333333,0.3333333333333333,0.9888888888888889,0.6388888888888888,3,11|22|33
llama_3_1_8b_instruct,compiler::lexical_binding::lexical_0073,lexical_binding,test,meta-llama/Llama-3.1-8B-Instruct,middle__all__r16,1.0,0.6666666666666666,0.1111111111111111,0.9777777777777777,0.6888888888888889,3,11|22|33
llama_3_1_8b_instruct,compiler::lexical_binding::lexical_0074,lexical_binding,train,meta-llama/Llama-3.1-8B-Instruct,early__all__r16,1.0,0.5,1.0,1.0,0.875,1,11
llama_3_1_8b_instruct,compiler::lexical_binding::lexical_0074,lexical_binding,train,meta-llama/Llama-3.1-8B-Instruct,full__all__r4,1.0,0.5,1.0,0.9875,0.871875,1,11
llama_3_1_8b_instruct,compiler::lexical_binding::lexical_0074,lexical_binding,train,meta-llama/Llama-3.1-8B-Instruct,late__all__r16,0.9,0.3333333333333333,0.3333333333333333,0.9833333333333333,0.6375,1,11
llama_3_1_8b_instruct,compiler::lexical_binding::lexical_0074,lexical_binding,train,meta-llama/Llama-3.1-8B-Instruct,middle__all__r16,1.0,1.0,0.3333333333333333,0.9791666666666666,0.828125,1,11
llama_3_1_8b_instruct,compiler::lexical_binding::lexical_0075,lexical_binding,train,meta-llama/Llama-3.1-8B-Instruct,early__all__r16,1.0,0.3333333333333333,1.0,1.0,0.8333333333333334,1,11
llama_3_1_8b_instruct,compiler::lexical_binding::lexical_0075,lexical_binding,train,meta-llama/Llama-3.1-8B-Instruct,full__all__r4,1.0,0.5,0.5,0.9875,0.746875,1,11
llama_3_1_8b_instruct,compiler::lexical_binding::lexical_0075,lexical_binding,train,meta-llama/Llama-3.1-8B-Instruct,late__all__r16,0.9,0.3333333333333333,0.16666666666666666,0.9875,0.596875,1,11
llama_3_1_8b_instruct,compiler::lexical_binding::lexical_0075,lexical_binding,train,meta-llama/Llama-3.1-8B-Instruct,middle__all__r16,1.0,1.0,0.0,0.9541666666666667,0.7385416666666667,1,11
llama_3_1_8b_instruct,compiler::lexical_binding::lexical_0076,lexical_binding,train,meta-llama/Llama-3.1-8B-Instruct,early__all__r16,0.5,0.16666666666666666,1.0,1.0,0.6666666666666666,1,11
llama_3_1_8b_instruct,compiler::lexical_binding::lexical_0076,lexical_binding,train,meta-llama/Llama-3.1-8B-Instruct,full__all__r4,1.0,0.3333333333333333,0.5,0.9916666666666667,0.70625,1,11
llama_3_1_8b_instruct,compiler::lexical_binding::lexical_0076,lexical_binding,train,meta-llama/Llama-3.1-8B-Instruct,late__all__r16,0.9,0.3333333333333333,0.16666666666666666,0.9916666666666667,0.5979166666666667,1,11
llama_3_1_8b_instruct,compiler::lexical_binding::lexical_0076,lexical_binding,train,meta-llama/Llama-3.1-8B-Instruct,middle__all__r16,1.0,0.3333333333333333,0.16666666666666666,0.9791666666666666,0.6197916666666666,1,11
llama_3_1_8b_instruct,compiler::lexical_binding::lexical_0077,lexical_binding,test,meta-llama/Llama-3.1-8B-Instruct,early__all__r16,0.10000000000000002,0.0,1.0,1.0,0.525,3,11|22|33
llama_3_1_8b_instruct,compiler::lexical_binding::lexical_0077,lexical_binding,test,meta-llama/Llama-3.1-8B-Instruct,full__all__r4,1.0,0.3333333333333333,0.38888888888888884,0.9902777777777777,0.678125,3,11|22|33
llama_3_1_8b_instruct,compiler::lexical_binding::lexical_0077,lexical_binding,test,meta-llama/Llama-3.1-8B-Instruct,late__all__r16,0.9,0.3333333333333333,0.1111111111111111,0.9916666666666667,0.5840277777777778,3,11|22|33
llama_3_1_8b_instruct,compiler::lexical_binding::lexical_0077,lexical_binding,test,meta-llama/Llama-3.1-8B-Instruct,middle__all__r16,1.0,0.7222222222222222,0.05555555555555555,0.9625,0.6850694444444444,3,11|22|33
llama_3_1_8b_instruct,compiler::lexical_binding::lexical_0078,lexical_binding,train,meta-llama/Llama-3.1-8B-Instruct,early__all__r16,1.0,0.6666666666666666,1.0,0.9958333333333333,0.915625,1,11
llama_3_1_8b_instruct,compiler::lexical_binding::lexical_0078,lexical_binding,train,meta-llama/Llama-3.1-8B-Instruct,full__all__r4,1.0,0.3333333333333333,0.3333333333333333,1.0,0.6666666666666666,1,11
llama_3_1_8b_instruct,compiler::lexical_binding::lexical_0078,lexical_binding,train,meta-llama/Llama-3.1-8B-Instruct,late__all__r16,0.9,0.3333333333333333,0.3333333333333333,0.9875,0.6385416666666667,1,11
llama_3_1_8b_instruct,compiler::lexical_binding::lexical_0078,lexical_binding,train,meta-llama/Llama-3.1-8B-Instruct,middle__all__r16,1.0,0.8333333333333334,0.3333333333333333,0.9791666666666666,0.7864583333333334,1,11
llama_3_1_8b_instruct,compiler::lexical_binding::lexical_0079,lexical_binding,train,meta-llama/Llama-3.1-8B-Instruct,early__all__r16,1.0,0.6666666666666666,1.0,1.0,0.9166666666666666,1,11
llama_3_1_8b_instruct,compiler::lexical_binding::lexical_0079,lexical_binding,train,meta-llama/Llama-3.1-8B-Instruct,full__all__r4,1.0,0.5,0.16666666666666666,0.9916666666666667,0.6645833333333333,1,11
llama_3_1_8b_instruct,compiler::lexical_binding::lexical_0079,lexical_binding,train,meta-llama/Llama-3.1-8B-Instruct,late__all__r16,0.9,0.3333333333333333,0.16666666666666666,0.9875,0.596875,1,11
llama_3_1_8b_instruct,compiler::lexical_binding::lexical_0079,lexical_binding,train,meta-llama/Llama-3.1-8B-Instruct,middle__all__r16,1.0,0.8333333333333334,0.16666666666666666,0.9791666666666666,0.7447916666666666,1,11
llama_3_1_8b_instruct,compiler::lexical_binding::lexical_0080,lexical_binding,train,meta-llama/Llama-3.1-8B-Instruct,early__all__r16,0.6000000000000001,0.3333333333333333,0.5,1.0,0.6083333333333334,1,11
llama_3_1_8b_instruct,compiler::lexical_binding::lexical_0080,lexical_binding,train,meta-llama/Llama-3.1-8B-Instruct,full__all__r4,1.0,0.3333333333333333,0.16666666666666666,0.9958333333333333,0.6239583333333333,1,11
llama_3_1_8b_instruct,compiler::lexical_binding::lexical_0080,lexical_binding,train,meta-llama/Llama-3.1-8B-Instruct,late__all__r16,0.9,0.5,0.16666666666666666,0.9833333333333333,0.6375,1,11
llama_3_1_8b_instruct,compiler::lexical_binding::lexical_0080,lexical_binding,train,meta-llama/Llama-3.1-8B-Instruct,middle__all__r16,1.0,1.0,0.0,0.975,0.74375,1,11
llama_3_1_8b_instruct,compiler::lexical_binding::lexical_0081,lexical_binding,train,meta-llama/Llama-3.1-8B-Instruct,early__all__r16,1.0,0.5,1.0,1.0,0.875,1,11
llama_3_1_8b_instruct,compiler::lexical_binding::lexical_0081,lexical_binding,train,meta-llama/Llama-3.1-8B-Instruct,full__all__r4,1.0,0.3333333333333333,1.0,1.0,0.8333333333333334,1,11
llama_3_1_8b_instruct,compiler::lexical_binding::lexical_0081,lexical_binding,train,meta-llama/Llama-3.1-8B-Instruct,late__all__r16,0.9,0.3333333333333333,0.5,0.9916666666666667,0.68125,1,11
llama_3_1_8b_instruct,compiler::lexical_binding::lexical_0081,lexical_binding,train,meta-llama/Llama-3.1-8B-Instruct,middle__all__r16,1.0,0.6666666666666666,0.16666666666666666,0.9833333333333333,0.7041666666666666,1,11
llama_3_1_8b_instruct,compiler::lexical_binding::lexical_0082,lexical_binding,train,meta-llama/Llama-3.1-8B-Instruct,early__all__r16,0.6000000000000001,0.0,1.0,0.9958333333333333,0.6489583333333333,1,11
llama_3_1_8b_instruct,compiler::lexical_binding::lexical_0082,lexical_binding,train,meta-llama/Llama-3.1-8B-Instruct,full__all__r4,0.9,0.5,0.16666666666666666,0.9875,0.6385416666666667,1,11
llama_3_1_8b_instruct,compiler::lexical_binding::lexical_0082,lexical_binding,train,meta-llama/Llama-3.1-8B-Instruct,late__all__r16,0.9,0.3333333333333333,0.16666666666666666,0.9833333333333333,0.5958333333333333,1,11
llama_3_1_8b_instruct,compiler::lexical_binding::lexical_0082,lexical_binding,train,meta-llama/Llama-3.1-8B-Instruct,middle__all__r16,1.0,1.0,0.16666666666666666,0.9791666666666666,0.7864583333333334,1,11
llama_3_1_8b_instruct,compiler::lexical_binding::lexical_0083,lexical_binding,train,meta-llama/Llama-3.1-8B-Instruct,early__all__r16,0.9,0.0,1.0,1.0,0.725,1,11
llama_3_1_8b_instruct,compiler::lexical_binding::lexical_0083,lexical_binding,train,meta-llama/Llama-3.1-8B-Instruct,full__all__r4,1.0,0.3333333333333333,0.5,0.9875,0.7052083333333333,1,11
llama_3_1_8b_instruct,compiler::lexical_binding::lexical_0083,lexical_binding,train,meta-llama/Llama-3.1-8B-Instruct,late__all__r16,0.9,0.3333333333333333,0.5,0.9875,0.6802083333333333,1,11
llama_3_1_8b_instruct,compiler::lexical_binding::lexical_0083,lexical_binding,train,meta-llama/Llama-3.1-8B-Instruct,middle__all__r16,1.0,1.0,0.16666666666666666,0.9833333333333333,0.7875,1,11
llama_3_1_8b_instruct,compiler::lexical_binding::lexical_0084,lexical_binding,train,meta-llama/Llama-3.1-8B-Instruct,early__all__r16,0.9,0.6666666666666666,1.0,1.0,0.8916666666666666,1,11
llama_3_1_8b_instruct,compiler::lexical_binding::lexical_0084,lexical_binding,train,meta-llama/Llama-3.1-8B-Instruct,full__all__r4,1.0,0.3333333333333333,0.3333333333333333,0.9916666666666667,0.6645833333333333,1,11
llama_3_1_8b_instruct,compiler::lexical_binding::lexical_0084,lexical_binding,train,meta-llama/Llama-3.1-8B-Instruct,late__all__r16,0.9,0.5,0.3333333333333333,0.9875,0.6802083333333333,1,11
llama_3_1_8b_instruct,compiler::lexical_binding::lexical_0084,lexical_binding,train,meta-llama/Llama-3.1-8B-Instruct,middle__all__r16,1.0,0.5,0.16666666666666666,0.9833333333333333,0.6625,1,11
llama_3_1_8b_instruct,compiler::lexical_binding::lexical_0085,lexical_binding,validation,meta-llama/Llama-3.1-8B-Instruct,early__all__r16,0.9,0.3333333333333333,1.0,0.9958333333333333,0.8072916666666666,1,11
llama_3_1_8b_instruct,compiler::lexical_binding::lexical_0085,lexical_binding,validation,meta-llama/Llama-3.1-8B-Instruct,full__all__r4,1.0,0.5,0.3333333333333333,1.0,0.7083333333333334,1,11
llama_3_1_8b_instruct,compiler::lexical_binding::lexical_0085,lexical_binding,validation,meta-llama/Llama-3.1-8B-Instruct,late__all__r16,0.9,0.3333333333333333,0.16666666666666666,0.9916666666666667,0.5979166666666667,1,11
llama_3_1_8b_instruct,compiler::lexical_binding::lexical_0085,lexical_binding,validation,meta-llama/Llama-3.1-8B-Instruct,middle__all__r16,1.0,0.6666666666666666,0.16666666666666666,0.9833333333333333,0.7041666666666666,1,11
llama_3_1_8b_instruct,compiler::lexical_binding::lexical_0086,lexical_binding,train,meta-llama/Llama-3.1-8B-Instruct,early__all__r16,1.0,0.3333333333333333,1.0,0.9958333333333333,0.8322916666666667,1,11
llama_3_1_8b_instruct,compiler::lexical_binding::lexical_0086,lexical_binding,train,meta-llama/Llama-3.1-8B-Instruct,full__all__r4,1.0,0.8333333333333334,1.0,0.9875,0.9552083333333333,1,11
llama_3_1_8b_instruct,compiler::lexical_binding::lexical_0086,lexical_binding,train,meta-llama/Llama-3.1-8B-Instruct,late__all__r16,0.9,0.5,0.3333333333333333,0.9833333333333333,0.6791666666666667,1,11
llama_3_1_8b_instruct,compiler::lexical_binding::lexical_0086,lexical_binding,train,meta-llama/Llama-3.1-8B-Instruct,middle__all__r16,1.0,1.0,0.16666666666666666,0.9791666666666666,0.7864583333333334,1,11
llama_3_1_8b_instruct,compiler::lexical_binding::lexical_0087,lexical_binding,validation,meta-llama/Llama-3.1-8B-Instruct,early__all__r16,0.4,0.5,1.0,0.9875,0.721875,1,11
llama_3_1_8b_instruct,compiler::lexical_binding::lexical_0087,lexical_binding,validation,meta-llama/Llama-3.1-8B-Instruct,full__all__r4,1.0,0.5,0.5,1.0,0.75,1,11
llama_3_1_8b_instruct,compiler::lexical_binding::lexical_0087,lexical_binding,validation,meta-llama/Llama-3.1-8B-Instruct,late__all__r16,0.9,0.5,0.3333333333333333,1.0,0.6833333333333333,1,11
llama_3_1_8b_instruct,compiler::lexical_binding::lexical_0087,lexical_binding,validation,meta-llama/Llama-3.1-8B-Instruct,middle__all__r16,1.0,0.6666666666666666,0.3333333333333333,0.9875,0.746875,1,11
llama_3_1_8b_instruct,compiler::lexical_binding::lexical_0088,lexical_binding,train,meta-llama/Llama-3.1-8B-Instruct,early__all__r16,1.0,0.6666666666666666,1.0,1.0,0.9166666666666666,1,11
llama_3_1_8b_instruct,compiler::lexical_binding::lexical_0088,lexical_binding,train,meta-llama/Llama-3.1-8B-Instruct,full__all__r4,1.0,0.5,0.16666666666666666,0.9916666666666667,0.6645833333333333,1,11
llama_3_1_8b_instruct,compiler::lexical_binding::lexical_0088,lexical_binding,train,meta-llama/Llama-3.1-8B-Instruct,late__all__r16,0.9,0.5,0.16666666666666666,0.9833333333333333,0.6375,1,11
llama_3_1_8b_instruct,compiler::lexical_binding::lexical_0088,lexical_binding,train,meta-llama/Llama-3.1-8B-Instruct,middle__all__r16,1.0,0.6666666666666666,0.16666666666666666,0.9791666666666666,0.703125,1,11
llama_3_1_8b_instruct,compiler::lexical_binding::lexical_0089,lexical_binding,train,meta-llama/Llama-3.1-8B-Instruct,early__all__r16,1.0,0.5,1.0,0.9958333333333333,0.8739583333333334,1,11
llama_3_1_8b_instruct,compiler::lexical_binding::lexical_0089,lexical_binding,train,meta-llama/Llama-3.1-8B-Instruct,full__all__r4,1.0,0.5,1.0,0.9916666666666667,0.8729166666666667,1,11
llama_3_1_8b_instruct,compiler::lexical_binding::lexical_0089,lexical_binding,train,meta-llama/Llama-3.1-8B-Instruct,late__all__r16,0.9,0.3333333333333333,0.3333333333333333,0.9833333333333333,0.6375,1,11
llama_3_1_8b_instruct,compiler::lexical_binding::lexical_0089,lexical_binding,train,meta-llama/Llama-3.1-8B-Instruct,middle__all__r16,1.0,0.5,0.16666666666666666,0.9833333333333333,0.6625,1,11
llama_3_1_8b_instruct,compiler::lexical_binding::lexical_0090,lexical_binding,train,meta-llama/Llama-3.1-8B-Instruct,early__all__r16,1.0,0.5,1.0,1.0,0.875,1,11
llama_3_1_8b_instruct,compiler::lexical_binding::lexical_0090,lexical_binding,train,meta-llama/Llama-3.1-8B-Instruct,full__all__r4,1.0,0.5,0.6666666666666666,0.9875,0.7885416666666667,1,11
llama_3_1_8b_instruct,compiler::lexical_binding::lexical_0090,lexical_binding,train,meta-llama/Llama-3.1-8B-Instruct,late__all__r16,0.9,0.8333333333333334,0.16666666666666666,0.9916666666666667,0.7229166666666667,1,11
llama_3_1_8b_instruct,compiler::lexical_binding::lexical_0090,lexical_binding,train,meta-llama/Llama-3.1-8B-Instruct,middle__all__r16,1.0,1.0,0.16666666666666666,0.9791666666666666,0.7864583333333334,1,11
llama_3_1_8b_instruct,compiler::lexical_binding::lexical_0091,lexical_binding,test,meta-llama/Llama-3.1-8B-Instruct,early__all__r16,0.3666666666666667,0.0,1.0,0.9958333333333332,0.590625,3,11|22|33
llama_3_1_8b_instruct,compiler::lexical_binding::lexical_0091,lexical_binding,test,meta-llama/Llama-3.1-8B-Instruct,full__all__r4,0.10000000000000002,0.0,0.9444444444444445,1.0,0.5111111111111112,3,11|22|33
llama_3_1_8b_instruct,compiler::lexical_binding::lexical_0091,lexical_binding,test,meta-llama/Llama-3.1-8B-Instruct,late__all__r16,0.0,0.0,0.3333333333333333,0.9888888888888889,0.33055555555555555,3,11|22|33
llama_3_1_8b_instruct,compiler::lexical_binding::lexical_0091,lexical_binding,test,meta-llama/Llama-3.1-8B-Instruct,middle__all__r16,0.10000000000000002,0.27777777777777773,0.3333333333333333,0.9708333333333333,0.4204861111111111,3,11|22|33
llama_3_1_8b_instruct,compiler::lexical_binding::lexical_0092,lexical_binding,train,meta-llama/Llama-3.1-8B-Instruct,early__all__r16,0.9,0.3333333333333333,1.0,0.9916666666666667,0.80625,1,11
llama_3_1_8b_instruct,compiler::lexical_binding::lexical_0092,lexical_binding,train,meta-llama/Llama-3.1-8B-Instruct,full__all__r4,1.0,0.3333333333333333,0.3333333333333333,0.9875,0.6635416666666667,1,11
llama_3_1_8b_instruct,compiler::lexical_binding::lexical_0092,lexical_binding,train,meta-llama/Llama-3.1-8B-Instruct,late__all__r16,0.9,0.3333333333333333,0.16666666666666666,0.9875,0.596875,1,11
llama_3_1_8b_instruct,compiler::lexical_binding::lexical_0092,lexical_binding,train,meta-llama/Llama-3.1-8B-Instruct,middle__all__r16,1.0,1.0,0.0,0.9791666666666666,0.7447916666666666,1,11
llama_3_1_8b_instruct,compiler::lexical_binding::lexical_0093,lexical_binding,train,meta-llama/Llama-3.1-8B-Instruct,early__all__r16,1.0,0.16666666666666666,1.0,0.9916666666666667,0.7895833333333333,1,11
llama_3_1_8b_instruct,compiler::lexical_binding::lexical_0093,lexical_binding,train,meta-llama/Llama-3.1-8B-Instruct,full__all__r4,1.0,0.5,0.5,1.0,0.75,1,11
llama_3_1_8b_instruct,compiler::lexical_binding::lexical_0093,lexical_binding,train,meta-llama/Llama-3.1-8B-Instruct,late__all__r16,0.9,0.3333333333333333,0.6666666666666666,0.9916666666666667,0.7229166666666667,1,11
llama_3_1_8b_instruct,compiler::lexical_binding::lexical_0093,lexical_binding,train,meta-llama/Llama-3.1-8B-Instruct,middle__all__r16,1.0,0.6666666666666666,0.16666666666666666,0.9833333333333333,0.7041666666666666,1,11
llama_3_1_8b_instruct,compiler::lexical_binding::lexical_0094,lexical_binding,train,meta-llama/Llama-3.1-8B-Instruct,early__all__r16,0.9,0.6666666666666666,1.0,1.0,0.8916666666666666,1,11
llama_3_1_8b_instruct,compiler::lexical_binding::lexical_0094,lexical_binding,train,meta-llama/Llama-3.1-8B-Instruct,full__all__r4,1.0,0.5,0.6666666666666666,0.9875,0.7885416666666667,1,11
llama_3_1_8b_instruct,compiler::lexical_binding::lexical_0094,lexical_binding,train,meta-llama/Llama-3.1-8B-Instruct,late__all__r16,0.9,0.3333333333333333,0.3333333333333333,0.9791666666666666,0.6364583333333333,1,11
llama_3_1_8b_instruct,compiler::lexical_binding::lexical_0094,lexical_binding,train,meta-llama/Llama-3.1-8B-Instruct,middle__all__r16,1.0,0.8333333333333334,0.16666666666666666,0.9833333333333333,0.7458333333333333,1,11
llama_3_1_8b_instruct,compiler::lexical_binding::lexical_0095,lexical_binding,train,meta-llama/Llama-3.1-8B-Instruct,early__all__r16,1.0,0.6666666666666666,1.0,1.0,0.9166666666666666,1,11
llama_3_1_8b_instruct,compiler::lexical_binding::lexical_0095,lexical_binding,train,meta-llama/Llama-3.1-8B-Instruct,full__all__r4,1.0,0.5,0.3333333333333333,0.9875,0.7052083333333333,1,11
llama_3_1_8b_instruct,compiler::lexical_binding::lexical_0095,lexical_binding,train,meta-llama/Llama-3.1-8B-Instruct,late__all__r16,1.0,0.3333333333333333,0.3333333333333333,0.9833333333333333,0.6625,1,11
llama_3_1_8b_instruct,compiler::lexical_binding::lexical_0095,lexical_binding,train,meta-llama/Llama-3.1-8B-Instruct,middle__all__r16,1.0,0.6666666666666666,0.0,0.9458333333333333,0.653125,1,11
llama_3_1_8b_instruct,compiler::lexical_binding::lexical_0096,lexical_binding,train,meta-llama/Llama-3.1-8B-Instruct,early__all__r16,1.0,0.5,1.0,0.9916666666666667,0.8729166666666667,1,11
llama_3_1_8b_instruct,compiler::lexical_binding::lexical_0096,lexical_binding,train,meta-llama/Llama-3.1-8B-Instruct,full__all__r4,1.0,0.3333333333333333,0.5,0.9875,0.7052083333333333,1,11
llama_3_1_8b_instruct,compiler::lexical_binding::lexical_0096,lexical_binding,train,meta-llama/Llama-3.1-8B-Instruct,late__all__r16,0.9,0.3333333333333333,0.16666666666666666,0.9916666666666667,0.5979166666666667,1,11
llama_3_1_8b_instruct,compiler::lexical_binding::lexical_0096,lexical_binding,train,meta-llama/Llama-3.1-8B-Instruct,middle__all__r16,1.0,0.6666666666666666,0.16666666666666666,0.975,0.7020833333333333,1,11
llama_3_1_8b_instruct,compiler::lexical_binding::lexical_0097,lexical_binding,test,meta-llama/Llama-3.1-8B-Instruct,early__all__r16,0.5,0.5,0.9444444444444445,0.9916666666666667,0.7340277777777778,3,11|22|33
llama_3_1_8b_instruct,compiler::lexical_binding::lexical_0097,lexical_binding,test,meta-llama/Llama-3.1-8B-Instruct,full__all__r4,0.9666666666666667,0.38888888888888884,0.27777777777777773,0.9958333333333332,0.6572916666666666,3,11|22|33
llama_3_1_8b_instruct,compiler::lexical_binding::lexical_0097,lexical_binding,test,meta-llama/Llama-3.1-8B-Instruct,late__all__r16,0.9,0.3333333333333333,0.05555555555555555,0.9888888888888889,0.5694444444444444,3,11|22|33
llama_3_1_8b_instruct,compiler::lexical_binding::lexical_0097,lexical_binding,test,meta-llama/Llama-3.1-8B-Instruct,middle__all__r16,1.0,0.3333333333333333,0.16666666666666666,0.9763888888888889,0.6190972222222222,3,11|22|33
llama_3_1_8b_instruct,compiler::lexical_binding::lexical_0098,lexical_binding,test,meta-llama/Llama-3.1-8B-Instruct,early__all__r16,0.3333333333333333,0.16666666666666666,1.0,0.9847222222222222,0.6211805555555555,3,11|22|33
llama_3_1_8b_instruct,compiler::lexical_binding::lexical_0098,lexical_binding,test,meta-llama/Llama-3.1-8B-Instruct,full__all__r4,0.8333333333333334,0.3333333333333333,0.8333333333333334,0.9972222222222222,0.7493055555555556,3,11|22|33
llama_3_1_8b_instruct,compiler::lexical_binding::lexical_0098,lexical_binding,test,meta-llama/Llama-3.1-8B-Instruct,late__all__r16,0.9,0.3333333333333333,0.2222222222222222,0.9847222222222222,0.6100694444444444,3,11|22|33
llama_3_1_8b_instruct,compiler::lexical_binding::lexical_0098,lexical_binding,test,meta-llama/Llama-3.1-8B-Instruct,middle__all__r16,1.0,0.7222222222222222,0.16666666666666666,0.9791666666666666,0.7170138888888888,3,11|22|33
llama_3_1_8b_instruct,compiler::lexical_binding::lexical_0099,lexical_binding,train,meta-llama/Llama-3.1-8B-Instruct,early__all__r16,1.0,0.6666666666666666,1.0,1.0,0.9166666666666666,1,11
llama_3_1_8b_instruct,compiler::lexical_binding::lexical_0099,lexical_binding,train,meta-llama/Llama-3.1-8B-Instruct,full__all__r4,1.0,0.6666666666666666,0.16666666666666666,0.9875,0.7052083333333333,1,11
llama_3_1_8b_instruct,compiler::lexical_binding::lexical_0099,lexical_binding,train,meta-llama/Llama-3.1-8B-Instruct,late__all__r16,0.9,0.3333333333333333,0.16666666666666666,0.9916666666666667,0.5979166666666667,1,11
llama_3_1_8b_instruct,compiler::lexical_binding::lexical_0099,lexical_binding,train,meta-llama/Llama-3.1-8B-Instruct,middle__all__r16,1.0,0.8333333333333334,0.16666666666666666,0.975,0.74375,1,11
llama_3_1_8b_instruct,compiler::lexical_binding::lexical_0100,lexical_binding,train,meta-llama/Llama-3.1-8B-Instruct,early__all__r16,0.9,0.3333333333333333,1.0,1.0,0.8083333333333333,1,11
llama_3_1_8b_instruct,compiler::lexical_binding::lexical_0100,lexical_binding,train,meta-llama/Llama-3.1-8B-Instruct,full__all__r4,1.0,0.6666666666666666,0.16666666666666666,0.9875,0.7052083333333333,1,11
llama_3_1_8b_instruct,compiler::lexical_binding::lexical_0100,lexical_binding,train,meta-llama/Llama-3.1-8B-Instruct,late__all__r16,0.9,0.3333333333333333,0.16666666666666666,0.9791666666666666,0.5947916666666666,1,11
llama_3_1_8b_instruct,compiler::lexical_binding::lexical_0100,lexical_binding,train,meta-llama/Llama-3.1-8B-Instruct,middle__all__r16,1.0,0.8333333333333334,0.0,0.9625,0.6989583333333333,1,11
llama_3_1_8b_instruct,compiler::lexical_binding::lexical_0101,lexical_binding,test,meta-llama/Llama-3.1-8B-Instruct,early__all__r16,1.0,0.7777777777777778,0.5,0.9972222222222222,0.81875,3,11|22|33
llama_3_1_8b_instruct,compiler::lexical_binding::lexical_0101,lexical_binding,test,meta-llama/Llama-3.1-8B-Instruct,full__all__r4,1.0,0.5,0.3333333333333333,0.9944444444444445,0.7069444444444445,3,11|22|33
llama_3_1_8b_instruct,compiler::lexical_binding::lexical_0101,lexical_binding,test,meta-llama/Llama-3.1-8B-Instruct,late__all__r16,0.9,0.3333333333333333,0.27777777777777773,0.9916666666666667,0.6256944444444444,3,11|22|33
llama_3_1_8b_instruct,compiler::lexical_binding::lexical_0101,lexical_binding,test,meta-llama/Llama-3.1-8B-Instruct,middle__all__r16,1.0,0.7222222222222222,0.16666666666666666,0.9819444444444444,0.7177083333333333,3,11|22|33
llama_3_1_8b_instruct,compiler::lexical_binding::lexical_0102,lexical_binding,validation,meta-llama/Llama-3.1-8B-Instruct,early__all__r16,0.5,0.0,1.0,0.9916666666666667,0.6229166666666667,1,11
llama_3_1_8b_instruct,compiler::lexical_binding::lexical_0102,lexical_binding,validation,meta-llama/Llama-3.1-8B-Instruct,full__all__r4,1.0,0.5,0.3333333333333333,1.0,0.7083333333333334,1,11
llama_3_1_8b_instruct,compiler::lexical_binding::lexical_0102,lexical_binding,validation,meta-llama/Llama-3.1-8B-Instruct,late__all__r16,0.9,0.5,0.16666666666666666,0.9916666666666667,0.6395833333333334,1,11
llama_3_1_8b_instruct,compiler::lexical_binding::lexical_0102,lexical_binding,validation,meta-llama/Llama-3.1-8B-Instruct,middle__all__r16,1.0,0.6666666666666666,0.16666666666666666,0.9791666666666666,0.703125,1,11
llama_3_1_8b_instruct,compiler::lexical_binding::lexical_0103,lexical_binding,train,meta-llama/Llama-3.1-8B-Instruct,early__all__r16,1.0,0.6666666666666666,1.0,0.9958333333333333,0.915625,1,11
llama_3_1_8b_instruct,compiler::lexical_binding::lexical_0103,lexical_binding,train,meta-llama/Llama-3.1-8B-Instruct,full__all__r4,1.0,0.6666666666666666,0.6666666666666666,0.9875,0.8302083333333333,1,11
llama_3_1_8b_instruct,compiler::lexical_binding::lexical_0103,lexical_binding,train,meta-llama/Llama-3.1-8B-Instruct,late__all__r16,0.9,0.3333333333333333,0.3333333333333333,0.9875,0.6385416666666667,1,11
llama_3_1_8b_instruct,compiler::lexical_binding::lexical_0103,lexical_binding,train,meta-llama/Llama-3.1-8B-Instruct,middle__all__r16,1.0,0.8333333333333334,0.16666666666666666,0.9833333333333333,0.7458333333333333,1,11
llama_3_1_8b_instruct,compiler::lexical_binding::lexical_0104,lexical_binding,train,meta-llama/Llama-3.1-8B-Instruct,early__all__r16,1.0,0.5,1.0,1.0,0.875,1,11
llama_3_1_8b_instruct,compiler::lexical_binding::lexical_0104,lexical_binding,train,meta-llama/Llama-3.1-8B-Instruct,full__all__r4,1.0,0.5,0.3333333333333333,0.9875,0.7052083333333333,1,11
llama_3_1_8b_instruct,compiler::lexical_binding::lexical_0104,lexical_binding,train,meta-llama/Llama-3.1-8B-Instruct,late__all__r16,0.9,0.3333333333333333,0.6666666666666666,0.9875,0.721875,1,11
llama_3_1_8b_instruct,compiler::lexical_binding::lexical_0104,lexical_binding,train,meta-llama/Llama-3.1-8B-Instruct,middle__all__r16,1.0,0.6666666666666666,0.16666666666666666,0.9833333333333333,0.7041666666666666,1,11
llama_3_1_8b_instruct,compiler::lexical_binding::lexical_0105,lexical_binding,train,meta-llama/Llama-3.1-8B-Instruct,early__all__r16,0.30000000000000004,0.3333333333333333,1.0,0.9958333333333333,0.6572916666666667,1,11
llama_3_1_8b_instruct,compiler::lexical_binding::lexical_0105,lexical_binding,train,meta-llama/Llama-3.1-8B-Instruct,full__all__r4,0.9,0.6666666666666666,0.16666666666666666,0.9875,0.6802083333333333,1,11
llama_3_1_8b_instruct,compiler::lexical_binding::lexical_0105,lexical_binding,train,meta-llama/Llama-3.1-8B-Instruct,late__all__r16,0.9,0.5,0.16666666666666666,0.9916666666666667,0.6395833333333334,1,11
llama_3_1_8b_instruct,compiler::lexical_binding::lexical_0105,lexical_binding,train,meta-llama/Llama-3.1-8B-Instruct,middle__all__r16,1.0,0.5,0.16666666666666666,0.9833333333333333,0.6625,1,11
llama_3_1_8b_instruct,compiler::lexical_binding::lexical_0106,lexical_binding,train,meta-llama/Llama-3.1-8B-Instruct,early__all__r16,1.0,0.3333333333333333,1.0,1.0,0.8333333333333334,1,11
llama_3_1_8b_instruct,compiler::lexical_binding::lexical_0106,lexical_binding,train,meta-llama/Llama-3.1-8B-Instruct,full__all__r4,1.0,0.6666666666666666,0.5,0.9875,0.7885416666666667,1,11
llama_3_1_8b_instruct,compiler::lexical_binding::lexical_0106,lexical_binding,train,meta-llama/Llama-3.1-8B-Instruct,late__all__r16,0.9,0.3333333333333333,0.5,0.9708333333333333,0.6760416666666667,1,11
llama_3_1_8b_instruct,compiler::lexical_binding::lexical_0106,lexical_binding,train,meta-llama/Llama-3.1-8B-Instruct,middle__all__r16,1.0,0.8333333333333334,0.16666666666666666,0.9791666666666666,0.7447916666666666,1,11
llama_3_1_8b_instruct,compiler::lexical_binding::lexical_0107,lexical_binding,train,meta-llama/Llama-3.1-8B-Instruct,early__all__r16,1.0,0.5,1.0,1.0,0.875,1,11
llama_3_1_8b_instruct,compiler::lexical_binding::lexical_0107,lexical_binding,train,meta-llama/Llama-3.1-8B-Instruct,full__all__r4,1.0,0.8333333333333334,0.8333333333333334,0.9916666666666667,0.9145833333333333,1,11
llama_3_1_8b_instruct,compiler::lexical_binding::lexical_0107,lexical_binding,train,meta-llama/Llama-3.1-8B-Instruct,late__all__r16,0.9,0.8333333333333334,0.3333333333333333,0.9916666666666667,0.7645833333333334,1,11
llama_3_1_8b_instruct,compiler::lexical_binding::lexical_0107,lexical_binding,train,meta-llama/Llama-3.1-8B-Instruct,middle__all__r16,1.0,0.8333333333333334,0.16666666666666666,0.9791666666666666,0.7447916666666666,1,11
llama_3_1_8b_instruct,compiler::lexical_binding::lexical_0108,lexical_binding,test,meta-llama/Llama-3.1-8B-Instruct,early__all__r16,0.8333333333333334,0.38888888888888884,1.0,0.9944444444444445,0.8041666666666667,3,11|22|33
llama_3_1_8b_instruct,compiler::lexical_binding::lexical_0108,lexical_binding,test,meta-llama/Llama-3.1-8B-Instruct,full__all__r4,1.0,0.4444444444444444,0.16666666666666666,0.9986111111111112,0.6524305555555556,3,11|22|33
llama_3_1_8b_instruct,compiler::lexical_binding::lexical_0108,lexical_binding,test,meta-llama/Llama-3.1-8B-Instruct,late__all__r16,0.9,0.3333333333333333,0.1111111111111111,0.9875000000000002,0.5829861111111112,3,11|22|33
llama_3_1_8b_instruct,compiler::lexical_binding::lexical_0108,lexical_binding,test,meta-llama/Llama-3.1-8B-Instruct,middle__all__r16,1.0,0.6666666666666666,0.16666666666666666,0.9791666666666666,0.703125,3,11|22|33
llama_3_1_8b_instruct,compiler::lexical_binding::lexical_0109,lexical_binding,train,meta-llama/Llama-3.1-8B-Instruct,early__all__r16,0.9,0.5,1.0,1.0,0.85,1,11
llama_3_1_8b_instruct,compiler::lexical_binding::lexical_0109,lexical_binding,train,meta-llama/Llama-3.1-8B-Instruct,full__all__r4,1.0,0.5,0.5,0.9916666666666667,0.7479166666666667,1,11
llama_3_1_8b_instruct,compiler::lexical_binding::lexical_0109,lexical_binding,train,meta-llama/Llama-3.1-8B-Instruct,late__all__r16,0.9,0.5,0.3333333333333333,0.9791666666666666,0.678125,1,11
llama_3_1_8b_instruct,compiler::lexical_binding::lexical_0109,lexical_binding,train,meta-llama/Llama-3.1-8B-Instruct,middle__all__r16,1.0,0.8333333333333334,0.16666666666666666,0.9458333333333333,0.7364583333333333,1,11
llama_3_1_8b_instruct,compiler::lexical_binding::lexical_0110,lexical_binding,train,meta-llama/Llama-3.1-8B-Instruct,early__all__r16,0.6000000000000001,0.3333333333333333,1.0,0.9916666666666667,0.7312500000000001,1,11
llama_3_1_8b_instruct,compiler::lexical_binding::lexical_0110,lexical_binding,train,meta-llama/Llama-3.1-8B-Instruct,full__all__r4,0.9,0.3333333333333333,0.16666666666666666,1.0,0.6,1,11
llama_3_1_8b_instruct,compiler::lexical_binding::lexical_0110,lexical_binding,train,meta-llama/Llama-3.1-8B-Instruct,late__all__r16,0.9,0.3333333333333333,0.16666666666666666,0.9916666666666667,0.5979166666666667,1,11
llama_3_1_8b_instruct,compiler::lexical_binding::lexical_0110,lexical_binding,train,meta-llama/Llama-3.1-8B-Instruct,middle__all__r16,1.0,0.8333333333333334,0.0,0.975,0.7020833333333334,1,11
llama_3_1_8b_instruct,compiler::lexical_binding::lexical_0111,lexical_binding,train,meta-llama/Llama-3.1-8B-Instruct,early__all__r16,0.1,0.0,1.0,0.9916666666666667,0.5229166666666667,1,11
llama_3_1_8b_instruct,compiler::lexical_binding::lexical_0111,lexical_binding,train,meta-llama/Llama-3.1-8B-Instruct,full__all__r4,0.1,0.16666666666666666,0.8333333333333334,0.9958333333333333,0.5239583333333333,1,11
llama_3_1_8b_instruct,compiler::lexical_binding::lexical_0111,lexical_binding,train,meta-llama/Llama-3.1-8B-Instruct,late__all__r16,0.0,0.3333333333333333,0.16666666666666666,0.9875,0.371875,1,11
llama_3_1_8b_instruct,compiler::lexical_binding::lexical_0111,lexical_binding,train,meta-llama/Llama-3.1-8B-Instruct,middle__all__r16,0.1,0.5,0.3333333333333333,0.9666666666666667,0.475,1,11
llama_3_1_8b_instruct,compiler::lexical_binding::lexical_0112,lexical_binding,validation,meta-llama/Llama-3.1-8B-Instruct,early__all__r16,0.1,0.0,1.0,1.0,0.525,1,11
llama_3_1_8b_instruct,compiler::lexical_binding::lexical_0112,lexical_binding,validation,meta-llama/Llama-3.1-8B-Instruct,full__all__r4,1.0,0.3333333333333333,0.5,0.9875,0.7052083333333333,1,11
llama_3_1_8b_instruct,compiler::lexical_binding::lexical_0112,lexical_binding,validation,meta-llama/Llama-3.1-8B-Instruct,late__all__r16,0.9,0.3333333333333333,0.16666666666666666,0.9791666666666666,0.5947916666666666,1,11
llama_3_1_8b_instruct,compiler::lexical_binding::lexical_0112,lexical_binding,validation,meta-llama/Llama-3.1-8B-Instruct,middle__all__r16,1.0,1.0,0.0,0.9625,0.740625,1,11
llama_3_1_8b_instruct,compiler::lexical_binding::lexical_0113,lexical_binding,train,meta-llama/Llama-3.1-8B-Instruct,early__all__r16,0.9,0.3333333333333333,1.0,0.9916666666666667,0.80625,1,11
llama_3_1_8b_instruct,compiler::lexical_binding::lexical_0113,lexical_binding,train,meta-llama/Llama-3.1-8B-Instruct,full__all__r4,1.0,0.3333333333333333,0.6666666666666666,1.0,0.75,1,11
llama_3_1_8b_instruct,compiler::lexical_binding::lexical_0113,lexical_binding,train,meta-llama/Llama-3.1-8B-Instruct,late__all__r16,0.9,0.3333333333333333,0.0,0.9916666666666667,0.55625,1,11
llama_3_1_8b_instruct,compiler::lexical_binding::lexical_0113,lexical_binding,train,meta-llama/Llama-3.1-8B-Instruct,middle__all__r16,1.0,0.6666666666666666,0.16666666666666666,0.9791666666666666,0.703125,1,11
llama_3_1_8b_instruct,compiler::lexical_binding::lexical_0114,lexical_binding,test,meta-llama/Llama-3.1-8B-Instruct,early__all__r16,0.5,0.1111111111111111,1.0,0.9944444444444445,0.6513888888888889,3,11|22|33
llama_3_1_8b_instruct,compiler::lexical_binding::lexical_0114,lexical_binding,test,meta-llama/Llama-3.1-8B-Instruct,full__all__r4,0.9333333333333332,0.5,0.8333333333333334,1.0,0.8166666666666667,3,11|22|33
llama_3_1_8b_instruct,compiler::lexical_binding::lexical_0114,lexical_binding,test,meta-llama/Llama-3.1-8B-Instruct,late__all__r16,0.8666666666666667,0.38888888888888884,0.0,0.9847222222222222,0.5600694444444444,3,11|22|33
llama_3_1_8b_instruct,compiler::lexical_binding::lexical_0114,lexical_binding,test,meta-llama/Llama-3.1-8B-Instruct,middle__all__r16,1.0,0.8333333333333334,0.16666666666666666,0.9666666666666667,0.7416666666666667,3,11|22|33
llama_3_1_8b_instruct,compiler::lexical_binding::lexical_0115,lexical_binding,train,meta-llama/Llama-3.1-8B-Instruct,early__all__r16,1.0,0.3333333333333333,1.0,0.9958333333333333,0.8322916666666667,1,11
llama_3_1_8b_instruct,compiler::lexical_binding::lexical_0115,lexical_binding,train,meta-llama/Llama-3.1-8B-Instruct,full__all__r4,0.9,0.3333333333333333,0.3333333333333333,0.9916666666666667,0.6395833333333334,1,11
llama_3_1_8b_instruct,compiler::lexical_binding::lexical_0115,lexical_binding,train,meta-llama/Llama-3.1-8B-Instruct,late__all__r16,0.9,0.6666666666666666,0.0,0.9875,0.6385416666666667,1,11
llama_3_1_8b_instruct,compiler::lexical_binding::lexical_0115,lexical_binding,train,meta-llama/Llama-3.1-8B-Instruct,middle__all__r16,1.0,0.5,0.16666666666666666,0.9625,0.6572916666666667,1,11
llama_3_1_8b_instruct,compiler::lexical_binding::lexical_0116,lexical_binding,test,meta-llama/Llama-3.1-8B-Instruct,early__all__r16,0.8666666666666667,0.4444444444444444,1.0,0.9986111111111112,0.8274305555555556,3,11|22|33
llama_3_1_8b_instruct,compiler::lexical_binding::lexical_0116,lexical_binding,test,meta-llama/Llama-3.1-8B-Instruct,full__all__r4,1.0,0.38888888888888884,0.5,0.9888888888888889,0.7194444444444444,3,11|22|33
llama_3_1_8b_instruct,compiler::lexical_binding::lexical_0116,lexical_binding,test,meta-llama/Llama-3.1-8B-Instruct,late__all__r16,0.9,0.7777777777777778,0.5,0.9916666666666667,0.7923611111111111,3,11|22|33
llama_3_1_8b_instruct,compiler::lexical_binding::lexical_0116,lexical_binding,test,meta-llama/Llama-3.1-8B-Instruct,middle__all__r16,1.0,0.8333333333333334,0.16666666666666666,0.9611111111111111,0.7402777777777778,3,11|22|33
llama_3_1_8b_instruct,compiler::lexical_binding::lexical_0117,lexical_binding,train,meta-llama/Llama-3.1-8B-Instruct,early__all__r16,1.0,0.5,1.0,1.0,0.875,1,11
llama_3_1_8b_instruct,compiler::lexical_binding::lexical_0117,lexical_binding,train,meta-llama/Llama-3.1-8B-Instruct,full__all__r4,1.0,0.3333333333333333,1.0,1.0,0.8333333333333334,1,11
llama_3_1_8b_instruct,compiler::lexical_binding::lexical_0117,lexical_binding,train,meta-llama/Llama-3.1-8B-Instruct,late__all__r16,0.9,0.3333333333333333,0.16666666666666666,0.9916666666666667,0.5979166666666667,1,11
llama_3_1_8b_instruct,compiler::lexical_binding::lexical_0117,lexical_binding,train,meta-llama/Llama-3.1-8B-Instruct,middle__all__r16,1.0,0.5,0.16666666666666666,0.9833333333333333,0.6625,1,11
llama_3_1_8b_instruct,compiler::lexical_binding::lexical_0118,lexical_binding,validation,meta-llama/Llama-3.1-8B-Instruct,early__all__r16,1.0,0.5,1.0,1.0,0.875,1,11
llama_3_1_8b_instruct,compiler::lexical_binding::lexical_0118,lexical_binding,validation,meta-llama/Llama-3.1-8B-Instruct,full__all__r4,1.0,0.5,0.3333333333333333,0.9875,0.7052083333333333,1,11
llama_3_1_8b_instruct,compiler::lexical_binding::lexical_0118,lexical_binding,validation,meta-llama/Llama-3.1-8B-Instruct,late__all__r16,0.9,0.3333333333333333,0.6666666666666666,0.9916666666666667,0.7229166666666667,1,11
llama_3_1_8b_instruct,compiler::lexical_binding::lexical_0118,lexical_binding,validation,meta-llama/Llama-3.1-8B-Instruct,middle__all__r16,1.0,0.8333333333333334,0.16666666666666666,0.9791666666666666,0.7447916666666666,1,11
llama_3_1_8b_instruct,compiler::lexical_binding::lexical_0119,lexical_binding,train,meta-llama/Llama-3.1-8B-Instruct,early__all__r16,0.2,0.3333333333333333,1.0,0.9958333333333333,0.6322916666666667,1,11
llama_3_1_8b_instruct,compiler::lexical_binding::lexical_0119,lexical_binding,train,meta-llama/Llama-3.1-8B-Instruct,full__all__r4,1.0,0.3333333333333333,0.5,0.9916666666666667,0.70625,1,11
llama_3_1_8b_instruct,compiler::lexical_binding::lexical_0119,lexical_binding,train,meta-llama/Llama-3.1-8B-Instruct,late__all__r16,0.9,0.3333333333333333,0.16666666666666666,0.9875,0.596875,1,11
llama_3_1_8b_instruct,compiler::lexical_binding::lexical_0119,lexical_binding,train,meta-llama/Llama-3.1-8B-Instruct,middle__all__r16,1.0,0.8333333333333334,0.16666666666666666,0.9791666666666666,0.7447916666666666,1,11
llama_3_1_8b_instruct,compiler::procedural_reasoning::procedural_0000,procedural_reasoning,train,meta-llama/Llama-3.1-8B-Instruct,early__all__r16,0.1,0.0,0.0,0.9916666666666667,0.2729166666666667,1,11
llama_3_1_8b_instruct,compiler::procedural_reasoning::procedural_0000,procedural_reasoning,train,meta-llama/Llama-3.1-8B-Instruct,full__all__r4,0.1,0.0,0.5,0.9833333333333333,0.3958333333333333,1,11
llama_3_1_8b_instruct,compiler::procedural_reasoning::procedural_0000,procedural_reasoning,train,meta-llama/Llama-3.1-8B-Instruct,late__all__r16,0.1,0.0,0.5,0.9958333333333333,0.39895833333333336,1,11
llama_3_1_8b_instruct,compiler::procedural_reasoning::procedural_0000,procedural_reasoning,train,meta-llama/Llama-3.1-8B-Instruct,middle__all__r16,0.1,0.0,0.8333333333333334,0.975,0.47708333333333336,1,11
llama_3_1_8b_instruct,compiler::procedural_reasoning::procedural_0001,procedural_reasoning,train,meta-llama/Llama-3.1-8B-Instruct,early__all__r16,0.1,0.0,0.0,0.9916666666666667,0.2729166666666667,1,11
llama_3_1_8b_instruct,compiler::procedural_reasoning::procedural_0001,procedural_reasoning,train,meta-llama/Llama-3.1-8B-Instruct,full__all__r4,0.1,0.0,0.3333333333333333,0.9833333333333333,0.35416666666666663,1,11
llama_3_1_8b_instruct,compiler::procedural_reasoning::procedural_0001,procedural_reasoning,train,meta-llama/Llama-3.1-8B-Instruct,late__all__r16,0.1,0.0,0.3333333333333333,0.9958333333333333,0.3572916666666667,1,11
llama_3_1_8b_instruct,compiler::procedural_reasoning::procedural_0001,procedural_reasoning,train,meta-llama/Llama-3.1-8B-Instruct,middle__all__r16,0.1,0.0,0.8333333333333334,0.9791666666666666,0.478125,1,11
llama_3_1_8b_instruct,compiler::procedural_reasoning::procedural_0002,procedural_reasoning,train,meta-llama/Llama-3.1-8B-Instruct,early__all__r16,0.1,0.0,0.0,0.9875,0.27187500000000003,1,11
llama_3_1_8b_instruct,compiler::procedural_reasoning::procedural_0002,procedural_reasoning,train,meta-llama/Llama-3.1-8B-Instruct,full__all__r4,0.2,0.0,0.5,0.9833333333333333,0.42083333333333334,1,11
llama_3_1_8b_instruct,compiler::procedural_reasoning::procedural_0002,procedural_reasoning,train,meta-llama/Llama-3.1-8B-Instruct,late__all__r16,0.3,0.0,0.6666666666666666,0.9958333333333333,0.490625,1,11
llama_3_1_8b_instruct,compiler::procedural_reasoning::procedural_0002,procedural_reasoning,train,meta-llama/Llama-3.1-8B-Instruct,middle__all__r16,0.2,0.0,0.5,0.975,0.41875,1,11
llama_3_1_8b_instruct,compiler::procedural_reasoning::procedural_0003,procedural_reasoning,train,meta-llama/Llama-3.1-8B-Instruct,early__all__r16,0.1,0.0,0.0,0.9916666666666667,0.2729166666666667,1,11
llama_3_1_8b_instruct,compiler::procedural_reasoning::procedural_0003,procedural_reasoning,train,meta-llama/Llama-3.1-8B-Instruct,full__all__r4,0.2,0.0,0.5,0.9875,0.421875,1,11
llama_3_1_8b_instruct,compiler::procedural_reasoning::procedural_0003,procedural_reasoning,train,meta-llama/Llama-3.1-8B-Instruct,late__all__r16,0.3,0.0,0.6666666666666666,0.9958333333333333,0.490625,1,11
llama_3_1_8b_instruct,compiler::procedural_reasoning::procedural_0003,procedural_reasoning,train,meta-llama/Llama-3.1-8B-Instruct,middle__all__r16,0.1,0.0,0.8333333333333334,0.9791666666666666,0.478125,1,11
llama_3_1_8b_instruct,compiler::procedural_reasoning::procedural_0004,procedural_reasoning,train,meta-llama/Llama-3.1-8B-Instruct,early__all__r16,0.1,0.0,0.0,0.9916666666666667,0.2729166666666667,1,11
llama_3_1_8b_instruct,compiler::procedural_reasoning::procedural_0004,procedural_reasoning,train,meta-llama/Llama-3.1-8B-Instruct,full__all__r4,0.1,0.0,0.6666666666666666,0.9875,0.43854166666666666,1,11
llama_3_1_8b_instruct,compiler::procedural_reasoning::procedural_0004,procedural_reasoning,train,meta-llama/Llama-3.1-8B-Instruct,late__all__r16,0.2,0.0,0.3333333333333333,0.9958333333333333,0.3822916666666667,1,11
llama_3_1_8b_instruct,compiler::procedural_reasoning::procedural_0004,procedural_reasoning,train,meta-llama/Llama-3.1-8B-Instruct,middle__all__r16,0.1,0.0,0.6666666666666666,0.9791666666666666,0.43645833333333334,1,11
llama_3_1_8b_instruct,compiler::procedural_reasoning::procedural_0005,procedural_reasoning,train,meta-llama/Llama-3.1-8B-Instruct,early__all__r16,0.1,0.0,0.0,0.9875,0.27187500000000003,1,11
llama_3_1_8b_instruct,compiler::procedural_reasoning::procedural_0005,procedural_reasoning,train,meta-llama/Llama-3.1-8B-Instruct,full__all__r4,0.0,0.0,0.3333333333333333,0.9875,0.3302083333333333,1,11
llama_3_1_8b_instruct,compiler::procedural_reasoning::procedural_0005,procedural_reasoning,train,meta-llama/Llama-3.1-8B-Instruct,late__all__r16,0.2,0.0,0.3333333333333333,0.9958333333333333,0.3822916666666667,1,11
llama_3_1_8b_instruct,compiler::procedural_reasoning::procedural_0005,procedural_reasoning,train,meta-llama/Llama-3.1-8B-Instruct,middle__all__r16,0.1,0.0,0.6666666666666666,0.9708333333333333,0.434375,1,11
llama_3_1_8b_instruct,compiler::procedural_reasoning::procedural_0006,procedural_reasoning,train,meta-llama/Llama-3.1-8B-Instruct,early__all__r16,0.1,0.0,0.0,0.9875,0.27187500000000003,1,11
llama_3_1_8b_instruct,compiler::procedural_reasoning::procedural_0006,procedural_reasoning,train,meta-llama/Llama-3.1-8B-Instruct,full__all__r4,0.1,0.0,0.6666666666666666,0.975,0.4354166666666667,1,11
llama_3_1_8b_instruct,compiler::procedural_reasoning::procedural_0006,procedural_reasoning,train,meta-llama/Llama-3.1-8B-Instruct,late__all__r16,0.1,0.0,0.3333333333333333,0.9958333333333333,0.3572916666666667,1,11
llama_3_1_8b_instruct,compiler::procedural_reasoning::procedural_0006,procedural_reasoning,train,meta-llama/Llama-3.1-8B-Instruct,middle__all__r16,0.1,0.0,0.6666666666666666,0.9666666666666667,0.43333333333333335,1,11
llama_3_1_8b_instruct,compiler::procedural_reasoning::procedural_0007,procedural_reasoning,test,meta-llama/Llama-3.1-8B-Instruct,early__all__r16,0.10000000000000002,0.0,0.0,0.9930555555555557,0.2732638888888889,3,11|22|33
llama_3_1_8b_instruct,compiler::procedural_reasoning::procedural_0007,procedural_reasoning,test,meta-llama/Llama-3.1-8B-Instruct,full__all__r4,0.03333333333333333,0.0,0.38888888888888884,0.9902777777777777,0.35312499999999997,3,11|22|33
llama_3_1_8b_instruct,compiler::procedural_reasoning::procedural_0007,procedural_reasoning,test,meta-llama/Llama-3.1-8B-Instruct,late__all__r16,0.13333333333333333,0.0,0.05555555555555555,0.9958333333333332,0.29618055555555556,3,11|22|33
llama_3_1_8b_instruct,compiler::procedural_reasoning::procedural_0007,procedural_reasoning,test,meta-llama/Llama-3.1-8B-Instruct,middle__all__r16,0.10000000000000002,0.0,0.7777777777777778,0.9819444444444444,0.46493055555555557,3,11|22|33
llama_3_1_8b_instruct,compiler::procedural_reasoning::procedural_0008,procedural_reasoning,validation,meta-llama/Llama-3.1-8B-Instruct,early__all__r16,0.1,0.0,0.0,0.9916666666666667,0.2729166666666667,1,11
llama_3_1_8b_instruct,compiler::procedural_reasoning::procedural_0008,procedural_reasoning,validation,meta-llama/Llama-3.1-8B-Instruct,full__all__r4,0.1,0.0,0.5,0.9833333333333333,0.3958333333333333,1,11
llama_3_1_8b_instruct,compiler::procedural_reasoning::procedural_0008,procedural_reasoning,validation,meta-llama/Llama-3.1-8B-Instruct,late__all__r16,0.2,0.0,0.5,0.9958333333333333,0.4239583333333333,1,11
llama_3_1_8b_instruct,compiler::procedural_reasoning::procedural_0008,procedural_reasoning,validation,meta-llama/Llama-3.1-8B-Instruct,middle__all__r16,0.1,0.0,0.6666666666666666,0.975,0.4354166666666667,1,11
llama_3_1_8b_instruct,compiler::procedural_reasoning::procedural_0009,procedural_reasoning,train,meta-llama/Llama-3.1-8B-Instruct,early__all__r16,0.1,0.0,0.0,0.9916666666666667,0.2729166666666667,1,11
llama_3_1_8b_instruct,compiler::procedural_reasoning::procedural_0009,procedural_reasoning,train,meta-llama/Llama-3.1-8B-Instruct,full__all__r4,0.0,0.0,0.3333333333333333,0.9875,0.3302083333333333,1,11
llama_3_1_8b_instruct,compiler::procedural_reasoning::procedural_0009,procedural_reasoning,train,meta-llama/Llama-3.1-8B-Instruct,late__all__r16,0.2,0.0,0.16666666666666666,0.9958333333333333,0.340625,1,11
llama_3_1_8b_instruct,compiler::procedural_reasoning::procedural_0009,procedural_reasoning,train,meta-llama/Llama-3.1-8B-Instruct,middle__all__r16,0.1,0.0,0.6666666666666666,0.975,0.4354166666666667,1,11
llama_3_1_8b_instruct,compiler::procedural_reasoning::procedural_0010,procedural_reasoning,train,meta-llama/Llama-3.1-8B-Instruct,early__all__r16,0.1,0.0,0.0,0.9916666666666667,0.2729166666666667,1,11
llama_3_1_8b_instruct,compiler::procedural_reasoning::procedural_0010,procedural_reasoning,train,meta-llama/Llama-3.1-8B-Instruct,full__all__r4,0.1,0.0,0.5,0.9875,0.39687500000000003,1,11
llama_3_1_8b_instruct,compiler::procedural_reasoning::procedural_0010,procedural_reasoning,train,meta-llama/Llama-3.1-8B-Instruct,late__all__r16,0.1,0.0,0.5,0.9958333333333333,0.39895833333333336,1,11
llama_3_1_8b_instruct,compiler::procedural_reasoning::procedural_0010,procedural_reasoning,train,meta-llama/Llama-3.1-8B-Instruct,middle__all__r16,0.1,0.0,0.6666666666666666,0.975,0.4354166666666667,1,11
llama_3_1_8b_instruct,compiler::procedural_reasoning::procedural_0011,procedural_reasoning,test,meta-llama/Llama-3.1-8B-Instruct,early__all__r16,0.10000000000000002,0.0,0.0,0.9861111111111112,0.2715277777777778,3,11|22|33
llama_3_1_8b_instruct,compiler::procedural_reasoning::procedural_0011,procedural_reasoning,test,meta-llama/Llama-3.1-8B-Instruct,full__all__r4,0.10000000000000002,0.0,0.27777777777777773,0.9819444444444444,0.3399305555555555,3,11|22|33
llama_3_1_8b_instruct,compiler::procedural_reasoning::procedural_0011,procedural_reasoning,test,meta-llama/Llama-3.1-8B-Instruct,late__all__r16,0.19999999999999998,0.0,0.27777777777777773,0.9958333333333332,0.36840277777777775,3,11|22|33
llama_3_1_8b_instruct,compiler::procedural_reasoning::procedural_0011,procedural_reasoning,test,meta-llama/Llama-3.1-8B-Instruct,middle__all__r16,0.10000000000000002,0.0,0.7777777777777778,0.9736111111111111,0.46284722222222224,3,11|22|33
llama_3_1_8b_instruct,compiler::procedural_reasoning::procedural_0012,procedural_reasoning,train,meta-llama/Llama-3.1-8B-Instruct,early__all__r16,0.1,0.0,0.0,0.9875,0.27187500000000003,1,11
llama_3_1_8b_instruct,compiler::procedural_reasoning::procedural_0012,procedural_reasoning,train,meta-llama/Llama-3.1-8B-Instruct,full__all__r4,0.1,0.0,0.5,0.9833333333333333,0.3958333333333333,1,11
llama_3_1_8b_instruct,compiler::procedural_reasoning::procedural_0012,procedural_reasoning,train,meta-llama/Llama-3.1-8B-Instruct,late__all__r16,0.3,0.0,0.6666666666666666,0.9958333333333333,0.490625,1,11
llama_3_1_8b_instruct,compiler::procedural_reasoning::procedural_0012,procedural_reasoning,train,meta-llama/Llama-3.1-8B-Instruct,middle__all__r16,0.1,0.0,0.6666666666666666,0.975,0.4354166666666667,1,11
llama_3_1_8b_instruct,compiler::procedural_reasoning::procedural_0013,procedural_reasoning,train,meta-llama/Llama-3.1-8B-Instruct,early__all__r16,0.1,0.0,0.16666666666666666,0.9916666666666667,0.3145833333333333,1,11
llama_3_1_8b_instruct,compiler::procedural_reasoning::procedural_0013,procedural_reasoning,train,meta-llama/Llama-3.1-8B-Instruct,full__all__r4,0.2,0.0,0.5,0.9833333333333333,0.42083333333333334,1,11
llama_3_1_8b_instruct,compiler::procedural_reasoning::procedural_0013,procedural_reasoning,train,meta-llama/Llama-3.1-8B-Instruct,late__all__r16,0.3,0.0,0.5,0.9958333333333333,0.44895833333333335,1,11
llama_3_1_8b_instruct,compiler::procedural_reasoning::procedural_0013,procedural_reasoning,train,meta-llama/Llama-3.1-8B-Instruct,middle__all__r16,0.2,0.0,0.6666666666666666,0.9791666666666666,0.4614583333333333,1,11
llama_3_1_8b_instruct,compiler::procedural_reasoning::procedural_0014,procedural_reasoning,test,meta-llama/Llama-3.1-8B-Instruct,early__all__r16,0.10000000000000002,0.0,0.0,0.9916666666666667,0.2729166666666667,3,11|22|33
llama_3_1_8b_instruct,compiler::procedural_reasoning::procedural_0014,procedural_reasoning,test,meta-llama/Llama-3.1-8B-Instruct,full__all__r4,0.10000000000000002,0.0,0.5,0.9916666666666667,0.3979166666666667,3,11|22|33
llama_3_1_8b_instruct,compiler::procedural_reasoning::procedural_0014,procedural_reasoning,test,meta-llama/Llama-3.1-8B-Instruct,late__all__r16,0.13333333333333333,0.0,0.2222222222222222,0.9930555555555557,0.3371527777777778,3,11|22|33
llama_3_1_8b_instruct,compiler::procedural_reasoning::procedural_0014,procedural_reasoning,test,meta-llama/Llama-3.1-8B-Instruct,middle__all__r16,0.10000000000000002,0.0,0.6666666666666666,0.9847222222222222,0.4378472222222222,3,11|22|33
llama_3_1_8b_instruct,compiler::procedural_reasoning::procedural_0015,procedural_reasoning,test,meta-llama/Llama-3.1-8B-Instruct,early__all__r16,0.10000000000000002,0.0,0.0,0.9888888888888889,0.27222222222222225,3,11|22|33
llama_3_1_8b_instruct,compiler::procedural_reasoning::procedural_0015,procedural_reasoning,test,meta-llama/Llama-3.1-8B-Instruct,full__all__r4,0.0,0.0,0.2222222222222222,0.9861111111111112,0.30208333333333337,3,11|22|33
llama_3_1_8b_instruct,compiler::procedural_reasoning::procedural_0015,procedural_reasoning,test,meta-llama/Llama-3.1-8B-Instruct,late__all__r16,0.20000000000000004,0.0,0.2222222222222222,0.9958333333333332,0.35451388888888885,3,11|22|33
llama_3_1_8b_instruct,compiler::procedural_reasoning::procedural_0015,procedural_reasoning,test,meta-llama/Llama-3.1-8B-Instruct,middle__all__r16,0.10000000000000002,0.0,0.5555555555555555,0.9708333333333333,0.4065972222222222,3,11|22|33
llama_3_1_8b_instruct,compiler::procedural_reasoning::procedural_0016,procedural_reasoning,train,meta-llama/Llama-3.1-8B-Instruct,early__all__r16,0.1,0.0,0.0,0.9916666666666667,0.2729166666666667,1,11
llama_3_1_8b_instruct,compiler::procedural_reasoning::procedural_0016,procedural_reasoning,train,meta-llama/Llama-3.1-8B-Instruct,full__all__r4,0.1,0.0,0.6666666666666666,0.9833333333333333,0.4375,1,11
llama_3_1_8b_instruct,compiler::procedural_reasoning::procedural_0016,procedural_reasoning,train,meta-llama/Llama-3.1-8B-Instruct,late__all__r16,0.1,0.0,0.3333333333333333,0.9958333333333333,0.3572916666666667,1,11
llama_3_1_8b_instruct,compiler::procedural_reasoning::procedural_0016,procedural_reasoning,train,meta-llama/Llama-3.1-8B-Instruct,middle__all__r16,0.1,0.0,0.8333333333333334,0.975,0.47708333333333336,1,11
llama_3_1_8b_instruct,compiler::procedural_reasoning::procedural_0017,procedural_reasoning,train,meta-llama/Llama-3.1-8B-Instruct,early__all__r16,0.1,0.0,0.0,0.9875,0.27187500000000003,1,11
llama_3_1_8b_instruct,compiler::procedural_reasoning::procedural_0017,procedural_reasoning,train,meta-llama/Llama-3.1-8B-Instruct,full__all__r4,0.1,0.0,0.5,0.9875,0.39687500000000003,1,11
llama_3_1_8b_instruct,compiler::procedural_reasoning::procedural_0017,procedural_reasoning,train,meta-llama/Llama-3.1-8B-Instruct,late__all__r16,0.1,0.0,0.16666666666666666,0.9958333333333333,0.315625,1,11
llama_3_1_8b_instruct,compiler::procedural_reasoning::procedural_0017,procedural_reasoning,train,meta-llama/Llama-3.1-8B-Instruct,middle__all__r16,0.1,0.0,0.5,0.9791666666666666,0.39479166666666665,1,11
llama_3_1_8b_instruct,compiler::procedural_reasoning::procedural_0018,procedural_reasoning,train,meta-llama/Llama-3.1-8B-Instruct,early__all__r16,0.1,0.0,0.0,0.9875,0.27187500000000003,1,11
llama_3_1_8b_instruct,compiler::procedural_reasoning::procedural_0018,procedural_reasoning,train,meta-llama/Llama-3.1-8B-Instruct,full__all__r4,0.0,0.0,0.5,0.9833333333333333,0.37083333333333335,1,11
llama_3_1_8b_instruct,compiler::procedural_reasoning::procedural_0018,procedural_reasoning,train,meta-llama/Llama-3.1-8B-Instruct,late__all__r16,0.2,0.0,0.5,0.9958333333333333,0.4239583333333333,1,11
llama_3_1_8b_instruct,compiler::procedural_reasoning::procedural_0018,procedural_reasoning,train,meta-llama/Llama-3.1-8B-Instruct,middle__all__r16,0.1,0.0,0.6666666666666666,0.9708333333333333,0.434375,1,11
llama_3_1_8b_instruct,compiler::procedural_reasoning::procedural_0019,procedural_reasoning,validation,meta-llama/Llama-3.1-8B-Instruct,early__all__r16,0.1,0.0,0.0,0.9875,0.27187500000000003,1,11
llama_3_1_8b_instruct,compiler::procedural_reasoning::procedural_0019,procedural_reasoning,validation,meta-llama/Llama-3.1-8B-Instruct,full__all__r4,0.1,0.0,0.6666666666666666,0.9833333333333333,0.4375,1,11
llama_3_1_8b_instruct,compiler::procedural_reasoning::procedural_0019,procedural_reasoning,validation,meta-llama/Llama-3.1-8B-Instruct,late__all__r16,0.1,0.0,0.6666666666666666,0.9958333333333333,0.440625,1,11
llama_3_1_8b_instruct,compiler::procedural_reasoning::procedural_0019,procedural_reasoning,validation,meta-llama/Llama-3.1-8B-Instruct,middle__all__r16,0.1,0.0,0.8333333333333334,0.9708333333333333,0.4760416666666667,1,11
llama_3_1_8b_instruct,compiler::procedural_reasoning::procedural_0020,procedural_reasoning,train,meta-llama/Llama-3.1-8B-Instruct,early__all__r16,0.1,0.0,0.0,0.9916666666666667,0.2729166666666667,1,11
llama_3_1_8b_instruct,compiler::procedural_reasoning::procedural_0020,procedural_reasoning,train,meta-llama/Llama-3.1-8B-Instruct,full__all__r4,0.1,0.0,0.5,0.9833333333333333,0.3958333333333333,1,11
llama_3_1_8b_instruct,compiler::procedural_reasoning::procedural_0020,procedural_reasoning,train,meta-llama/Llama-3.1-8B-Instruct,late__all__r16,0.1,0.0,0.5,0.9958333333333333,0.39895833333333336,1,11
llama_3_1_8b_instruct,compiler::procedural_reasoning::procedural_0020,procedural_reasoning,train,meta-llama/Llama-3.1-8B-Instruct,middle__all__r16,0.1,0.0,0.8333333333333334,0.975,0.47708333333333336,1,11
llama_3_1_8b_instruct,compiler::procedural_reasoning::procedural_0021,procedural_reasoning,validation,meta-llama/Llama-3.1-8B-Instruct,early__all__r16,0.1,0.0,0.0,0.9958333333333333,0.27395833333333336,1,11
llama_3_1_8b_instruct,compiler::procedural_reasoning::procedural_0021,procedural_reasoning,validation,meta-llama/Llama-3.1-8B-Instruct,full__all__r4,0.1,0.0,0.3333333333333333,0.9916666666666667,0.35625,1,11
llama_3_1_8b_instruct,compiler::procedural_reasoning::procedural_0021,procedural_reasoning,validation,meta-llama/Llama-3.1-8B-Instruct,late__all__r16,0.1,0.0,0.5,0.9958333333333333,0.39895833333333336,1,11
llama_3_1_8b_instruct,compiler::procedural_reasoning::procedural_0021,procedural_reasoning,validation,meta-llama/Llama-3.1-8B-Instruct,middle__all__r16,0.1,0.0,0.8333333333333334,0.9791666666666666,0.478125,1,11
llama_3_1_8b_instruct,compiler::procedural_reasoning::procedural_0022,procedural_reasoning,train,meta-llama/Llama-3.1-8B-Instruct,early__all__r16,0.1,0.0,0.0,0.9916666666666667,0.2729166666666667,1,11
llama_3_1_8b_instruct,compiler::procedural_reasoning::procedural_0022,procedural_reasoning,train,meta-llama/Llama-3.1-8B-Instruct,full__all__r4,0.1,0.0,0.5,0.9875,0.39687500000000003,1,11
llama_3_1_8b_instruct,compiler::procedural_reasoning::procedural_0022,procedural_reasoning,train,meta-llama/Llama-3.1-8B-Instruct,late__all__r16,0.3,0.0,0.5,0.9958333333333333,0.44895833333333335,1,11
llama_3_1_8b_instruct,compiler::procedural_reasoning::procedural_0022,procedural_reasoning,train,meta-llama/Llama-3.1-8B-Instruct,middle__all__r16,0.2,0.0,0.6666666666666666,0.9833333333333333,0.46249999999999997,1,11
llama_3_1_8b_instruct,compiler::procedural_reasoning::procedural_0023,procedural_reasoning,train,meta-llama/Llama-3.1-8B-Instruct,early__all__r16,0.1,0.0,0.16666666666666666,0.9875,0.31354166666666666,1,11
llama_3_1_8b_instruct,compiler::procedural_reasoning::procedural_0023,procedural_reasoning,train,meta-llama/Llama-3.1-8B-Instruct,full__all__r4,0.1,0.0,0.5,0.9833333333333333,0.3958333333333333,1,11
llama_3_1_8b_instruct,compiler::procedural_reasoning::procedural_0023,procedural_reasoning,train,meta-llama/Llama-3.1-8B-Instruct,late__all__r16,0.3,0.0,0.6666666666666666,0.9958333333333333,0.490625,1,11
llama_3_1_8b_instruct,compiler::procedural_reasoning::procedural_0023,procedural_reasoning,train,meta-llama/Llama-3.1-8B-Instruct,middle__all__r16,0.1,0.0,0.8333333333333334,0.975,0.47708333333333336,1,11
llama_3_1_8b_instruct,compiler::procedural_reasoning::procedural_0024,procedural_reasoning,train,meta-llama/Llama-3.1-8B-Instruct,early__all__r16,0.0,0.0,0.0,0.9958333333333333,0.24895833333333334,1,11
llama_3_1_8b_instruct,compiler::procedural_reasoning::procedural_0024,procedural_reasoning,train,meta-llama/Llama-3.1-8B-Instruct,full__all__r4,0.1,0.0,0.6666666666666666,0.9875,0.43854166666666666,1,11
llama_3_1_8b_instruct,compiler::procedural_reasoning::procedural_0024,procedural_reasoning,train,meta-llama/Llama-3.1-8B-Instruct,late__all__r16,0.1,0.0,0.3333333333333333,0.9958333333333333,0.3572916666666667,1,11
llama_3_1_8b_instruct,compiler::procedural_reasoning::procedural_0024,procedural_reasoning,train,meta-llama/Llama-3.1-8B-Instruct,middle__all__r16,0.1,0.0,0.6666666666666666,0.9875,0.43854166666666666,1,11
llama_3_1_8b_instruct,compiler::procedural_reasoning::procedural_0025,procedural_reasoning,train,meta-llama/Llama-3.1-8B-Instruct,early__all__r16,0.1,0.0,0.0,0.9875,0.27187500000000003,1,11
llama_3_1_8b_instruct,compiler::procedural_reasoning::procedural_0025,procedural_reasoning,train,meta-llama/Llama-3.1-8B-Instruct,full__all__r4,0.1,0.0,0.3333333333333333,0.9833333333333333,0.35416666666666663,1,11
llama_3_1_8b_instruct,compiler::procedural_reasoning::procedural_0025,procedural_reasoning,train,meta-llama/Llama-3.1-8B-Instruct,late__all__r16,0.2,0.0,0.3333333333333333,0.9958333333333333,0.3822916666666667,1,11
llama_3_1_8b_instruct,compiler::procedural_reasoning::procedural_0025,procedural_reasoning,train,meta-llama/Llama-3.1-8B-Instruct,middle__all__r16,0.1,0.0,0.5,0.9666666666666667,0.39166666666666666,1,11
llama_3_1_8b_instruct,compiler::procedural_reasoning::procedural_0026,procedural_reasoning,train,meta-llama/Llama-3.1-8B-Instruct,early__all__r16,0.1,0.0,0.0,0.9875,0.27187500000000003,1,11
llama_3_1_8b_instruct,compiler::procedural_reasoning::procedural_0026,procedural_reasoning,train,meta-llama/Llama-3.1-8B-Instruct,full__all__r4,0.1,0.0,0.6666666666666666,0.9833333333333333,0.4375,1,11
llama_3_1_8b_instruct,compiler::procedural_reasoning::procedural_0026,procedural_reasoning,train,meta-llama/Llama-3.1-8B-Instruct,late__all__r16,0.1,0.0,0.3333333333333333,0.9958333333333333,0.3572916666666667,1,11
llama_3_1_8b_instruct,compiler::procedural_reasoning::procedural_0026,procedural_reasoning,train,meta-llama/Llama-3.1-8B-Instruct,middle__all__r16,0.1,0.0,0.8333333333333334,0.975,0.47708333333333336,1,11
llama_3_1_8b_instruct,compiler::procedural_reasoning::procedural_0027,procedural_reasoning,validation,meta-llama/Llama-3.1-8B-Instruct,early__all__r16,0.1,0.0,0.16666666666666666,0.9916666666666667,0.3145833333333333,1,11
llama_3_1_8b_instruct,compiler::procedural_reasoning::procedural_0027,procedural_reasoning,validation,meta-llama/Llama-3.1-8B-Instruct,full__all__r4,0.1,0.0,0.6666666666666666,0.9875,0.43854166666666666,1,11
llama_3_1_8b_instruct,compiler::procedural_reasoning::procedural_0027,procedural_reasoning,validation,meta-llama/Llama-3.1-8B-Instruct,late__all__r16,0.1,0.0,0.16666666666666666,0.9958333333333333,0.315625,1,11
llama_3_1_8b_instruct,compiler::procedural_reasoning::procedural_0027,procedural_reasoning,validation,meta-llama/Llama-3.1-8B-Instruct,middle__all__r16,0.1,0.0,0.8333333333333334,0.9791666666666666,0.478125,1,11
llama_3_1_8b_instruct,compiler::procedural_reasoning::procedural_0028,procedural_reasoning,train,meta-llama/Llama-3.1-8B-Instruct,early__all__r16,0.1,0.0,0.16666666666666666,0.9875,0.31354166666666666,1,11
llama_3_1_8b_instruct,compiler::procedural_reasoning::procedural_0028,procedural_reasoning,train,meta-llama/Llama-3.1-8B-Instruct,full__all__r4,0.0,0.0,0.5,0.9833333333333333,0.37083333333333335,1,11
llama_3_1_8b_instruct,compiler::procedural_reasoning::procedural_0028,procedural_reasoning,train,meta-llama/Llama-3.1-8B-Instruct,late__all__r16,0.3,0.0,0.5,0.9958333333333333,0.44895833333333335,1,11
llama_3_1_8b_instruct,compiler::procedural_reasoning::procedural_0028,procedural_reasoning,train,meta-llama/Llama-3.1-8B-Instruct,middle__all__r16,0.0,0.0,0.6666666666666666,0.9708333333333333,0.409375,1,11
llama_3_1_8b_instruct,compiler::procedural_reasoning::procedural_0029,procedural_reasoning,train,meta-llama/Llama-3.1-8B-Instruct,early__all__r16,0.1,0.0,0.0,0.9916666666666667,0.2729166666666667,1,11
llama_3_1_8b_instruct,compiler::procedural_reasoning::procedural_0029,procedural_reasoning,train,meta-llama/Llama-3.1-8B-Instruct,full__all__r4,0.0,0.0,0.5,0.9833333333333333,0.37083333333333335,1,11
llama_3_1_8b_instruct,compiler::procedural_reasoning::procedural_0029,procedural_reasoning,train,meta-llama/Llama-3.1-8B-Instruct,late__all__r16,0.1,0.0,0.16666666666666666,0.9958333333333333,0.315625,1,11
llama_3_1_8b_instruct,compiler::procedural_reasoning::procedural_0029,procedural_reasoning,train,meta-llama/Llama-3.1-8B-Instruct,middle__all__r16,0.1,0.0,0.6666666666666666,0.9666666666666667,0.43333333333333335,1,11
llama_3_1_8b_instruct,compiler::procedural_reasoning::procedural_0030,procedural_reasoning,train,meta-llama/Llama-3.1-8B-Instruct,early__all__r16,0.1,0.0,0.0,0.9875,0.27187500000000003,1,11
llama_3_1_8b_instruct,compiler::procedural_reasoning::procedural_0030,procedural_reasoning,train,meta-llama/Llama-3.1-8B-Instruct,full__all__r4,0.1,0.0,0.5,0.9833333333333333,0.3958333333333333,1,11
llama_3_1_8b_instruct,compiler::procedural_reasoning::procedural_0030,procedural_reasoning,train,meta-llama/Llama-3.1-8B-Instruct,late__all__r16,0.1,0.0,0.5,0.9958333333333333,0.39895833333333336,1,11
llama_3_1_8b_instruct,compiler::procedural_reasoning::procedural_0030,procedural_reasoning,train,meta-llama/Llama-3.1-8B-Instruct,middle__all__r16,0.1,0.0,0.8333333333333334,0.975,0.47708333333333336,1,11
llama_3_1_8b_instruct,compiler::procedural_reasoning::procedural_0031,procedural_reasoning,validation,meta-llama/Llama-3.1-8B-Instruct,early__all__r16,0.1,0.0,0.0,0.9916666666666667,0.2729166666666667,1,11
llama_3_1_8b_instruct,compiler::procedural_reasoning::procedural_0031,procedural_reasoning,validation,meta-llama/Llama-3.1-8B-Instruct,full__all__r4,0.1,0.0,0.3333333333333333,0.9875,0.35520833333333335,1,11
llama_3_1_8b_instruct,compiler::procedural_reasoning::procedural_0031,procedural_reasoning,validation,meta-llama/Llama-3.1-8B-Instruct,late__all__r16,0.1,0.0,0.3333333333333333,0.9958333333333333,0.3572916666666667,1,11
llama_3_1_8b_instruct,compiler::procedural_reasoning::procedural_0031,procedural_reasoning,validation,meta-llama/Llama-3.1-8B-Instruct,middle__all__r16,0.1,0.0,0.6666666666666666,0.9708333333333333,0.434375,1,11
llama_3_1_8b_instruct,compiler::procedural_reasoning::procedural_0032,procedural_reasoning,test,meta-llama/Llama-3.1-8B-Instruct,early__all__r16,0.10000000000000002,0.0,0.0,0.9902777777777777,0.2725694444444444,3,11|22|33
llama_3_1_8b_instruct,compiler::procedural_reasoning::procedural_0032,procedural_reasoning,test,meta-llama/Llama-3.1-8B-Instruct,full__all__r4,0.20000000000000004,0.0,0.5555555555555555,0.9819444444444444,0.43437499999999996,3,11|22|33
llama_3_1_8b_instruct,compiler::procedural_reasoning::procedural_0032,procedural_reasoning,test,meta-llama/Llama-3.1-8B-Instruct,late__all__r16,0.3,0.05555555555555555,0.5555555555555555,0.9958333333333332,0.4767361111111111,3,11|22|33
llama_3_1_8b_instruct,compiler::procedural_reasoning::procedural_0032,procedural_reasoning,test,meta-llama/Llama-3.1-8B-Instruct,middle__all__r16,0.20000000000000004,0.0,0.6666666666666666,0.9763888888888889,0.46076388888888886,3,11|22|33
llama_3_1_8b_instruct,compiler::procedural_reasoning::procedural_0033,procedural_reasoning,train,meta-llama/Llama-3.1-8B-Instruct,early__all__r16,0.1,0.0,0.16666666666666666,0.9875,0.31354166666666666,1,11
llama_3_1_8b_instruct,compiler::procedural_reasoning::procedural_0033,procedural_reasoning,train,meta-llama/Llama-3.1-8B-Instruct,full__all__r4,0.2,0.0,0.5,0.9833333333333333,0.42083333333333334,1,11
llama_3_1_8b_instruct,compiler::procedural_reasoning::procedural_0033,procedural_reasoning,train,meta-llama/Llama-3.1-8B-Instruct,late__all__r16,0.2,0.0,0.6666666666666666,0.9958333333333333,0.465625,1,11
llama_3_1_8b_instruct,compiler::procedural_reasoning::procedural_0033,procedural_reasoning,train,meta-llama/Llama-3.1-8B-Instruct,middle__all__r16,0.1,0.0,0.8333333333333334,0.9791666666666666,0.478125,1,11
llama_3_1_8b_instruct,compiler::procedural_reasoning::procedural_0034,procedural_reasoning,train,meta-llama/Llama-3.1-8B-Instruct,early__all__r16,0.1,0.0,0.3333333333333333,0.9916666666666667,0.35625,1,11
llama_3_1_8b_instruct,compiler::procedural_reasoning::procedural_0034,procedural_reasoning,train,meta-llama/Llama-3.1-8B-Instruct,full__all__r4,0.1,0.0,0.6666666666666666,0.9833333333333333,0.4375,1,11
llama_3_1_8b_instruct,compiler::procedural_reasoning::procedural_0034,procedural_reasoning,train,meta-llama/Llama-3.1-8B-Instruct,late__all__r16,0.1,0.0,0.6666666666666666,0.9958333333333333,0.440625,1,11
llama_3_1_8b_instruct,compiler::procedural_reasoning::procedural_0034,procedural_reasoning,train,meta-llama/Llama-3.1-8B-Instruct,middle__all__r16,0.1,0.0,0.6666666666666666,0.9875,0.43854166666666666,1,11
llama_3_1_8b_instruct,compiler::procedural_reasoning::procedural_0035,procedural_reasoning,train,meta-llama/Llama-3.1-8B-Instruct,early__all__r16,0.1,0.0,0.0,0.9875,0.27187500000000003,1,11
llama_3_1_8b_instruct,compiler::procedural_reasoning::procedural_0035,procedural_reasoning,train,meta-llama/Llama-3.1-8B-Instruct,full__all__r4,0.1,0.0,0.3333333333333333,0.9833333333333333,0.35416666666666663,1,11
llama_3_1_8b_instruct,compiler::procedural_reasoning::procedural_0035,procedural_reasoning,train,meta-llama/Llama-3.1-8B-Instruct,late__all__r16,0.2,0.0,0.3333333333333333,0.9958333333333333,0.3822916666666667,1,11
llama_3_1_8b_instruct,compiler::procedural_reasoning::procedural_0035,procedural_reasoning,train,meta-llama/Llama-3.1-8B-Instruct,middle__all__r16,0.1,0.0,0.5,0.9708333333333333,0.3927083333333333,1,11
llama_3_1_8b_instruct,compiler::procedural_reasoning::procedural_0036,procedural_reasoning,validation,meta-llama/Llama-3.1-8B-Instruct,early__all__r16,0.1,0.0,0.0,0.9833333333333333,0.2708333333333333,1,11
llama_3_1_8b_instruct,compiler::procedural_reasoning::procedural_0036,procedural_reasoning,validation,meta-llama/Llama-3.1-8B-Instruct,full__all__r4,0.1,0.0,0.6666666666666666,0.9833333333333333,0.4375,1,11
llama_3_1_8b_instruct,compiler::procedural_reasoning::procedural_0036,procedural_reasoning,validation,meta-llama/Llama-3.1-8B-Instruct,late__all__r16,0.1,0.0,0.5,0.9958333333333333,0.39895833333333336,1,11
llama_3_1_8b_instruct,compiler::procedural_reasoning::procedural_0036,procedural_reasoning,validation,meta-llama/Llama-3.1-8B-Instruct,middle__all__r16,0.1,0.0,0.8333333333333334,0.9708333333333333,0.4760416666666667,1,11
llama_3_1_8b_instruct,compiler::procedural_reasoning::procedural_0037,procedural_reasoning,validation,meta-llama/Llama-3.1-8B-Instruct,early__all__r16,0.1,0.0,0.16666666666666666,0.9916666666666667,0.3145833333333333,1,11
llama_3_1_8b_instruct,compiler::procedural_reasoning::procedural_0037,procedural_reasoning,validation,meta-llama/Llama-3.1-8B-Instruct,full__all__r4,0.1,0.0,0.6666666666666666,0.9875,0.43854166666666666,1,11
llama_3_1_8b_instruct,compiler::procedural_reasoning::procedural_0037,procedural_reasoning,validation,meta-llama/Llama-3.1-8B-Instruct,late__all__r16,0.1,0.0,0.3333333333333333,0.9958333333333333,0.3572916666666667,1,11
llama_3_1_8b_instruct,compiler::procedural_reasoning::procedural_0037,procedural_reasoning,validation,meta-llama/Llama-3.1-8B-Instruct,middle__all__r16,0.1,0.0,0.6666666666666666,0.9833333333333333,0.4375,1,11
llama_3_1_8b_instruct,compiler::procedural_reasoning::procedural_0038,procedural_reasoning,validation,meta-llama/Llama-3.1-8B-Instruct,early__all__r16,0.1,0.0,0.0,0.9875,0.27187500000000003,1,11
llama_3_1_8b_instruct,compiler::procedural_reasoning::procedural_0038,procedural_reasoning,validation,meta-llama/Llama-3.1-8B-Instruct,full__all__r4,0.1,0.0,0.6666666666666666,0.9833333333333333,0.4375,1,11
llama_3_1_8b_instruct,compiler::procedural_reasoning::procedural_0038,procedural_reasoning,validation,meta-llama/Llama-3.1-8B-Instruct,late__all__r16,0.3,0.0,0.5,0.9958333333333333,0.44895833333333335,1,11
llama_3_1_8b_instruct,compiler::procedural_reasoning::procedural_0038,procedural_reasoning,validation,meta-llama/Llama-3.1-8B-Instruct,middle__all__r16,0.0,0.0,0.6666666666666666,0.9708333333333333,0.409375,1,11
llama_3_1_8b_instruct,compiler::procedural_reasoning::procedural_0039,procedural_reasoning,train,meta-llama/Llama-3.1-8B-Instruct,early__all__r16,0.1,0.0,0.0,0.9875,0.27187500000000003,1,11
llama_3_1_8b_instruct,compiler::procedural_reasoning::procedural_0039,procedural_reasoning,train,meta-llama/Llama-3.1-8B-Instruct,full__all__r4,0.0,0.0,0.5,0.9833333333333333,0.37083333333333335,1,11
llama_3_1_8b_instruct,compiler::procedural_reasoning::procedural_0039,procedural_reasoning,train,meta-llama/Llama-3.1-8B-Instruct,late__all__r16,0.1,0.0,0.3333333333333333,0.9958333333333333,0.3572916666666667,1,11
llama_3_1_8b_instruct,compiler::procedural_reasoning::procedural_0039,procedural_reasoning,train,meta-llama/Llama-3.1-8B-Instruct,middle__all__r16,0.1,0.0,0.8333333333333334,0.9708333333333333,0.4760416666666667,1,11
llama_3_1_8b_instruct,compiler::procedural_reasoning::procedural_0040,procedural_reasoning,test,meta-llama/Llama-3.1-8B-Instruct,early__all__r16,0.10000000000000002,0.0,0.0,0.9916666666666667,0.2729166666666667,3,11|22|33
llama_3_1_8b_instruct,compiler::procedural_reasoning::procedural_0040,procedural_reasoning,test,meta-llama/Llama-3.1-8B-Instruct,full__all__r4,0.06666666666666667,0.0,0.5,0.986111111111111,0.38819444444444445,3,11|22|33
llama_3_1_8b_instruct,compiler::procedural_reasoning::procedural_0040,procedural_reasoning,test,meta-llama/Llama-3.1-8B-Instruct,late__all__r16,0.10000000000000002,0.0,0.1111111111111111,0.9972222222222222,0.3020833333333333,3,11|22|33
llama_3_1_8b_instruct,compiler::procedural_reasoning::procedural_0040,procedural_reasoning,test,meta-llama/Llama-3.1-8B-Instruct,middle__all__r16,0.10000000000000002,0.0,0.7777777777777778,0.9777777777777777,0.4638888888888889,3,11|22|33
llama_3_1_8b_instruct,compiler::procedural_reasoning::procedural_0041,procedural_reasoning,validation,meta-llama/Llama-3.1-8B-Instruct,early__all__r16,0.1,0.0,0.0,0.9875,0.27187500000000003,1,11
llama_3_1_8b_instruct,compiler::procedural_reasoning::procedural_0041,procedural_reasoning,validation,meta-llama/Llama-3.1-8B-Instruct,full__all__r4,0.1,0.0,0.5,0.9875,0.39687500000000003,1,11
llama_3_1_8b_instruct,compiler::procedural_reasoning::procedural_0041,procedural_reasoning,validation,meta-llama/Llama-3.1-8B-Instruct,late__all__r16,0.1,0.0,0.16666666666666666,0.9958333333333333,0.315625,1,11
llama_3_1_8b_instruct,compiler::procedural_reasoning::procedural_0041,procedural_reasoning,validation,meta-llama/Llama-3.1-8B-Instruct,middle__all__r16,0.1,0.0,0.8333333333333334,0.9791666666666666,0.478125,1,11
llama_3_1_8b_instruct,compiler::procedural_reasoning::procedural_0042,procedural_reasoning,train,meta-llama/Llama-3.1-8B-Instruct,early__all__r16,0.0,0.0,0.0,0.9916666666666667,0.24791666666666667,1,11
llama_3_1_8b_instruct,compiler::procedural_reasoning::procedural_0042,procedural_reasoning,train,meta-llama/Llama-3.1-8B-Instruct,full__all__r4,0.1,0.0,0.5,0.9791666666666666,0.39479166666666665,1,11
llama_3_1_8b_instruct,compiler::procedural_reasoning::procedural_0042,procedural_reasoning,train,meta-llama/Llama-3.1-8B-Instruct,late__all__r16,0.3,0.16666666666666666,0.6666666666666666,0.9958333333333333,0.5322916666666666,1,11
llama_3_1_8b_instruct,compiler::procedural_reasoning::procedural_0042,procedural_reasoning,train,meta-llama/Llama-3.1-8B-Instruct,middle__all__r16,0.2,0.0,0.5,0.975,0.41875,1,11
llama_3_1_8b_instruct,compiler::procedural_reasoning::procedural_0043,procedural_reasoning,test,meta-llama/Llama-3.1-8B-Instruct,early__all__r16,0.10000000000000002,0.0,0.0,0.9930555555555557,0.2732638888888889,3,11|22|33
llama_3_1_8b_instruct,compiler::procedural_reasoning::procedural_0043,procedural_reasoning,test,meta-llama/Llama-3.1-8B-Instruct,full__all__r4,0.20000000000000004,0.0,0.5,0.9874999999999999,0.421875,3,11|22|33
llama_3_1_8b_instruct,compiler::procedural_reasoning::procedural_0043,procedural_reasoning,test,meta-llama/Llama-3.1-8B-Instruct,late__all__r16,0.3,0.0,0.5,0.9958333333333332,0.4489583333333333,3,11|22|33
llama_3_1_8b_instruct,compiler::procedural_reasoning::procedural_0043,procedural_reasoning,test,meta-llama/Llama-3.1-8B-Instruct,middle__all__r16,0.16666666666666666,0.0,0.7222222222222222,0.9819444444444444,0.46770833333333334,3,11|22|33
llama_3_1_8b_instruct,compiler::procedural_reasoning::procedural_0044,procedural_reasoning,train,meta-llama/Llama-3.1-8B-Instruct,early__all__r16,0.1,0.0,0.0,0.9916666666666667,0.2729166666666667,1,11
llama_3_1_8b_instruct,compiler::procedural_reasoning::procedural_0044,procedural_reasoning,train,meta-llama/Llama-3.1-8B-Instruct,full__all__r4,0.1,0.0,0.5,0.9916666666666667,0.3979166666666667,1,11
llama_3_1_8b_instruct,compiler::procedural_reasoning::procedural_0044,procedural_reasoning,train,meta-llama/Llama-3.1-8B-Instruct,late__all__r16,0.1,0.0,0.5,0.9958333333333333,0.39895833333333336,1,11
llama_3_1_8b_instruct,compiler::procedural_reasoning::procedural_0044,procedural_reasoning,train,meta-llama/Llama-3.1-8B-Instruct,middle__all__r16,0.1,0.0,0.6666666666666666,0.9833333333333333,0.4375,1,11
llama_3_1_8b_instruct,compiler::procedural_reasoning::procedural_0045,procedural_reasoning,train,meta-llama/Llama-3.1-8B-Instruct,early__all__r16,0.1,0.0,0.0,0.9916666666666667,0.2729166666666667,1,11
llama_3_1_8b_instruct,compiler::procedural_reasoning::procedural_0045,procedural_reasoning,train,meta-llama/Llama-3.1-8B-Instruct,full__all__r4,0.1,0.0,0.3333333333333333,0.9916666666666667,0.35625,1,11
llama_3_1_8b_instruct,compiler::procedural_reasoning::procedural_0045,procedural_reasoning,train,meta-llama/Llama-3.1-8B-Instruct,late__all__r16,0.2,0.0,0.16666666666666666,1.0,0.3416666666666667,1,11
llama_3_1_8b_instruct,compiler::procedural_reasoning::procedural_0045,procedural_reasoning,train,meta-llama/Llama-3.1-8B-Instruct,middle__all__r16,0.1,0.0,0.5,0.975,0.39375,1,11
llama_3_1_8b_instruct,compiler::procedural_reasoning::procedural_0046,procedural_reasoning,train,meta-llama/Llama-3.1-8B-Instruct,early__all__r16,0.1,0.0,0.0,0.9875,0.27187500000000003,1,11
llama_3_1_8b_instruct,compiler::procedural_reasoning::procedural_0046,procedural_reasoning,train,meta-llama/Llama-3.1-8B-Instruct,full__all__r4,0.0,0.0,0.6666666666666666,0.9875,0.4135416666666667,1,11
llama_3_1_8b_instruct,compiler::procedural_reasoning::procedural_0046,procedural_reasoning,train,meta-llama/Llama-3.1-8B-Instruct,late__all__r16,0.1,0.0,0.5,0.9916666666666667,0.3979166666666667,1,11
llama_3_1_8b_instruct,compiler::procedural_reasoning::procedural_0046,procedural_reasoning,train,meta-llama/Llama-3.1-8B-Instruct,middle__all__r16,0.1,0.0,0.6666666666666666,0.9791666666666666,0.43645833333333334,1,11
llama_3_1_8b_instruct,compiler::procedural_reasoning::procedural_0047,procedural_reasoning,test,meta-llama/Llama-3.1-8B-Instruct,early__all__r16,0.10000000000000002,0.0,0.0,0.9916666666666667,0.2729166666666667,3,11|22|33
llama_3_1_8b_instruct,compiler::procedural_reasoning::procedural_0047,procedural_reasoning,test,meta-llama/Llama-3.1-8B-Instruct,full__all__r4,0.10000000000000002,0.0,0.38888888888888884,0.9902777777777777,0.36979166666666663,3,11|22|33
llama_3_1_8b_instruct,compiler::procedural_reasoning::procedural_0047,procedural_reasoning,test,meta-llama/Llama-3.1-8B-Instruct,late__all__r16,0.10000000000000002,0.0,0.1111111111111111,0.9958333333333332,0.3017361111111111,3,11|22|33
llama_3_1_8b_instruct,compiler::procedural_reasoning::procedural_0047,procedural_reasoning,test,meta-llama/Llama-3.1-8B-Instruct,middle__all__r16,0.10000000000000002,0.0,0.611111111111111,0.9805555555555555,0.42291666666666666,3,11|22|33
llama_3_1_8b_instruct,compiler::procedural_reasoning::procedural_0048,procedural_reasoning,train,meta-llama/Llama-3.1-8B-Instruct,early__all__r16,0.1,0.0,0.0,0.9916666666666667,0.2729166666666667,1,11
llama_3_1_8b_instruct,compiler::procedural_reasoning::procedural_0048,procedural_reasoning,train,meta-llama/Llama-3.1-8B-Instruct,full__all__r4,0.1,0.0,0.5,0.9833333333333333,0.3958333333333333,1,11
llama_3_1_8b_instruct,compiler::procedural_reasoning::procedural_0048,procedural_reasoning,train,meta-llama/Llama-3.1-8B-Instruct,late__all__r16,0.2,0.0,0.5,0.9958333333333333,0.4239583333333333,1,11
llama_3_1_8b_instruct,compiler::procedural_reasoning::procedural_0048,procedural_reasoning,train,meta-llama/Llama-3.1-8B-Instruct,middle__all__r16,0.1,0.0,0.6666666666666666,0.975,0.4354166666666667,1,11
llama_3_1_8b_instruct,compiler::procedural_reasoning::procedural_0049,procedural_reasoning,train,meta-llama/Llama-3.1-8B-Instruct,early__all__r16,0.1,0.0,0.0,0.9916666666666667,0.2729166666666667,1,11
llama_3_1_8b_instruct,compiler::procedural_reasoning::procedural_0049,procedural_reasoning,train,meta-llama/Llama-3.1-8B-Instruct,full__all__r4,0.1,0.0,0.6666666666666666,0.9833333333333333,0.4375,1,11
llama_3_1_8b_instruct,compiler::procedural_reasoning::procedural_0049,procedural_reasoning,train,meta-llama/Llama-3.1-8B-Instruct,late__all__r16,0.1,0.0,0.16666666666666666,0.9958333333333333,0.315625,1,11
llama_3_1_8b_instruct,compiler::procedural_reasoning::procedural_0049,procedural_reasoning,train,meta-llama/Llama-3.1-8B-Instruct,middle__all__r16,0.1,0.0,0.6666666666666666,0.9791666666666666,0.43645833333333334,1,11
llama_3_1_8b_instruct,compiler::procedural_reasoning::procedural_0050,procedural_reasoning,test,meta-llama/Llama-3.1-8B-Instruct,early__all__r16,0.10000000000000002,0.0,0.0,0.9902777777777777,0.2725694444444444,3,11|22|33
llama_3_1_8b_instruct,compiler::procedural_reasoning::procedural_0050,procedural_reasoning,test,meta-llama/Llama-3.1-8B-Instruct,full__all__r4,0.06666666666666667,0.0,0.5,0.9847222222222222,0.38784722222222223,3,11|22|33
llama_3_1_8b_instruct,compiler::procedural_reasoning::procedural_0050,procedural_reasoning,test,meta-llama/Llama-3.1-8B-Instruct,late__all__r16,0.10000000000000002,0.0,0.27777777777777773,0.9958333333333332,0.3434027777777777,3,11|22|33
llama_3_1_8b_instruct,compiler::procedural_reasoning::procedural_0050,procedural_reasoning,test,meta-llama/Llama-3.1-8B-Instruct,middle__all__r16,0.10000000000000002,0.0,0.8333333333333334,0.9694444444444444,0.4756944444444445,3,11|22|33
llama_3_1_8b_instruct,compiler::procedural_reasoning::procedural_0051,procedural_reasoning,train,meta-llama/Llama-3.1-8B-Instruct,early__all__r16,0.1,0.0,0.0,0.9916666666666667,0.2729166666666667,1,11
llama_3_1_8b_instruct,compiler::procedural_reasoning::procedural_0051,procedural_reasoning,train,meta-llama/Llama-3.1-8B-Instruct,full__all__r4,0.1,0.0,0.5,0.9916666666666667,0.3979166666666667,1,11
llama_3_1_8b_instruct,compiler::procedural_reasoning::procedural_0051,procedural_reasoning,train,meta-llama/Llama-3.1-8B-Instruct,late__all__r16,0.1,0.0,0.3333333333333333,0.9958333333333333,0.3572916666666667,1,11
llama_3_1_8b_instruct,compiler::procedural_reasoning::procedural_0051,procedural_reasoning,train,meta-llama/Llama-3.1-8B-Instruct,middle__all__r16,0.1,0.0,0.8333333333333334,0.9791666666666666,0.478125,1,11
llama_3_1_8b_instruct,compiler::procedural_reasoning::procedural_0052,procedural_reasoning,train,meta-llama/Llama-3.1-8B-Instruct,early__all__r16,0.1,0.0,0.0,0.9875,0.27187500000000003,1,11
llama_3_1_8b_instruct,compiler::procedural_reasoning::procedural_0052,procedural_reasoning,train,meta-llama/Llama-3.1-8B-Instruct,full__all__r4,0.2,0.0,0.5,0.975,0.41875,1,11
llama_3_1_8b_instruct,compiler::procedural_reasoning::procedural_0052,procedural_reasoning,train,meta-llama/Llama-3.1-8B-Instruct,late__all__r16,0.4,0.16666666666666666,0.6666666666666666,0.9958333333333333,0.5572916666666666,1,11
llama_3_1_8b_instruct,compiler::procedural_reasoning::procedural_0052,procedural_reasoning,train,meta-llama/Llama-3.1-8B-Instruct,middle__all__r16,0.2,0.0,0.6666666666666666,0.9666666666666667,0.4583333333333333,1,11
llama_3_1_8b_instruct,compiler::procedural_reasoning::procedural_0053,procedural_reasoning,train,meta-llama/Llama-3.1-8B-Instruct,early__all__r16,0.1,0.0,0.16666666666666666,0.9916666666666667,0.3145833333333333,1,11
llama_3_1_8b_instruct,compiler::procedural_reasoning::procedural_0053,procedural_reasoning,train,meta-llama/Llama-3.1-8B-Instruct,full__all__r4,0.2,0.0,0.5,0.9875,0.421875,1,11
llama_3_1_8b_instruct,compiler::procedural_reasoning::procedural_0053,procedural_reasoning,train,meta-llama/Llama-3.1-8B-Instruct,late__all__r16,0.3,0.0,0.5,0.9958333333333333,0.44895833333333335,1,11
llama_3_1_8b_instruct,compiler::procedural_reasoning::procedural_0053,procedural_reasoning,train,meta-llama/Llama-3.1-8B-Instruct,middle__all__r16,0.2,0.0,0.8333333333333334,0.9791666666666666,0.503125,1,11
llama_3_1_8b_instruct,compiler::procedural_reasoning::procedural_0054,procedural_reasoning,train,meta-llama/Llama-3.1-8B-Instruct,early__all__r16,0.1,0.0,0.0,0.9916666666666667,0.2729166666666667,1,11
llama_3_1_8b_instruct,compiler::procedural_reasoning::procedural_0054,procedural_reasoning,train,meta-llama/Llama-3.1-8B-Instruct,full__all__r4,0.1,0.0,0.5,0.9833333333333333,0.3958333333333333,1,11
llama_3_1_8b_instruct,compiler::procedural_reasoning::procedural_0054,procedural_reasoning,train,meta-llama/Llama-3.1-8B-Instruct,late__all__r16,0.1,0.0,0.5,0.9916666666666667,0.3979166666666667,1,11
llama_3_1_8b_instruct,compiler::procedural_reasoning::procedural_0054,procedural_reasoning,train,meta-llama/Llama-3.1-8B-Instruct,middle__all__r16,0.1,0.0,0.6666666666666666,0.9875,0.43854166666666666,1,11
llama_3_1_8b_instruct,compiler::procedural_reasoning::procedural_0055,procedural_reasoning,validation,meta-llama/Llama-3.1-8B-Instruct,early__all__r16,0.1,0.0,0.0,0.9875,0.27187500000000003,1,11
llama_3_1_8b_instruct,compiler::procedural_reasoning::procedural_0055,procedural_reasoning,validation,meta-llama/Llama-3.1-8B-Instruct,full__all__r4,0.1,0.0,0.3333333333333333,0.9833333333333333,0.35416666666666663,1,11
llama_3_1_8b_instruct,compiler::procedural_reasoning::procedural_0055,procedural_reasoning,validation,meta-llama/Llama-3.1-8B-Instruct,late__all__r16,0.2,0.0,0.5,0.9958333333333333,0.4239583333333333,1,11
llama_3_1_8b_instruct,compiler::procedural_reasoning::procedural_0055,procedural_reasoning,validation,meta-llama/Llama-3.1-8B-Instruct,middle__all__r16,0.1,0.0,0.6666666666666666,0.9666666666666667,0.43333333333333335,1,11
llama_3_1_8b_instruct,compiler::procedural_reasoning::procedural_0056,procedural_reasoning,train,meta-llama/Llama-3.1-8B-Instruct,early__all__r16,0.1,0.0,0.0,0.9916666666666667,0.2729166666666667,1,11
llama_3_1_8b_instruct,compiler::procedural_reasoning::procedural_0056,procedural_reasoning,train,meta-llama/Llama-3.1-8B-Instruct,full__all__r4,0.1,0.0,0.6666666666666666,0.9833333333333333,0.4375,1,11
llama_3_1_8b_instruct,compiler::procedural_reasoning::procedural_0056,procedural_reasoning,train,meta-llama/Llama-3.1-8B-Instruct,late__all__r16,0.1,0.0,0.3333333333333333,0.9958333333333333,0.3572916666666667,1,11
llama_3_1_8b_instruct,compiler::procedural_reasoning::procedural_0056,procedural_reasoning,train,meta-llama/Llama-3.1-8B-Instruct,middle__all__r16,0.1,0.0,0.8333333333333334,0.975,0.47708333333333336,1,11
llama_3_1_8b_instruct,compiler::procedural_reasoning::procedural_0057,procedural_reasoning,test,meta-llama/Llama-3.1-8B-Instruct,early__all__r16,0.06666666666666667,0.0,0.0,0.9944444444444445,0.2652777777777778,3,11|22|33
llama_3_1_8b_instruct,compiler::procedural_reasoning::procedural_0057,procedural_reasoning,test,meta-llama/Llama-3.1-8B-Instruct,full__all__r4,0.10000000000000002,0.0,0.27777777777777773,0.9958333333333332,0.3434027777777777,3,11|22|33
llama_3_1_8b_instruct,compiler::procedural_reasoning::procedural_0057,procedural_reasoning,test,meta-llama/Llama-3.1-8B-Instruct,late__all__r16,0.10000000000000002,0.0,0.05555555555555555,0.9958333333333332,0.2878472222222222,3,11|22|33
llama_3_1_8b_instruct,compiler::procedural_reasoning::procedural_0057,procedural_reasoning,test,meta-llama/Llama-3.1-8B-Instruct,middle__all__r16,0.10000000000000002,0.0,0.5555555555555555,0.9847222222222222,0.41006944444444443,3,11|22|33
llama_3_1_8b_instruct,compiler::procedural_reasoning::procedural_0058,procedural_reasoning,train,meta-llama/Llama-3.1-8B-Instruct,early__all__r16,0.1,0.0,0.0,0.9875,0.27187500000000003,1,11
llama_3_1_8b_instruct,compiler::procedural_reasoning::procedural_0058,procedural_reasoning,train,meta-llama/Llama-3.1-8B-Instruct,full__all__r4,0.0,0.0,0.5,0.9833333333333333,0.37083333333333335,1,11
llama_3_1_8b_instruct,compiler::procedural_reasoning::procedural_0058,procedural_reasoning,train,meta-llama/Llama-3.1-8B-Instruct,late__all__r16,0.3,0.0,0.5,0.9958333333333333,0.44895833333333335,1,11
llama_3_1_8b_instruct,compiler::procedural_reasoning::procedural_0058,procedural_reasoning,train,meta-llama/Llama-3.1-8B-Instruct,middle__all__r16,0.1,0.0,0.6666666666666666,0.9708333333333333,0.434375,1,11
llama_3_1_8b_instruct,compiler::procedural_reasoning::procedural_0059,procedural_reasoning,train,meta-llama/Llama-3.1-8B-Instruct,early__all__r16,0.1,0.0,0.0,0.9875,0.27187500000000003,1,11
llama_3_1_8b_instruct,compiler::procedural_reasoning::procedural_0059,procedural_reasoning,train,meta-llama/Llama-3.1-8B-Instruct,full__all__r4,0.0,0.0,0.5,0.9833333333333333,0.37083333333333335,1,11
llama_3_1_8b_instruct,compiler::procedural_reasoning::procedural_0059,procedural_reasoning,train,meta-llama/Llama-3.1-8B-Instruct,late__all__r16,0.1,0.0,0.6666666666666666,0.9958333333333333,0.440625,1,11
llama_3_1_8b_instruct,compiler::procedural_reasoning::procedural_0059,procedural_reasoning,train,meta-llama/Llama-3.1-8B-Instruct,middle__all__r16,0.1,0.0,0.6666666666666666,0.9791666666666666,0.43645833333333334,1,11
llama_3_1_8b_instruct,compiler::procedural_reasoning::procedural_0060,procedural_reasoning,train,meta-llama/Llama-3.1-8B-Instruct,early__all__r16,0.1,0.0,0.0,0.9916666666666667,0.2729166666666667,1,11
llama_3_1_8b_instruct,compiler::procedural_reasoning::procedural_0060,procedural_reasoning,train,meta-llama/Llama-3.1-8B-Instruct,full__all__r4,0.0,0.0,0.5,0.9833333333333333,0.37083333333333335,1,11
llama_3_1_8b_instruct,compiler::procedural_reasoning::procedural_0060,procedural_reasoning,train,meta-llama/Llama-3.1-8B-Instruct,late__all__r16,0.1,0.0,0.5,0.9958333333333333,0.39895833333333336,1,11
llama_3_1_8b_instruct,compiler::procedural_reasoning::procedural_0060,procedural_reasoning,train,meta-llama/Llama-3.1-8B-Instruct,middle__all__r16,0.0,0.0,0.8333333333333334,0.975,0.45208333333333334,1,11
llama_3_1_8b_instruct,compiler::procedural_reasoning::procedural_0061,procedural_reasoning,train,meta-llama/Llama-3.1-8B-Instruct,early__all__r16,0.1,0.0,0.0,0.9875,0.27187500000000003,1,11
llama_3_1_8b_instruct,compiler::procedural_reasoning::procedural_0061,procedural_reasoning,train,meta-llama/Llama-3.1-8B-Instruct,full__all__r4,0.1,0.0,0.5,0.9833333333333333,0.3958333333333333,1,11
llama_3_1_8b_instruct,compiler::procedural_reasoning::procedural_0061,procedural_reasoning,train,meta-llama/Llama-3.1-8B-Instruct,late__all__r16,0.1,0.0,0.3333333333333333,0.9958333333333333,0.3572916666666667,1,11
llama_3_1_8b_instruct,compiler::procedural_reasoning::procedural_0061,procedural_reasoning,train,meta-llama/Llama-3.1-8B-Instruct,middle__all__r16,0.0,0.0,0.8333333333333334,0.9708333333333333,0.4510416666666667,1,11
llama_3_1_8b_instruct,compiler::procedural_reasoning::procedural_0062,procedural_reasoning,validation,meta-llama/Llama-3.1-8B-Instruct,early__all__r16,0.1,0.0,0.0,0.9916666666666667,0.2729166666666667,1,11
llama_3_1_8b_instruct,compiler::procedural_reasoning::procedural_0062,procedural_reasoning,validation,meta-llama/Llama-3.1-8B-Instruct,full__all__r4,0.2,0.0,0.6666666666666666,0.9833333333333333,0.46249999999999997,1,11
llama_3_1_8b_instruct,compiler::procedural_reasoning::procedural_0062,procedural_reasoning,validation,meta-llama/Llama-3.1-8B-Instruct,late__all__r16,0.3,0.16666666666666666,0.6666666666666666,0.9958333333333333,0.5322916666666666,1,11
llama_3_1_8b_instruct,compiler::procedural_reasoning::procedural_0062,procedural_reasoning,validation,meta-llama/Llama-3.1-8B-Instruct,middle__all__r16,0.2,0.0,0.6666666666666666,0.975,0.46041666666666664,1,11
llama_3_1_8b_instruct,compiler::procedural_reasoning::procedural_0063,procedural_reasoning,test,meta-llama/Llama-3.1-8B-Instruct,early__all__r16,0.10000000000000002,0.0,0.16666666666666666,0.9916666666666667,0.3145833333333333,3,11|22|33
llama_3_1_8b_instruct,compiler::procedural_reasoning::procedural_0063,procedural_reasoning,test,meta-llama/Llama-3.1-8B-Instruct,full__all__r4,0.20000000000000004,0.0,0.5,0.9874999999999999,0.421875,3,11|22|33
llama_3_1_8b_instruct,compiler::procedural_reasoning::procedural_0063,procedural_reasoning,test,meta-llama/Llama-3.1-8B-Instruct,late__all__r16,0.3,0.0,0.5,0.9944444444444445,0.4486111111111111,3,11|22|33
llama_3_1_8b_instruct,compiler::procedural_reasoning::procedural_0063,procedural_reasoning,test,meta-llama/Llama-3.1-8B-Instruct,middle__all__r16,0.10000000000000002,0.0,0.7777777777777778,0.9847222222222222,0.465625,3,11|22|33
llama_3_1_8b_instruct,compiler::procedural_reasoning::procedural_0064,procedural_reasoning,test,meta-llama/Llama-3.1-8B-Instruct,early__all__r16,0.10000000000000002,0.0,0.0,0.9916666666666667,0.2729166666666667,3,11|22|33
llama_3_1_8b_instruct,compiler::procedural_reasoning::procedural_0064,procedural_reasoning,test,meta-llama/Llama-3.1-8B-Instruct,full__all__r4,0.10000000000000002,0.0,0.5,0.9847222222222222,0.39618055555555554,3,11|22|33
llama_3_1_8b_instruct,compiler::procedural_reasoning::procedural_0064,procedural_reasoning,test,meta-llama/Llama-3.1-8B-Instruct,late__all__r16,0.10000000000000002,0.0,0.2222222222222222,0.9930555555555557,0.3288194444444445,3,11|22|33
llama_3_1_8b_instruct,compiler::procedural_reasoning::procedural_0064,procedural_reasoning,test,meta-llama/Llama-3.1-8B-Instruct,middle__all__r16,0.10000000000000002,0.0,0.611111111111111,0.9833333333333333,0.4236111111111111,3,11|22|33
llama_3_1_8b_instruct,compiler::procedural_reasoning::procedural_0065,procedural_reasoning,train,meta-llama/Llama-3.1-8B-Instruct,early__all__r16,0.1,0.0,0.0,0.9875,0.27187500000000003,1,11
llama_3_1_8b_instruct,compiler::procedural_reasoning::procedural_0065,procedural_reasoning,train,meta-llama/Llama-3.1-8B-Instruct,full__all__r4,0.1,0.0,0.3333333333333333,0.9833333333333333,0.35416666666666663,1,11
llama_3_1_8b_instruct,compiler::procedural_reasoning::procedural_0065,procedural_reasoning,train,meta-llama/Llama-3.1-8B-Instruct,late__all__r16,0.2,0.0,0.3333333333333333,0.9958333333333333,0.3822916666666667,1,11
llama_3_1_8b_instruct,compiler::procedural_reasoning::procedural_0065,procedural_reasoning,train,meta-llama/Llama-3.1-8B-Instruct,middle__all__r16,0.1,0.0,0.5,0.9583333333333334,0.38958333333333334,1,11
llama_3_1_8b_instruct,compiler::procedural_reasoning::procedural_0066,procedural_reasoning,train,meta-llama/Llama-3.1-8B-Instruct,early__all__r16,0.1,0.0,0.0,0.9833333333333333,0.2708333333333333,1,11
llama_3_1_8b_instruct,compiler::procedural_reasoning::procedural_0066,procedural_reasoning,train,meta-llama/Llama-3.1-8B-Instruct,full__all__r4,0.0,0.0,0.6666666666666666,0.975,0.41041666666666665,1,11
llama_3_1_8b_instruct,compiler::procedural_reasoning::procedural_0066,procedural_reasoning,train,meta-llama/Llama-3.1-8B-Instruct,late__all__r16,0.1,0.0,0.16666666666666666,0.9958333333333333,0.315625,1,11
llama_3_1_8b_instruct,compiler::procedural_reasoning::procedural_0066,procedural_reasoning,train,meta-llama/Llama-3.1-8B-Instruct,middle__all__r16,0.0,0.0,0.5,0.9583333333333334,0.36458333333333337,1,11
llama_3_1_8b_instruct,compiler::procedural_reasoning::procedural_0067,procedural_reasoning,validation,meta-llama/Llama-3.1-8B-Instruct,early__all__r16,0.1,0.0,0.0,0.9875,0.27187500000000003,1,11
llama_3_1_8b_instruct,compiler::procedural_reasoning::procedural_0067,procedural_reasoning,validation,meta-llama/Llama-3.1-8B-Instruct,full__all__r4,0.1,0.0,0.5,0.9875,0.39687500000000003,1,11
llama_3_1_8b_instruct,compiler::procedural_reasoning::procedural_0067,procedural_reasoning,validation,meta-llama/Llama-3.1-8B-Instruct,late__all__r16,0.1,0.0,0.0,0.9958333333333333,0.27395833333333336,1,11
llama_3_1_8b_instruct,compiler::procedural_reasoning::procedural_0067,procedural_reasoning,validation,meta-llama/Llama-3.1-8B-Instruct,middle__all__r16,0.1,0.0,0.6666666666666666,0.9833333333333333,0.4375,1,11
llama_3_1_8b_instruct,compiler::procedural_reasoning::procedural_0068,procedural_reasoning,test,meta-llama/Llama-3.1-8B-Instruct,early__all__r16,0.10000000000000002,0.0,0.0,0.9888888888888889,0.27222222222222225,3,11|22|33
llama_3_1_8b_instruct,compiler::procedural_reasoning::procedural_0068,procedural_reasoning,test,meta-llama/Llama-3.1-8B-Instruct,full__all__r4,0.13333333333333333,0.0,0.5,0.9861111111111112,0.4048611111111111,3,11|22|33
llama_3_1_8b_instruct,compiler::procedural_reasoning::procedural_0068,procedural_reasoning,test,meta-llama/Llama-3.1-8B-Instruct,late__all__r16,0.3,0.0,0.27777777777777773,0.9958333333333332,0.39340277777777777,3,11|22|33
llama_3_1_8b_instruct,compiler::procedural_reasoning::procedural_0068,procedural_reasoning,test,meta-llama/Llama-3.1-8B-Instruct,middle__all__r16,0.10000000000000002,0.0,0.6666666666666666,0.9736111111111111,0.43506944444444445,3,11|22|33
llama_3_1_8b_instruct,compiler::procedural_reasoning::procedural_0069,procedural_reasoning,train,meta-llama/Llama-3.1-8B-Instruct,early__all__r16,0.0,0.0,0.0,0.9875,0.246875,1,11
llama_3_1_8b_instruct,compiler::procedural_reasoning::procedural_0069,procedural_reasoning,train,meta-llama/Llama-3.1-8B-Instruct,full__all__r4,0.0,0.0,0.5,0.9833333333333333,0.37083333333333335,1,11
llama_3_1_8b_instruct,compiler::procedural_reasoning::procedural_0069,procedural_reasoning,train,meta-llama/Llama-3.1-8B-Instruct,late__all__r16,0.1,0.0,0.3333333333333333,0.9958333333333333,0.3572916666666667,1,11
llama_3_1_8b_instruct,compiler::procedural_reasoning::procedural_0069,procedural_reasoning,train,meta-llama/Llama-3.1-8B-Instruct,middle__all__r16,0.1,0.0,0.6666666666666666,0.975,0.4354166666666667,1,11
llama_3_1_8b_instruct,compiler::procedural_reasoning::procedural_0070,procedural_reasoning,train,meta-llama/Llama-3.1-8B-Instruct,early__all__r16,0.1,0.0,0.0,0.9916666666666667,0.2729166666666667,1,11
llama_3_1_8b_instruct,compiler::procedural_reasoning::procedural_0070,procedural_reasoning,train,meta-llama/Llama-3.1-8B-Instruct,full__all__r4,0.0,0.0,0.5,0.9833333333333333,0.37083333333333335,1,11
llama_3_1_8b_instruct,compiler::procedural_reasoning::procedural_0070,procedural_reasoning,train,meta-llama/Llama-3.1-8B-Instruct,late__all__r16,0.1,0.0,0.5,0.9958333333333333,0.39895833333333336,1,11
llama_3_1_8b_instruct,compiler::procedural_reasoning::procedural_0070,procedural_reasoning,train,meta-llama/Llama-3.1-8B-Instruct,middle__all__r16,0.0,0.0,0.6666666666666666,0.975,0.41041666666666665,1,11
llama_3_1_8b_instruct,compiler::procedural_reasoning::procedural_0071,procedural_reasoning,train,meta-llama/Llama-3.1-8B-Instruct,early__all__r16,0.1,0.0,0.0,0.9916666666666667,0.2729166666666667,1,11
llama_3_1_8b_instruct,compiler::procedural_reasoning::procedural_0071,procedural_reasoning,train,meta-llama/Llama-3.1-8B-Instruct,full__all__r4,0.1,0.0,0.5,0.9875,0.39687500000000003,1,11
llama_3_1_8b_instruct,compiler::procedural_reasoning::procedural_0071,procedural_reasoning,train,meta-llama/Llama-3.1-8B-Instruct,late__all__r16,0.1,0.0,0.3333333333333333,0.9958333333333333,0.3572916666666667,1,11
llama_3_1_8b_instruct,compiler::procedural_reasoning::procedural_0071,procedural_reasoning,train,meta-llama/Llama-3.1-8B-Instruct,middle__all__r16,0.1,0.0,0.6666666666666666,0.9791666666666666,0.43645833333333334,1,11
llama_3_1_8b_instruct,compiler::procedural_reasoning::procedural_0072,procedural_reasoning,train,meta-llama/Llama-3.1-8B-Instruct,early__all__r16,0.1,0.0,0.0,0.9875,0.27187500000000003,1,11
llama_3_1_8b_instruct,compiler::procedural_reasoning::procedural_0072,procedural_reasoning,train,meta-llama/Llama-3.1-8B-Instruct,full__all__r4,0.2,0.0,0.5,0.9791666666666666,0.4197916666666667,1,11
llama_3_1_8b_instruct,compiler::procedural_reasoning::procedural_0072,procedural_reasoning,train,meta-llama/Llama-3.1-8B-Instruct,late__all__r16,0.3,0.0,0.6666666666666666,0.9958333333333333,0.490625,1,11
llama_3_1_8b_instruct,compiler::procedural_reasoning::procedural_0072,procedural_reasoning,train,meta-llama/Llama-3.1-8B-Instruct,middle__all__r16,0.2,0.0,0.6666666666666666,0.9666666666666667,0.4583333333333333,1,11
llama_3_1_8b_instruct,compiler::procedural_reasoning::procedural_0073,procedural_reasoning,train,meta-llama/Llama-3.1-8B-Instruct,early__all__r16,0.1,0.0,0.0,0.9916666666666667,0.2729166666666667,1,11
llama_3_1_8b_instruct,compiler::procedural_reasoning::procedural_0073,procedural_reasoning,train,meta-llama/Llama-3.1-8B-Instruct,full__all__r4,0.2,0.0,0.5,0.9875,0.421875,1,11
llama_3_1_8b_instruct,compiler::procedural_reasoning::procedural_0073,procedural_reasoning,train,meta-llama/Llama-3.1-8B-Instruct,late__all__r16,0.3,0.0,0.5,0.9958333333333333,0.44895833333333335,1,11
llama_3_1_8b_instruct,compiler::procedural_reasoning::procedural_0073,procedural_reasoning,train,meta-llama/Llama-3.1-8B-Instruct,middle__all__r16,0.1,0.0,0.6666666666666666,0.9791666666666666,0.43645833333333334,1,11
llama_3_1_8b_instruct,compiler::procedural_reasoning::procedural_0074,procedural_reasoning,train,meta-llama/Llama-3.1-8B-Instruct,early__all__r16,0.1,0.0,0.0,0.9875,0.27187500000000003,1,11
llama_3_1_8b_instruct,compiler::procedural_reasoning::procedural_0074,procedural_reasoning,train,meta-llama/Llama-3.1-8B-Instruct,full__all__r4,0.1,0.0,0.6666666666666666,0.9875,0.43854166666666666,1,11
llama_3_1_8b_instruct,compiler::procedural_reasoning::procedural_0074,procedural_reasoning,train,meta-llama/Llama-3.1-8B-Instruct,late__all__r16,0.1,0.0,0.3333333333333333,0.9958333333333333,0.3572916666666667,1,11
llama_3_1_8b_instruct,compiler::procedural_reasoning::procedural_0074,procedural_reasoning,train,meta-llama/Llama-3.1-8B-Instruct,middle__all__r16,0.1,0.0,0.6666666666666666,0.9833333333333333,0.4375,1,11
llama_3_1_8b_instruct,compiler::procedural_reasoning::procedural_0075,procedural_reasoning,test,meta-llama/Llama-3.1-8B-Instruct,early__all__r16,0.10000000000000002,0.0,0.0,0.9888888888888889,0.27222222222222225,3,11|22|33
llama_3_1_8b_instruct,compiler::procedural_reasoning::procedural_0075,procedural_reasoning,test,meta-llama/Llama-3.1-8B-Instruct,full__all__r4,0.10000000000000002,0.0,0.38888888888888884,0.986111111111111,0.36874999999999997,3,11|22|33
llama_3_1_8b_instruct,compiler::procedural_reasoning::procedural_0075,procedural_reasoning,test,meta-llama/Llama-3.1-8B-Instruct,late__all__r16,0.20000000000000004,0.0,0.2222222222222222,0.9972222222222222,0.3548611111111111,3,11|22|33
llama_3_1_8b_instruct,compiler::procedural_reasoning::procedural_0075,procedural_reasoning,test,meta-llama/Llama-3.1-8B-Instruct,middle__all__r16,0.10000000000000002,0.0,0.5555555555555555,0.9805555555555555,0.40902777777777777,3,11|22|33
llama_3_1_8b_instruct,compiler::procedural_reasoning::procedural_0076,procedural_reasoning,train,meta-llama/Llama-3.1-8B-Instruct,early__all__r16,0.1,0.0,0.0,0.9875,0.27187500000000003,1,11
llama_3_1_8b_instruct,compiler::procedural_reasoning::procedural_0076,procedural_reasoning,train,meta-llama/Llama-3.1-8B-Instruct,full__all__r4,0.1,0.0,0.6666666666666666,0.9833333333333333,0.4375,1,11
llama_3_1_8b_instruct,compiler::procedural_reasoning::procedural_0076,procedural_reasoning,train,meta-llama/Llama-3.1-8B-Instruct,late__all__r16,0.1,0.0,0.3333333333333333,0.9916666666666667,0.35625,1,11
llama_3_1_8b_instruct,compiler::procedural_reasoning::procedural_0076,procedural_reasoning,train,meta-llama/Llama-3.1-8B-Instruct,middle__all__r16,0.1,0.0,0.8333333333333334,0.975,0.47708333333333336,1,11
llama_3_1_8b_instruct,compiler::procedural_reasoning::procedural_0077,procedural_reasoning,test,meta-llama/Llama-3.1-8B-Instruct,early__all__r16,0.10000000000000002,0.0,0.0,0.9902777777777777,0.2725694444444444,3,11|22|33
llama_3_1_8b_instruct,compiler::procedural_reasoning::procedural_0077,procedural_reasoning,test,meta-llama/Llama-3.1-8B-Instruct,full__all__r4,0.03333333333333333,0.0,0.38888888888888884,0.9874999999999999,0.3524305555555555,3,11|22|33
llama_3_1_8b_instruct,compiler::procedural_reasoning::procedural_0077,procedural_reasoning,test,meta-llama/Llama-3.1-8B-Instruct,late__all__r16,0.16666666666666666,0.0,0.05555555555555555,0.9958333333333332,0.30451388888888886,3,11|22|33
llama_3_1_8b_instruct,compiler::procedural_reasoning::procedural_0077,procedural_reasoning,test,meta-llama/Llama-3.1-8B-Instruct,middle__all__r16,0.10000000000000002,0.0,0.611111111111111,0.9819444444444444,0.4232638888888889,3,11|22|33
llama_3_1_8b_instruct,compiler::procedural_reasoning::procedural_0078,procedural_reasoning,train,meta-llama/Llama-3.1-8B-Instruct,early__all__r16,0.1,0.0,0.0,0.9875,0.27187500000000003,1,11
llama_3_1_8b_instruct,compiler::procedural_reasoning::procedural_0078,procedural_reasoning,train,meta-llama/Llama-3.1-8B-Instruct,full__all__r4,0.1,0.0,0.5,0.9833333333333333,0.3958333333333333,1,11
llama_3_1_8b_instruct,compiler::procedural_reasoning::procedural_0078,procedural_reasoning,train,meta-llama/Llama-3.1-8B-Instruct,late__all__r16,0.2,0.0,0.5,0.9958333333333333,0.4239583333333333,1,11
llama_3_1_8b_instruct,compiler::procedural_reasoning::procedural_0078,procedural_reasoning,train,meta-llama/Llama-3.1-8B-Instruct,middle__all__r16,0.1,0.0,0.6666666666666666,0.9708333333333333,0.434375,1,11
llama_3_1_8b_instruct,compiler::procedural_reasoning::procedural_0079,procedural_reasoning,train,meta-llama/Llama-3.1-8B-Instruct,early__all__r16,0.1,0.0,0.0,0.9875,0.27187500000000003,1,11
llama_3_1_8b_instruct,compiler::procedural_reasoning::procedural_0079,procedural_reasoning,train,meta-llama/Llama-3.1-8B-Instruct,full__all__r4,0.0,0.0,0.6666666666666666,0.9833333333333333,0.4125,1,11
llama_3_1_8b_instruct,compiler::procedural_reasoning::procedural_0079,procedural_reasoning,train,meta-llama/Llama-3.1-8B-Instruct,late__all__r16,0.1,0.0,0.3333333333333333,0.9958333333333333,0.3572916666666667,1,11
llama_3_1_8b_instruct,compiler::procedural_reasoning::procedural_0079,procedural_reasoning,train,meta-llama/Llama-3.1-8B-Instruct,middle__all__r16,0.1,0.0,0.6666666666666666,0.9791666666666666,0.43645833333333334,1,11
llama_3_1_8b_instruct,compiler::procedural_reasoning::procedural_0080,procedural_reasoning,test,meta-llama/Llama-3.1-8B-Instruct,early__all__r16,0.10000000000000002,0.0,0.0,0.9916666666666667,0.2729166666666667,3,11|22|33
llama_3_1_8b_instruct,compiler::procedural_reasoning::procedural_0080,procedural_reasoning,test,meta-llama/Llama-3.1-8B-Instruct,full__all__r4,0.10000000000000002,0.0,0.5,0.9847222222222222,0.39618055555555554,3,11|22|33
llama_3_1_8b_instruct,compiler::procedural_reasoning::procedural_0080,procedural_reasoning,test,meta-llama/Llama-3.1-8B-Instruct,late__all__r16,0.10000000000000002,0.0,0.4444444444444444,0.9958333333333332,0.3850694444444444,3,11|22|33
llama_3_1_8b_instruct,compiler::procedural_reasoning::procedural_0080,procedural_reasoning,test,meta-llama/Llama-3.1-8B-Instruct,middle__all__r16,0.10000000000000002,0.0,0.8333333333333334,0.9763888888888889,0.4774305555555556,3,11|22|33
llama_3_1_8b_instruct,compiler::procedural_reasoning::procedural_0081,procedural_reasoning,train,meta-llama/Llama-3.1-8B-Instruct,early__all__r16,0.1,0.0,0.0,0.9916666666666667,0.2729166666666667,1,11
llama_3_1_8b_instruct,compiler::procedural_reasoning::procedural_0081,procedural_reasoning,train,meta-llama/Llama-3.1-8B-Instruct,full__all__r4,0.1,0.0,0.3333333333333333,0.9875,0.35520833333333335,1,11
llama_3_1_8b_instruct,compiler::procedural_reasoning::procedural_0081,procedural_reasoning,train,meta-llama/Llama-3.1-8B-Instruct,late__all__r16,0.2,0.0,0.16666666666666666,0.9958333333333333,0.340625,1,11
llama_3_1_8b_instruct,compiler::procedural_reasoning::procedural_0081,procedural_reasoning,train,meta-llama/Llama-3.1-8B-Instruct,middle__all__r16,0.0,0.0,0.6666666666666666,0.9708333333333333,0.409375,1,11
llama_3_1_8b_instruct,compiler::procedural_reasoning::procedural_0082,procedural_reasoning,train,meta-llama/Llama-3.1-8B-Instruct,early__all__r16,0.1,0.0,0.0,0.9875,0.27187500000000003,1,11
llama_3_1_8b_instruct,compiler::procedural_reasoning::procedural_0082,procedural_reasoning,train,meta-llama/Llama-3.1-8B-Instruct,full__all__r4,0.2,0.0,0.5,0.9833333333333333,0.42083333333333334,1,11
llama_3_1_8b_instruct,compiler::procedural_reasoning::procedural_0082,procedural_reasoning,train,meta-llama/Llama-3.1-8B-Instruct,late__all__r16,0.3,0.0,0.6666666666666666,0.9958333333333333,0.490625,1,11
llama_3_1_8b_instruct,compiler::procedural_reasoning::procedural_0082,procedural_reasoning,train,meta-llama/Llama-3.1-8B-Instruct,middle__all__r16,0.2,0.0,0.6666666666666666,0.975,0.46041666666666664,1,11
llama_3_1_8b_instruct,compiler::procedural_reasoning::procedural_0083,procedural_reasoning,train,meta-llama/Llama-3.1-8B-Instruct,early__all__r16,0.1,0.0,0.0,0.9916666666666667,0.2729166666666667,1,11
llama_3_1_8b_instruct,compiler::procedural_reasoning::procedural_0083,procedural_reasoning,train,meta-llama/Llama-3.1-8B-Instruct,full__all__r4,0.2,0.0,0.5,0.9875,0.421875,1,11
llama_3_1_8b_instruct,compiler::procedural_reasoning::procedural_0083,procedural_reasoning,train,meta-llama/Llama-3.1-8B-Instruct,late__all__r16,0.3,0.0,0.5,0.9958333333333333,0.44895833333333335,1,11
llama_3_1_8b_instruct,compiler::procedural_reasoning::procedural_0083,procedural_reasoning,train,meta-llama/Llama-3.1-8B-Instruct,middle__all__r16,0.1,0.0,0.8333333333333334,0.9791666666666666,0.478125,1,11
llama_3_1_8b_instruct,compiler::procedural_reasoning::procedural_0084,procedural_reasoning,validation,meta-llama/Llama-3.1-8B-Instruct,early__all__r16,0.1,0.0,0.0,0.9875,0.27187500000000003,1,11
llama_3_1_8b_instruct,compiler::procedural_reasoning::procedural_0084,procedural_reasoning,validation,meta-llama/Llama-3.1-8B-Instruct,full__all__r4,0.1,0.0,0.5,0.9875,0.39687500000000003,1,11
llama_3_1_8b_instruct,compiler::procedural_reasoning::procedural_0084,procedural_reasoning,validation,meta-llama/Llama-3.1-8B-Instruct,late__all__r16,0.2,0.0,0.6666666666666666,0.9958333333333333,0.465625,1,11
llama_3_1_8b_instruct,compiler::procedural_reasoning::procedural_0084,procedural_reasoning,validation,meta-llama/Llama-3.1-8B-Instruct,middle__all__r16,0.1,0.0,0.6666666666666666,0.975,0.4354166666666667,1,11
llama_3_1_8b_instruct,compiler::procedural_reasoning::procedural_0085,procedural_reasoning,train,meta-llama/Llama-3.1-8B-Instruct,early__all__r16,0.1,0.0,0.0,0.9958333333333333,0.27395833333333336,1,11
llama_3_1_8b_instruct,compiler::procedural_reasoning::procedural_0085,procedural_reasoning,train,meta-llama/Llama-3.1-8B-Instruct,full__all__r4,0.1,0.0,0.3333333333333333,0.9833333333333333,0.35416666666666663,1,11
llama_3_1_8b_instruct,compiler::procedural_reasoning::procedural_0085,procedural_reasoning,train,meta-llama/Llama-3.1-8B-Instruct,late__all__r16,0.2,0.0,0.3333333333333333,0.9958333333333333,0.3822916666666667,1,11
llama_3_1_8b_instruct,compiler::procedural_reasoning::procedural_0085,procedural_reasoning,train,meta-llama/Llama-3.1-8B-Instruct,middle__all__r16,0.1,0.0,0.6666666666666666,0.975,0.4354166666666667,1,11
llama_3_1_8b_instruct,compiler::procedural_reasoning::procedural_0086,procedural_reasoning,train,meta-llama/Llama-3.1-8B-Instruct,early__all__r16,0.1,0.0,0.0,0.9875,0.27187500000000003,1,11
llama_3_1_8b_instruct,compiler::procedural_reasoning::procedural_0086,procedural_reasoning,train,meta-llama/Llama-3.1-8B-Instruct,full__all__r4,0.1,0.0,0.6666666666666666,0.9833333333333333,0.4375,1,11
llama_3_1_8b_instruct,compiler::procedural_reasoning::procedural_0086,procedural_reasoning,train,meta-llama/Llama-3.1-8B-Instruct,late__all__r16,0.1,0.0,0.5,0.9958333333333333,0.39895833333333336,1,11
llama_3_1_8b_instruct,compiler::procedural_reasoning::procedural_0086,procedural_reasoning,train,meta-llama/Llama-3.1-8B-Instruct,middle__all__r16,0.1,0.0,0.8333333333333334,0.9791666666666666,0.478125,1,11
llama_3_1_8b_instruct,compiler::procedural_reasoning::procedural_0087,procedural_reasoning,train,meta-llama/Llama-3.1-8B-Instruct,early__all__r16,0.1,0.0,0.0,0.9958333333333333,0.27395833333333336,1,11
llama_3_1_8b_instruct,compiler::procedural_reasoning::procedural_0087,procedural_reasoning,train,meta-llama/Llama-3.1-8B-Instruct,full__all__r4,0.1,0.0,0.5,0.9916666666666667,0.3979166666666667,1,11
llama_3_1_8b_instruct,compiler::procedural_reasoning::procedural_0087,procedural_reasoning,train,meta-llama/Llama-3.1-8B-Instruct,late__all__r16,0.1,0.0,0.16666666666666666,0.9958333333333333,0.315625,1,11
llama_3_1_8b_instruct,compiler::procedural_reasoning::procedural_0087,procedural_reasoning,train,meta-llama/Llama-3.1-8B-Instruct,middle__all__r16,0.1,0.0,0.8333333333333334,0.9833333333333333,0.4791666666666667,1,11
llama_3_1_8b_instruct,compiler::procedural_reasoning::procedural_0088,procedural_reasoning,train,meta-llama/Llama-3.1-8B-Instruct,early__all__r16,0.1,0.0,0.0,0.9875,0.27187500000000003,1,11
llama_3_1_8b_instruct,compiler::procedural_reasoning::procedural_0088,procedural_reasoning,train,meta-llama/Llama-3.1-8B-Instruct,full__all__r4,0.1,0.0,0.6666666666666666,0.9833333333333333,0.4375,1,11
llama_3_1_8b_instruct,compiler::procedural_reasoning::procedural_0088,procedural_reasoning,train,meta-llama/Llama-3.1-8B-Instruct,late__all__r16,0.3,0.0,0.5,0.9958333333333333,0.44895833333333335,1,11
llama_3_1_8b_instruct,compiler::procedural_reasoning::procedural_0088,procedural_reasoning,train,meta-llama/Llama-3.1-8B-Instruct,middle__all__r16,0.0,0.0,0.6666666666666666,0.9666666666666667,0.4083333333333333,1,11
llama_3_1_8b_instruct,compiler::procedural_reasoning::procedural_0089,procedural_reasoning,validation,meta-llama/Llama-3.1-8B-Instruct,early__all__r16,0.0,0.0,0.0,0.9916666666666667,0.24791666666666667,1,11
llama_3_1_8b_instruct,compiler::procedural_reasoning::procedural_0089,procedural_reasoning,validation,meta-llama/Llama-3.1-8B-Instruct,full__all__r4,0.1,0.0,0.5,0.9833333333333333,0.3958333333333333,1,11
llama_3_1_8b_instruct,compiler::procedural_reasoning::procedural_0089,procedural_reasoning,validation,meta-llama/Llama-3.1-8B-Instruct,late__all__r16,0.1,0.0,0.3333333333333333,0.9958333333333333,0.3572916666666667,1,11
llama_3_1_8b_instruct,compiler::procedural_reasoning::procedural_0089,procedural_reasoning,validation,meta-llama/Llama-3.1-8B-Instruct,middle__all__r16,0.1,0.0,0.6666666666666666,0.9708333333333333,0.434375,1,11
llama_3_1_8b_instruct,compiler::procedural_reasoning::procedural_0090,procedural_reasoning,test,meta-llama/Llama-3.1-8B-Instruct,early__all__r16,0.10000000000000002,0.0,0.0,0.9902777777777777,0.2725694444444444,3,11|22|33
llama_3_1_8b_instruct,compiler::procedural_reasoning::procedural_0090,procedural_reasoning,test,meta-llama/Llama-3.1-8B-Instruct,full__all__r4,0.10000000000000002,0.0,0.5,0.9833333333333334,0.39583333333333337,3,11|22|33
llama_3_1_8b_instruct,compiler::procedural_reasoning::procedural_0090,procedural_reasoning,test,meta-llama/Llama-3.1-8B-Instruct,late__all__r16,0.10000000000000002,0.0,0.5555555555555555,0.9958333333333332,0.4128472222222222,3,11|22|33
llama_3_1_8b_instruct,compiler::procedural_reasoning::procedural_0090,procedural_reasoning,test,meta-llama/Llama-3.1-8B-Instruct,middle__all__r16,0.10000000000000002,0.0,0.7222222222222222,0.9736111111111111,0.44895833333333335,3,11|22|33
llama_3_1_8b_instruct,compiler::procedural_reasoning::procedural_0091,procedural_reasoning,test,meta-llama/Llama-3.1-8B-Instruct,early__all__r16,0.10000000000000002,0.0,0.0,0.9888888888888889,0.27222222222222225,3,11|22|33
llama_3_1_8b_instruct,compiler::procedural_reasoning::procedural_0091,procedural_reasoning,test,meta-llama/Llama-3.1-8B-Instruct,full__all__r4,0.03333333333333333,0.0,0.38888888888888884,0.9861111111111112,0.35208333333333336,3,11|22|33
llama_3_1_8b_instruct,compiler::procedural_reasoning::procedural_0091,procedural_reasoning,test,meta-llama/Llama-3.1-8B-Instruct,late__all__r16,0.16666666666666666,0.0,0.16666666666666666,0.9958333333333332,0.33229166666666665,3,11|22|33
llama_3_1_8b_instruct,compiler::procedural_reasoning::procedural_0091,procedural_reasoning,test,meta-llama/Llama-3.1-8B-Instruct,middle__all__r16,0.10000000000000002,0.0,0.8333333333333334,0.9777777777777777,0.4777777777777778,3,11|22|33
llama_3_1_8b_instruct,compiler::procedural_reasoning::procedural_0092,procedural_reasoning,train,meta-llama/Llama-3.1-8B-Instruct,early__all__r16,0.1,0.0,0.0,0.9875,0.27187500000000003,1,11
llama_3_1_8b_instruct,compiler::procedural_reasoning::procedural_0092,procedural_reasoning,train,meta-llama/Llama-3.1-8B-Instruct,full__all__r4,0.2,0.0,0.5,0.9833333333333333,0.42083333333333334,1,11
llama_3_1_8b_instruct,compiler::procedural_reasoning::procedural_0092,procedural_reasoning,train,meta-llama/Llama-3.1-8B-Instruct,late__all__r16,0.3,0.16666666666666666,0.6666666666666666,0.9958333333333333,0.5322916666666666,1,11
llama_3_1_8b_instruct,compiler::procedural_reasoning::procedural_0092,procedural_reasoning,train,meta-llama/Llama-3.1-8B-Instruct,middle__all__r16,0.2,0.0,0.6666666666666666,0.9708333333333333,0.459375,1,11
llama_3_1_8b_instruct,compiler::procedural_reasoning::procedural_0093,procedural_reasoning,validation,meta-llama/Llama-3.1-8B-Instruct,early__all__r16,0.1,0.0,0.0,0.9916666666666667,0.2729166666666667,1,11
llama_3_1_8b_instruct,compiler::procedural_reasoning::procedural_0093,procedural_reasoning,validation,meta-llama/Llama-3.1-8B-Instruct,full__all__r4,0.2,0.0,0.5,0.9833333333333333,0.42083333333333334,1,11
llama_3_1_8b_instruct,compiler::procedural_reasoning::procedural_0093,procedural_reasoning,validation,meta-llama/Llama-3.1-8B-Instruct,late__all__r16,0.3,0.0,0.6666666666666666,0.9958333333333333,0.490625,1,11
llama_3_1_8b_instruct,compiler::procedural_reasoning::procedural_0093,procedural_reasoning,validation,meta-llama/Llama-3.1-8B-Instruct,middle__all__r16,0.1,0.0,0.8333333333333334,0.9791666666666666,0.478125,1,11
llama_3_1_8b_instruct,compiler::procedural_reasoning::procedural_0094,procedural_reasoning,train,meta-llama/Llama-3.1-8B-Instruct,early__all__r16,0.1,0.0,0.0,0.9916666666666667,0.2729166666666667,1,11
llama_3_1_8b_instruct,compiler::procedural_reasoning::procedural_0094,procedural_reasoning,train,meta-llama/Llama-3.1-8B-Instruct,full__all__r4,0.1,0.0,0.6666666666666666,0.9833333333333333,0.4375,1,11
llama_3_1_8b_instruct,compiler::procedural_reasoning::procedural_0094,procedural_reasoning,train,meta-llama/Llama-3.1-8B-Instruct,late__all__r16,0.1,0.0,0.5,0.9916666666666667,0.3979166666666667,1,11
llama_3_1_8b_instruct,compiler::procedural_reasoning::procedural_0094,procedural_reasoning,train,meta-llama/Llama-3.1-8B-Instruct,middle__all__r16,0.1,0.0,0.6666666666666666,0.9791666666666666,0.43645833333333334,1,11
llama_3_1_8b_instruct,compiler::procedural_reasoning::procedural_0095,procedural_reasoning,validation,meta-llama/Llama-3.1-8B-Instruct,early__all__r16,0.1,0.0,0.0,0.9875,0.27187500000000003,1,11
llama_3_1_8b_instruct,compiler::procedural_reasoning::procedural_0095,procedural_reasoning,validation,meta-llama/Llama-3.1-8B-Instruct,full__all__r4,0.1,0.0,0.3333333333333333,0.9833333333333333,0.35416666666666663,1,11
llama_3_1_8b_instruct,compiler::procedural_reasoning::procedural_0095,procedural_reasoning,validation,meta-llama/Llama-3.1-8B-Instruct,late__all__r16,0.2,0.0,0.5,0.9958333333333333,0.4239583333333333,1,11
llama_3_1_8b_instruct,compiler::procedural_reasoning::procedural_0095,procedural_reasoning,validation,meta-llama/Llama-3.1-8B-Instruct,middle__all__r16,0.1,0.0,0.5,0.9666666666666667,0.39166666666666666,1,11
llama_3_1_8b_instruct,compiler::procedural_reasoning::procedural_0096,procedural_reasoning,validation,meta-llama/Llama-3.1-8B-Instruct,early__all__r16,0.1,0.0,0.0,0.9916666666666667,0.2729166666666667,1,11
llama_3_1_8b_instruct,compiler::procedural_reasoning::procedural_0096,procedural_reasoning,validation,meta-llama/Llama-3.1-8B-Instruct,full__all__r4,0.1,0.0,0.6666666666666666,0.9833333333333333,0.4375,1,11
llama_3_1_8b_instruct,compiler::procedural_reasoning::procedural_0096,procedural_reasoning,validation,meta-llama/Llama-3.1-8B-Instruct,late__all__r16,0.1,0.0,0.5,0.9958333333333333,0.39895833333333336,1,11
llama_3_1_8b_instruct,compiler::procedural_reasoning::procedural_0096,procedural_reasoning,validation,meta-llama/Llama-3.1-8B-Instruct,middle__all__r16,0.1,0.0,0.8333333333333334,0.9708333333333333,0.4760416666666667,1,11
llama_3_1_8b_instruct,compiler::procedural_reasoning::procedural_0097,procedural_reasoning,train,meta-llama/Llama-3.1-8B-Instruct,early__all__r16,0.1,0.0,0.0,0.9958333333333333,0.27395833333333336,1,11
llama_3_1_8b_instruct,compiler::procedural_reasoning::procedural_0097,procedural_reasoning,train,meta-llama/Llama-3.1-8B-Instruct,full__all__r4,0.1,0.0,0.5,0.9875,0.39687500000000003,1,11
llama_3_1_8b_instruct,compiler::procedural_reasoning::procedural_0097,procedural_reasoning,train,meta-llama/Llama-3.1-8B-Instruct,late__all__r16,0.1,0.0,0.16666666666666666,0.9958333333333333,0.315625,1,11
llama_3_1_8b_instruct,compiler::procedural_reasoning::procedural_0097,procedural_reasoning,train,meta-llama/Llama-3.1-8B-Instruct,middle__all__r16,0.1,0.0,0.6666666666666666,0.975,0.4354166666666667,1,11
llama_3_1_8b_instruct,compiler::procedural_reasoning::procedural_0098,procedural_reasoning,train,meta-llama/Llama-3.1-8B-Instruct,early__all__r16,0.1,0.0,0.0,0.9916666666666667,0.2729166666666667,1,11
llama_3_1_8b_instruct,compiler::procedural_reasoning::procedural_0098,procedural_reasoning,train,meta-llama/Llama-3.1-8B-Instruct,full__all__r4,0.1,0.0,0.5,0.9833333333333333,0.3958333333333333,1,11
llama_3_1_8b_instruct,compiler::procedural_reasoning::procedural_0098,procedural_reasoning,train,meta-llama/Llama-3.1-8B-Instruct,late__all__r16,0.3,0.0,0.5,0.9958333333333333,0.44895833333333335,1,11
llama_3_1_8b_instruct,compiler::procedural_reasoning::procedural_0098,procedural_reasoning,train,meta-llama/Llama-3.1-8B-Instruct,middle__all__r16,0.1,0.0,0.6666666666666666,0.9791666666666666,0.43645833333333334,1,11
llama_3_1_8b_instruct,compiler::procedural_reasoning::procedural_0099,procedural_reasoning,train,meta-llama/Llama-3.1-8B-Instruct,early__all__r16,0.1,0.0,0.0,0.9875,0.27187500000000003,1,11
llama_3_1_8b_instruct,compiler::procedural_reasoning::procedural_0099,procedural_reasoning,train,meta-llama/Llama-3.1-8B-Instruct,full__all__r4,0.0,0.0,0.5,0.9875,0.371875,1,11
llama_3_1_8b_instruct,compiler::procedural_reasoning::procedural_0099,procedural_reasoning,train,meta-llama/Llama-3.1-8B-Instruct,late__all__r16,0.1,0.0,0.3333333333333333,0.9958333333333333,0.3572916666666667,1,11
llama_3_1_8b_instruct,compiler::procedural_reasoning::procedural_0099,procedural_reasoning,train,meta-llama/Llama-3.1-8B-Instruct,middle__all__r16,0.1,0.0,0.6666666666666666,0.9791666666666666,0.43645833333333334,1,11
llama_3_1_8b_instruct,compiler::procedural_reasoning::procedural_0100,procedural_reasoning,validation,meta-llama/Llama-3.1-8B-Instruct,early__all__r16,0.1,0.0,0.0,0.9875,0.27187500000000003,1,11
llama_3_1_8b_instruct,compiler::procedural_reasoning::procedural_0100,procedural_reasoning,validation,meta-llama/Llama-3.1-8B-Instruct,full__all__r4,0.1,0.0,0.5,0.9833333333333333,0.3958333333333333,1,11
llama_3_1_8b_instruct,compiler::procedural_reasoning::procedural_0100,procedural_reasoning,validation,meta-llama/Llama-3.1-8B-Instruct,late__all__r16,0.1,0.0,0.3333333333333333,0.9958333333333333,0.3572916666666667,1,11
llama_3_1_8b_instruct,compiler::procedural_reasoning::procedural_0100,procedural_reasoning,validation,meta-llama/Llama-3.1-8B-Instruct,middle__all__r16,0.1,0.0,0.8333333333333334,0.9666666666666667,0.47500000000000003,1,11
llama_3_1_8b_instruct,compiler::procedural_reasoning::procedural_0101,procedural_reasoning,train,meta-llama/Llama-3.1-8B-Instruct,early__all__r16,0.1,0.0,0.0,0.9875,0.27187500000000003,1,11
llama_3_1_8b_instruct,compiler::procedural_reasoning::procedural_0101,procedural_reasoning,train,meta-llama/Llama-3.1-8B-Instruct,full__all__r4,0.1,0.0,0.5,0.9875,0.39687500000000003,1,11
llama_3_1_8b_instruct,compiler::procedural_reasoning::procedural_0101,procedural_reasoning,train,meta-llama/Llama-3.1-8B-Instruct,late__all__r16,0.1,0.0,0.3333333333333333,0.9958333333333333,0.3572916666666667,1,11
llama_3_1_8b_instruct,compiler::procedural_reasoning::procedural_0101,procedural_reasoning,train,meta-llama/Llama-3.1-8B-Instruct,middle__all__r16,0.1,0.0,0.8333333333333334,0.975,0.47708333333333336,1,11
llama_3_1_8b_instruct,compiler::procedural_reasoning::procedural_0102,procedural_reasoning,train,meta-llama/Llama-3.1-8B-Instruct,early__all__r16,0.1,0.0,0.0,0.9875,0.27187500000000003,1,11
llama_3_1_8b_instruct,compiler::procedural_reasoning::procedural_0102,procedural_reasoning,train,meta-llama/Llama-3.1-8B-Instruct,full__all__r4,0.2,0.0,0.5,0.9833333333333333,0.42083333333333334,1,11
llama_3_1_8b_instruct,compiler::procedural_reasoning::procedural_0102,procedural_reasoning,train,meta-llama/Llama-3.1-8B-Instruct,late__all__r16,0.3,0.16666666666666666,0.6666666666666666,0.9958333333333333,0.5322916666666666,1,11
llama_3_1_8b_instruct,compiler::procedural_reasoning::procedural_0102,procedural_reasoning,train,meta-llama/Llama-3.1-8B-Instruct,middle__all__r16,0.2,0.0,0.6666666666666666,0.9708333333333333,0.459375,1,11
llama_3_1_8b_instruct,compiler::procedural_reasoning::procedural_0103,procedural_reasoning,test,meta-llama/Llama-3.1-8B-Instruct,early__all__r16,0.10000000000000002,0.0,0.1111111111111111,0.9930555555555557,0.3010416666666667,3,11|22|33
llama_3_1_8b_instruct,compiler::procedural_reasoning::procedural_0103,procedural_reasoning,test,meta-llama/Llama-3.1-8B-Instruct,full__all__r4,0.20000000000000004,0.0,0.5,0.986111111111111,0.4215277777777778,3,11|22|33
llama_3_1_8b_instruct,compiler::procedural_reasoning::procedural_0103,procedural_reasoning,test,meta-llama/Llama-3.1-8B-Instruct,late__all__r16,0.3,0.0,0.4444444444444444,0.9958333333333332,0.4350694444444444,3,11|22|33
llama_3_1_8b_instruct,compiler::procedural_reasoning::procedural_0103,procedural_reasoning,test,meta-llama/Llama-3.1-8B-Instruct,middle__all__r16,0.20000000000000004,0.0,0.7222222222222222,0.9833333333333334,0.4763888888888889,3,11|22|33
llama_3_1_8b_instruct,compiler::procedural_reasoning::procedural_0104,procedural_reasoning,train,meta-llama/Llama-3.1-8B-Instruct,early__all__r16,0.1,0.0,0.0,0.9875,0.27187500000000003,1,11
llama_3_1_8b_instruct,compiler::procedural_reasoning::procedural_0104,procedural_reasoning,train,meta-llama/Llama-3.1-8B-Instruct,full__all__r4,0.1,0.0,0.6666666666666666,0.9875,0.43854166666666666,1,11
llama_3_1_8b_instruct,compiler::procedural_reasoning::procedural_0104,procedural_reasoning,train,meta-llama/Llama-3.1-8B-Instruct,late__all__r16,0.1,0.0,0.3333333333333333,0.9916666666666667,0.35625,1,11
llama_3_1_8b_instruct,compiler::procedural_reasoning::procedural_0104,procedural_reasoning,train,meta-llama/Llama-3.1-8B-Instruct,middle__all__r16,0.1,0.0,0.6666666666666666,0.9833333333333333,0.4375,1,11
llama_3_1_8b_instruct,compiler::procedural_reasoning::procedural_0105,procedural_reasoning,train,meta-llama/Llama-3.1-8B-Instruct,early__all__r16,0.1,0.0,0.0,0.9875,0.27187500000000003,1,11
llama_3_1_8b_instruct,compiler::procedural_reasoning::procedural_0105,procedural_reasoning,train,meta-llama/Llama-3.1-8B-Instruct,full__all__r4,0.1,0.0,0.3333333333333333,0.9833333333333333,0.35416666666666663,1,11
llama_3_1_8b_instruct,compiler::procedural_reasoning::procedural_0105,procedural_reasoning,train,meta-llama/Llama-3.1-8B-Instruct,late__all__r16,0.2,0.0,0.3333333333333333,0.9958333333333333,0.3822916666666667,1,11
llama_3_1_8b_instruct,compiler::procedural_reasoning::procedural_0105,procedural_reasoning,train,meta-llama/Llama-3.1-8B-Instruct,middle__all__r16,0.1,0.0,0.5,0.975,0.39375,1,11
llama_3_1_8b_instruct,compiler::procedural_reasoning::procedural_0106,procedural_reasoning,train,meta-llama/Llama-3.1-8B-Instruct,early__all__r16,0.1,0.0,0.0,0.9875,0.27187500000000003,1,11
llama_3_1_8b_instruct,compiler::procedural_reasoning::procedural_0106,procedural_reasoning,train,meta-llama/Llama-3.1-8B-Instruct,full__all__r4,0.1,0.0,0.6666666666666666,0.975,0.4354166666666667,1,11
llama_3_1_8b_instruct,compiler::procedural_reasoning::procedural_0106,procedural_reasoning,train,meta-llama/Llama-3.1-8B-Instruct,late__all__r16,0.1,0.0,0.16666666666666666,0.9958333333333333,0.315625,1,11
llama_3_1_8b_instruct,compiler::procedural_reasoning::procedural_0106,procedural_reasoning,train,meta-llama/Llama-3.1-8B-Instruct,middle__all__r16,0.1,0.0,0.8333333333333334,0.975,0.47708333333333336,1,11
llama_3_1_8b_instruct,compiler::procedural_reasoning::procedural_0107,procedural_reasoning,validation,meta-llama/Llama-3.1-8B-Instruct,early__all__r16,0.1,0.0,0.0,0.9875,0.27187500000000003,1,11
llama_3_1_8b_instruct,compiler::procedural_reasoning::procedural_0107,procedural_reasoning,validation,meta-llama/Llama-3.1-8B-Instruct,full__all__r4,0.0,0.0,0.3333333333333333,0.9916666666666667,0.33125,1,11
llama_3_1_8b_instruct,compiler::procedural_reasoning::procedural_0107,procedural_reasoning,validation,meta-llama/Llama-3.1-8B-Instruct,late__all__r16,0.1,0.0,0.0,0.9958333333333333,0.27395833333333336,1,11
llama_3_1_8b_instruct,compiler::procedural_reasoning::procedural_0107,procedural_reasoning,validation,meta-llama/Llama-3.1-8B-Instruct,middle__all__r16,0.1,0.0,0.6666666666666666,0.9791666666666666,0.43645833333333334,1,11
llama_3_1_8b_instruct,compiler::procedural_reasoning::procedural_0108,procedural_reasoning,train,meta-llama/Llama-3.1-8B-Instruct,early__all__r16,0.1,0.0,0.0,0.9875,0.27187500000000003,1,11
llama_3_1_8b_instruct,compiler::procedural_reasoning::procedural_0108,procedural_reasoning,train,meta-llama/Llama-3.1-8B-Instruct,full__all__r4,0.0,0.0,0.5,0.9833333333333333,0.37083333333333335,1,11
llama_3_1_8b_instruct,compiler::procedural_reasoning::procedural_0108,procedural_reasoning,train,meta-llama/Llama-3.1-8B-Instruct,late__all__r16,0.2,0.0,0.5,0.9958333333333333,0.4239583333333333,1,11
llama_3_1_8b_instruct,compiler::procedural_reasoning::procedural_0108,procedural_reasoning,train,meta-llama/Llama-3.1-8B-Instruct,middle__all__r16,0.1,0.0,0.6666666666666666,0.9708333333333333,0.434375,1,11
llama_3_1_8b_instruct,compiler::procedural_reasoning::procedural_0109,procedural_reasoning,train,meta-llama/Llama-3.1-8B-Instruct,early__all__r16,0.1,0.0,0.0,0.9875,0.27187500000000003,1,11
llama_3_1_8b_instruct,compiler::procedural_reasoning::procedural_0109,procedural_reasoning,train,meta-llama/Llama-3.1-8B-Instruct,full__all__r4,0.1,0.0,0.5,0.9833333333333333,0.3958333333333333,1,11
llama_3_1_8b_instruct,compiler::procedural_reasoning::procedural_0109,procedural_reasoning,train,meta-llama/Llama-3.1-8B-Instruct,late__all__r16,0.1,0.0,0.16666666666666666,0.9958333333333333,0.315625,1,11
llama_3_1_8b_instruct,compiler::procedural_reasoning::procedural_0109,procedural_reasoning,train,meta-llama/Llama-3.1-8B-Instruct,middle__all__r16,0.1,0.0,0.6666666666666666,0.9791666666666666,0.43645833333333334,1,11
llama_3_1_8b_instruct,compiler::procedural_reasoning::procedural_0110,procedural_reasoning,test,meta-llama/Llama-3.1-8B-Instruct,early__all__r16,0.10000000000000002,0.0,0.0,0.9916666666666667,0.2729166666666667,3,11|22|33
llama_3_1_8b_instruct,compiler::procedural_reasoning::procedural_0110,procedural_reasoning,test,meta-llama/Llama-3.1-8B-Instruct,full__all__r4,0.06666666666666667,0.0,0.5,0.9833333333333334,0.3875,3,11|22|33
llama_3_1_8b_instruct,compiler::procedural_reasoning::procedural_0110,procedural_reasoning,test,meta-llama/Llama-3.1-8B-Instruct,late__all__r16,0.10000000000000002,0.0,0.3333333333333333,0.9958333333333332,0.3572916666666666,3,11|22|33
llama_3_1_8b_instruct,compiler::procedural_reasoning::procedural_0110,procedural_reasoning,test,meta-llama/Llama-3.1-8B-Instruct,middle__all__r16,0.10000000000000002,0.0,0.8333333333333334,0.9708333333333333,0.4760416666666667,3,11|22|33
llama_3_1_8b_instruct,compiler::procedural_reasoning::procedural_0111,procedural_reasoning,train,meta-llama/Llama-3.1-8B-Instruct,early__all__r16,0.1,0.0,0.0,0.9916666666666667,0.2729166666666667,1,11
llama_3_1_8b_instruct,compiler::procedural_reasoning::procedural_0111,procedural_reasoning,train,meta-llama/Llama-3.1-8B-Instruct,full__all__r4,0.0,0.0,0.5,0.9916666666666667,0.3729166666666667,1,11
llama_3_1_8b_instruct,compiler::procedural_reasoning::procedural_0111,procedural_reasoning,train,meta-llama/Llama-3.1-8B-Instruct,late__all__r16,0.1,0.0,0.3333333333333333,0.9958333333333333,0.3572916666666667,1,11
llama_3_1_8b_instruct,compiler::procedural_reasoning::procedural_0111,procedural_reasoning,train,meta-llama/Llama-3.1-8B-Instruct,middle__all__r16,0.0,0.0,0.6666666666666666,0.9791666666666666,0.4114583333333333,1,11
llama_3_1_8b_instruct,compiler::procedural_reasoning::procedural_0112,procedural_reasoning,train,meta-llama/Llama-3.1-8B-Instruct,early__all__r16,0.1,0.0,0.0,0.9916666666666667,0.2729166666666667,1,11
llama_3_1_8b_instruct,compiler::procedural_reasoning::procedural_0112,procedural_reasoning,train,meta-llama/Llama-3.1-8B-Instruct,full__all__r4,0.2,0.0,0.5,0.9833333333333333,0.42083333333333334,1,11
llama_3_1_8b_instruct,compiler::procedural_reasoning::procedural_0112,procedural_reasoning,train,meta-llama/Llama-3.1-8B-Instruct,late__all__r16,0.3,0.0,0.6666666666666666,0.9958333333333333,0.490625,1,11
llama_3_1_8b_instruct,compiler::procedural_reasoning::procedural_0112,procedural_reasoning,train,meta-llama/Llama-3.1-8B-Instruct,middle__all__r16,0.2,0.0,0.5,0.9666666666666667,0.4166666666666667,1,11
llama_3_1_8b_instruct,compiler::procedural_reasoning::procedural_0113,procedural_reasoning,train,meta-llama/Llama-3.1-8B-Instruct,early__all__r16,0.1,0.0,0.16666666666666666,0.9875,0.31354166666666666,1,11
llama_3_1_8b_instruct,compiler::procedural_reasoning::procedural_0113,procedural_reasoning,train,meta-llama/Llama-3.1-8B-Instruct,full__all__r4,0.2,0.0,0.5,0.9875,0.421875,1,11
llama_3_1_8b_instruct,compiler::procedural_reasoning::procedural_0113,procedural_reasoning,train,meta-llama/Llama-3.1-8B-Instruct,late__all__r16,0.3,0.0,0.6666666666666666,0.9958333333333333,0.490625,1,11
llama_3_1_8b_instruct,compiler::procedural_reasoning::procedural_0113,procedural_reasoning,train,meta-llama/Llama-3.1-8B-Instruct,middle__all__r16,0.1,0.0,0.6666666666666666,0.9791666666666666,0.43645833333333334,1,11
llama_3_1_8b_instruct,compiler::procedural_reasoning::procedural_0114,procedural_reasoning,train,meta-llama/Llama-3.1-8B-Instruct,early__all__r16,0.1,0.0,0.0,0.9916666666666667,0.2729166666666667,1,11
llama_3_1_8b_instruct,compiler::procedural_reasoning::procedural_0114,procedural_reasoning,train,meta-llama/Llama-3.1-8B-Instruct,full__all__r4,0.1,0.0,0.6666666666666666,0.9791666666666666,0.43645833333333334,1,11
llama_3_1_8b_instruct,compiler::procedural_reasoning::procedural_0114,procedural_reasoning,train,meta-llama/Llama-3.1-8B-Instruct,late__all__r16,0.1,0.0,0.6666666666666666,0.9916666666666667,0.4395833333333333,1,11
llama_3_1_8b_instruct,compiler::procedural_reasoning::procedural_0114,procedural_reasoning,train,meta-llama/Llama-3.1-8B-Instruct,middle__all__r16,0.1,0.0,0.6666666666666666,0.975,0.4354166666666667,1,11
llama_3_1_8b_instruct,compiler::procedural_reasoning::procedural_0115,procedural_reasoning,train,meta-llama/Llama-3.1-8B-Instruct,early__all__r16,0.1,0.0,0.0,0.9875,0.27187500000000003,1,11
llama_3_1_8b_instruct,compiler::procedural_reasoning::procedural_0115,procedural_reasoning,train,meta-llama/Llama-3.1-8B-Instruct,full__all__r4,0.1,0.0,0.5,0.9833333333333333,0.3958333333333333,1,11
llama_3_1_8b_instruct,compiler::procedural_reasoning::procedural_0115,procedural_reasoning,train,meta-llama/Llama-3.1-8B-Instruct,late__all__r16,0.2,0.0,0.3333333333333333,0.9958333333333333,0.3822916666666667,1,11
llama_3_1_8b_instruct,compiler::procedural_reasoning::procedural_0115,procedural_reasoning,train,meta-llama/Llama-3.1-8B-Instruct,middle__all__r16,0.1,0.0,0.6666666666666666,0.9625,0.4322916666666667,1,11
llama_3_1_8b_instruct,compiler::procedural_reasoning::procedural_0116,procedural_reasoning,train,meta-llama/Llama-3.1-8B-Instruct,early__all__r16,0.1,0.0,0.0,0.9958333333333333,0.27395833333333336,1,11
llama_3_1_8b_instruct,compiler::procedural_reasoning::procedural_0116,procedural_reasoning,train,meta-llama/Llama-3.1-8B-Instruct,full__all__r4,0.1,0.0,0.6666666666666666,0.9791666666666666,0.43645833333333334,1,11
llama_3_1_8b_instruct,compiler::procedural_reasoning::procedural_0116,procedural_reasoning,train,meta-llama/Llama-3.1-8B-Instruct,late__all__r16,0.1,0.0,0.0,0.9958333333333333,0.27395833333333336,1,11
llama_3_1_8b_instruct,compiler::procedural_reasoning::procedural_0116,procedural_reasoning,train,meta-llama/Llama-3.1-8B-Instruct,middle__all__r16,0.1,0.0,0.8333333333333334,0.9583333333333334,0.4729166666666667,1,11
llama_3_1_8b_instruct,compiler::procedural_reasoning::procedural_0117,procedural_reasoning,train,meta-llama/Llama-3.1-8B-Instruct,early__all__r16,0.1,0.0,0.0,0.9875,0.27187500000000003,1,11
llama_3_1_8b_instruct,compiler::procedural_reasoning::procedural_0117,procedural_reasoning,train,meta-llama/Llama-3.1-8B-Instruct,full__all__r4,0.1,0.0,0.5,0.9875,0.39687500000000003,1,11
llama_3_1_8b_instruct,compiler::procedural_reasoning::procedural_0117,procedural_reasoning,train,meta-llama/Llama-3.1-8B-Instruct,late__all__r16,0.1,0.0,0.16666666666666666,0.9958333333333333,0.315625,1,11
llama_3_1_8b_instruct,compiler::procedural_reasoning::procedural_0117,procedural_reasoning,train,meta-llama/Llama-3.1-8B-Instruct,middle__all__r16,0.1,0.0,0.8333333333333334,0.9791666666666666,0.478125,1,11
llama_3_1_8b_instruct,compiler::procedural_reasoning::procedural_0118,procedural_reasoning,train,meta-llama/Llama-3.1-8B-Instruct,early__all__r16,0.1,0.0,0.0,0.9833333333333333,0.2708333333333333,1,11
llama_3_1_8b_instruct,compiler::procedural_reasoning::procedural_0118,procedural_reasoning,train,meta-llama/Llama-3.1-8B-Instruct,full__all__r4,0.0,0.0,0.5,0.9791666666666666,0.36979166666666663,1,11
llama_3_1_8b_instruct,compiler::procedural_reasoning::procedural_0118,procedural_reasoning,train,meta-llama/Llama-3.1-8B-Instruct,late__all__r16,0.2,0.0,0.5,0.9958333333333333,0.4239583333333333,1,11
llama_3_1_8b_instruct,compiler::procedural_reasoning::procedural_0118,procedural_reasoning,train,meta-llama/Llama-3.1-8B-Instruct,middle__all__r16,0.1,0.0,0.6666666666666666,0.9625,0.4322916666666667,1,11
llama_3_1_8b_instruct,compiler::procedural_reasoning::procedural_0119,procedural_reasoning,validation,meta-llama/Llama-3.1-8B-Instruct,early__all__r16,0.0,0.0,0.0,0.9916666666666667,0.24791666666666667,1,11
llama_3_1_8b_instruct,compiler::procedural_reasoning::procedural_0119,procedural_reasoning,validation,meta-llama/Llama-3.1-8B-Instruct,full__all__r4,0.1,0.0,0.5,0.9833333333333333,0.3958333333333333,1,11
llama_3_1_8b_instruct,compiler::procedural_reasoning::procedural_0119,procedural_reasoning,validation,meta-llama/Llama-3.1-8B-Instruct,late__all__r16,0.1,0.0,0.5,0.9958333333333333,0.39895833333333336,1,11
llama_3_1_8b_instruct,compiler::procedural_reasoning::procedural_0119,procedural_reasoning,validation,meta-llama/Llama-3.1-8B-Instruct,middle__all__r16,0.1,0.0,0.5,0.9708333333333333,0.3927083333333333,1,11
