model_slug,episode_id,learning_type,meta_split,model_name,config_id,acquisition,transfer,boundedness,preservation,utility,number_of_seeds,seed_values
gemma_2_9b_it,compiler::behavioral_policy::behavioral_0001,behavioral_policy,train,google/gemma-2-9b-it,early__all__r16,0.1,0.5,0.0,1.0,0.4,1,11
gemma_2_9b_it,compiler::behavioral_policy::behavioral_0001,behavioral_policy,train,google/gemma-2-9b-it,full__all__r4,0.1,0.5,0.0,0.99288256227758,0.398220640569395,1,11
gemma_2_9b_it,compiler::behavioral_policy::behavioral_0001,behavioral_policy,train,google/gemma-2-9b-it,late__all__r16,0.1,0.5,0.0,0.9679715302491104,0.3919928825622776,1,11
gemma_2_9b_it,compiler::behavioral_policy::behavioral_0001,behavioral_policy,train,google/gemma-2-9b-it,middle__all__r16,0.1,0.5,0.0,1.0,0.4,1,11
gemma_2_9b_it,compiler::behavioral_policy::behavioral_0002,behavioral_policy,train,google/gemma-2-9b-it,early__all__r16,0.1,0.5,0.0,1.0,0.4,1,11
gemma_2_9b_it,compiler::behavioral_policy::behavioral_0002,behavioral_policy,train,google/gemma-2-9b-it,full__all__r4,0.1,0.5,0.0,0.99644128113879,0.3991103202846975,1,11
gemma_2_9b_it,compiler::behavioral_policy::behavioral_0002,behavioral_policy,train,google/gemma-2-9b-it,late__all__r16,0.1,0.5,0.0,0.98932384341637,0.3973309608540925,1,11
gemma_2_9b_it,compiler::behavioral_policy::behavioral_0002,behavioral_policy,train,google/gemma-2-9b-it,middle__all__r16,0.1,0.5,0.0,1.0,0.4,1,11
gemma_2_9b_it,compiler::behavioral_policy::behavioral_0003,behavioral_policy,train,google/gemma-2-9b-it,early__all__r16,0.0,0.3333333333333333,0.0,1.0,0.3333333333333333,1,11
gemma_2_9b_it,compiler::behavioral_policy::behavioral_0003,behavioral_policy,train,google/gemma-2-9b-it,full__all__r4,0.7,0.8333333333333334,0.0,0.9608540925266904,0.623546856465006,1,11
gemma_2_9b_it,compiler::behavioral_policy::behavioral_0003,behavioral_policy,train,google/gemma-2-9b-it,late__all__r16,0.0,0.5,0.0,0.98220640569395,0.3705516014234875,1,11
gemma_2_9b_it,compiler::behavioral_policy::behavioral_0003,behavioral_policy,train,google/gemma-2-9b-it,middle__all__r16,0.5,0.6666666666666666,0.0,1.0,0.5416666666666666,1,11
gemma_2_9b_it,compiler::behavioral_policy::behavioral_0004,behavioral_policy,train,google/gemma-2-9b-it,early__all__r16,0.1,0.6666666666666666,0.0,1.0,0.4416666666666666,1,11
gemma_2_9b_it,compiler::behavioral_policy::behavioral_0004,behavioral_policy,train,google/gemma-2-9b-it,full__all__r4,0.8,1.0,0.0,0.99644128113879,0.6991103202846976,1,11
gemma_2_9b_it,compiler::behavioral_policy::behavioral_0004,behavioral_policy,train,google/gemma-2-9b-it,late__all__r16,0.1,0.5,0.0,0.9572953736654805,0.3893238434163701,1,11
gemma_2_9b_it,compiler::behavioral_policy::behavioral_0004,behavioral_policy,train,google/gemma-2-9b-it,middle__all__r16,0.6000000000000001,0.5,0.0,1.0,0.525,1,11
gemma_2_9b_it,compiler::behavioral_policy::behavioral_0005,behavioral_policy,train,google/gemma-2-9b-it,early__all__r16,0.1,0.5,0.0,0.9679715302491104,0.3919928825622776,1,11
gemma_2_9b_it,compiler::behavioral_policy::behavioral_0005,behavioral_policy,train,google/gemma-2-9b-it,full__all__r4,0.2,0.5,0.0,0.99644128113879,0.4241103202846975,1,11
gemma_2_9b_it,compiler::behavioral_policy::behavioral_0005,behavioral_policy,train,google/gemma-2-9b-it,late__all__r16,0.5,0.8333333333333334,0.0,0.9679715302491104,0.575326215895611,1,11
gemma_2_9b_it,compiler::behavioral_policy::behavioral_0005,behavioral_policy,train,google/gemma-2-9b-it,middle__all__r16,0.2,1.0,0.0,1.0,0.55,1,11
gemma_2_9b_it,compiler::behavioral_policy::behavioral_0008,behavioral_policy,train,google/gemma-2-9b-it,early__all__r16,0.0,0.5,0.0,1.0,0.375,1,11
gemma_2_9b_it,compiler::behavioral_policy::behavioral_0008,behavioral_policy,train,google/gemma-2-9b-it,full__all__r4,0.1,0.5,0.0,0.99644128113879,0.3991103202846975,1,11
gemma_2_9b_it,compiler::behavioral_policy::behavioral_0008,behavioral_policy,train,google/gemma-2-9b-it,late__all__r16,0.1,0.5,0.0,0.9786476868327402,0.394661921708185,1,11
gemma_2_9b_it,compiler::behavioral_policy::behavioral_0008,behavioral_policy,train,google/gemma-2-9b-it,middle__all__r16,0.7,0.8333333333333334,0.0,0.99644128113879,0.6324436536180309,1,11
gemma_2_9b_it,compiler::behavioral_policy::behavioral_0009,behavioral_policy,train,google/gemma-2-9b-it,early__all__r16,0.1,0.5,0.0,1.0,0.4,1,11
gemma_2_9b_it,compiler::behavioral_policy::behavioral_0009,behavioral_policy,train,google/gemma-2-9b-it,full__all__r4,0.8,1.0,0.0,0.99288256227758,0.698220640569395,1,11
gemma_2_9b_it,compiler::behavioral_policy::behavioral_0009,behavioral_policy,train,google/gemma-2-9b-it,late__all__r16,0.0,0.5,0.0,0.9608540925266904,0.3652135231316726,1,11
gemma_2_9b_it,compiler::behavioral_policy::behavioral_0009,behavioral_policy,train,google/gemma-2-9b-it,middle__all__r16,0.9,0.8333333333333334,0.0,0.99644128113879,0.6824436536180308,1,11
gemma_2_9b_it,compiler::behavioral_policy::behavioral_0010,behavioral_policy,train,google/gemma-2-9b-it,early__all__r16,0.1,0.1666666666666666,0.0,0.99644128113879,0.3157769869513642,1,11
gemma_2_9b_it,compiler::behavioral_policy::behavioral_0010,behavioral_policy,train,google/gemma-2-9b-it,full__all__r4,0.7,1.0,0.0,0.98932384341637,0.6723309608540925,1,11
gemma_2_9b_it,compiler::behavioral_policy::behavioral_0010,behavioral_policy,train,google/gemma-2-9b-it,late__all__r16,0.1,0.6666666666666666,0.0,0.9750889679715302,0.4354389086595492,1,11
gemma_2_9b_it,compiler::behavioral_policy::behavioral_0010,behavioral_policy,train,google/gemma-2-9b-it,middle__all__r16,0.1,0.6666666666666666,0.0,1.0,0.4416666666666666,1,11
gemma_2_9b_it,compiler::behavioral_policy::behavioral_0011,behavioral_policy,train,google/gemma-2-9b-it,early__all__r16,0.1,0.5,0.0,1.0,0.4,1,11
gemma_2_9b_it,compiler::behavioral_policy::behavioral_0011,behavioral_policy,train,google/gemma-2-9b-it,full__all__r4,0.2,0.5,0.1666666666666666,0.99644128113879,0.4657769869513641,1,11
gemma_2_9b_it,compiler::behavioral_policy::behavioral_0011,behavioral_policy,train,google/gemma-2-9b-it,late__all__r16,0.0,0.5,0.0,0.9679715302491104,0.3669928825622776,1,11
gemma_2_9b_it,compiler::behavioral_policy::behavioral_0011,behavioral_policy,train,google/gemma-2-9b-it,middle__all__r16,0.4,0.5,0.0,1.0,0.475,1,11
gemma_2_9b_it,compiler::behavioral_policy::behavioral_0013,behavioral_policy,train,google/gemma-2-9b-it,early__all__r16,0.0,0.3333333333333333,0.0,1.0,0.3333333333333333,1,11
gemma_2_9b_it,compiler::behavioral_policy::behavioral_0013,behavioral_policy,train,google/gemma-2-9b-it,full__all__r4,1.0,1.0,0.0,0.9786476868327402,0.744661921708185,1,11
gemma_2_9b_it,compiler::behavioral_policy::behavioral_0013,behavioral_policy,train,google/gemma-2-9b-it,late__all__r16,0.0,0.5,0.0,0.9786476868327402,0.369661921708185,1,11
gemma_2_9b_it,compiler::behavioral_policy::behavioral_0013,behavioral_policy,train,google/gemma-2-9b-it,middle__all__r16,1.0,1.0,0.0,0.98932384341637,0.7473309608540926,1,11
gemma_2_9b_it,compiler::behavioral_policy::behavioral_0014,behavioral_policy,train,google/gemma-2-9b-it,early__all__r16,0.1,0.5,0.0,1.0,0.4,1,11
gemma_2_9b_it,compiler::behavioral_policy::behavioral_0014,behavioral_policy,train,google/gemma-2-9b-it,full__all__r4,0.8,0.8333333333333334,0.0,0.99644128113879,0.6574436536180308,1,11
gemma_2_9b_it,compiler::behavioral_policy::behavioral_0014,behavioral_policy,train,google/gemma-2-9b-it,late__all__r16,0.1,0.5,0.0,0.9679715302491104,0.3919928825622776,1,11
gemma_2_9b_it,compiler::behavioral_policy::behavioral_0014,behavioral_policy,train,google/gemma-2-9b-it,middle__all__r16,0.6000000000000001,0.5,0.0,1.0,0.525,1,11
gemma_2_9b_it,compiler::behavioral_policy::behavioral_0015,behavioral_policy,train,google/gemma-2-9b-it,early__all__r16,0.1,0.5,0.0,0.98932384341637,0.3973309608540925,1,11
gemma_2_9b_it,compiler::behavioral_policy::behavioral_0015,behavioral_policy,train,google/gemma-2-9b-it,full__all__r4,0.2,0.6666666666666666,0.0,0.99644128113879,0.4657769869513641,1,11
gemma_2_9b_it,compiler::behavioral_policy::behavioral_0015,behavioral_policy,train,google/gemma-2-9b-it,late__all__r16,0.5,0.5,0.0,0.9786476868327402,0.494661921708185,1,11
gemma_2_9b_it,compiler::behavioral_policy::behavioral_0015,behavioral_policy,train,google/gemma-2-9b-it,middle__all__r16,0.1,0.5,0.0,1.0,0.4,1,11
gemma_2_9b_it,compiler::behavioral_policy::behavioral_0016,behavioral_policy,train,google/gemma-2-9b-it,early__all__r16,0.1,0.5,0.0,0.99288256227758,0.398220640569395,1,11
gemma_2_9b_it,compiler::behavioral_policy::behavioral_0016,behavioral_policy,train,google/gemma-2-9b-it,full__all__r4,0.2,0.6666666666666666,0.0,0.99644128113879,0.4657769869513641,1,11
gemma_2_9b_it,compiler::behavioral_policy::behavioral_0016,behavioral_policy,train,google/gemma-2-9b-it,late__all__r16,0.2,0.5,0.0,0.9608540925266904,0.4152135231316726,1,11
gemma_2_9b_it,compiler::behavioral_policy::behavioral_0016,behavioral_policy,train,google/gemma-2-9b-it,middle__all__r16,0.1,0.5,0.0,1.0,0.4,1,11
gemma_2_9b_it,compiler::behavioral_policy::behavioral_0017,behavioral_policy,train,google/gemma-2-9b-it,early__all__r16,0.1,0.5,0.0,1.0,0.4,1,11
gemma_2_9b_it,compiler::behavioral_policy::behavioral_0017,behavioral_policy,train,google/gemma-2-9b-it,full__all__r4,0.1,0.5,0.0,0.99288256227758,0.398220640569395,1,11
gemma_2_9b_it,compiler::behavioral_policy::behavioral_0017,behavioral_policy,train,google/gemma-2-9b-it,late__all__r16,0.1,0.5,0.0,0.9679715302491104,0.3919928825622776,1,11
gemma_2_9b_it,compiler::behavioral_policy::behavioral_0017,behavioral_policy,train,google/gemma-2-9b-it,middle__all__r16,0.1,0.5,0.0,1.0,0.4,1,11
gemma_2_9b_it,compiler::behavioral_policy::behavioral_0020,behavioral_policy,train,google/gemma-2-9b-it,early__all__r16,0.2,0.1666666666666666,0.0,0.99288256227758,0.3398873072360617,1,11
gemma_2_9b_it,compiler::behavioral_policy::behavioral_0020,behavioral_policy,train,google/gemma-2-9b-it,full__all__r4,0.7,1.0,0.0,0.99644128113879,0.6741103202846975,1,11
gemma_2_9b_it,compiler::behavioral_policy::behavioral_0020,behavioral_policy,train,google/gemma-2-9b-it,late__all__r16,0.1,0.3333333333333333,0.0,0.9786476868327402,0.3529952550415183,1,11
gemma_2_9b_it,compiler::behavioral_policy::behavioral_0020,behavioral_policy,train,google/gemma-2-9b-it,middle__all__r16,0.2,0.8333333333333334,0.0,1.0,0.5083333333333333,1,11
gemma_2_9b_it,compiler::behavioral_policy::behavioral_0021,behavioral_policy,train,google/gemma-2-9b-it,early__all__r16,0.1,0.5,0.0,1.0,0.4,1,11
gemma_2_9b_it,compiler::behavioral_policy::behavioral_0021,behavioral_policy,train,google/gemma-2-9b-it,full__all__r4,0.1,0.5,0.0,0.99288256227758,0.398220640569395,1,11
gemma_2_9b_it,compiler::behavioral_policy::behavioral_0021,behavioral_policy,train,google/gemma-2-9b-it,late__all__r16,0.0,0.5,0.0,0.9679715302491104,0.3669928825622776,1,11
gemma_2_9b_it,compiler::behavioral_policy::behavioral_0021,behavioral_policy,train,google/gemma-2-9b-it,middle__all__r16,0.1,0.5,0.0,1.0,0.4,1,11
gemma_2_9b_it,compiler::behavioral_policy::behavioral_0022,behavioral_policy,train,google/gemma-2-9b-it,early__all__r16,0.1,0.5,0.0,1.0,0.4,1,11
gemma_2_9b_it,compiler::behavioral_policy::behavioral_0022,behavioral_policy,train,google/gemma-2-9b-it,full__all__r4,0.4,0.5,0.0,0.99288256227758,0.473220640569395,1,11
gemma_2_9b_it,compiler::behavioral_policy::behavioral_0022,behavioral_policy,train,google/gemma-2-9b-it,late__all__r16,0.1,0.5,0.0,0.99288256227758,0.398220640569395,1,11
gemma_2_9b_it,compiler::behavioral_policy::behavioral_0022,behavioral_policy,train,google/gemma-2-9b-it,middle__all__r16,0.1,0.5,0.0,0.99644128113879,0.3991103202846975,1,11
gemma_2_9b_it,compiler::behavioral_policy::behavioral_0023,behavioral_policy,train,google/gemma-2-9b-it,early__all__r16,0.0,0.5,0.0,0.99644128113879,0.3741103202846975,1,11
gemma_2_9b_it,compiler::behavioral_policy::behavioral_0023,behavioral_policy,train,google/gemma-2-9b-it,full__all__r4,0.4,0.6666666666666666,0.0,0.9715302491103204,0.5095492289442467,1,11
gemma_2_9b_it,compiler::behavioral_policy::behavioral_0023,behavioral_policy,train,google/gemma-2-9b-it,late__all__r16,0.0,0.5,0.0,0.98220640569395,0.3705516014234875,1,11
gemma_2_9b_it,compiler::behavioral_policy::behavioral_0023,behavioral_policy,train,google/gemma-2-9b-it,middle__all__r16,0.1,0.3333333333333333,0.0,1.0,0.3583333333333333,1,11
gemma_2_9b_it,compiler::behavioral_policy::behavioral_0025,behavioral_policy,train,google/gemma-2-9b-it,early__all__r16,0.1,0.5,0.0,0.9857651245551602,0.39644128113879,1,11
gemma_2_9b_it,compiler::behavioral_policy::behavioral_0025,behavioral_policy,train,google/gemma-2-9b-it,full__all__r4,0.3,0.5,0.0,0.99644128113879,0.4491103202846975,1,11
gemma_2_9b_it,compiler::behavioral_policy::behavioral_0025,behavioral_policy,train,google/gemma-2-9b-it,late__all__r16,0.5,0.6666666666666666,0.0,0.9679715302491104,0.5336595492289442,1,11
gemma_2_9b_it,compiler::behavioral_policy::behavioral_0025,behavioral_policy,train,google/gemma-2-9b-it,middle__all__r16,0.1,0.5,0.0,1.0,0.4,1,11
gemma_2_9b_it,compiler::behavioral_policy::behavioral_0026,behavioral_policy,train,google/gemma-2-9b-it,early__all__r16,0.1,0.5,0.0,1.0,0.4,1,11
gemma_2_9b_it,compiler::behavioral_policy::behavioral_0026,behavioral_policy,train,google/gemma-2-9b-it,full__all__r4,0.7,0.6666666666666666,0.0,0.99644128113879,0.5907769869513642,1,11
gemma_2_9b_it,compiler::behavioral_policy::behavioral_0026,behavioral_policy,train,google/gemma-2-9b-it,late__all__r16,0.1,0.5,0.0,0.9608540925266904,0.3902135231316726,1,11
gemma_2_9b_it,compiler::behavioral_policy::behavioral_0026,behavioral_policy,train,google/gemma-2-9b-it,middle__all__r16,0.1,0.5,0.0,1.0,0.4,1,11
gemma_2_9b_it,compiler::behavioral_policy::behavioral_0027,behavioral_policy,train,google/gemma-2-9b-it,early__all__r16,0.1,0.5,0.0,1.0,0.4,1,11
gemma_2_9b_it,compiler::behavioral_policy::behavioral_0027,behavioral_policy,train,google/gemma-2-9b-it,full__all__r4,0.1,0.6666666666666666,0.0,0.99644128113879,0.4407769869513642,1,11
gemma_2_9b_it,compiler::behavioral_policy::behavioral_0027,behavioral_policy,train,google/gemma-2-9b-it,late__all__r16,0.1,0.5,0.0,0.9608540925266904,0.3902135231316726,1,11
gemma_2_9b_it,compiler::behavioral_policy::behavioral_0027,behavioral_policy,train,google/gemma-2-9b-it,middle__all__r16,0.1,0.5,0.0,1.0,0.4,1,11
gemma_2_9b_it,compiler::behavioral_policy::behavioral_0028,behavioral_policy,train,google/gemma-2-9b-it,early__all__r16,0.0,0.5,0.0,0.99644128113879,0.3741103202846975,1,11
gemma_2_9b_it,compiler::behavioral_policy::behavioral_0028,behavioral_policy,train,google/gemma-2-9b-it,full__all__r4,0.1,0.6666666666666666,0.0,0.99644128113879,0.4407769869513642,1,11
gemma_2_9b_it,compiler::behavioral_policy::behavioral_0028,behavioral_policy,train,google/gemma-2-9b-it,late__all__r16,0.1,0.3333333333333333,0.0,0.9715302491103204,0.3512158956109134,1,11
gemma_2_9b_it,compiler::behavioral_policy::behavioral_0028,behavioral_policy,train,google/gemma-2-9b-it,middle__all__r16,0.8,0.8333333333333334,0.0,0.99644128113879,0.6574436536180308,1,11
gemma_2_9b_it,compiler::behavioral_policy::behavioral_0029,behavioral_policy,train,google/gemma-2-9b-it,early__all__r16,0.1,0.5,0.0,1.0,0.4,1,11
gemma_2_9b_it,compiler::behavioral_policy::behavioral_0029,behavioral_policy,train,google/gemma-2-9b-it,full__all__r4,0.3,1.0,0.0,0.99288256227758,0.573220640569395,1,11
gemma_2_9b_it,compiler::behavioral_policy::behavioral_0029,behavioral_policy,train,google/gemma-2-9b-it,late__all__r16,0.1,0.5,0.0,0.9572953736654805,0.3893238434163701,1,11
gemma_2_9b_it,compiler::behavioral_policy::behavioral_0029,behavioral_policy,train,google/gemma-2-9b-it,middle__all__r16,0.8,0.8333333333333334,0.0,1.0,0.6583333333333333,1,11
gemma_2_9b_it,compiler::behavioral_policy::behavioral_0030,behavioral_policy,train,google/gemma-2-9b-it,early__all__r16,0.1,0.5,0.0,1.0,0.4,1,11
gemma_2_9b_it,compiler::behavioral_policy::behavioral_0030,behavioral_policy,train,google/gemma-2-9b-it,full__all__r4,0.6,0.8333333333333334,0.0,0.99644128113879,0.6074436536180309,1,11
gemma_2_9b_it,compiler::behavioral_policy::behavioral_0030,behavioral_policy,train,google/gemma-2-9b-it,late__all__r16,0.1,0.5,0.0,0.9750889679715302,0.3937722419928826,1,11
gemma_2_9b_it,compiler::behavioral_policy::behavioral_0030,behavioral_policy,train,google/gemma-2-9b-it,middle__all__r16,0.4,0.6666666666666666,0.0,1.0,0.5166666666666666,1,11
gemma_2_9b_it,compiler::behavioral_policy::behavioral_0032,behavioral_policy,train,google/gemma-2-9b-it,early__all__r16,0.1,0.5,0.0,1.0,0.4,1,11
gemma_2_9b_it,compiler::behavioral_policy::behavioral_0032,behavioral_policy,train,google/gemma-2-9b-it,full__all__r4,0.1,0.5,0.0,0.99644128113879,0.3991103202846975,1,11
gemma_2_9b_it,compiler::behavioral_policy::behavioral_0032,behavioral_policy,train,google/gemma-2-9b-it,late__all__r16,0.1,0.5,0.0,0.98932384341637,0.3973309608540925,1,11
gemma_2_9b_it,compiler::behavioral_policy::behavioral_0032,behavioral_policy,train,google/gemma-2-9b-it,middle__all__r16,0.1,0.5,0.0,1.0,0.4,1,11
gemma_2_9b_it,compiler::behavioral_policy::behavioral_0034,behavioral_policy,train,google/gemma-2-9b-it,early__all__r16,0.1,0.6666666666666666,0.0,1.0,0.4416666666666666,1,11
gemma_2_9b_it,compiler::behavioral_policy::behavioral_0034,behavioral_policy,train,google/gemma-2-9b-it,full__all__r4,0.8,1.0,0.0,0.99644128113879,0.6991103202846976,1,11
gemma_2_9b_it,compiler::behavioral_policy::behavioral_0034,behavioral_policy,train,google/gemma-2-9b-it,late__all__r16,0.1,0.5,0.0,0.9572953736654805,0.3893238434163701,1,11
gemma_2_9b_it,compiler::behavioral_policy::behavioral_0034,behavioral_policy,train,google/gemma-2-9b-it,middle__all__r16,0.6000000000000001,0.5,0.0,1.0,0.525,1,11
gemma_2_9b_it,compiler::behavioral_policy::behavioral_0035,behavioral_policy,train,google/gemma-2-9b-it,early__all__r16,0.1,0.5,0.0,0.9679715302491104,0.3919928825622776,1,11
gemma_2_9b_it,compiler::behavioral_policy::behavioral_0035,behavioral_policy,train,google/gemma-2-9b-it,full__all__r4,0.2,0.5,0.0,0.99644128113879,0.4241103202846975,1,11
gemma_2_9b_it,compiler::behavioral_policy::behavioral_0035,behavioral_policy,train,google/gemma-2-9b-it,late__all__r16,0.5,0.8333333333333334,0.0,0.9679715302491104,0.575326215895611,1,11
gemma_2_9b_it,compiler::behavioral_policy::behavioral_0035,behavioral_policy,train,google/gemma-2-9b-it,middle__all__r16,0.2,1.0,0.0,1.0,0.55,1,11
gemma_2_9b_it,compiler::behavioral_policy::behavioral_0036,behavioral_policy,train,google/gemma-2-9b-it,early__all__r16,0.1,0.5,0.0,1.0,0.4,1,11
gemma_2_9b_it,compiler::behavioral_policy::behavioral_0036,behavioral_policy,train,google/gemma-2-9b-it,full__all__r4,0.2,0.5,0.0,0.99644128113879,0.4241103202846975,1,11
gemma_2_9b_it,compiler::behavioral_policy::behavioral_0036,behavioral_policy,train,google/gemma-2-9b-it,late__all__r16,0.2,0.5,0.0,0.9715302491103204,0.4178825622775801,1,11
gemma_2_9b_it,compiler::behavioral_policy::behavioral_0036,behavioral_policy,train,google/gemma-2-9b-it,middle__all__r16,0.7,0.8333333333333334,0.0,1.0,0.6333333333333333,1,11
gemma_2_9b_it,compiler::behavioral_policy::behavioral_0037,behavioral_policy,train,google/gemma-2-9b-it,early__all__r16,0.1,0.5,0.0,1.0,0.4,1,11
gemma_2_9b_it,compiler::behavioral_policy::behavioral_0037,behavioral_policy,train,google/gemma-2-9b-it,full__all__r4,0.2,0.3333333333333333,0.0,0.98932384341637,0.3806642941874258,1,11
gemma_2_9b_it,compiler::behavioral_policy::behavioral_0037,behavioral_policy,train,google/gemma-2-9b-it,late__all__r16,0.1,0.5,0.0,0.9679715302491104,0.3919928825622776,1,11
gemma_2_9b_it,compiler::behavioral_policy::behavioral_0037,behavioral_policy,train,google/gemma-2-9b-it,middle__all__r16,0.1,0.5,0.0,1.0,0.4,1,11
gemma_2_9b_it,compiler::behavioral_policy::behavioral_0038,behavioral_policy,train,google/gemma-2-9b-it,early__all__r16,0.0,0.5,0.0,1.0,0.375,1,11
gemma_2_9b_it,compiler::behavioral_policy::behavioral_0038,behavioral_policy,train,google/gemma-2-9b-it,full__all__r4,0.1,0.5,0.0,0.99644128113879,0.3991103202846975,1,11
gemma_2_9b_it,compiler::behavioral_policy::behavioral_0038,behavioral_policy,train,google/gemma-2-9b-it,late__all__r16,0.1,0.5,0.0,0.9786476868327402,0.394661921708185,1,11
gemma_2_9b_it,compiler::behavioral_policy::behavioral_0038,behavioral_policy,train,google/gemma-2-9b-it,middle__all__r16,0.7,0.8333333333333334,0.0,0.99644128113879,0.6324436536180309,1,11
gemma_2_9b_it,compiler::behavioral_policy::behavioral_0039,behavioral_policy,train,google/gemma-2-9b-it,early__all__r16,0.1,0.5,0.0,1.0,0.4,1,11
gemma_2_9b_it,compiler::behavioral_policy::behavioral_0039,behavioral_policy,train,google/gemma-2-9b-it,full__all__r4,0.8,1.0,0.0,0.99288256227758,0.698220640569395,1,11
gemma_2_9b_it,compiler::behavioral_policy::behavioral_0039,behavioral_policy,train,google/gemma-2-9b-it,late__all__r16,0.0,0.5,0.0,0.9608540925266904,0.3652135231316726,1,11
gemma_2_9b_it,compiler::behavioral_policy::behavioral_0039,behavioral_policy,train,google/gemma-2-9b-it,middle__all__r16,0.9,0.8333333333333334,0.0,0.99644128113879,0.6824436536180308,1,11
gemma_2_9b_it,compiler::behavioral_policy::behavioral_0040,behavioral_policy,train,google/gemma-2-9b-it,early__all__r16,0.1,0.1666666666666666,0.0,0.99644128113879,0.3157769869513642,1,11
gemma_2_9b_it,compiler::behavioral_policy::behavioral_0040,behavioral_policy,train,google/gemma-2-9b-it,full__all__r4,0.7,1.0,0.0,0.98932384341637,0.6723309608540925,1,11
gemma_2_9b_it,compiler::behavioral_policy::behavioral_0040,behavioral_policy,train,google/gemma-2-9b-it,late__all__r16,0.1,0.6666666666666666,0.0,0.9750889679715302,0.4354389086595492,1,11
gemma_2_9b_it,compiler::behavioral_policy::behavioral_0040,behavioral_policy,train,google/gemma-2-9b-it,middle__all__r16,0.1,0.6666666666666666,0.0,1.0,0.4416666666666666,1,11
gemma_2_9b_it,compiler::behavioral_policy::behavioral_0043,behavioral_policy,train,google/gemma-2-9b-it,early__all__r16,0.0,0.3333333333333333,0.0,1.0,0.3333333333333333,1,11
gemma_2_9b_it,compiler::behavioral_policy::behavioral_0043,behavioral_policy,train,google/gemma-2-9b-it,full__all__r4,1.0,1.0,0.0,0.9786476868327402,0.744661921708185,1,11
gemma_2_9b_it,compiler::behavioral_policy::behavioral_0043,behavioral_policy,train,google/gemma-2-9b-it,late__all__r16,0.0,0.5,0.0,0.9786476868327402,0.369661921708185,1,11
gemma_2_9b_it,compiler::behavioral_policy::behavioral_0043,behavioral_policy,train,google/gemma-2-9b-it,middle__all__r16,1.0,1.0,0.0,0.98932384341637,0.7473309608540926,1,11
gemma_2_9b_it,compiler::behavioral_policy::behavioral_0045,behavioral_policy,train,google/gemma-2-9b-it,early__all__r16,0.1,0.5,0.0,0.98932384341637,0.3973309608540925,1,11
gemma_2_9b_it,compiler::behavioral_policy::behavioral_0045,behavioral_policy,train,google/gemma-2-9b-it,full__all__r4,0.2,0.6666666666666666,0.0,0.99644128113879,0.4657769869513641,1,11
gemma_2_9b_it,compiler::behavioral_policy::behavioral_0045,behavioral_policy,train,google/gemma-2-9b-it,late__all__r16,0.5,0.5,0.0,0.9786476868327402,0.494661921708185,1,11
gemma_2_9b_it,compiler::behavioral_policy::behavioral_0045,behavioral_policy,train,google/gemma-2-9b-it,middle__all__r16,0.1,0.5,0.0,1.0,0.4,1,11
gemma_2_9b_it,compiler::behavioral_policy::behavioral_0046,behavioral_policy,train,google/gemma-2-9b-it,early__all__r16,0.1,0.5,0.0,0.99288256227758,0.398220640569395,1,11
gemma_2_9b_it,compiler::behavioral_policy::behavioral_0046,behavioral_policy,train,google/gemma-2-9b-it,full__all__r4,0.2,0.6666666666666666,0.0,0.99644128113879,0.4657769869513641,1,11
gemma_2_9b_it,compiler::behavioral_policy::behavioral_0046,behavioral_policy,train,google/gemma-2-9b-it,late__all__r16,0.2,0.5,0.0,0.9608540925266904,0.4152135231316726,1,11
gemma_2_9b_it,compiler::behavioral_policy::behavioral_0046,behavioral_policy,train,google/gemma-2-9b-it,middle__all__r16,0.1,0.5,0.0,1.0,0.4,1,11
gemma_2_9b_it,compiler::behavioral_policy::behavioral_0047,behavioral_policy,train,google/gemma-2-9b-it,early__all__r16,0.1,0.5,0.0,1.0,0.4,1,11
gemma_2_9b_it,compiler::behavioral_policy::behavioral_0047,behavioral_policy,train,google/gemma-2-9b-it,full__all__r4,0.1,0.5,0.0,0.99288256227758,0.398220640569395,1,11
gemma_2_9b_it,compiler::behavioral_policy::behavioral_0047,behavioral_policy,train,google/gemma-2-9b-it,late__all__r16,0.1,0.5,0.0,0.9679715302491104,0.3919928825622776,1,11
gemma_2_9b_it,compiler::behavioral_policy::behavioral_0047,behavioral_policy,train,google/gemma-2-9b-it,middle__all__r16,0.1,0.5,0.0,1.0,0.4,1,11
gemma_2_9b_it,compiler::behavioral_policy::behavioral_0048,behavioral_policy,train,google/gemma-2-9b-it,early__all__r16,0.1,0.5,0.0,1.0,0.4,1,11
gemma_2_9b_it,compiler::behavioral_policy::behavioral_0048,behavioral_policy,train,google/gemma-2-9b-it,full__all__r4,0.1,0.5,0.0,0.99644128113879,0.3991103202846975,1,11
gemma_2_9b_it,compiler::behavioral_policy::behavioral_0048,behavioral_policy,train,google/gemma-2-9b-it,late__all__r16,0.1,0.5,0.0,0.9750889679715302,0.3937722419928826,1,11
gemma_2_9b_it,compiler::behavioral_policy::behavioral_0048,behavioral_policy,train,google/gemma-2-9b-it,middle__all__r16,0.6000000000000001,0.5,0.0,0.99644128113879,0.5241103202846975,1,11
gemma_2_9b_it,compiler::behavioral_policy::behavioral_0050,behavioral_policy,train,google/gemma-2-9b-it,early__all__r16,0.2,0.1666666666666666,0.0,0.99288256227758,0.3398873072360617,1,11
gemma_2_9b_it,compiler::behavioral_policy::behavioral_0050,behavioral_policy,train,google/gemma-2-9b-it,full__all__r4,0.7,1.0,0.0,0.99644128113879,0.6741103202846975,1,11
gemma_2_9b_it,compiler::behavioral_policy::behavioral_0050,behavioral_policy,train,google/gemma-2-9b-it,late__all__r16,0.1,0.3333333333333333,0.0,0.9786476868327402,0.3529952550415183,1,11
gemma_2_9b_it,compiler::behavioral_policy::behavioral_0050,behavioral_policy,train,google/gemma-2-9b-it,middle__all__r16,0.2,0.8333333333333334,0.0,1.0,0.5083333333333333,1,11
gemma_2_9b_it,compiler::behavioral_policy::behavioral_0051,behavioral_policy,train,google/gemma-2-9b-it,early__all__r16,0.1,0.5,0.0,1.0,0.4,1,11
gemma_2_9b_it,compiler::behavioral_policy::behavioral_0051,behavioral_policy,train,google/gemma-2-9b-it,full__all__r4,0.1,0.5,0.0,0.99288256227758,0.398220640569395,1,11
gemma_2_9b_it,compiler::behavioral_policy::behavioral_0051,behavioral_policy,train,google/gemma-2-9b-it,late__all__r16,0.0,0.5,0.0,0.9679715302491104,0.3669928825622776,1,11
gemma_2_9b_it,compiler::behavioral_policy::behavioral_0051,behavioral_policy,train,google/gemma-2-9b-it,middle__all__r16,0.1,0.5,0.0,1.0,0.4,1,11
gemma_2_9b_it,compiler::behavioral_policy::behavioral_0053,behavioral_policy,train,google/gemma-2-9b-it,early__all__r16,0.0,0.5,0.0,0.99644128113879,0.3741103202846975,1,11
gemma_2_9b_it,compiler::behavioral_policy::behavioral_0053,behavioral_policy,train,google/gemma-2-9b-it,full__all__r4,0.4,0.6666666666666666,0.0,0.9715302491103204,0.5095492289442467,1,11
gemma_2_9b_it,compiler::behavioral_policy::behavioral_0053,behavioral_policy,train,google/gemma-2-9b-it,late__all__r16,0.0,0.5,0.0,0.98220640569395,0.3705516014234875,1,11
gemma_2_9b_it,compiler::behavioral_policy::behavioral_0053,behavioral_policy,train,google/gemma-2-9b-it,middle__all__r16,0.1,0.3333333333333333,0.0,1.0,0.3583333333333333,1,11
gemma_2_9b_it,compiler::behavioral_policy::behavioral_0055,behavioral_policy,train,google/gemma-2-9b-it,early__all__r16,0.1,0.5,0.0,0.9857651245551602,0.39644128113879,1,11
gemma_2_9b_it,compiler::behavioral_policy::behavioral_0055,behavioral_policy,train,google/gemma-2-9b-it,full__all__r4,0.3,0.5,0.0,0.99644128113879,0.4491103202846975,1,11
gemma_2_9b_it,compiler::behavioral_policy::behavioral_0055,behavioral_policy,train,google/gemma-2-9b-it,late__all__r16,0.5,0.6666666666666666,0.0,0.9679715302491104,0.5336595492289442,1,11
gemma_2_9b_it,compiler::behavioral_policy::behavioral_0055,behavioral_policy,train,google/gemma-2-9b-it,middle__all__r16,0.1,0.5,0.0,1.0,0.4,1,11
gemma_2_9b_it,compiler::behavioral_policy::behavioral_0059,behavioral_policy,train,google/gemma-2-9b-it,early__all__r16,0.1,0.5,0.0,1.0,0.4,1,11
gemma_2_9b_it,compiler::behavioral_policy::behavioral_0059,behavioral_policy,train,google/gemma-2-9b-it,full__all__r4,0.3,1.0,0.0,0.99288256227758,0.573220640569395,1,11
gemma_2_9b_it,compiler::behavioral_policy::behavioral_0059,behavioral_policy,train,google/gemma-2-9b-it,late__all__r16,0.1,0.5,0.0,0.9572953736654805,0.3893238434163701,1,11
gemma_2_9b_it,compiler::behavioral_policy::behavioral_0059,behavioral_policy,train,google/gemma-2-9b-it,middle__all__r16,0.8,0.8333333333333334,0.0,1.0,0.6583333333333333,1,11
gemma_2_9b_it,compiler::behavioral_policy::behavioral_0060,behavioral_policy,train,google/gemma-2-9b-it,early__all__r16,0.1,0.5,0.0,1.0,0.4,1,11
gemma_2_9b_it,compiler::behavioral_policy::behavioral_0060,behavioral_policy,train,google/gemma-2-9b-it,full__all__r4,0.6,0.8333333333333334,0.0,0.99644128113879,0.6074436536180309,1,11
gemma_2_9b_it,compiler::behavioral_policy::behavioral_0060,behavioral_policy,train,google/gemma-2-9b-it,late__all__r16,0.1,0.5,0.0,0.9750889679715302,0.3937722419928826,1,11
gemma_2_9b_it,compiler::behavioral_policy::behavioral_0060,behavioral_policy,train,google/gemma-2-9b-it,middle__all__r16,0.4,0.6666666666666666,0.0,1.0,0.5166666666666666,1,11
gemma_2_9b_it,compiler::behavioral_policy::behavioral_0061,behavioral_policy,train,google/gemma-2-9b-it,early__all__r16,0.1,0.5,0.0,1.0,0.4,1,11
gemma_2_9b_it,compiler::behavioral_policy::behavioral_0061,behavioral_policy,train,google/gemma-2-9b-it,full__all__r4,0.1,0.5,0.0,0.99288256227758,0.398220640569395,1,11
gemma_2_9b_it,compiler::behavioral_policy::behavioral_0061,behavioral_policy,train,google/gemma-2-9b-it,late__all__r16,0.1,0.5,0.0,0.9679715302491104,0.3919928825622776,1,11
gemma_2_9b_it,compiler::behavioral_policy::behavioral_0061,behavioral_policy,train,google/gemma-2-9b-it,middle__all__r16,0.1,0.5,0.0,1.0,0.4,1,11
gemma_2_9b_it,compiler::behavioral_policy::behavioral_0062,behavioral_policy,train,google/gemma-2-9b-it,early__all__r16,0.1,0.5,0.0,1.0,0.4,1,11
gemma_2_9b_it,compiler::behavioral_policy::behavioral_0062,behavioral_policy,train,google/gemma-2-9b-it,full__all__r4,0.1,0.5,0.0,0.99644128113879,0.3991103202846975,1,11
gemma_2_9b_it,compiler::behavioral_policy::behavioral_0062,behavioral_policy,train,google/gemma-2-9b-it,late__all__r16,0.1,0.5,0.0,0.98932384341637,0.3973309608540925,1,11
gemma_2_9b_it,compiler::behavioral_policy::behavioral_0062,behavioral_policy,train,google/gemma-2-9b-it,middle__all__r16,0.1,0.5,0.0,1.0,0.4,1,11
gemma_2_9b_it,compiler::behavioral_policy::behavioral_0063,behavioral_policy,train,google/gemma-2-9b-it,early__all__r16,0.0,0.3333333333333333,0.0,1.0,0.3333333333333333,1,11
gemma_2_9b_it,compiler::behavioral_policy::behavioral_0063,behavioral_policy,train,google/gemma-2-9b-it,full__all__r4,0.7,0.8333333333333334,0.0,0.9608540925266904,0.623546856465006,1,11
gemma_2_9b_it,compiler::behavioral_policy::behavioral_0063,behavioral_policy,train,google/gemma-2-9b-it,late__all__r16,0.0,0.5,0.0,0.98220640569395,0.3705516014234875,1,11
gemma_2_9b_it,compiler::behavioral_policy::behavioral_0063,behavioral_policy,train,google/gemma-2-9b-it,middle__all__r16,0.5,0.6666666666666666,0.0,1.0,0.5416666666666666,1,11
gemma_2_9b_it,compiler::behavioral_policy::behavioral_0065,behavioral_policy,train,google/gemma-2-9b-it,early__all__r16,0.1,0.5,0.0,0.9679715302491104,0.3919928825622776,1,11
gemma_2_9b_it,compiler::behavioral_policy::behavioral_0065,behavioral_policy,train,google/gemma-2-9b-it,full__all__r4,0.2,0.5,0.0,0.99644128113879,0.4241103202846975,1,11
gemma_2_9b_it,compiler::behavioral_policy::behavioral_0065,behavioral_policy,train,google/gemma-2-9b-it,late__all__r16,0.5,0.8333333333333334,0.0,0.9679715302491104,0.575326215895611,1,11
gemma_2_9b_it,compiler::behavioral_policy::behavioral_0065,behavioral_policy,train,google/gemma-2-9b-it,middle__all__r16,0.2,1.0,0.0,1.0,0.55,1,11
gemma_2_9b_it,compiler::behavioral_policy::behavioral_0068,behavioral_policy,train,google/gemma-2-9b-it,early__all__r16,0.0,0.5,0.0,1.0,0.375,1,11
gemma_2_9b_it,compiler::behavioral_policy::behavioral_0068,behavioral_policy,train,google/gemma-2-9b-it,full__all__r4,0.1,0.5,0.0,0.99644128113879,0.3991103202846975,1,11
gemma_2_9b_it,compiler::behavioral_policy::behavioral_0068,behavioral_policy,train,google/gemma-2-9b-it,late__all__r16,0.1,0.5,0.0,0.9786476868327402,0.394661921708185,1,11
gemma_2_9b_it,compiler::behavioral_policy::behavioral_0068,behavioral_policy,train,google/gemma-2-9b-it,middle__all__r16,0.7,0.8333333333333334,0.0,0.99644128113879,0.6324436536180309,1,11
gemma_2_9b_it,compiler::behavioral_policy::behavioral_0069,behavioral_policy,train,google/gemma-2-9b-it,early__all__r16,0.1,0.5,0.0,1.0,0.4,1,11
gemma_2_9b_it,compiler::behavioral_policy::behavioral_0069,behavioral_policy,train,google/gemma-2-9b-it,full__all__r4,0.8,1.0,0.0,0.99288256227758,0.698220640569395,1,11
gemma_2_9b_it,compiler::behavioral_policy::behavioral_0069,behavioral_policy,train,google/gemma-2-9b-it,late__all__r16,0.0,0.5,0.0,0.9608540925266904,0.3652135231316726,1,11
gemma_2_9b_it,compiler::behavioral_policy::behavioral_0069,behavioral_policy,train,google/gemma-2-9b-it,middle__all__r16,0.9,0.8333333333333334,0.0,0.99644128113879,0.6824436536180308,1,11
gemma_2_9b_it,compiler::behavioral_policy::behavioral_0072,behavioral_policy,train,google/gemma-2-9b-it,early__all__r16,0.1,0.3333333333333333,0.0,1.0,0.3583333333333333,1,11
gemma_2_9b_it,compiler::behavioral_policy::behavioral_0072,behavioral_policy,train,google/gemma-2-9b-it,full__all__r4,0.2,0.5,0.0,0.99288256227758,0.423220640569395,1,11
gemma_2_9b_it,compiler::behavioral_policy::behavioral_0072,behavioral_policy,train,google/gemma-2-9b-it,late__all__r16,0.1,0.5,0.0,0.98932384341637,0.3973309608540925,1,11
gemma_2_9b_it,compiler::behavioral_policy::behavioral_0072,behavioral_policy,train,google/gemma-2-9b-it,middle__all__r16,0.1,0.5,0.0,1.0,0.4,1,11
gemma_2_9b_it,compiler::behavioral_policy::behavioral_0073,behavioral_policy,train,google/gemma-2-9b-it,early__all__r16,0.0,0.3333333333333333,0.0,1.0,0.3333333333333333,1,11
gemma_2_9b_it,compiler::behavioral_policy::behavioral_0073,behavioral_policy,train,google/gemma-2-9b-it,full__all__r4,1.0,1.0,0.0,0.9786476868327402,0.744661921708185,1,11
gemma_2_9b_it,compiler::behavioral_policy::behavioral_0073,behavioral_policy,train,google/gemma-2-9b-it,late__all__r16,0.0,0.5,0.0,0.9786476868327402,0.369661921708185,1,11
gemma_2_9b_it,compiler::behavioral_policy::behavioral_0073,behavioral_policy,train,google/gemma-2-9b-it,middle__all__r16,1.0,1.0,0.0,0.98932384341637,0.7473309608540926,1,11
gemma_2_9b_it,compiler::behavioral_policy::behavioral_0074,behavioral_policy,train,google/gemma-2-9b-it,early__all__r16,0.1,0.5,0.0,1.0,0.4,1,11
gemma_2_9b_it,compiler::behavioral_policy::behavioral_0074,behavioral_policy,train,google/gemma-2-9b-it,full__all__r4,0.8,0.8333333333333334,0.0,0.99644128113879,0.6574436536180308,1,11
gemma_2_9b_it,compiler::behavioral_policy::behavioral_0074,behavioral_policy,train,google/gemma-2-9b-it,late__all__r16,0.1,0.5,0.0,0.9679715302491104,0.3919928825622776,1,11
gemma_2_9b_it,compiler::behavioral_policy::behavioral_0074,behavioral_policy,train,google/gemma-2-9b-it,middle__all__r16,0.6000000000000001,0.5,0.0,1.0,0.525,1,11
gemma_2_9b_it,compiler::behavioral_policy::behavioral_0075,behavioral_policy,train,google/gemma-2-9b-it,early__all__r16,0.1,0.5,0.0,0.98932384341637,0.3973309608540925,1,11
gemma_2_9b_it,compiler::behavioral_policy::behavioral_0075,behavioral_policy,train,google/gemma-2-9b-it,full__all__r4,0.2,0.6666666666666666,0.0,0.99644128113879,0.4657769869513641,1,11
gemma_2_9b_it,compiler::behavioral_policy::behavioral_0075,behavioral_policy,train,google/gemma-2-9b-it,late__all__r16,0.5,0.5,0.0,0.9786476868327402,0.494661921708185,1,11
gemma_2_9b_it,compiler::behavioral_policy::behavioral_0075,behavioral_policy,train,google/gemma-2-9b-it,middle__all__r16,0.1,0.5,0.0,1.0,0.4,1,11
gemma_2_9b_it,compiler::behavioral_policy::behavioral_0076,behavioral_policy,train,google/gemma-2-9b-it,early__all__r16,0.1,0.5,0.0,0.99288256227758,0.398220640569395,1,11
gemma_2_9b_it,compiler::behavioral_policy::behavioral_0076,behavioral_policy,train,google/gemma-2-9b-it,full__all__r4,0.2,0.6666666666666666,0.0,0.99644128113879,0.4657769869513641,1,11
gemma_2_9b_it,compiler::behavioral_policy::behavioral_0076,behavioral_policy,train,google/gemma-2-9b-it,late__all__r16,0.2,0.5,0.0,0.9608540925266904,0.4152135231316726,1,11
gemma_2_9b_it,compiler::behavioral_policy::behavioral_0076,behavioral_policy,train,google/gemma-2-9b-it,middle__all__r16,0.1,0.5,0.0,1.0,0.4,1,11
gemma_2_9b_it,compiler::behavioral_policy::behavioral_0078,behavioral_policy,train,google/gemma-2-9b-it,early__all__r16,0.1,0.5,0.0,1.0,0.4,1,11
gemma_2_9b_it,compiler::behavioral_policy::behavioral_0078,behavioral_policy,train,google/gemma-2-9b-it,full__all__r4,0.1,0.5,0.0,0.99644128113879,0.3991103202846975,1,11
gemma_2_9b_it,compiler::behavioral_policy::behavioral_0078,behavioral_policy,train,google/gemma-2-9b-it,late__all__r16,0.1,0.5,0.0,0.9750889679715302,0.3937722419928826,1,11
gemma_2_9b_it,compiler::behavioral_policy::behavioral_0078,behavioral_policy,train,google/gemma-2-9b-it,middle__all__r16,0.6000000000000001,0.5,0.0,0.99644128113879,0.5241103202846975,1,11
gemma_2_9b_it,compiler::behavioral_policy::behavioral_0079,behavioral_policy,train,google/gemma-2-9b-it,early__all__r16,0.3,0.6666666666666666,0.0,1.0,0.4916666666666667,1,11
gemma_2_9b_it,compiler::behavioral_policy::behavioral_0079,behavioral_policy,train,google/gemma-2-9b-it,full__all__r4,0.4,0.8333333333333334,0.1666666666666666,0.99288256227758,0.5982206405693951,1,11
gemma_2_9b_it,compiler::behavioral_policy::behavioral_0079,behavioral_policy,train,google/gemma-2-9b-it,late__all__r16,0.0,0.5,0.0,0.9750889679715302,0.3687722419928825,1,11
gemma_2_9b_it,compiler::behavioral_policy::behavioral_0079,behavioral_policy,train,google/gemma-2-9b-it,middle__all__r16,0.7,0.5,0.0,1.0,0.55,1,11
gemma_2_9b_it,compiler::behavioral_policy::behavioral_0080,behavioral_policy,train,google/gemma-2-9b-it,early__all__r16,0.2,0.1666666666666666,0.0,0.99288256227758,0.3398873072360617,1,11
gemma_2_9b_it,compiler::behavioral_policy::behavioral_0080,behavioral_policy,train,google/gemma-2-9b-it,full__all__r4,0.7,1.0,0.0,0.99644128113879,0.6741103202846975,1,11
gemma_2_9b_it,compiler::behavioral_policy::behavioral_0080,behavioral_policy,train,google/gemma-2-9b-it,late__all__r16,0.1,0.3333333333333333,0.0,0.9786476868327402,0.3529952550415183,1,11
gemma_2_9b_it,compiler::behavioral_policy::behavioral_0080,behavioral_policy,train,google/gemma-2-9b-it,middle__all__r16,0.2,0.8333333333333334,0.0,1.0,0.5083333333333333,1,11
gemma_2_9b_it,compiler::behavioral_policy::behavioral_0081,behavioral_policy,train,google/gemma-2-9b-it,early__all__r16,0.1,0.5,0.0,1.0,0.4,1,11
gemma_2_9b_it,compiler::behavioral_policy::behavioral_0081,behavioral_policy,train,google/gemma-2-9b-it,full__all__r4,0.1,0.5,0.0,0.99288256227758,0.398220640569395,1,11
gemma_2_9b_it,compiler::behavioral_policy::behavioral_0081,behavioral_policy,train,google/gemma-2-9b-it,late__all__r16,0.0,0.5,0.0,0.9679715302491104,0.3669928825622776,1,11
gemma_2_9b_it,compiler::behavioral_policy::behavioral_0081,behavioral_policy,train,google/gemma-2-9b-it,middle__all__r16,0.1,0.5,0.0,1.0,0.4,1,11
gemma_2_9b_it,compiler::behavioral_policy::behavioral_0083,behavioral_policy,train,google/gemma-2-9b-it,early__all__r16,0.0,0.5,0.0,0.99644128113879,0.3741103202846975,1,11
gemma_2_9b_it,compiler::behavioral_policy::behavioral_0083,behavioral_policy,train,google/gemma-2-9b-it,full__all__r4,0.4,0.6666666666666666,0.0,0.9715302491103204,0.5095492289442467,1,11
gemma_2_9b_it,compiler::behavioral_policy::behavioral_0083,behavioral_policy,train,google/gemma-2-9b-it,late__all__r16,0.0,0.5,0.0,0.98220640569395,0.3705516014234875,1,11
gemma_2_9b_it,compiler::behavioral_policy::behavioral_0083,behavioral_policy,train,google/gemma-2-9b-it,middle__all__r16,0.1,0.3333333333333333,0.0,1.0,0.3583333333333333,1,11
gemma_2_9b_it,compiler::behavioral_policy::behavioral_0085,behavioral_policy,train,google/gemma-2-9b-it,early__all__r16,0.1,0.5,0.0,0.9857651245551602,0.39644128113879,1,11
gemma_2_9b_it,compiler::behavioral_policy::behavioral_0085,behavioral_policy,train,google/gemma-2-9b-it,full__all__r4,0.3,0.5,0.0,0.99644128113879,0.4491103202846975,1,11
gemma_2_9b_it,compiler::behavioral_policy::behavioral_0085,behavioral_policy,train,google/gemma-2-9b-it,late__all__r16,0.5,0.6666666666666666,0.0,0.9679715302491104,0.5336595492289442,1,11
gemma_2_9b_it,compiler::behavioral_policy::behavioral_0085,behavioral_policy,train,google/gemma-2-9b-it,middle__all__r16,0.1,0.5,0.0,1.0,0.4,1,11
gemma_2_9b_it,compiler::behavioral_policy::behavioral_0086,behavioral_policy,train,google/gemma-2-9b-it,early__all__r16,0.1,0.5,0.0,1.0,0.4,1,11
gemma_2_9b_it,compiler::behavioral_policy::behavioral_0086,behavioral_policy,train,google/gemma-2-9b-it,full__all__r4,0.7,0.6666666666666666,0.0,0.99644128113879,0.5907769869513642,1,11
gemma_2_9b_it,compiler::behavioral_policy::behavioral_0086,behavioral_policy,train,google/gemma-2-9b-it,late__all__r16,0.1,0.5,0.0,0.9608540925266904,0.3902135231316726,1,11
gemma_2_9b_it,compiler::behavioral_policy::behavioral_0086,behavioral_policy,train,google/gemma-2-9b-it,middle__all__r16,0.1,0.5,0.0,1.0,0.4,1,11
gemma_2_9b_it,compiler::behavioral_policy::behavioral_0088,behavioral_policy,train,google/gemma-2-9b-it,early__all__r16,0.0,0.5,0.0,0.99644128113879,0.3741103202846975,1,11
gemma_2_9b_it,compiler::behavioral_policy::behavioral_0088,behavioral_policy,train,google/gemma-2-9b-it,full__all__r4,0.1,0.6666666666666666,0.0,0.99644128113879,0.4407769869513642,1,11
gemma_2_9b_it,compiler::behavioral_policy::behavioral_0088,behavioral_policy,train,google/gemma-2-9b-it,late__all__r16,0.1,0.3333333333333333,0.0,0.9715302491103204,0.3512158956109134,1,11
gemma_2_9b_it,compiler::behavioral_policy::behavioral_0088,behavioral_policy,train,google/gemma-2-9b-it,middle__all__r16,0.8,0.8333333333333334,0.0,0.99644128113879,0.6574436536180308,1,11
gemma_2_9b_it,compiler::behavioral_policy::behavioral_0089,behavioral_policy,train,google/gemma-2-9b-it,early__all__r16,0.1,0.5,0.0,1.0,0.4,1,11
gemma_2_9b_it,compiler::behavioral_policy::behavioral_0089,behavioral_policy,train,google/gemma-2-9b-it,full__all__r4,0.3,1.0,0.0,0.99288256227758,0.573220640569395,1,11
gemma_2_9b_it,compiler::behavioral_policy::behavioral_0089,behavioral_policy,train,google/gemma-2-9b-it,late__all__r16,0.1,0.5,0.0,0.9572953736654805,0.3893238434163701,1,11
gemma_2_9b_it,compiler::behavioral_policy::behavioral_0089,behavioral_policy,train,google/gemma-2-9b-it,middle__all__r16,0.8,0.8333333333333334,0.0,1.0,0.6583333333333333,1,11
gemma_2_9b_it,compiler::behavioral_policy::behavioral_0093,behavioral_policy,train,google/gemma-2-9b-it,early__all__r16,0.0,0.3333333333333333,0.0,1.0,0.3333333333333333,1,11
gemma_2_9b_it,compiler::behavioral_policy::behavioral_0093,behavioral_policy,train,google/gemma-2-9b-it,full__all__r4,0.7,0.8333333333333334,0.0,0.9608540925266904,0.623546856465006,1,11
gemma_2_9b_it,compiler::behavioral_policy::behavioral_0093,behavioral_policy,train,google/gemma-2-9b-it,late__all__r16,0.0,0.5,0.0,0.98220640569395,0.3705516014234875,1,11
gemma_2_9b_it,compiler::behavioral_policy::behavioral_0093,behavioral_policy,train,google/gemma-2-9b-it,middle__all__r16,0.5,0.6666666666666666,0.0,1.0,0.5416666666666666,1,11
gemma_2_9b_it,compiler::behavioral_policy::behavioral_0094,behavioral_policy,train,google/gemma-2-9b-it,early__all__r16,0.1,0.6666666666666666,0.0,1.0,0.4416666666666666,1,11
gemma_2_9b_it,compiler::behavioral_policy::behavioral_0094,behavioral_policy,train,google/gemma-2-9b-it,full__all__r4,0.8,1.0,0.0,0.99644128113879,0.6991103202846976,1,11
gemma_2_9b_it,compiler::behavioral_policy::behavioral_0094,behavioral_policy,train,google/gemma-2-9b-it,late__all__r16,0.1,0.5,0.0,0.9572953736654805,0.3893238434163701,1,11
gemma_2_9b_it,compiler::behavioral_policy::behavioral_0094,behavioral_policy,train,google/gemma-2-9b-it,middle__all__r16,0.6000000000000001,0.5,0.0,1.0,0.525,1,11
gemma_2_9b_it,compiler::behavioral_policy::behavioral_0095,behavioral_policy,train,google/gemma-2-9b-it,early__all__r16,0.1,0.5,0.0,0.9679715302491104,0.3919928825622776,1,11
gemma_2_9b_it,compiler::behavioral_policy::behavioral_0095,behavioral_policy,train,google/gemma-2-9b-it,full__all__r4,0.2,0.5,0.0,0.99644128113879,0.4241103202846975,1,11
gemma_2_9b_it,compiler::behavioral_policy::behavioral_0095,behavioral_policy,train,google/gemma-2-9b-it,late__all__r16,0.5,0.8333333333333334,0.0,0.9679715302491104,0.575326215895611,1,11
gemma_2_9b_it,compiler::behavioral_policy::behavioral_0095,behavioral_policy,train,google/gemma-2-9b-it,middle__all__r16,0.2,1.0,0.0,1.0,0.55,1,11
gemma_2_9b_it,compiler::behavioral_policy::behavioral_0096,behavioral_policy,train,google/gemma-2-9b-it,early__all__r16,0.1,0.5,0.0,1.0,0.4,1,11
gemma_2_9b_it,compiler::behavioral_policy::behavioral_0096,behavioral_policy,train,google/gemma-2-9b-it,full__all__r4,0.2,0.5,0.0,0.99644128113879,0.4241103202846975,1,11
gemma_2_9b_it,compiler::behavioral_policy::behavioral_0096,behavioral_policy,train,google/gemma-2-9b-it,late__all__r16,0.2,0.5,0.0,0.9715302491103204,0.4178825622775801,1,11
gemma_2_9b_it,compiler::behavioral_policy::behavioral_0096,behavioral_policy,train,google/gemma-2-9b-it,middle__all__r16,0.7,0.8333333333333334,0.0,1.0,0.6333333333333333,1,11
gemma_2_9b_it,compiler::behavioral_policy::behavioral_0098,behavioral_policy,train,google/gemma-2-9b-it,early__all__r16,0.0,0.5,0.0,1.0,0.375,1,11
gemma_2_9b_it,compiler::behavioral_policy::behavioral_0098,behavioral_policy,train,google/gemma-2-9b-it,full__all__r4,0.1,0.5,0.0,0.99644128113879,0.3991103202846975,1,11
gemma_2_9b_it,compiler::behavioral_policy::behavioral_0098,behavioral_policy,train,google/gemma-2-9b-it,late__all__r16,0.1,0.5,0.0,0.9786476868327402,0.394661921708185,1,11
gemma_2_9b_it,compiler::behavioral_policy::behavioral_0098,behavioral_policy,train,google/gemma-2-9b-it,middle__all__r16,0.7,0.8333333333333334,0.0,0.99644128113879,0.6324436536180309,1,11
gemma_2_9b_it,compiler::behavioral_policy::behavioral_0101,behavioral_policy,train,google/gemma-2-9b-it,early__all__r16,0.1,0.5,0.0,1.0,0.4,1,11
gemma_2_9b_it,compiler::behavioral_policy::behavioral_0101,behavioral_policy,train,google/gemma-2-9b-it,full__all__r4,0.2,0.5,0.1666666666666666,0.99644128113879,0.4657769869513641,1,11
gemma_2_9b_it,compiler::behavioral_policy::behavioral_0101,behavioral_policy,train,google/gemma-2-9b-it,late__all__r16,0.0,0.5,0.0,0.9679715302491104,0.3669928825622776,1,11
gemma_2_9b_it,compiler::behavioral_policy::behavioral_0101,behavioral_policy,train,google/gemma-2-9b-it,middle__all__r16,0.4,0.5,0.0,1.0,0.475,1,11
gemma_2_9b_it,compiler::behavioral_policy::behavioral_0102,behavioral_policy,train,google/gemma-2-9b-it,early__all__r16,0.1,0.3333333333333333,0.0,1.0,0.3583333333333333,1,11
gemma_2_9b_it,compiler::behavioral_policy::behavioral_0102,behavioral_policy,train,google/gemma-2-9b-it,full__all__r4,0.2,0.5,0.0,0.99288256227758,0.423220640569395,1,11
gemma_2_9b_it,compiler::behavioral_policy::behavioral_0102,behavioral_policy,train,google/gemma-2-9b-it,late__all__r16,0.1,0.5,0.0,0.98932384341637,0.3973309608540925,1,11
gemma_2_9b_it,compiler::behavioral_policy::behavioral_0102,behavioral_policy,train,google/gemma-2-9b-it,middle__all__r16,0.1,0.5,0.0,1.0,0.4,1,11
gemma_2_9b_it,compiler::behavioral_policy::behavioral_0106,behavioral_policy,train,google/gemma-2-9b-it,early__all__r16,0.1,0.5,0.0,0.99288256227758,0.398220640569395,1,11
gemma_2_9b_it,compiler::behavioral_policy::behavioral_0106,behavioral_policy,train,google/gemma-2-9b-it,full__all__r4,0.2,0.6666666666666666,0.0,0.99644128113879,0.4657769869513641,1,11
gemma_2_9b_it,compiler::behavioral_policy::behavioral_0106,behavioral_policy,train,google/gemma-2-9b-it,late__all__r16,0.2,0.5,0.0,0.9608540925266904,0.4152135231316726,1,11
gemma_2_9b_it,compiler::behavioral_policy::behavioral_0106,behavioral_policy,train,google/gemma-2-9b-it,middle__all__r16,0.1,0.5,0.0,1.0,0.4,1,11
gemma_2_9b_it,compiler::behavioral_policy::behavioral_0107,behavioral_policy,train,google/gemma-2-9b-it,early__all__r16,0.1,0.5,0.0,1.0,0.4,1,11
gemma_2_9b_it,compiler::behavioral_policy::behavioral_0107,behavioral_policy,train,google/gemma-2-9b-it,full__all__r4,0.1,0.5,0.0,0.99288256227758,0.398220640569395,1,11
gemma_2_9b_it,compiler::behavioral_policy::behavioral_0107,behavioral_policy,train,google/gemma-2-9b-it,late__all__r16,0.1,0.5,0.0,0.9679715302491104,0.3919928825622776,1,11
gemma_2_9b_it,compiler::behavioral_policy::behavioral_0107,behavioral_policy,train,google/gemma-2-9b-it,middle__all__r16,0.1,0.5,0.0,1.0,0.4,1,11
gemma_2_9b_it,compiler::behavioral_policy::behavioral_0108,behavioral_policy,train,google/gemma-2-9b-it,early__all__r16,0.1,0.5,0.0,1.0,0.4,1,11
gemma_2_9b_it,compiler::behavioral_policy::behavioral_0108,behavioral_policy,train,google/gemma-2-9b-it,full__all__r4,0.1,0.5,0.0,0.99644128113879,0.3991103202846975,1,11
gemma_2_9b_it,compiler::behavioral_policy::behavioral_0108,behavioral_policy,train,google/gemma-2-9b-it,late__all__r16,0.1,0.5,0.0,0.9750889679715302,0.3937722419928826,1,11
gemma_2_9b_it,compiler::behavioral_policy::behavioral_0108,behavioral_policy,train,google/gemma-2-9b-it,middle__all__r16,0.6000000000000001,0.5,0.0,0.99644128113879,0.5241103202846975,1,11
gemma_2_9b_it,compiler::behavioral_policy::behavioral_0109,behavioral_policy,train,google/gemma-2-9b-it,early__all__r16,0.3,0.6666666666666666,0.0,1.0,0.4916666666666667,1,11
gemma_2_9b_it,compiler::behavioral_policy::behavioral_0109,behavioral_policy,train,google/gemma-2-9b-it,full__all__r4,0.4,0.8333333333333334,0.1666666666666666,0.99288256227758,0.5982206405693951,1,11
gemma_2_9b_it,compiler::behavioral_policy::behavioral_0109,behavioral_policy,train,google/gemma-2-9b-it,late__all__r16,0.0,0.5,0.0,0.9750889679715302,0.3687722419928825,1,11
gemma_2_9b_it,compiler::behavioral_policy::behavioral_0109,behavioral_policy,train,google/gemma-2-9b-it,middle__all__r16,0.7,0.5,0.0,1.0,0.55,1,11
gemma_2_9b_it,compiler::behavioral_policy::behavioral_0110,behavioral_policy,train,google/gemma-2-9b-it,early__all__r16,0.2,0.1666666666666666,0.0,0.99288256227758,0.3398873072360617,1,11
gemma_2_9b_it,compiler::behavioral_policy::behavioral_0110,behavioral_policy,train,google/gemma-2-9b-it,full__all__r4,0.7,1.0,0.0,0.99644128113879,0.6741103202846975,1,11
gemma_2_9b_it,compiler::behavioral_policy::behavioral_0110,behavioral_policy,train,google/gemma-2-9b-it,late__all__r16,0.1,0.3333333333333333,0.0,0.9786476868327402,0.3529952550415183,1,11
gemma_2_9b_it,compiler::behavioral_policy::behavioral_0110,behavioral_policy,train,google/gemma-2-9b-it,middle__all__r16,0.2,0.8333333333333334,0.0,1.0,0.5083333333333333,1,11
gemma_2_9b_it,compiler::behavioral_policy::behavioral_0113,behavioral_policy,train,google/gemma-2-9b-it,early__all__r16,0.0,0.5,0.0,0.99644128113879,0.3741103202846975,1,11
gemma_2_9b_it,compiler::behavioral_policy::behavioral_0113,behavioral_policy,train,google/gemma-2-9b-it,full__all__r4,0.4,0.6666666666666666,0.0,0.9715302491103204,0.5095492289442467,1,11
gemma_2_9b_it,compiler::behavioral_policy::behavioral_0113,behavioral_policy,train,google/gemma-2-9b-it,late__all__r16,0.0,0.5,0.0,0.98220640569395,0.3705516014234875,1,11
gemma_2_9b_it,compiler::behavioral_policy::behavioral_0113,behavioral_policy,train,google/gemma-2-9b-it,middle__all__r16,0.1,0.3333333333333333,0.0,1.0,0.3583333333333333,1,11
gemma_2_9b_it,compiler::behavioral_policy::behavioral_0114,behavioral_policy,train,google/gemma-2-9b-it,early__all__r16,0.1,0.5,0.0,1.0,0.4,1,11
gemma_2_9b_it,compiler::behavioral_policy::behavioral_0114,behavioral_policy,train,google/gemma-2-9b-it,full__all__r4,0.8,0.6666666666666666,0.0,0.99644128113879,0.6157769869513642,1,11
gemma_2_9b_it,compiler::behavioral_policy::behavioral_0114,behavioral_policy,train,google/gemma-2-9b-it,late__all__r16,0.1,0.3333333333333333,0.0,0.9572953736654805,0.3476571767497034,1,11
gemma_2_9b_it,compiler::behavioral_policy::behavioral_0114,behavioral_policy,train,google/gemma-2-9b-it,middle__all__r16,0.7,0.6666666666666666,0.0,1.0,0.5916666666666667,1,11
gemma_2_9b_it,compiler::behavioral_policy::behavioral_0115,behavioral_policy,train,google/gemma-2-9b-it,early__all__r16,0.1,0.5,0.0,0.9857651245551602,0.39644128113879,1,11
gemma_2_9b_it,compiler::behavioral_policy::behavioral_0115,behavioral_policy,train,google/gemma-2-9b-it,full__all__r4,0.3,0.5,0.0,0.99644128113879,0.4491103202846975,1,11
gemma_2_9b_it,compiler::behavioral_policy::behavioral_0115,behavioral_policy,train,google/gemma-2-9b-it,late__all__r16,0.5,0.6666666666666666,0.0,0.9679715302491104,0.5336595492289442,1,11
gemma_2_9b_it,compiler::behavioral_policy::behavioral_0115,behavioral_policy,train,google/gemma-2-9b-it,middle__all__r16,0.1,0.5,0.0,1.0,0.4,1,11
gemma_2_9b_it,compiler::behavioral_policy::behavioral_0117,behavioral_policy,train,google/gemma-2-9b-it,early__all__r16,0.1,0.5,0.0,1.0,0.4,1,11
gemma_2_9b_it,compiler::behavioral_policy::behavioral_0117,behavioral_policy,train,google/gemma-2-9b-it,full__all__r4,0.1,0.6666666666666666,0.0,0.99644128113879,0.4407769869513642,1,11
gemma_2_9b_it,compiler::behavioral_policy::behavioral_0117,behavioral_policy,train,google/gemma-2-9b-it,late__all__r16,0.1,0.5,0.0,0.9608540925266904,0.3902135231316726,1,11
gemma_2_9b_it,compiler::behavioral_policy::behavioral_0117,behavioral_policy,train,google/gemma-2-9b-it,middle__all__r16,0.1,0.5,0.0,1.0,0.4,1,11
gemma_2_9b_it,compiler::behavioral_policy::behavioral_0119,behavioral_policy,train,google/gemma-2-9b-it,early__all__r16,0.1,0.5,0.0,1.0,0.4,1,11
gemma_2_9b_it,compiler::behavioral_policy::behavioral_0119,behavioral_policy,train,google/gemma-2-9b-it,full__all__r4,0.3,1.0,0.0,0.99288256227758,0.573220640569395,1,11
gemma_2_9b_it,compiler::behavioral_policy::behavioral_0119,behavioral_policy,train,google/gemma-2-9b-it,late__all__r16,0.1,0.5,0.0,0.9572953736654805,0.3893238434163701,1,11
gemma_2_9b_it,compiler::behavioral_policy::behavioral_0119,behavioral_policy,train,google/gemma-2-9b-it,middle__all__r16,0.8,0.8333333333333334,0.0,1.0,0.6583333333333333,1,11
gemma_2_9b_it,compiler::causal_mapping::causal_0000,causal_mapping,train,google/gemma-2-9b-it,early__all__r16,0.0,0.0,0.3333333333333333,0.99644128113879,0.3324436536180308,1,11
gemma_2_9b_it,compiler::causal_mapping::causal_0000,causal_mapping,train,google/gemma-2-9b-it,full__all__r4,0.0,0.0,0.3333333333333333,0.99644128113879,0.3324436536180308,1,11
gemma_2_9b_it,compiler::causal_mapping::causal_0000,causal_mapping,train,google/gemma-2-9b-it,late__all__r16,0.0,0.0,0.3333333333333333,0.9608540925266904,0.3235468564650059,1,11
gemma_2_9b_it,compiler::causal_mapping::causal_0000,causal_mapping,train,google/gemma-2-9b-it,middle__all__r16,0.0,0.1666666666666666,0.3333333333333333,0.99288256227758,0.373220640569395,1,11
gemma_2_9b_it,compiler::causal_mapping::causal_0003,causal_mapping,train,google/gemma-2-9b-it,early__all__r16,0.0,0.1666666666666666,0.5,1.0,0.4166666666666667,1,11
gemma_2_9b_it,compiler::causal_mapping::causal_0003,causal_mapping,train,google/gemma-2-9b-it,full__all__r4,0.0,0.3333333333333333,0.5,0.99644128113879,0.4574436536180308,1,11
gemma_2_9b_it,compiler::causal_mapping::causal_0003,causal_mapping,train,google/gemma-2-9b-it,late__all__r16,0.0,0.3333333333333333,0.3333333333333333,0.9537366548042704,0.4051008303677342,1,11
gemma_2_9b_it,compiler::causal_mapping::causal_0003,causal_mapping,train,google/gemma-2-9b-it,middle__all__r16,0.0,0.3333333333333333,0.5,1.0,0.4583333333333333,1,11
gemma_2_9b_it,compiler::causal_mapping::causal_0004,causal_mapping,train,google/gemma-2-9b-it,early__all__r16,0.0,0.0,0.3333333333333333,1.0,0.3333333333333333,1,11
gemma_2_9b_it,compiler::causal_mapping::causal_0004,causal_mapping,train,google/gemma-2-9b-it,full__all__r4,0.0,0.0,0.3333333333333333,0.99644128113879,0.3324436536180308,1,11
gemma_2_9b_it,compiler::causal_mapping::causal_0004,causal_mapping,train,google/gemma-2-9b-it,late__all__r16,0.0,0.3333333333333333,0.3333333333333333,0.9608540925266904,0.4068801897983393,1,11
gemma_2_9b_it,compiler::causal_mapping::causal_0004,causal_mapping,train,google/gemma-2-9b-it,middle__all__r16,0.0,0.0,0.3333333333333333,0.99644128113879,0.3324436536180308,1,11
gemma_2_9b_it,compiler::causal_mapping::causal_0005,causal_mapping,train,google/gemma-2-9b-it,early__all__r16,0.0,0.0,0.5,0.99288256227758,0.373220640569395,1,11
gemma_2_9b_it,compiler::causal_mapping::causal_0005,causal_mapping,train,google/gemma-2-9b-it,full__all__r4,0.3,0.3333333333333333,0.5,0.99644128113879,0.5324436536180308,1,11
gemma_2_9b_it,compiler::causal_mapping::causal_0005,causal_mapping,train,google/gemma-2-9b-it,late__all__r16,0.0,0.0,0.5,0.9501779359430604,0.3625444839857651,1,11
gemma_2_9b_it,compiler::causal_mapping::causal_0005,causal_mapping,train,google/gemma-2-9b-it,middle__all__r16,0.3,0.3333333333333333,0.5,0.98932384341637,0.5306642941874259,1,11
gemma_2_9b_it,compiler::causal_mapping::causal_0008,causal_mapping,train,google/gemma-2-9b-it,early__all__r16,0.0,0.0,0.1666666666666666,0.98220640569395,0.2872182680901542,1,11
gemma_2_9b_it,compiler::causal_mapping::causal_0008,causal_mapping,train,google/gemma-2-9b-it,full__all__r4,0.0,0.0,0.3333333333333333,0.99644128113879,0.3324436536180308,1,11
gemma_2_9b_it,compiler::causal_mapping::causal_0008,causal_mapping,train,google/gemma-2-9b-it,late__all__r16,0.0,0.0,0.1666666666666666,0.9537366548042704,0.2801008303677343,1,11
gemma_2_9b_it,compiler::causal_mapping::causal_0008,causal_mapping,train,google/gemma-2-9b-it,middle__all__r16,0.0,0.0,0.3333333333333333,0.9857651245551602,0.3297746144721233,1,11
gemma_2_9b_it,compiler::causal_mapping::causal_0009,causal_mapping,train,google/gemma-2-9b-it,early__all__r16,0.0,0.0,0.3333333333333333,0.98932384341637,0.3306642941874259,1,11
gemma_2_9b_it,compiler::causal_mapping::causal_0009,causal_mapping,train,google/gemma-2-9b-it,full__all__r4,0.0,0.1666666666666666,0.3333333333333333,0.99288256227758,0.373220640569395,1,11
gemma_2_9b_it,compiler::causal_mapping::causal_0009,causal_mapping,train,google/gemma-2-9b-it,late__all__r16,0.0,0.0,0.3333333333333333,0.9644128113879004,0.3244365361803084,1,11
gemma_2_9b_it,compiler::causal_mapping::causal_0009,causal_mapping,train,google/gemma-2-9b-it,middle__all__r16,0.1,0.1666666666666666,0.3333333333333333,1.0,0.4,1,11
gemma_2_9b_it,compiler::causal_mapping::causal_0011,causal_mapping,train,google/gemma-2-9b-it,early__all__r16,0.1,0.0,0.3333333333333333,1.0,0.3583333333333333,1,11
gemma_2_9b_it,compiler::causal_mapping::causal_0011,causal_mapping,train,google/gemma-2-9b-it,full__all__r4,0.1,0.0,0.1666666666666666,0.99288256227758,0.3148873072360617,1,11
gemma_2_9b_it,compiler::causal_mapping::causal_0011,causal_mapping,train,google/gemma-2-9b-it,late__all__r16,0.0,0.0,0.3333333333333333,0.9501779359430604,0.3208778173190985,1,11
gemma_2_9b_it,compiler::causal_mapping::causal_0011,causal_mapping,train,google/gemma-2-9b-it,middle__all__r16,0.0,0.0,0.3333333333333333,1.0,0.3333333333333333,1,11
gemma_2_9b_it,compiler::causal_mapping::causal_0014,causal_mapping,train,google/gemma-2-9b-it,early__all__r16,0.0,0.0,0.3333333333333333,0.99644128113879,0.3324436536180308,1,11
gemma_2_9b_it,compiler::causal_mapping::causal_0014,causal_mapping,train,google/gemma-2-9b-it,full__all__r4,0.0,0.0,0.3333333333333333,0.99644128113879,0.3324436536180308,1,11
gemma_2_9b_it,compiler::causal_mapping::causal_0014,causal_mapping,train,google/gemma-2-9b-it,late__all__r16,0.0,0.3333333333333333,0.3333333333333333,0.9572953736654805,0.4059905100830367,1,11
gemma_2_9b_it,compiler::causal_mapping::causal_0014,causal_mapping,train,google/gemma-2-9b-it,middle__all__r16,0.0,0.0,0.3333333333333333,1.0,0.3333333333333333,1,11
gemma_2_9b_it,compiler::causal_mapping::causal_0015,causal_mapping,train,google/gemma-2-9b-it,early__all__r16,0.0,0.0,0.5,0.99288256227758,0.373220640569395,1,11
gemma_2_9b_it,compiler::causal_mapping::causal_0015,causal_mapping,train,google/gemma-2-9b-it,full__all__r4,0.2,0.3333333333333333,0.5,0.99644128113879,0.5074436536180309,1,11
gemma_2_9b_it,compiler::causal_mapping::causal_0015,causal_mapping,train,google/gemma-2-9b-it,late__all__r16,0.0,0.0,0.5,0.9501779359430604,0.3625444839857651,1,11
gemma_2_9b_it,compiler::causal_mapping::causal_0015,causal_mapping,train,google/gemma-2-9b-it,middle__all__r16,0.1,0.3333333333333333,0.5,0.98932384341637,0.4806642941874258,1,11
gemma_2_9b_it,compiler::causal_mapping::causal_0017,causal_mapping,train,google/gemma-2-9b-it,early__all__r16,0.0,0.0,0.1666666666666666,1.0,0.2916666666666667,1,11
gemma_2_9b_it,compiler::causal_mapping::causal_0017,causal_mapping,train,google/gemma-2-9b-it,full__all__r4,0.0,0.0,0.3333333333333333,0.99644128113879,0.3324436536180308,1,11
gemma_2_9b_it,compiler::causal_mapping::causal_0017,causal_mapping,train,google/gemma-2-9b-it,late__all__r16,0.0,0.0,0.3333333333333333,0.9750889679715302,0.3271055753262158,1,11
gemma_2_9b_it,compiler::causal_mapping::causal_0017,causal_mapping,train,google/gemma-2-9b-it,middle__all__r16,0.1,0.0,0.3333333333333333,0.99644128113879,0.3574436536180308,1,11
gemma_2_9b_it,compiler::causal_mapping::causal_0018,causal_mapping,train,google/gemma-2-9b-it,early__all__r16,0.0,0.0,0.3333333333333333,0.98932384341637,0.3306642941874259,1,11
gemma_2_9b_it,compiler::causal_mapping::causal_0018,causal_mapping,train,google/gemma-2-9b-it,full__all__r4,0.0,0.0,0.3333333333333333,0.99288256227758,0.3315539739027283,1,11
gemma_2_9b_it,compiler::causal_mapping::causal_0018,causal_mapping,train,google/gemma-2-9b-it,late__all__r16,0.0,0.0,0.1666666666666666,0.9430604982206404,0.2774317912218268,1,11
gemma_2_9b_it,compiler::causal_mapping::causal_0018,causal_mapping,train,google/gemma-2-9b-it,middle__all__r16,0.0,0.0,0.3333333333333333,0.99288256227758,0.3315539739027283,1,11
gemma_2_9b_it,compiler::causal_mapping::causal_0019,causal_mapping,train,google/gemma-2-9b-it,early__all__r16,0.0,0.0,0.3333333333333333,0.98220640569395,0.3288849347568208,1,11
gemma_2_9b_it,compiler::causal_mapping::causal_0019,causal_mapping,train,google/gemma-2-9b-it,full__all__r4,0.0,0.1666666666666666,0.3333333333333333,0.99288256227758,0.373220640569395,1,11
gemma_2_9b_it,compiler::causal_mapping::causal_0019,causal_mapping,train,google/gemma-2-9b-it,late__all__r16,0.0,0.1666666666666666,0.3333333333333333,0.9644128113879004,0.366103202846975,1,11
gemma_2_9b_it,compiler::causal_mapping::causal_0019,causal_mapping,train,google/gemma-2-9b-it,middle__all__r16,0.1,0.1666666666666666,0.3333333333333333,0.99644128113879,0.3991103202846975,1,11
gemma_2_9b_it,compiler::causal_mapping::causal_0020,causal_mapping,train,google/gemma-2-9b-it,early__all__r16,0.0,0.0,0.3333333333333333,0.99288256227758,0.3315539739027283,1,11
gemma_2_9b_it,compiler::causal_mapping::causal_0020,causal_mapping,train,google/gemma-2-9b-it,full__all__r4,0.0,0.0,0.5,0.99644128113879,0.3741103202846975,1,11
gemma_2_9b_it,compiler::causal_mapping::causal_0020,causal_mapping,train,google/gemma-2-9b-it,late__all__r16,0.0,0.0,0.3333333333333333,0.9679715302491104,0.3253262158956109,1,11
gemma_2_9b_it,compiler::causal_mapping::causal_0020,causal_mapping,train,google/gemma-2-9b-it,middle__all__r16,0.1,0.0,0.3333333333333333,0.99644128113879,0.3574436536180308,1,11
gemma_2_9b_it,compiler::causal_mapping::causal_0024,causal_mapping,train,google/gemma-2-9b-it,early__all__r16,0.0,0.0,0.3333333333333333,0.99644128113879,0.3324436536180308,1,11
gemma_2_9b_it,compiler::causal_mapping::causal_0024,causal_mapping,train,google/gemma-2-9b-it,full__all__r4,0.0,0.0,0.3333333333333333,0.99644128113879,0.3324436536180308,1,11
gemma_2_9b_it,compiler::causal_mapping::causal_0024,causal_mapping,train,google/gemma-2-9b-it,late__all__r16,0.0,0.3333333333333333,0.3333333333333333,0.9466192170818504,0.4033214709371293,1,11
gemma_2_9b_it,compiler::causal_mapping::causal_0024,causal_mapping,train,google/gemma-2-9b-it,middle__all__r16,0.0,0.0,0.3333333333333333,1.0,0.3333333333333333,1,11
gemma_2_9b_it,compiler::causal_mapping::causal_0025,causal_mapping,train,google/gemma-2-9b-it,early__all__r16,0.0,0.0,0.3333333333333333,0.99288256227758,0.3315539739027283,1,11
gemma_2_9b_it,compiler::causal_mapping::causal_0025,causal_mapping,train,google/gemma-2-9b-it,full__all__r4,0.3,0.3333333333333333,0.5,0.99288256227758,0.5315539739027284,1,11
gemma_2_9b_it,compiler::causal_mapping::causal_0025,causal_mapping,train,google/gemma-2-9b-it,late__all__r16,0.0,0.0,0.5,0.9501779359430604,0.3625444839857651,1,11
gemma_2_9b_it,compiler::causal_mapping::causal_0025,causal_mapping,train,google/gemma-2-9b-it,middle__all__r16,0.2,0.3333333333333333,0.5,0.98932384341637,0.5056642941874259,1,11
gemma_2_9b_it,compiler::causal_mapping::causal_0030,causal_mapping,train,google/gemma-2-9b-it,early__all__r16,0.0,0.0,0.3333333333333333,0.99644128113879,0.3324436536180308,1,11
gemma_2_9b_it,compiler::causal_mapping::causal_0030,causal_mapping,train,google/gemma-2-9b-it,full__all__r4,0.0,0.0,0.5,0.99644128113879,0.3741103202846975,1,11
gemma_2_9b_it,compiler::causal_mapping::causal_0030,causal_mapping,train,google/gemma-2-9b-it,late__all__r16,0.0,0.0,0.3333333333333333,0.9644128113879004,0.3244365361803084,1,11
gemma_2_9b_it,compiler::causal_mapping::causal_0030,causal_mapping,train,google/gemma-2-9b-it,middle__all__r16,0.0,0.0,0.3333333333333333,0.98932384341637,0.3306642941874259,1,11
gemma_2_9b_it,compiler::causal_mapping::causal_0031,causal_mapping,train,google/gemma-2-9b-it,early__all__r16,0.0,0.0,0.3333333333333333,1.0,0.3333333333333333,1,11
gemma_2_9b_it,compiler::causal_mapping::causal_0031,causal_mapping,train,google/gemma-2-9b-it,full__all__r4,0.0,0.1666666666666666,0.1666666666666666,0.99644128113879,0.3324436536180308,1,11
gemma_2_9b_it,compiler::causal_mapping::causal_0031,causal_mapping,train,google/gemma-2-9b-it,late__all__r16,0.0,0.0,0.3333333333333333,0.9501779359430604,0.3208778173190985,1,11
gemma_2_9b_it,compiler::causal_mapping::causal_0031,causal_mapping,train,google/gemma-2-9b-it,middle__all__r16,0.0,0.0,0.3333333333333333,0.99644128113879,0.3324436536180308,1,11
gemma_2_9b_it,compiler::causal_mapping::causal_0032,causal_mapping,train,google/gemma-2-9b-it,early__all__r16,0.0,0.1666666666666666,0.3333333333333333,1.0,0.375,1,11
gemma_2_9b_it,compiler::causal_mapping::causal_0032,causal_mapping,train,google/gemma-2-9b-it,full__all__r4,0.0,0.1666666666666666,0.3333333333333333,0.99644128113879,0.3741103202846975,1,11
gemma_2_9b_it,compiler::causal_mapping::causal_0032,causal_mapping,train,google/gemma-2-9b-it,late__all__r16,0.0,0.5,0.1666666666666666,0.9537366548042704,0.4051008303677343,1,11
gemma_2_9b_it,compiler::causal_mapping::causal_0032,causal_mapping,train,google/gemma-2-9b-it,middle__all__r16,0.2,0.1666666666666666,0.3333333333333333,0.99288256227758,0.423220640569395,1,11
gemma_2_9b_it,compiler::causal_mapping::causal_0033,causal_mapping,train,google/gemma-2-9b-it,early__all__r16,0.0,0.3333333333333333,0.3333333333333333,1.0,0.4166666666666666,1,11
gemma_2_9b_it,compiler::causal_mapping::causal_0033,causal_mapping,train,google/gemma-2-9b-it,full__all__r4,0.0,0.3333333333333333,0.3333333333333333,0.99644128113879,0.4157769869513641,1,11
gemma_2_9b_it,compiler::causal_mapping::causal_0033,causal_mapping,train,google/gemma-2-9b-it,late__all__r16,0.0,0.3333333333333333,0.3333333333333333,0.9466192170818504,0.4033214709371293,1,11
gemma_2_9b_it,compiler::causal_mapping::causal_0033,causal_mapping,train,google/gemma-2-9b-it,middle__all__r16,0.0,0.3333333333333333,0.5,1.0,0.4583333333333333,1,11
gemma_2_9b_it,compiler::causal_mapping::causal_0035,causal_mapping,train,google/gemma-2-9b-it,early__all__r16,0.0,0.0,0.3333333333333333,0.99288256227758,0.3315539739027283,1,11
gemma_2_9b_it,compiler::causal_mapping::causal_0035,causal_mapping,train,google/gemma-2-9b-it,full__all__r4,0.2,0.3333333333333333,0.5,0.98932384341637,0.5056642941874259,1,11
gemma_2_9b_it,compiler::causal_mapping::causal_0035,causal_mapping,train,google/gemma-2-9b-it,late__all__r16,0.0,0.0,0.5,0.9501779359430604,0.3625444839857651,1,11
gemma_2_9b_it,compiler::causal_mapping::causal_0035,causal_mapping,train,google/gemma-2-9b-it,middle__all__r16,0.2,0.3333333333333333,0.5,0.98932384341637,0.5056642941874259,1,11
gemma_2_9b_it,compiler::causal_mapping::causal_0037,causal_mapping,train,google/gemma-2-9b-it,early__all__r16,0.0,0.0,0.3333333333333333,1.0,0.3333333333333333,1,11
gemma_2_9b_it,compiler::causal_mapping::causal_0037,causal_mapping,train,google/gemma-2-9b-it,full__all__r4,0.0,0.0,0.1666666666666666,0.99644128113879,0.2907769869513641,1,11
gemma_2_9b_it,compiler::causal_mapping::causal_0037,causal_mapping,train,google/gemma-2-9b-it,late__all__r16,0.0,0.0,0.3333333333333333,0.9750889679715302,0.3271055753262158,1,11
gemma_2_9b_it,compiler::causal_mapping::causal_0037,causal_mapping,train,google/gemma-2-9b-it,middle__all__r16,0.1,0.0,0.3333333333333333,0.99644128113879,0.3574436536180308,1,11
gemma_2_9b_it,compiler::causal_mapping::causal_0038,causal_mapping,train,google/gemma-2-9b-it,early__all__r16,0.0,0.0,0.1666666666666666,0.99644128113879,0.2907769869513641,1,11
gemma_2_9b_it,compiler::causal_mapping::causal_0038,causal_mapping,train,google/gemma-2-9b-it,full__all__r4,0.0,0.0,0.3333333333333333,0.99288256227758,0.3315539739027283,1,11
gemma_2_9b_it,compiler::causal_mapping::causal_0038,causal_mapping,train,google/gemma-2-9b-it,late__all__r16,0.0,0.0,0.1666666666666666,0.9395017793594306,0.2765421115065243,1,11
gemma_2_9b_it,compiler::causal_mapping::causal_0038,causal_mapping,train,google/gemma-2-9b-it,middle__all__r16,0.0,0.0,0.3333333333333333,0.9857651245551602,0.3297746144721233,1,11
gemma_2_9b_it,compiler::causal_mapping::causal_0040,causal_mapping,train,google/gemma-2-9b-it,early__all__r16,0.0,0.0,0.3333333333333333,1.0,0.3333333333333333,1,11
gemma_2_9b_it,compiler::causal_mapping::causal_0040,causal_mapping,train,google/gemma-2-9b-it,full__all__r4,0.0,0.0,0.5,0.99644128113879,0.3741103202846975,1,11
gemma_2_9b_it,compiler::causal_mapping::causal_0040,causal_mapping,train,google/gemma-2-9b-it,late__all__r16,0.0,0.0,0.3333333333333333,0.9644128113879004,0.3244365361803084,1,11
gemma_2_9b_it,compiler::causal_mapping::causal_0040,causal_mapping,train,google/gemma-2-9b-it,middle__all__r16,0.0,0.0,0.3333333333333333,0.98932384341637,0.3306642941874259,1,11
gemma_2_9b_it,compiler::causal_mapping::causal_0041,causal_mapping,train,google/gemma-2-9b-it,early__all__r16,0.0,0.0,0.3333333333333333,1.0,0.3333333333333333,1,11
gemma_2_9b_it,compiler::causal_mapping::causal_0041,causal_mapping,train,google/gemma-2-9b-it,full__all__r4,0.1,0.1666666666666666,0.1666666666666666,0.99644128113879,0.3574436536180308,1,11
gemma_2_9b_it,compiler::causal_mapping::causal_0041,causal_mapping,train,google/gemma-2-9b-it,late__all__r16,0.0,0.0,0.3333333333333333,0.9572953736654805,0.3226571767497034,1,11
gemma_2_9b_it,compiler::causal_mapping::causal_0041,causal_mapping,train,google/gemma-2-9b-it,middle__all__r16,0.0,0.0,0.3333333333333333,0.99288256227758,0.3315539739027283,1,11
gemma_2_9b_it,compiler::causal_mapping::causal_0042,causal_mapping,train,google/gemma-2-9b-it,early__all__r16,0.0,0.1666666666666666,0.3333333333333333,1.0,0.375,1,11
gemma_2_9b_it,compiler::causal_mapping::causal_0042,causal_mapping,train,google/gemma-2-9b-it,full__all__r4,0.1,0.1666666666666666,0.3333333333333333,0.99644128113879,0.3991103202846975,1,11
gemma_2_9b_it,compiler::causal_mapping::causal_0042,causal_mapping,train,google/gemma-2-9b-it,late__all__r16,0.0,0.5,0.3333333333333333,0.9572953736654805,0.4476571767497034,1,11
gemma_2_9b_it,compiler::causal_mapping::causal_0042,causal_mapping,train,google/gemma-2-9b-it,middle__all__r16,0.2,0.1666666666666666,0.3333333333333333,0.99644128113879,0.4241103202846975,1,11
gemma_2_9b_it,compiler::causal_mapping::causal_0043,causal_mapping,train,google/gemma-2-9b-it,early__all__r16,0.0,0.3333333333333333,0.5,1.0,0.4583333333333333,1,11
gemma_2_9b_it,compiler::causal_mapping::causal_0043,causal_mapping,train,google/gemma-2-9b-it,full__all__r4,0.0,0.3333333333333333,0.5,1.0,0.4583333333333333,1,11
gemma_2_9b_it,compiler::causal_mapping::causal_0043,causal_mapping,train,google/gemma-2-9b-it,late__all__r16,0.0,0.3333333333333333,0.3333333333333333,0.9501779359430604,0.4042111506524318,1,11
gemma_2_9b_it,compiler::causal_mapping::causal_0043,causal_mapping,train,google/gemma-2-9b-it,middle__all__r16,0.0,0.3333333333333333,0.5,1.0,0.4583333333333333,1,11
gemma_2_9b_it,compiler::causal_mapping::causal_0046,causal_mapping,train,google/gemma-2-9b-it,early__all__r16,0.1,0.1666666666666666,0.8333333333333334,0.9857651245551602,0.5214412811387901,1,11
gemma_2_9b_it,compiler::causal_mapping::causal_0046,causal_mapping,train,google/gemma-2-9b-it,full__all__r4,0.1,0.1666666666666666,0.6666666666666666,0.99644128113879,0.4824436536180308,1,11
gemma_2_9b_it,compiler::causal_mapping::causal_0046,causal_mapping,train,google/gemma-2-9b-it,late__all__r16,0.0,0.0,0.5,0.9395017793594306,0.3598754448398576,1,11
gemma_2_9b_it,compiler::causal_mapping::causal_0046,causal_mapping,train,google/gemma-2-9b-it,middle__all__r16,0.0,0.0,0.5,0.99644128113879,0.3741103202846975,1,11
gemma_2_9b_it,compiler::causal_mapping::causal_0048,causal_mapping,train,google/gemma-2-9b-it,early__all__r16,0.0,0.0,0.1666666666666666,0.98932384341637,0.2889976275207592,1,11
gemma_2_9b_it,compiler::causal_mapping::causal_0048,causal_mapping,train,google/gemma-2-9b-it,full__all__r4,0.0,0.0,0.3333333333333333,0.99644128113879,0.3324436536180308,1,11
gemma_2_9b_it,compiler::causal_mapping::causal_0048,causal_mapping,train,google/gemma-2-9b-it,late__all__r16,0.0,0.0,0.1666666666666666,0.9430604982206404,0.2774317912218268,1,11
gemma_2_9b_it,compiler::causal_mapping::causal_0048,causal_mapping,train,google/gemma-2-9b-it,middle__all__r16,0.0,0.0,0.3333333333333333,0.99644128113879,0.3324436536180308,1,11
gemma_2_9b_it,compiler::causal_mapping::causal_0049,causal_mapping,train,google/gemma-2-9b-it,early__all__r16,0.0,0.0,0.1666666666666666,0.98932384341637,0.2889976275207592,1,11
gemma_2_9b_it,compiler::causal_mapping::causal_0049,causal_mapping,train,google/gemma-2-9b-it,full__all__r4,0.0,0.1666666666666666,0.3333333333333333,0.99644128113879,0.3741103202846975,1,11
gemma_2_9b_it,compiler::causal_mapping::causal_0049,causal_mapping,train,google/gemma-2-9b-it,late__all__r16,0.0,0.0,0.5,0.9644128113879004,0.366103202846975,1,11
gemma_2_9b_it,compiler::causal_mapping::causal_0049,causal_mapping,train,google/gemma-2-9b-it,middle__all__r16,0.0,0.1666666666666666,0.3333333333333333,1.0,0.375,1,11
gemma_2_9b_it,compiler::causal_mapping::causal_0050,causal_mapping,train,google/gemma-2-9b-it,early__all__r16,0.0,0.0,0.3333333333333333,1.0,0.3333333333333333,1,11
gemma_2_9b_it,compiler::causal_mapping::causal_0050,causal_mapping,train,google/gemma-2-9b-it,full__all__r4,0.1,0.0,0.5,0.99644128113879,0.3991103202846975,1,11
gemma_2_9b_it,compiler::causal_mapping::causal_0050,causal_mapping,train,google/gemma-2-9b-it,late__all__r16,0.0,0.0,0.3333333333333333,0.9572953736654805,0.3226571767497034,1,11
gemma_2_9b_it,compiler::causal_mapping::causal_0050,causal_mapping,train,google/gemma-2-9b-it,middle__all__r16,0.0,0.0,0.3333333333333333,0.98932384341637,0.3306642941874259,1,11
gemma_2_9b_it,compiler::causal_mapping::causal_0051,causal_mapping,train,google/gemma-2-9b-it,early__all__r16,0.0,0.0,0.3333333333333333,0.99644128113879,0.3324436536180308,1,11
gemma_2_9b_it,compiler::causal_mapping::causal_0051,causal_mapping,train,google/gemma-2-9b-it,full__all__r4,0.0,0.1666666666666666,0.1666666666666666,0.99644128113879,0.3324436536180308,1,11
gemma_2_9b_it,compiler::causal_mapping::causal_0051,causal_mapping,train,google/gemma-2-9b-it,late__all__r16,0.0,0.0,0.3333333333333333,0.9466192170818504,0.3199881376037959,1,11
gemma_2_9b_it,compiler::causal_mapping::causal_0051,causal_mapping,train,google/gemma-2-9b-it,middle__all__r16,0.0,0.0,0.1666666666666666,0.99644128113879,0.2907769869513641,1,11
gemma_2_9b_it,compiler::causal_mapping::causal_0052,causal_mapping,train,google/gemma-2-9b-it,early__all__r16,0.1,0.1666666666666666,0.3333333333333333,1.0,0.4,1,11
gemma_2_9b_it,compiler::causal_mapping::causal_0052,causal_mapping,train,google/gemma-2-9b-it,full__all__r4,0.1,0.1666666666666666,0.3333333333333333,0.99644128113879,0.3991103202846975,1,11
gemma_2_9b_it,compiler::causal_mapping::causal_0052,causal_mapping,train,google/gemma-2-9b-it,late__all__r16,0.0,0.5,0.3333333333333333,0.9572953736654805,0.4476571767497034,1,11
gemma_2_9b_it,compiler::causal_mapping::causal_0052,causal_mapping,train,google/gemma-2-9b-it,middle__all__r16,0.1,0.3333333333333333,0.3333333333333333,0.99644128113879,0.4407769869513642,1,11
gemma_2_9b_it,compiler::causal_mapping::causal_0054,causal_mapping,train,google/gemma-2-9b-it,early__all__r16,0.0,0.0,0.3333333333333333,1.0,0.3333333333333333,1,11
gemma_2_9b_it,compiler::causal_mapping::causal_0054,causal_mapping,train,google/gemma-2-9b-it,full__all__r4,0.0,0.0,0.3333333333333333,0.99644128113879,0.3324436536180308,1,11
gemma_2_9b_it,compiler::causal_mapping::causal_0054,causal_mapping,train,google/gemma-2-9b-it,late__all__r16,0.0,0.3333333333333333,0.3333333333333333,0.9537366548042704,0.4051008303677342,1,11
gemma_2_9b_it,compiler::causal_mapping::causal_0054,causal_mapping,train,google/gemma-2-9b-it,middle__all__r16,0.0,0.0,0.3333333333333333,1.0,0.3333333333333333,1,11
gemma_2_9b_it,compiler::causal_mapping::causal_0055,causal_mapping,train,google/gemma-2-9b-it,early__all__r16,0.0,0.0,0.5,1.0,0.375,1,11
gemma_2_9b_it,compiler::causal_mapping::causal_0055,causal_mapping,train,google/gemma-2-9b-it,full__all__r4,0.3,0.3333333333333333,0.5,0.99288256227758,0.5315539739027284,1,11
gemma_2_9b_it,compiler::causal_mapping::causal_0055,causal_mapping,train,google/gemma-2-9b-it,late__all__r16,0.0,0.0,0.5,0.9501779359430604,0.3625444839857651,1,11
gemma_2_9b_it,compiler::causal_mapping::causal_0055,causal_mapping,train,google/gemma-2-9b-it,middle__all__r16,0.3,0.3333333333333333,0.5,0.99288256227758,0.5315539739027284,1,11
gemma_2_9b_it,compiler::causal_mapping::causal_0056,causal_mapping,train,google/gemma-2-9b-it,early__all__r16,0.0,0.1666666666666666,0.6666666666666666,0.98932384341637,0.4556642941874259,1,11
gemma_2_9b_it,compiler::causal_mapping::causal_0056,causal_mapping,train,google/gemma-2-9b-it,full__all__r4,0.1,0.1666666666666666,0.8333333333333334,0.99288256227758,0.523220640569395,1,11
gemma_2_9b_it,compiler::causal_mapping::causal_0056,causal_mapping,train,google/gemma-2-9b-it,late__all__r16,0.0,0.0,0.5,0.9501779359430604,0.3625444839857651,1,11
gemma_2_9b_it,compiler::causal_mapping::causal_0056,causal_mapping,train,google/gemma-2-9b-it,middle__all__r16,0.0,0.0,0.5,0.99288256227758,0.373220640569395,1,11
gemma_2_9b_it,compiler::causal_mapping::causal_0057,causal_mapping,train,google/gemma-2-9b-it,early__all__r16,0.0,0.0,0.3333333333333333,0.99288256227758,0.3315539739027283,1,11
gemma_2_9b_it,compiler::causal_mapping::causal_0057,causal_mapping,train,google/gemma-2-9b-it,full__all__r4,0.0,0.0,0.1666666666666666,0.99644128113879,0.2907769869513641,1,11
gemma_2_9b_it,compiler::causal_mapping::causal_0057,causal_mapping,train,google/gemma-2-9b-it,late__all__r16,0.0,0.0,0.3333333333333333,0.9786476868327402,0.3279952550415184,1,11
gemma_2_9b_it,compiler::causal_mapping::causal_0057,causal_mapping,train,google/gemma-2-9b-it,middle__all__r16,0.1,0.0,0.3333333333333333,0.99644128113879,0.3574436536180308,1,11
gemma_2_9b_it,compiler::causal_mapping::causal_0059,causal_mapping,train,google/gemma-2-9b-it,early__all__r16,0.0,0.0,0.3333333333333333,0.9750889679715302,0.3271055753262158,1,11
gemma_2_9b_it,compiler::causal_mapping::causal_0059,causal_mapping,train,google/gemma-2-9b-it,full__all__r4,0.0,0.1666666666666666,0.3333333333333333,0.99644128113879,0.3741103202846975,1,11
gemma_2_9b_it,compiler::causal_mapping::causal_0059,causal_mapping,train,google/gemma-2-9b-it,late__all__r16,0.0,0.0,0.3333333333333333,0.9679715302491104,0.3253262158956109,1,11
gemma_2_9b_it,compiler::causal_mapping::causal_0059,causal_mapping,train,google/gemma-2-9b-it,middle__all__r16,0.1,0.3333333333333333,0.3333333333333333,1.0,0.4416666666666666,1,11
gemma_2_9b_it,compiler::causal_mapping::causal_0060,causal_mapping,train,google/gemma-2-9b-it,early__all__r16,0.0,0.0,0.3333333333333333,1.0,0.3333333333333333,1,11
gemma_2_9b_it,compiler::causal_mapping::causal_0060,causal_mapping,train,google/gemma-2-9b-it,full__all__r4,0.0,0.0,0.3333333333333333,0.99644128113879,0.3324436536180308,1,11
gemma_2_9b_it,compiler::causal_mapping::causal_0060,causal_mapping,train,google/gemma-2-9b-it,late__all__r16,0.0,0.0,0.3333333333333333,0.9644128113879004,0.3244365361803084,1,11
gemma_2_9b_it,compiler::causal_mapping::causal_0060,causal_mapping,train,google/gemma-2-9b-it,middle__all__r16,0.0,0.0,0.3333333333333333,1.0,0.3333333333333333,1,11
gemma_2_9b_it,compiler::causal_mapping::causal_0061,causal_mapping,train,google/gemma-2-9b-it,early__all__r16,0.0,0.0,0.3333333333333333,1.0,0.3333333333333333,1,11
gemma_2_9b_it,compiler::causal_mapping::causal_0061,causal_mapping,train,google/gemma-2-9b-it,full__all__r4,0.1,0.0,0.1666666666666666,0.99288256227758,0.3148873072360617,1,11
gemma_2_9b_it,compiler::causal_mapping::causal_0061,causal_mapping,train,google/gemma-2-9b-it,late__all__r16,0.0,0.0,0.3333333333333333,0.9608540925266904,0.3235468564650059,1,11
gemma_2_9b_it,compiler::causal_mapping::causal_0061,causal_mapping,train,google/gemma-2-9b-it,middle__all__r16,0.0,0.0,0.3333333333333333,1.0,0.3333333333333333,1,11
gemma_2_9b_it,compiler::causal_mapping::causal_0062,causal_mapping,train,google/gemma-2-9b-it,early__all__r16,0.0,0.1666666666666666,0.3333333333333333,1.0,0.375,1,11
gemma_2_9b_it,compiler::causal_mapping::causal_0062,causal_mapping,train,google/gemma-2-9b-it,full__all__r4,0.0,0.3333333333333333,0.3333333333333333,0.99644128113879,0.4157769869513641,1,11
gemma_2_9b_it,compiler::causal_mapping::causal_0062,causal_mapping,train,google/gemma-2-9b-it,late__all__r16,0.0,0.5,0.3333333333333333,0.9572953736654805,0.4476571767497034,1,11
gemma_2_9b_it,compiler::causal_mapping::causal_0062,causal_mapping,train,google/gemma-2-9b-it,middle__all__r16,0.2,0.3333333333333333,0.3333333333333333,1.0,0.4666666666666667,1,11
gemma_2_9b_it,compiler::causal_mapping::causal_0063,causal_mapping,train,google/gemma-2-9b-it,early__all__r16,0.0,0.3333333333333333,0.3333333333333333,1.0,0.4166666666666666,1,11
gemma_2_9b_it,compiler::causal_mapping::causal_0063,causal_mapping,train,google/gemma-2-9b-it,full__all__r4,0.0,0.3333333333333333,0.5,1.0,0.4583333333333333,1,11
gemma_2_9b_it,compiler::causal_mapping::causal_0063,causal_mapping,train,google/gemma-2-9b-it,late__all__r16,0.0,0.3333333333333333,0.3333333333333333,0.9537366548042704,0.4051008303677342,1,11
gemma_2_9b_it,compiler::causal_mapping::causal_0063,causal_mapping,train,google/gemma-2-9b-it,middle__all__r16,0.0,0.3333333333333333,0.5,1.0,0.4583333333333333,1,11
gemma_2_9b_it,compiler::causal_mapping::causal_0069,causal_mapping,train,google/gemma-2-9b-it,early__all__r16,0.0,0.0,0.3333333333333333,0.9786476868327402,0.3279952550415184,1,11
gemma_2_9b_it,compiler::causal_mapping::causal_0069,causal_mapping,train,google/gemma-2-9b-it,full__all__r4,0.0,0.1666666666666666,0.3333333333333333,0.99644128113879,0.3741103202846975,1,11
gemma_2_9b_it,compiler::causal_mapping::causal_0069,causal_mapping,train,google/gemma-2-9b-it,late__all__r16,0.0,0.0,0.3333333333333333,0.9572953736654805,0.3226571767497034,1,11
gemma_2_9b_it,compiler::causal_mapping::causal_0069,causal_mapping,train,google/gemma-2-9b-it,middle__all__r16,0.1,0.1666666666666666,0.3333333333333333,1.0,0.4,1,11
gemma_2_9b_it,compiler::causal_mapping::causal_0071,causal_mapping,train,google/gemma-2-9b-it,early__all__r16,0.1,0.0,0.3333333333333333,0.99644128113879,0.3574436536180308,1,11
gemma_2_9b_it,compiler::causal_mapping::causal_0071,causal_mapping,train,google/gemma-2-9b-it,full__all__r4,0.1,0.1666666666666666,0.1666666666666666,0.99644128113879,0.3574436536180308,1,11
gemma_2_9b_it,compiler::causal_mapping::causal_0071,causal_mapping,train,google/gemma-2-9b-it,late__all__r16,0.0,0.0,0.3333333333333333,0.9501779359430604,0.3208778173190985,1,11
gemma_2_9b_it,compiler::causal_mapping::causal_0071,causal_mapping,train,google/gemma-2-9b-it,middle__all__r16,0.1,0.0,0.3333333333333333,0.99644128113879,0.3574436536180308,1,11
gemma_2_9b_it,compiler::causal_mapping::causal_0072,causal_mapping,train,google/gemma-2-9b-it,early__all__r16,0.0,0.1666666666666666,0.1666666666666666,1.0,0.3333333333333333,1,11
gemma_2_9b_it,compiler::causal_mapping::causal_0072,causal_mapping,train,google/gemma-2-9b-it,full__all__r4,0.0,0.3333333333333333,0.3333333333333333,0.99644128113879,0.4157769869513641,1,11
gemma_2_9b_it,compiler::causal_mapping::causal_0072,causal_mapping,train,google/gemma-2-9b-it,late__all__r16,0.0,0.5,0.3333333333333333,0.9572953736654805,0.4476571767497034,1,11
gemma_2_9b_it,compiler::causal_mapping::causal_0072,causal_mapping,train,google/gemma-2-9b-it,middle__all__r16,0.2,0.3333333333333333,0.3333333333333333,0.98932384341637,0.4639976275207592,1,11
gemma_2_9b_it,compiler::causal_mapping::causal_0073,causal_mapping,train,google/gemma-2-9b-it,early__all__r16,0.0,0.3333333333333333,0.5,0.99644128113879,0.4574436536180308,1,11
gemma_2_9b_it,compiler::causal_mapping::causal_0073,causal_mapping,train,google/gemma-2-9b-it,full__all__r4,0.0,0.3333333333333333,0.3333333333333333,1.0,0.4166666666666666,1,11
gemma_2_9b_it,compiler::causal_mapping::causal_0073,causal_mapping,train,google/gemma-2-9b-it,late__all__r16,0.0,0.3333333333333333,0.3333333333333333,0.9501779359430604,0.4042111506524318,1,11
gemma_2_9b_it,compiler::causal_mapping::causal_0073,causal_mapping,train,google/gemma-2-9b-it,middle__all__r16,0.0,0.3333333333333333,0.5,1.0,0.4583333333333333,1,11
gemma_2_9b_it,compiler::causal_mapping::causal_0075,causal_mapping,train,google/gemma-2-9b-it,early__all__r16,0.0,0.0,0.5,0.99644128113879,0.3741103202846975,1,11
gemma_2_9b_it,compiler::causal_mapping::causal_0075,causal_mapping,train,google/gemma-2-9b-it,full__all__r4,0.3,0.3333333333333333,0.5,0.99288256227758,0.5315539739027284,1,11
gemma_2_9b_it,compiler::causal_mapping::causal_0075,causal_mapping,train,google/gemma-2-9b-it,late__all__r16,0.0,0.0,0.5,0.9501779359430604,0.3625444839857651,1,11
gemma_2_9b_it,compiler::causal_mapping::causal_0075,causal_mapping,train,google/gemma-2-9b-it,middle__all__r16,0.3,0.3333333333333333,0.5,0.98932384341637,0.5306642941874259,1,11
gemma_2_9b_it,compiler::causal_mapping::causal_0078,causal_mapping,train,google/gemma-2-9b-it,early__all__r16,0.0,0.0,0.0,0.99644128113879,0.2491103202846975,1,11
gemma_2_9b_it,compiler::causal_mapping::causal_0078,causal_mapping,train,google/gemma-2-9b-it,full__all__r4,0.0,0.0,0.3333333333333333,0.99644128113879,0.3324436536180308,1,11
gemma_2_9b_it,compiler::causal_mapping::causal_0078,causal_mapping,train,google/gemma-2-9b-it,late__all__r16,0.0,0.0,0.1666666666666666,0.9466192170818504,0.2783214709371293,1,11
gemma_2_9b_it,compiler::causal_mapping::causal_0078,causal_mapping,train,google/gemma-2-9b-it,middle__all__r16,0.0,0.0,0.3333333333333333,0.9857651245551602,0.3297746144721233,1,11
gemma_2_9b_it,compiler::causal_mapping::causal_0080,causal_mapping,train,google/gemma-2-9b-it,early__all__r16,0.0,0.0,0.3333333333333333,1.0,0.3333333333333333,1,11
gemma_2_9b_it,compiler::causal_mapping::causal_0080,causal_mapping,train,google/gemma-2-9b-it,full__all__r4,0.0,0.0,0.3333333333333333,0.99644128113879,0.3324436536180308,1,11
gemma_2_9b_it,compiler::causal_mapping::causal_0080,causal_mapping,train,google/gemma-2-9b-it,late__all__r16,0.0,0.0,0.3333333333333333,0.9644128113879004,0.3244365361803084,1,11
gemma_2_9b_it,compiler::causal_mapping::causal_0080,causal_mapping,train,google/gemma-2-9b-it,middle__all__r16,0.0,0.0,0.3333333333333333,0.99288256227758,0.3315539739027283,1,11
gemma_2_9b_it,compiler::causal_mapping::causal_0081,causal_mapping,train,google/gemma-2-9b-it,early__all__r16,0.1,0.0,0.3333333333333333,1.0,0.3583333333333333,1,11
gemma_2_9b_it,compiler::causal_mapping::causal_0081,causal_mapping,train,google/gemma-2-9b-it,full__all__r4,0.1,0.0,0.1666666666666666,0.99644128113879,0.3157769869513642,1,11
gemma_2_9b_it,compiler::causal_mapping::causal_0081,causal_mapping,train,google/gemma-2-9b-it,late__all__r16,0.0,0.0,0.3333333333333333,0.9501779359430604,0.3208778173190985,1,11
gemma_2_9b_it,compiler::causal_mapping::causal_0081,causal_mapping,train,google/gemma-2-9b-it,middle__all__r16,0.0,0.0,0.3333333333333333,1.0,0.3333333333333333,1,11
gemma_2_9b_it,compiler::causal_mapping::causal_0082,causal_mapping,train,google/gemma-2-9b-it,early__all__r16,0.0,0.1666666666666666,0.1666666666666666,1.0,0.3333333333333333,1,11
gemma_2_9b_it,compiler::causal_mapping::causal_0082,causal_mapping,train,google/gemma-2-9b-it,full__all__r4,0.1,0.1666666666666666,0.3333333333333333,0.99644128113879,0.3991103202846975,1,11
gemma_2_9b_it,compiler::causal_mapping::causal_0082,causal_mapping,train,google/gemma-2-9b-it,late__all__r16,0.0,0.5,0.1666666666666666,0.9537366548042704,0.4051008303677343,1,11
gemma_2_9b_it,compiler::causal_mapping::causal_0082,causal_mapping,train,google/gemma-2-9b-it,middle__all__r16,0.1,0.3333333333333333,0.3333333333333333,0.99288256227758,0.4398873072360617,1,11
gemma_2_9b_it,compiler::causal_mapping::causal_0084,causal_mapping,train,google/gemma-2-9b-it,early__all__r16,0.0,0.0,0.3333333333333333,0.99644128113879,0.3324436536180308,1,11
gemma_2_9b_it,compiler::causal_mapping::causal_0084,causal_mapping,train,google/gemma-2-9b-it,full__all__r4,0.0,0.0,0.3333333333333333,0.99644128113879,0.3324436536180308,1,11
gemma_2_9b_it,compiler::causal_mapping::causal_0084,causal_mapping,train,google/gemma-2-9b-it,late__all__r16,0.0,0.3333333333333333,0.3333333333333333,0.9537366548042704,0.4051008303677342,1,11
gemma_2_9b_it,compiler::causal_mapping::causal_0084,causal_mapping,train,google/gemma-2-9b-it,middle__all__r16,0.0,0.0,0.5,0.99288256227758,0.373220640569395,1,11
gemma_2_9b_it,compiler::causal_mapping::causal_0085,causal_mapping,train,google/gemma-2-9b-it,early__all__r16,0.0,0.0,0.3333333333333333,0.99644128113879,0.3324436536180308,1,11
gemma_2_9b_it,compiler::causal_mapping::causal_0085,causal_mapping,train,google/gemma-2-9b-it,full__all__r4,0.2,0.3333333333333333,0.5,0.99644128113879,0.5074436536180309,1,11
gemma_2_9b_it,compiler::causal_mapping::causal_0085,causal_mapping,train,google/gemma-2-9b-it,late__all__r16,0.0,0.0,0.5,0.9466192170818504,0.3616548042704626,1,11
gemma_2_9b_it,compiler::causal_mapping::causal_0085,causal_mapping,train,google/gemma-2-9b-it,middle__all__r16,0.2,0.3333333333333333,0.5,0.98220640569395,0.5038849347568208,1,11
gemma_2_9b_it,compiler::causal_mapping::causal_0086,causal_mapping,train,google/gemma-2-9b-it,early__all__r16,0.0,0.0,0.6666666666666666,0.98932384341637,0.4139976275207592,1,11
gemma_2_9b_it,compiler::causal_mapping::causal_0086,causal_mapping,train,google/gemma-2-9b-it,full__all__r4,0.1,0.1666666666666666,0.5,0.99644128113879,0.4407769869513642,1,11
gemma_2_9b_it,compiler::causal_mapping::causal_0086,causal_mapping,train,google/gemma-2-9b-it,late__all__r16,0.0,0.0,0.5,0.9537366548042704,0.3634341637010676,1,11
gemma_2_9b_it,compiler::causal_mapping::causal_0086,causal_mapping,train,google/gemma-2-9b-it,middle__all__r16,0.0,0.1666666666666666,0.5,0.99644128113879,0.4157769869513641,1,11
gemma_2_9b_it,compiler::causal_mapping::causal_0087,causal_mapping,train,google/gemma-2-9b-it,early__all__r16,0.0,0.0,0.1666666666666666,1.0,0.2916666666666667,1,11
gemma_2_9b_it,compiler::causal_mapping::causal_0087,causal_mapping,train,google/gemma-2-9b-it,full__all__r4,0.0,0.0,0.3333333333333333,0.99644128113879,0.3324436536180308,1,11
gemma_2_9b_it,compiler::causal_mapping::causal_0087,causal_mapping,train,google/gemma-2-9b-it,late__all__r16,0.0,0.0,0.3333333333333333,0.9750889679715302,0.3271055753262158,1,11
gemma_2_9b_it,compiler::causal_mapping::causal_0087,causal_mapping,train,google/gemma-2-9b-it,middle__all__r16,0.0,0.0,0.3333333333333333,0.99288256227758,0.3315539739027283,1,11
gemma_2_9b_it,compiler::causal_mapping::causal_0088,causal_mapping,train,google/gemma-2-9b-it,early__all__r16,0.0,0.0,0.1666666666666666,0.99288256227758,0.2898873072360617,1,11
gemma_2_9b_it,compiler::causal_mapping::causal_0088,causal_mapping,train,google/gemma-2-9b-it,full__all__r4,0.0,0.0,0.3333333333333333,0.99288256227758,0.3315539739027283,1,11
gemma_2_9b_it,compiler::causal_mapping::causal_0088,causal_mapping,train,google/gemma-2-9b-it,late__all__r16,0.0,0.0,0.1666666666666666,0.9430604982206404,0.2774317912218268,1,11
gemma_2_9b_it,compiler::causal_mapping::causal_0088,causal_mapping,train,google/gemma-2-9b-it,middle__all__r16,0.0,0.0,0.3333333333333333,0.9857651245551602,0.3297746144721233,1,11
gemma_2_9b_it,compiler::causal_mapping::causal_0091,causal_mapping,train,google/gemma-2-9b-it,early__all__r16,0.0,0.0,0.3333333333333333,0.99644128113879,0.3324436536180308,1,11
gemma_2_9b_it,compiler::causal_mapping::causal_0091,causal_mapping,train,google/gemma-2-9b-it,full__all__r4,0.1,0.1666666666666666,0.1666666666666666,0.99288256227758,0.3565539739027283,1,11
gemma_2_9b_it,compiler::causal_mapping::causal_0091,causal_mapping,train,google/gemma-2-9b-it,late__all__r16,0.0,0.0,0.3333333333333333,0.9537366548042704,0.3217674970344009,1,11
gemma_2_9b_it,compiler::causal_mapping::causal_0091,causal_mapping,train,google/gemma-2-9b-it,middle__all__r16,0.1,0.0,0.3333333333333333,1.0,0.3583333333333333,1,11
gemma_2_9b_it,compiler::causal_mapping::causal_0092,causal_mapping,train,google/gemma-2-9b-it,early__all__r16,0.0,0.1666666666666666,0.1666666666666666,0.98932384341637,0.3306642941874259,1,11
gemma_2_9b_it,compiler::causal_mapping::causal_0092,causal_mapping,train,google/gemma-2-9b-it,full__all__r4,0.0,0.1666666666666666,0.3333333333333333,0.99644128113879,0.3741103202846975,1,11
gemma_2_9b_it,compiler::causal_mapping::causal_0092,causal_mapping,train,google/gemma-2-9b-it,late__all__r16,0.0,0.5,0.1666666666666666,0.9572953736654805,0.4059905100830367,1,11
gemma_2_9b_it,compiler::causal_mapping::causal_0092,causal_mapping,train,google/gemma-2-9b-it,middle__all__r16,0.2,0.3333333333333333,0.3333333333333333,0.99288256227758,0.4648873072360617,1,11
gemma_2_9b_it,compiler::causal_mapping::causal_0093,causal_mapping,train,google/gemma-2-9b-it,early__all__r16,0.0,0.3333333333333333,0.3333333333333333,1.0,0.4166666666666666,1,11
gemma_2_9b_it,compiler::causal_mapping::causal_0093,causal_mapping,train,google/gemma-2-9b-it,full__all__r4,0.0,0.3333333333333333,0.3333333333333333,1.0,0.4166666666666666,1,11
gemma_2_9b_it,compiler::causal_mapping::causal_0093,causal_mapping,train,google/gemma-2-9b-it,late__all__r16,0.0,0.3333333333333333,0.3333333333333333,0.9537366548042704,0.4051008303677342,1,11
gemma_2_9b_it,compiler::causal_mapping::causal_0093,causal_mapping,train,google/gemma-2-9b-it,middle__all__r16,0.0,0.3333333333333333,0.5,1.0,0.4583333333333333,1,11
gemma_2_9b_it,compiler::causal_mapping::causal_0094,causal_mapping,train,google/gemma-2-9b-it,early__all__r16,0.0,0.0,0.3333333333333333,0.99644128113879,0.3324436536180308,1,11
gemma_2_9b_it,compiler::causal_mapping::causal_0094,causal_mapping,train,google/gemma-2-9b-it,full__all__r4,0.0,0.0,0.3333333333333333,0.99644128113879,0.3324436536180308,1,11
gemma_2_9b_it,compiler::causal_mapping::causal_0094,causal_mapping,train,google/gemma-2-9b-it,late__all__r16,0.0,0.3333333333333333,0.3333333333333333,0.9537366548042704,0.4051008303677342,1,11
gemma_2_9b_it,compiler::causal_mapping::causal_0094,causal_mapping,train,google/gemma-2-9b-it,middle__all__r16,0.0,0.0,0.3333333333333333,1.0,0.3333333333333333,1,11
gemma_2_9b_it,compiler::causal_mapping::causal_0095,causal_mapping,train,google/gemma-2-9b-it,early__all__r16,0.0,0.0,0.5,0.99644128113879,0.3741103202846975,1,11
gemma_2_9b_it,compiler::causal_mapping::causal_0095,causal_mapping,train,google/gemma-2-9b-it,full__all__r4,0.2,0.3333333333333333,0.5,0.99288256227758,0.5065539739027284,1,11
gemma_2_9b_it,compiler::causal_mapping::causal_0095,causal_mapping,train,google/gemma-2-9b-it,late__all__r16,0.0,0.0,0.5,0.9501779359430604,0.3625444839857651,1,11
gemma_2_9b_it,compiler::causal_mapping::causal_0095,causal_mapping,train,google/gemma-2-9b-it,middle__all__r16,0.2,0.3333333333333333,0.5,0.98932384341637,0.5056642941874259,1,11
gemma_2_9b_it,compiler::causal_mapping::causal_0096,causal_mapping,train,google/gemma-2-9b-it,early__all__r16,0.0,0.0,0.6666666666666666,0.99644128113879,0.4157769869513641,1,11
gemma_2_9b_it,compiler::causal_mapping::causal_0096,causal_mapping,train,google/gemma-2-9b-it,full__all__r4,0.1,0.1666666666666666,0.6666666666666666,0.99288256227758,0.4815539739027283,1,11
gemma_2_9b_it,compiler::causal_mapping::causal_0096,causal_mapping,train,google/gemma-2-9b-it,late__all__r16,0.0,0.0,0.5,0.9466192170818504,0.3616548042704626,1,11
gemma_2_9b_it,compiler::causal_mapping::causal_0096,causal_mapping,train,google/gemma-2-9b-it,middle__all__r16,0.0,0.0,0.5,0.99288256227758,0.373220640569395,1,11
gemma_2_9b_it,compiler::causal_mapping::causal_0097,causal_mapping,train,google/gemma-2-9b-it,early__all__r16,0.0,0.0,0.3333333333333333,0.99288256227758,0.3315539739027283,1,11
gemma_2_9b_it,compiler::causal_mapping::causal_0097,causal_mapping,train,google/gemma-2-9b-it,full__all__r4,0.0,0.0,0.3333333333333333,0.99644128113879,0.3324436536180308,1,11
gemma_2_9b_it,compiler::causal_mapping::causal_0097,causal_mapping,train,google/gemma-2-9b-it,late__all__r16,0.0,0.0,0.3333333333333333,0.9715302491103204,0.3262158956109134,1,11
gemma_2_9b_it,compiler::causal_mapping::causal_0097,causal_mapping,train,google/gemma-2-9b-it,middle__all__r16,0.0,0.0,0.3333333333333333,0.99644128113879,0.3324436536180308,1,11
gemma_2_9b_it,compiler::causal_mapping::causal_0098,causal_mapping,train,google/gemma-2-9b-it,early__all__r16,0.0,0.0,0.0,0.9857651245551602,0.24644128113879,1,11
gemma_2_9b_it,compiler::causal_mapping::causal_0098,causal_mapping,train,google/gemma-2-9b-it,full__all__r4,0.0,0.0,0.3333333333333333,0.99288256227758,0.3315539739027283,1,11
gemma_2_9b_it,compiler::causal_mapping::causal_0098,causal_mapping,train,google/gemma-2-9b-it,late__all__r16,0.0,0.0,0.1666666666666666,0.9572953736654805,0.2809905100830367,1,11
gemma_2_9b_it,compiler::causal_mapping::causal_0098,causal_mapping,train,google/gemma-2-9b-it,middle__all__r16,0.0,0.0,0.3333333333333333,0.98220640569395,0.3288849347568208,1,11
gemma_2_9b_it,compiler::causal_mapping::causal_0099,causal_mapping,train,google/gemma-2-9b-it,early__all__r16,0.0,0.0,0.3333333333333333,0.9857651245551602,0.3297746144721233,1,11
gemma_2_9b_it,compiler::causal_mapping::causal_0099,causal_mapping,train,google/gemma-2-9b-it,full__all__r4,0.0,0.1666666666666666,0.3333333333333333,0.99288256227758,0.373220640569395,1,11
gemma_2_9b_it,compiler::causal_mapping::causal_0099,causal_mapping,train,google/gemma-2-9b-it,late__all__r16,0.0,0.0,0.3333333333333333,0.9715302491103204,0.3262158956109134,1,11
gemma_2_9b_it,compiler::causal_mapping::causal_0099,causal_mapping,train,google/gemma-2-9b-it,middle__all__r16,0.1,0.1666666666666666,0.3333333333333333,1.0,0.4,1,11
gemma_2_9b_it,compiler::causal_mapping::causal_0100,causal_mapping,train,google/gemma-2-9b-it,early__all__r16,0.0,0.0,0.3333333333333333,1.0,0.3333333333333333,1,11
gemma_2_9b_it,compiler::causal_mapping::causal_0100,causal_mapping,train,google/gemma-2-9b-it,full__all__r4,0.0,0.0,0.5,0.99644128113879,0.3741103202846975,1,11
gemma_2_9b_it,compiler::causal_mapping::causal_0100,causal_mapping,train,google/gemma-2-9b-it,late__all__r16,0.0,0.0,0.3333333333333333,0.9572953736654805,0.3226571767497034,1,11
gemma_2_9b_it,compiler::causal_mapping::causal_0100,causal_mapping,train,google/gemma-2-9b-it,middle__all__r16,0.0,0.0,0.3333333333333333,0.98932384341637,0.3306642941874259,1,11
gemma_2_9b_it,compiler::causal_mapping::causal_0102,causal_mapping,train,google/gemma-2-9b-it,early__all__r16,0.0,0.1666666666666666,0.1666666666666666,1.0,0.3333333333333333,1,11
gemma_2_9b_it,compiler::causal_mapping::causal_0102,causal_mapping,train,google/gemma-2-9b-it,full__all__r4,0.0,0.1666666666666666,0.3333333333333333,0.99644128113879,0.3741103202846975,1,11
gemma_2_9b_it,compiler::causal_mapping::causal_0102,causal_mapping,train,google/gemma-2-9b-it,late__all__r16,0.0,0.5,0.1666666666666666,0.9608540925266904,0.4068801897983393,1,11
gemma_2_9b_it,compiler::causal_mapping::causal_0102,causal_mapping,train,google/gemma-2-9b-it,middle__all__r16,0.1,0.3333333333333333,0.3333333333333333,0.99288256227758,0.4398873072360617,1,11
gemma_2_9b_it,compiler::causal_mapping::causal_0103,causal_mapping,train,google/gemma-2-9b-it,early__all__r16,0.0,0.3333333333333333,0.3333333333333333,0.99644128113879,0.4157769869513641,1,11
gemma_2_9b_it,compiler::causal_mapping::causal_0103,causal_mapping,train,google/gemma-2-9b-it,full__all__r4,0.0,0.3333333333333333,0.5,1.0,0.4583333333333333,1,11
gemma_2_9b_it,compiler::causal_mapping::causal_0103,causal_mapping,train,google/gemma-2-9b-it,late__all__r16,0.0,0.3333333333333333,0.3333333333333333,0.9430604982206404,0.4024317912218268,1,11
gemma_2_9b_it,compiler::causal_mapping::causal_0103,causal_mapping,train,google/gemma-2-9b-it,middle__all__r16,0.0,0.3333333333333333,0.5,1.0,0.4583333333333333,1,11
gemma_2_9b_it,compiler::causal_mapping::causal_0104,causal_mapping,train,google/gemma-2-9b-it,early__all__r16,0.0,0.0,0.3333333333333333,1.0,0.3333333333333333,1,11
gemma_2_9b_it,compiler::causal_mapping::causal_0104,causal_mapping,train,google/gemma-2-9b-it,full__all__r4,0.0,0.0,0.3333333333333333,0.99644128113879,0.3324436536180308,1,11
gemma_2_9b_it,compiler::causal_mapping::causal_0104,causal_mapping,train,google/gemma-2-9b-it,late__all__r16,0.0,0.3333333333333333,0.3333333333333333,0.9537366548042704,0.4051008303677342,1,11
gemma_2_9b_it,compiler::causal_mapping::causal_0104,causal_mapping,train,google/gemma-2-9b-it,middle__all__r16,0.0,0.1666666666666666,0.3333333333333333,0.99644128113879,0.3741103202846975,1,11
gemma_2_9b_it,compiler::causal_mapping::causal_0105,causal_mapping,train,google/gemma-2-9b-it,early__all__r16,0.0,0.0,0.5,0.98932384341637,0.3723309608540925,1,11
gemma_2_9b_it,compiler::causal_mapping::causal_0105,causal_mapping,train,google/gemma-2-9b-it,full__all__r4,0.3,0.3333333333333333,0.5,0.99644128113879,0.5324436536180308,1,11
gemma_2_9b_it,compiler::causal_mapping::causal_0105,causal_mapping,train,google/gemma-2-9b-it,late__all__r16,0.0,0.0,0.5,0.9501779359430604,0.3625444839857651,1,11
gemma_2_9b_it,compiler::causal_mapping::causal_0105,causal_mapping,train,google/gemma-2-9b-it,middle__all__r16,0.1,0.3333333333333333,0.5,0.98932384341637,0.4806642941874258,1,11
gemma_2_9b_it,compiler::causal_mapping::causal_0106,causal_mapping,train,google/gemma-2-9b-it,early__all__r16,0.0,0.0,0.6666666666666666,1.0,0.4166666666666666,1,11
gemma_2_9b_it,compiler::causal_mapping::causal_0106,causal_mapping,train,google/gemma-2-9b-it,full__all__r4,0.2,0.1666666666666666,0.6666666666666666,0.99288256227758,0.5065539739027284,1,11
gemma_2_9b_it,compiler::causal_mapping::causal_0106,causal_mapping,train,google/gemma-2-9b-it,late__all__r16,0.0,0.0,0.5,0.9501779359430604,0.3625444839857651,1,11
gemma_2_9b_it,compiler::causal_mapping::causal_0106,causal_mapping,train,google/gemma-2-9b-it,middle__all__r16,0.1,0.1666666666666666,0.6666666666666666,0.99644128113879,0.4824436536180308,1,11
gemma_2_9b_it,compiler::causal_mapping::causal_0107,causal_mapping,train,google/gemma-2-9b-it,early__all__r16,0.0,0.0,0.5,1.0,0.375,1,11
gemma_2_9b_it,compiler::causal_mapping::causal_0107,causal_mapping,train,google/gemma-2-9b-it,full__all__r4,0.0,0.0,0.3333333333333333,0.99644128113879,0.3324436536180308,1,11
gemma_2_9b_it,compiler::causal_mapping::causal_0107,causal_mapping,train,google/gemma-2-9b-it,late__all__r16,0.0,0.0,0.3333333333333333,0.9786476868327402,0.3279952550415184,1,11
gemma_2_9b_it,compiler::causal_mapping::causal_0107,causal_mapping,train,google/gemma-2-9b-it,middle__all__r16,0.1,0.0,0.3333333333333333,0.99644128113879,0.3574436536180308,1,11
gemma_2_9b_it,compiler::causal_mapping::causal_0108,causal_mapping,train,google/gemma-2-9b-it,early__all__r16,0.0,0.0,0.1666666666666666,0.9786476868327402,0.2863285883748517,1,11
gemma_2_9b_it,compiler::causal_mapping::causal_0108,causal_mapping,train,google/gemma-2-9b-it,full__all__r4,0.0,0.0,0.3333333333333333,0.99288256227758,0.3315539739027283,1,11
gemma_2_9b_it,compiler::causal_mapping::causal_0108,causal_mapping,train,google/gemma-2-9b-it,late__all__r16,0.0,0.0,0.1666666666666666,0.9572953736654805,0.2809905100830367,1,11
gemma_2_9b_it,compiler::causal_mapping::causal_0108,causal_mapping,train,google/gemma-2-9b-it,middle__all__r16,0.0,0.0,0.3333333333333333,0.9857651245551602,0.3297746144721233,1,11
gemma_2_9b_it,compiler::causal_mapping::causal_0109,causal_mapping,train,google/gemma-2-9b-it,early__all__r16,0.0,0.0,0.3333333333333333,0.99288256227758,0.3315539739027283,1,11
gemma_2_9b_it,compiler::causal_mapping::causal_0109,causal_mapping,train,google/gemma-2-9b-it,full__all__r4,0.0,0.1666666666666666,0.3333333333333333,0.99288256227758,0.373220640569395,1,11
gemma_2_9b_it,compiler::causal_mapping::causal_0109,causal_mapping,train,google/gemma-2-9b-it,late__all__r16,0.0,0.0,0.3333333333333333,0.9608540925266904,0.3235468564650059,1,11
gemma_2_9b_it,compiler::causal_mapping::causal_0109,causal_mapping,train,google/gemma-2-9b-it,middle__all__r16,0.1,0.1666666666666666,0.3333333333333333,1.0,0.4,1,11
gemma_2_9b_it,compiler::causal_mapping::causal_0110,causal_mapping,train,google/gemma-2-9b-it,early__all__r16,0.0,0.0,0.3333333333333333,1.0,0.3333333333333333,1,11
gemma_2_9b_it,compiler::causal_mapping::causal_0110,causal_mapping,train,google/gemma-2-9b-it,full__all__r4,0.0,0.0,0.3333333333333333,0.99644128113879,0.3324436536180308,1,11
gemma_2_9b_it,compiler::causal_mapping::causal_0110,causal_mapping,train,google/gemma-2-9b-it,late__all__r16,0.0,0.0,0.3333333333333333,0.9608540925266904,0.3235468564650059,1,11
gemma_2_9b_it,compiler::causal_mapping::causal_0110,causal_mapping,train,google/gemma-2-9b-it,middle__all__r16,0.0,0.0,0.5,0.99288256227758,0.373220640569395,1,11
gemma_2_9b_it,compiler::causal_mapping::causal_0111,causal_mapping,train,google/gemma-2-9b-it,early__all__r16,0.1,0.0,0.3333333333333333,1.0,0.3583333333333333,1,11
gemma_2_9b_it,compiler::causal_mapping::causal_0111,causal_mapping,train,google/gemma-2-9b-it,full__all__r4,0.1,0.1666666666666666,0.1666666666666666,0.99644128113879,0.3574436536180308,1,11
gemma_2_9b_it,compiler::causal_mapping::causal_0111,causal_mapping,train,google/gemma-2-9b-it,late__all__r16,0.0,0.0,0.3333333333333333,0.9572953736654805,0.3226571767497034,1,11
gemma_2_9b_it,compiler::causal_mapping::causal_0111,causal_mapping,train,google/gemma-2-9b-it,middle__all__r16,0.0,0.0,0.3333333333333333,0.99644128113879,0.3324436536180308,1,11
gemma_2_9b_it,compiler::causal_mapping::causal_0113,causal_mapping,train,google/gemma-2-9b-it,early__all__r16,0.0,0.3333333333333333,0.5,1.0,0.4583333333333333,1,11
gemma_2_9b_it,compiler::causal_mapping::causal_0113,causal_mapping,train,google/gemma-2-9b-it,full__all__r4,0.0,0.3333333333333333,0.5,1.0,0.4583333333333333,1,11
gemma_2_9b_it,compiler::causal_mapping::causal_0113,causal_mapping,train,google/gemma-2-9b-it,late__all__r16,0.0,0.3333333333333333,0.3333333333333333,0.9537366548042704,0.4051008303677342,1,11
gemma_2_9b_it,compiler::causal_mapping::causal_0113,causal_mapping,train,google/gemma-2-9b-it,middle__all__r16,0.0,0.3333333333333333,0.5,1.0,0.4583333333333333,1,11
gemma_2_9b_it,compiler::causal_mapping::causal_0115,causal_mapping,train,google/gemma-2-9b-it,early__all__r16,0.0,0.1666666666666666,0.5,0.9857651245551602,0.4131079478054567,1,11
gemma_2_9b_it,compiler::causal_mapping::causal_0115,causal_mapping,train,google/gemma-2-9b-it,full__all__r4,0.1,0.3333333333333333,0.5,0.99644128113879,0.4824436536180308,1,11
gemma_2_9b_it,compiler::causal_mapping::causal_0115,causal_mapping,train,google/gemma-2-9b-it,late__all__r16,0.0,0.0,0.5,0.9430604982206404,0.3607651245551601,1,11
gemma_2_9b_it,compiler::causal_mapping::causal_0115,causal_mapping,train,google/gemma-2-9b-it,middle__all__r16,0.2,0.3333333333333333,0.5,0.98932384341637,0.5056642941874259,1,11
gemma_2_9b_it,compiler::causal_mapping::causal_0117,causal_mapping,train,google/gemma-2-9b-it,early__all__r16,0.0,0.0,0.1666666666666666,0.99288256227758,0.2898873072360617,1,11
gemma_2_9b_it,compiler::causal_mapping::causal_0117,causal_mapping,train,google/gemma-2-9b-it,full__all__r4,0.1,0.0,0.1666666666666666,0.99644128113879,0.3157769869513642,1,11
gemma_2_9b_it,compiler::causal_mapping::causal_0117,causal_mapping,train,google/gemma-2-9b-it,late__all__r16,0.0,0.0,0.3333333333333333,0.9750889679715302,0.3271055753262158,1,11
gemma_2_9b_it,compiler::causal_mapping::causal_0117,causal_mapping,train,google/gemma-2-9b-it,middle__all__r16,0.0,0.0,0.3333333333333333,0.99644128113879,0.3324436536180308,1,11
gemma_2_9b_it,compiler::causal_mapping::causal_0118,causal_mapping,train,google/gemma-2-9b-it,early__all__r16,0.0,0.0,0.1666666666666666,0.98932384341637,0.2889976275207592,1,11
gemma_2_9b_it,compiler::causal_mapping::causal_0118,causal_mapping,train,google/gemma-2-9b-it,full__all__r4,0.0,0.0,0.3333333333333333,0.99644128113879,0.3324436536180308,1,11
gemma_2_9b_it,compiler::causal_mapping::causal_0118,causal_mapping,train,google/gemma-2-9b-it,late__all__r16,0.0,0.0,0.1666666666666666,0.9572953736654805,0.2809905100830367,1,11
gemma_2_9b_it,compiler::causal_mapping::causal_0118,causal_mapping,train,google/gemma-2-9b-it,middle__all__r16,0.0,0.0,0.3333333333333333,0.99644128113879,0.3324436536180308,1,11
gemma_2_9b_it,compiler::causal_mapping::causal_0119,causal_mapping,train,google/gemma-2-9b-it,early__all__r16,0.0,0.0,0.3333333333333333,0.98932384341637,0.3306642941874259,1,11
gemma_2_9b_it,compiler::causal_mapping::causal_0119,causal_mapping,train,google/gemma-2-9b-it,full__all__r4,0.0,0.1666666666666666,0.3333333333333333,0.99644128113879,0.3741103202846975,1,11
gemma_2_9b_it,compiler::causal_mapping::causal_0119,causal_mapping,train,google/gemma-2-9b-it,late__all__r16,0.0,0.0,0.3333333333333333,0.9715302491103204,0.3262158956109134,1,11
gemma_2_9b_it,compiler::causal_mapping::causal_0119,causal_mapping,train,google/gemma-2-9b-it,middle__all__r16,0.1,0.3333333333333333,0.3333333333333333,1.0,0.4416666666666666,1,11
gemma_2_9b_it,compiler::factual_association::factual_0000,factual_association,train,google/gemma-2-9b-it,early__all__r16,0.2,0.1666666666666666,0.3333333333333333,1.0,0.425,1,11
gemma_2_9b_it,compiler::factual_association::factual_0000,factual_association,train,google/gemma-2-9b-it,full__all__r4,0.3,0.5,0.8333333333333334,1.0,0.6583333333333333,1,11
gemma_2_9b_it,compiler::factual_association::factual_0000,factual_association,train,google/gemma-2-9b-it,late__all__r16,0.5,0.5,0.5,0.9857651245551602,0.62144128113879,1,11
gemma_2_9b_it,compiler::factual_association::factual_0000,factual_association,train,google/gemma-2-9b-it,middle__all__r16,0.2,0.1666666666666666,0.5,1.0,0.4666666666666667,1,11
gemma_2_9b_it,compiler::factual_association::factual_0001,factual_association,train,google/gemma-2-9b-it,early__all__r16,0.0,0.1666666666666666,0.1666666666666666,0.99644128113879,0.3324436536180308,1,11
gemma_2_9b_it,compiler::factual_association::factual_0001,factual_association,train,google/gemma-2-9b-it,full__all__r4,0.7,0.6666666666666666,0.5,1.0,0.7166666666666667,1,11
gemma_2_9b_it,compiler::factual_association::factual_0001,factual_association,train,google/gemma-2-9b-it,late__all__r16,0.0,0.0,0.1666666666666666,0.99644128113879,0.2907769869513641,1,11
gemma_2_9b_it,compiler::factual_association::factual_0001,factual_association,train,google/gemma-2-9b-it,middle__all__r16,0.0,0.1666666666666666,0.6666666666666666,0.99288256227758,0.4565539739027283,1,11
gemma_2_9b_it,compiler::factual_association::factual_0002,factual_association,train,google/gemma-2-9b-it,early__all__r16,0.0,0.1666666666666666,0.1666666666666666,1.0,0.3333333333333333,1,11
gemma_2_9b_it,compiler::factual_association::factual_0002,factual_association,train,google/gemma-2-9b-it,full__all__r4,0.2,0.3333333333333333,0.3333333333333333,0.98220640569395,0.4622182680901542,1,11
gemma_2_9b_it,compiler::factual_association::factual_0002,factual_association,train,google/gemma-2-9b-it,late__all__r16,0.8,1.0,0.3333333333333333,0.98932384341637,0.7806642941874259,1,11
gemma_2_9b_it,compiler::factual_association::factual_0002,factual_association,train,google/gemma-2-9b-it,middle__all__r16,0.0,0.1666666666666666,0.5,0.99644128113879,0.4157769869513641,1,11
gemma_2_9b_it,compiler::factual_association::factual_0003,factual_association,train,google/gemma-2-9b-it,early__all__r16,0.0,0.1666666666666666,0.6666666666666666,0.99288256227758,0.4565539739027283,1,11
gemma_2_9b_it,compiler::factual_association::factual_0003,factual_association,train,google/gemma-2-9b-it,full__all__r4,0.3,0.5,0.5,0.99288256227758,0.573220640569395,1,11
gemma_2_9b_it,compiler::factual_association::factual_0003,factual_association,train,google/gemma-2-9b-it,late__all__r16,0.5,0.6666666666666666,0.5,0.99644128113879,0.6657769869513641,1,11
gemma_2_9b_it,compiler::factual_association::factual_0003,factual_association,train,google/gemma-2-9b-it,middle__all__r16,0.0,0.1666666666666666,0.5,1.0,0.4166666666666667,1,11
gemma_2_9b_it,compiler::factual_association::factual_0004,factual_association,train,google/gemma-2-9b-it,early__all__r16,0.0,0.1666666666666666,0.1666666666666666,0.99288256227758,0.3315539739027283,1,11
gemma_2_9b_it,compiler::factual_association::factual_0004,factual_association,train,google/gemma-2-9b-it,full__all__r4,0.0,0.1666666666666666,0.1666666666666666,0.98932384341637,0.3306642941874259,1,11
gemma_2_9b_it,compiler::factual_association::factual_0004,factual_association,train,google/gemma-2-9b-it,late__all__r16,0.0,0.1666666666666666,0.1666666666666666,0.99288256227758,0.3315539739027283,1,11
gemma_2_9b_it,compiler::factual_association::factual_0004,factual_association,train,google/gemma-2-9b-it,middle__all__r16,0.0,0.1666666666666666,0.6666666666666666,0.99644128113879,0.4574436536180308,1,11
gemma_2_9b_it,compiler::factual_association::factual_0005,factual_association,train,google/gemma-2-9b-it,early__all__r16,0.0,0.1666666666666666,0.3333333333333333,0.99288256227758,0.373220640569395,1,11
gemma_2_9b_it,compiler::factual_association::factual_0005,factual_association,train,google/gemma-2-9b-it,full__all__r4,0.0,0.1666666666666666,0.3333333333333333,0.98932384341637,0.3723309608540925,1,11
gemma_2_9b_it,compiler::factual_association::factual_0005,factual_association,train,google/gemma-2-9b-it,late__all__r16,0.0,0.1666666666666666,0.3333333333333333,0.99644128113879,0.3741103202846975,1,11
gemma_2_9b_it,compiler::factual_association::factual_0005,factual_association,train,google/gemma-2-9b-it,middle__all__r16,0.0,0.1666666666666666,0.3333333333333333,0.99644128113879,0.3741103202846975,1,11
gemma_2_9b_it,compiler::factual_association::factual_0008,factual_association,train,google/gemma-2-9b-it,early__all__r16,0.0,0.1666666666666666,0.3333333333333333,1.0,0.375,1,11
gemma_2_9b_it,compiler::factual_association::factual_0008,factual_association,train,google/gemma-2-9b-it,full__all__r4,0.2,0.0,0.3333333333333333,0.9857651245551602,0.3797746144721233,1,11
gemma_2_9b_it,compiler::factual_association::factual_0008,factual_association,train,google/gemma-2-9b-it,late__all__r16,0.2,0.0,0.3333333333333333,0.9786476868327402,0.3779952550415184,1,11
gemma_2_9b_it,compiler::factual_association::factual_0008,factual_association,train,google/gemma-2-9b-it,middle__all__r16,0.2,0.0,0.3333333333333333,0.99288256227758,0.3815539739027284,1,11
gemma_2_9b_it,compiler::factual_association::factual_0009,factual_association,train,google/gemma-2-9b-it,early__all__r16,0.0,0.1666666666666666,0.5,0.99644128113879,0.4157769869513641,1,11
gemma_2_9b_it,compiler::factual_association::factual_0009,factual_association,train,google/gemma-2-9b-it,full__all__r4,0.0,0.1666666666666666,0.8333333333333334,0.99644128113879,0.4991103202846975,1,11
gemma_2_9b_it,compiler::factual_association::factual_0009,factual_association,train,google/gemma-2-9b-it,late__all__r16,0.8,0.6666666666666666,0.5,0.99288256227758,0.7398873072360617,1,11
gemma_2_9b_it,compiler::factual_association::factual_0009,factual_association,train,google/gemma-2-9b-it,middle__all__r16,0.2,0.1666666666666666,0.5,0.99644128113879,0.4657769869513641,1,11
gemma_2_9b_it,compiler::factual_association::factual_0010,factual_association,train,google/gemma-2-9b-it,early__all__r16,0.0,0.1666666666666666,0.1666666666666666,0.99644128113879,0.3324436536180308,1,11
gemma_2_9b_it,compiler::factual_association::factual_0010,factual_association,train,google/gemma-2-9b-it,full__all__r4,0.2,0.1666666666666666,0.1666666666666666,1.0,0.3833333333333333,1,11
gemma_2_9b_it,compiler::factual_association::factual_0010,factual_association,train,google/gemma-2-9b-it,late__all__r16,0.0,0.1666666666666666,0.1666666666666666,0.98932384341637,0.3306642941874259,1,11
gemma_2_9b_it,compiler::factual_association::factual_0010,factual_association,train,google/gemma-2-9b-it,middle__all__r16,0.2,0.1666666666666666,0.5,1.0,0.4666666666666667,1,11
gemma_2_9b_it,compiler::factual_association::factual_0012,factual_association,train,google/gemma-2-9b-it,early__all__r16,0.0,0.1666666666666666,0.3333333333333333,1.0,0.375,1,11
gemma_2_9b_it,compiler::factual_association::factual_0012,factual_association,train,google/gemma-2-9b-it,full__all__r4,0.2,0.5,0.6666666666666666,0.99288256227758,0.5898873072360616,1,11
gemma_2_9b_it,compiler::factual_association::factual_0012,factual_association,train,google/gemma-2-9b-it,late__all__r16,0.5,0.5,0.5,0.99644128113879,0.6241103202846975,1,11
gemma_2_9b_it,compiler::factual_association::factual_0012,factual_association,train,google/gemma-2-9b-it,middle__all__r16,0.0,0.1666666666666666,0.6666666666666666,0.99288256227758,0.4565539739027283,1,11
gemma_2_9b_it,compiler::factual_association::factual_0013,factual_association,train,google/gemma-2-9b-it,early__all__r16,0.2,0.1666666666666666,0.3333333333333333,1.0,0.425,1,11
gemma_2_9b_it,compiler::factual_association::factual_0013,factual_association,train,google/gemma-2-9b-it,full__all__r4,0.1,0.1666666666666666,0.1666666666666666,0.98220640569395,0.3538849347568208,1,11
gemma_2_9b_it,compiler::factual_association::factual_0013,factual_association,train,google/gemma-2-9b-it,late__all__r16,0.4,0.6666666666666666,0.1666666666666666,0.98220640569395,0.5538849347568209,1,11
gemma_2_9b_it,compiler::factual_association::factual_0013,factual_association,train,google/gemma-2-9b-it,middle__all__r16,0.0,0.1666666666666666,0.5,0.9679715302491104,0.4086595492289442,1,11
gemma_2_9b_it,compiler::factual_association::factual_0015,factual_association,train,google/gemma-2-9b-it,early__all__r16,0.0,0.1666666666666666,0.5,1.0,0.4166666666666667,1,11
gemma_2_9b_it,compiler::factual_association::factual_0015,factual_association,train,google/gemma-2-9b-it,full__all__r4,0.0,0.1666666666666666,0.5,1.0,0.4166666666666667,1,11
gemma_2_9b_it,compiler::factual_association::factual_0015,factual_association,train,google/gemma-2-9b-it,late__all__r16,0.0,0.1666666666666666,0.5,0.99644128113879,0.4157769869513641,1,11
gemma_2_9b_it,compiler::factual_association::factual_0015,factual_association,train,google/gemma-2-9b-it,middle__all__r16,0.0,0.1666666666666666,0.8333333333333334,1.0,0.5,1,11
gemma_2_9b_it,compiler::factual_association::factual_0017,factual_association,train,google/gemma-2-9b-it,early__all__r16,0.0,0.1666666666666666,0.1666666666666666,0.99288256227758,0.3315539739027283,1,11
gemma_2_9b_it,compiler::factual_association::factual_0017,factual_association,train,google/gemma-2-9b-it,full__all__r4,0.0,0.1666666666666666,0.3333333333333333,0.98220640569395,0.3705516014234875,1,11
gemma_2_9b_it,compiler::factual_association::factual_0017,factual_association,train,google/gemma-2-9b-it,late__all__r16,0.0,0.1666666666666666,0.3333333333333333,0.98932384341637,0.3723309608540925,1,11
gemma_2_9b_it,compiler::factual_association::factual_0017,factual_association,train,google/gemma-2-9b-it,middle__all__r16,0.0,0.1666666666666666,0.3333333333333333,0.9750889679715302,0.3687722419928825,1,11
gemma_2_9b_it,compiler::factual_association::factual_0019,factual_association,train,google/gemma-2-9b-it,early__all__r16,0.0,0.0,0.1666666666666666,0.99644128113879,0.2907769869513641,1,11
gemma_2_9b_it,compiler::factual_association::factual_0019,factual_association,train,google/gemma-2-9b-it,full__all__r4,0.8,0.8333333333333334,0.5,0.99288256227758,0.7815539739027284,1,11
gemma_2_9b_it,compiler::factual_association::factual_0019,factual_association,train,google/gemma-2-9b-it,late__all__r16,0.2,0.3333333333333333,0.1666666666666666,0.99288256227758,0.423220640569395,1,11
gemma_2_9b_it,compiler::factual_association::factual_0019,factual_association,train,google/gemma-2-9b-it,middle__all__r16,0.0,0.1666666666666666,0.3333333333333333,1.0,0.375,1,11
gemma_2_9b_it,compiler::factual_association::factual_0020,factual_association,train,google/gemma-2-9b-it,early__all__r16,0.0,0.1666666666666666,0.1666666666666666,1.0,0.3333333333333333,1,11
gemma_2_9b_it,compiler::factual_association::factual_0020,factual_association,train,google/gemma-2-9b-it,full__all__r4,0.0,0.1666666666666666,0.3333333333333333,0.99288256227758,0.373220640569395,1,11
gemma_2_9b_it,compiler::factual_association::factual_0020,factual_association,train,google/gemma-2-9b-it,late__all__r16,0.0,0.1666666666666666,0.3333333333333333,0.9786476868327402,0.369661921708185,1,11
gemma_2_9b_it,compiler::factual_association::factual_0020,factual_association,train,google/gemma-2-9b-it,middle__all__r16,0.0,0.1666666666666666,0.3333333333333333,0.99644128113879,0.3741103202846975,1,11
gemma_2_9b_it,compiler::factual_association::factual_0023,factual_association,train,google/gemma-2-9b-it,early__all__r16,0.0,0.1666666666666666,0.3333333333333333,1.0,0.375,1,11
gemma_2_9b_it,compiler::factual_association::factual_0023,factual_association,train,google/gemma-2-9b-it,full__all__r4,0.0,0.0,0.3333333333333333,0.98220640569395,0.3288849347568208,1,11
gemma_2_9b_it,compiler::factual_association::factual_0023,factual_association,train,google/gemma-2-9b-it,late__all__r16,0.0,0.1666666666666666,0.3333333333333333,0.98932384341637,0.3723309608540925,1,11
gemma_2_9b_it,compiler::factual_association::factual_0023,factual_association,train,google/gemma-2-9b-it,middle__all__r16,0.0,0.1666666666666666,0.3333333333333333,0.98932384341637,0.3723309608540925,1,11
gemma_2_9b_it,compiler::factual_association::factual_0025,factual_association,train,google/gemma-2-9b-it,early__all__r16,0.0,0.1666666666666666,0.1666666666666666,1.0,0.3333333333333333,1,11
gemma_2_9b_it,compiler::factual_association::factual_0025,factual_association,train,google/gemma-2-9b-it,full__all__r4,0.7,1.0,0.3333333333333333,1.0,0.7583333333333333,1,11
gemma_2_9b_it,compiler::factual_association::factual_0025,factual_association,train,google/gemma-2-9b-it,late__all__r16,0.0,0.0,0.1666666666666666,0.99644128113879,0.2907769869513641,1,11
gemma_2_9b_it,compiler::factual_association::factual_0025,factual_association,train,google/gemma-2-9b-it,middle__all__r16,0.0,0.1666666666666666,0.5,0.99644128113879,0.4157769869513641,1,11
gemma_2_9b_it,compiler::factual_association::factual_0027,factual_association,train,google/gemma-2-9b-it,early__all__r16,0.0,0.1666666666666666,0.3333333333333333,1.0,0.375,1,11
gemma_2_9b_it,compiler::factual_association::factual_0027,factual_association,train,google/gemma-2-9b-it,full__all__r4,0.3,0.5,0.6666666666666666,0.99288256227758,0.6148873072360617,1,11
gemma_2_9b_it,compiler::factual_association::factual_0027,factual_association,train,google/gemma-2-9b-it,late__all__r16,0.7,0.6666666666666666,0.5,0.9857651245551602,0.7131079478054567,1,11
gemma_2_9b_it,compiler::factual_association::factual_0027,factual_association,train,google/gemma-2-9b-it,middle__all__r16,0.0,0.1666666666666666,0.6666666666666666,1.0,0.4583333333333333,1,11
gemma_2_9b_it,compiler::factual_association::factual_0028,factual_association,train,google/gemma-2-9b-it,early__all__r16,0.0,0.1666666666666666,0.1666666666666666,0.99288256227758,0.3315539739027283,1,11
gemma_2_9b_it,compiler::factual_association::factual_0028,factual_association,train,google/gemma-2-9b-it,full__all__r4,0.0,0.1666666666666666,0.1666666666666666,0.99288256227758,0.3315539739027283,1,11
gemma_2_9b_it,compiler::factual_association::factual_0028,factual_association,train,google/gemma-2-9b-it,late__all__r16,0.0,0.1666666666666666,0.1666666666666666,0.99644128113879,0.3324436536180308,1,11
gemma_2_9b_it,compiler::factual_association::factual_0028,factual_association,train,google/gemma-2-9b-it,middle__all__r16,0.0,0.0,0.3333333333333333,0.99644128113879,0.3324436536180308,1,11
gemma_2_9b_it,compiler::factual_association::factual_0029,factual_association,train,google/gemma-2-9b-it,early__all__r16,0.0,0.0,0.1666666666666666,1.0,0.2916666666666667,1,11
gemma_2_9b_it,compiler::factual_association::factual_0029,factual_association,train,google/gemma-2-9b-it,full__all__r4,0.0,0.1666666666666666,0.3333333333333333,0.98220640569395,0.3705516014234875,1,11
gemma_2_9b_it,compiler::factual_association::factual_0029,factual_association,train,google/gemma-2-9b-it,late__all__r16,0.1,0.5,0.3333333333333333,0.98932384341637,0.4806642941874258,1,11
gemma_2_9b_it,compiler::factual_association::factual_0029,factual_association,train,google/gemma-2-9b-it,middle__all__r16,0.0,0.1666666666666666,0.3333333333333333,0.9750889679715302,0.3687722419928825,1,11
gemma_2_9b_it,compiler::factual_association::factual_0031,factual_association,train,google/gemma-2-9b-it,early__all__r16,0.0,0.1666666666666666,0.1666666666666666,1.0,0.3333333333333333,1,11
gemma_2_9b_it,compiler::factual_association::factual_0031,factual_association,train,google/gemma-2-9b-it,full__all__r4,0.0,0.1666666666666666,0.1666666666666666,0.99288256227758,0.3315539739027283,1,11
gemma_2_9b_it,compiler::factual_association::factual_0031,factual_association,train,google/gemma-2-9b-it,late__all__r16,0.0,0.1666666666666666,0.1666666666666666,0.98932384341637,0.3306642941874259,1,11
gemma_2_9b_it,compiler::factual_association::factual_0031,factual_association,train,google/gemma-2-9b-it,middle__all__r16,0.0,0.1666666666666666,0.3333333333333333,1.0,0.375,1,11
gemma_2_9b_it,compiler::factual_association::factual_0034,factual_association,train,google/gemma-2-9b-it,early__all__r16,0.0,0.1666666666666666,0.1666666666666666,0.99644128113879,0.3324436536180308,1,11
gemma_2_9b_it,compiler::factual_association::factual_0034,factual_association,train,google/gemma-2-9b-it,full__all__r4,0.2,0.1666666666666666,0.1666666666666666,1.0,0.3833333333333333,1,11
gemma_2_9b_it,compiler::factual_association::factual_0034,factual_association,train,google/gemma-2-9b-it,late__all__r16,0.0,0.1666666666666666,0.1666666666666666,0.98932384341637,0.3306642941874259,1,11
gemma_2_9b_it,compiler::factual_association::factual_0034,factual_association,train,google/gemma-2-9b-it,middle__all__r16,0.2,0.1666666666666666,0.1666666666666666,1.0,0.3833333333333333,1,11
gemma_2_9b_it,compiler::factual_association::factual_0035,factual_association,train,google/gemma-2-9b-it,early__all__r16,0.0,0.1666666666666666,0.3333333333333333,1.0,0.375,1,11
gemma_2_9b_it,compiler::factual_association::factual_0035,factual_association,train,google/gemma-2-9b-it,full__all__r4,0.0,0.1666666666666666,0.3333333333333333,0.9857651245551602,0.37144128113879,1,11
gemma_2_9b_it,compiler::factual_association::factual_0035,factual_association,train,google/gemma-2-9b-it,late__all__r16,0.0,0.1666666666666666,0.3333333333333333,0.98932384341637,0.3723309608540925,1,11
gemma_2_9b_it,compiler::factual_association::factual_0035,factual_association,train,google/gemma-2-9b-it,middle__all__r16,0.0,0.1666666666666666,0.3333333333333333,1.0,0.375,1,11
gemma_2_9b_it,compiler::factual_association::factual_0036,factual_association,train,google/gemma-2-9b-it,early__all__r16,0.2,0.1666666666666666,0.5,1.0,0.4666666666666667,1,11
gemma_2_9b_it,compiler::factual_association::factual_0036,factual_association,train,google/gemma-2-9b-it,full__all__r4,0.5,0.5,0.5,0.98932384341637,0.6223309608540926,1,11
gemma_2_9b_it,compiler::factual_association::factual_0036,factual_association,train,google/gemma-2-9b-it,late__all__r16,0.3,0.5,0.5,0.99644128113879,0.5741103202846976,1,11
gemma_2_9b_it,compiler::factual_association::factual_0036,factual_association,train,google/gemma-2-9b-it,middle__all__r16,0.2,0.1666666666666666,1.0,1.0,0.5916666666666667,1,11
gemma_2_9b_it,compiler::factual_association::factual_0037,factual_association,train,google/gemma-2-9b-it,early__all__r16,0.2,0.1666666666666666,0.3333333333333333,1.0,0.425,1,11
gemma_2_9b_it,compiler::factual_association::factual_0037,factual_association,train,google/gemma-2-9b-it,full__all__r4,0.1,0.1666666666666666,0.1666666666666666,0.98932384341637,0.3556642941874258,1,11
gemma_2_9b_it,compiler::factual_association::factual_0037,factual_association,train,google/gemma-2-9b-it,late__all__r16,0.4,0.6666666666666666,0.3333333333333333,0.9786476868327402,0.594661921708185,1,11
gemma_2_9b_it,compiler::factual_association::factual_0037,factual_association,train,google/gemma-2-9b-it,middle__all__r16,0.0,0.1666666666666666,0.1666666666666666,0.9786476868327402,0.3279952550415184,1,11
gemma_2_9b_it,compiler::factual_association::factual_0038,factual_association,train,google/gemma-2-9b-it,early__all__r16,0.2,0.1666666666666666,0.1666666666666666,0.99288256227758,0.3815539739027284,1,11
gemma_2_9b_it,compiler::factual_association::factual_0038,factual_association,train,google/gemma-2-9b-it,full__all__r4,0.0,0.1666666666666666,0.3333333333333333,0.99644128113879,0.3741103202846975,1,11
gemma_2_9b_it,compiler::factual_association::factual_0038,factual_association,train,google/gemma-2-9b-it,late__all__r16,0.0,0.3333333333333333,0.3333333333333333,0.99644128113879,0.4157769869513641,1,11
gemma_2_9b_it,compiler::factual_association::factual_0038,factual_association,train,google/gemma-2-9b-it,middle__all__r16,0.0,0.1666666666666666,0.3333333333333333,1.0,0.375,1,11
gemma_2_9b_it,compiler::factual_association::factual_0039,factual_association,train,google/gemma-2-9b-it,early__all__r16,0.0,0.1666666666666666,0.8333333333333334,1.0,0.5,1,11
gemma_2_9b_it,compiler::factual_association::factual_0039,factual_association,train,google/gemma-2-9b-it,full__all__r4,0.3,0.5,0.6666666666666666,0.99288256227758,0.6148873072360617,1,11
gemma_2_9b_it,compiler::factual_association::factual_0039,factual_association,train,google/gemma-2-9b-it,late__all__r16,0.6,0.6666666666666666,0.6666666666666666,0.99288256227758,0.7315539739027284,1,11
gemma_2_9b_it,compiler::factual_association::factual_0039,factual_association,train,google/gemma-2-9b-it,middle__all__r16,0.0,0.1666666666666666,0.6666666666666666,0.99644128113879,0.4574436536180308,1,11
gemma_2_9b_it,compiler::factual_association::factual_0041,factual_association,train,google/gemma-2-9b-it,early__all__r16,0.2,0.1666666666666666,0.3333333333333333,0.98932384341637,0.4223309608540925,1,11
gemma_2_9b_it,compiler::factual_association::factual_0041,factual_association,train,google/gemma-2-9b-it,full__all__r4,0.0,0.1666666666666666,0.3333333333333333,0.98220640569395,0.3705516014234875,1,11
gemma_2_9b_it,compiler::factual_association::factual_0041,factual_association,train,google/gemma-2-9b-it,late__all__r16,0.0,0.1666666666666666,0.3333333333333333,0.99288256227758,0.373220640569395,1,11
gemma_2_9b_it,compiler::factual_association::factual_0041,factual_association,train,google/gemma-2-9b-it,middle__all__r16,0.0,0.1666666666666666,0.3333333333333333,0.9786476868327402,0.369661921708185,1,11
gemma_2_9b_it,compiler::factual_association::factual_0042,factual_association,train,google/gemma-2-9b-it,early__all__r16,0.0,0.1666666666666666,0.5,1.0,0.4166666666666667,1,11
gemma_2_9b_it,compiler::factual_association::factual_0042,factual_association,train,google/gemma-2-9b-it,full__all__r4,0.2,0.5,0.8333333333333334,0.99644128113879,0.6324436536180309,1,11
gemma_2_9b_it,compiler::factual_association::factual_0042,factual_association,train,google/gemma-2-9b-it,late__all__r16,0.5,0.5,0.6666666666666666,0.99644128113879,0.6657769869513641,1,11
gemma_2_9b_it,compiler::factual_association::factual_0042,factual_association,train,google/gemma-2-9b-it,middle__all__r16,0.0,0.1666666666666666,1.0,0.99288256227758,0.5398873072360617,1,11
gemma_2_9b_it,compiler::factual_association::factual_0043,factual_association,train,google/gemma-2-9b-it,early__all__r16,0.0,0.1666666666666666,0.1666666666666666,1.0,0.3333333333333333,1,11
gemma_2_9b_it,compiler::factual_association::factual_0043,factual_association,train,google/gemma-2-9b-it,full__all__r4,0.8,0.8333333333333334,0.1666666666666666,0.99288256227758,0.698220640569395,1,11
gemma_2_9b_it,compiler::factual_association::factual_0043,factual_association,train,google/gemma-2-9b-it,late__all__r16,0.2,0.3333333333333333,0.1666666666666666,0.98932384341637,0.4223309608540925,1,11
gemma_2_9b_it,compiler::factual_association::factual_0043,factual_association,train,google/gemma-2-9b-it,middle__all__r16,0.0,0.1666666666666666,0.1666666666666666,1.0,0.3333333333333333,1,11
gemma_2_9b_it,compiler::factual_association::factual_0045,factual_association,train,google/gemma-2-9b-it,early__all__r16,0.0,0.1666666666666666,0.5,1.0,0.4166666666666667,1,11
gemma_2_9b_it,compiler::factual_association::factual_0045,factual_association,train,google/gemma-2-9b-it,full__all__r4,0.0,0.1666666666666666,0.5,1.0,0.4166666666666667,1,11
gemma_2_9b_it,compiler::factual_association::factual_0045,factual_association,train,google/gemma-2-9b-it,late__all__r16,0.0,0.1666666666666666,0.5,0.99644128113879,0.4157769869513641,1,11
gemma_2_9b_it,compiler::factual_association::factual_0045,factual_association,train,google/gemma-2-9b-it,middle__all__r16,0.0,0.1666666666666666,0.8333333333333334,1.0,0.5,1,11
gemma_2_9b_it,compiler::factual_association::factual_0046,factual_association,train,google/gemma-2-9b-it,early__all__r16,0.0,0.1666666666666666,0.1666666666666666,0.99644128113879,0.3324436536180308,1,11
gemma_2_9b_it,compiler::factual_association::factual_0046,factual_association,train,google/gemma-2-9b-it,full__all__r4,0.0,0.1666666666666666,0.5,0.99644128113879,0.4157769869513641,1,11
gemma_2_9b_it,compiler::factual_association::factual_0046,factual_association,train,google/gemma-2-9b-it,late__all__r16,0.0,0.1666666666666666,0.1666666666666666,0.99644128113879,0.3324436536180308,1,11
gemma_2_9b_it,compiler::factual_association::factual_0046,factual_association,train,google/gemma-2-9b-it,middle__all__r16,0.0,0.1666666666666666,0.8333333333333334,0.98932384341637,0.4973309608540925,1,11
gemma_2_9b_it,compiler::factual_association::factual_0047,factual_association,train,google/gemma-2-9b-it,early__all__r16,0.0,0.1666666666666666,0.3333333333333333,1.0,0.375,1,11
gemma_2_9b_it,compiler::factual_association::factual_0047,factual_association,train,google/gemma-2-9b-it,full__all__r4,0.0,0.1666666666666666,0.3333333333333333,0.99288256227758,0.373220640569395,1,11
gemma_2_9b_it,compiler::factual_association::factual_0047,factual_association,train,google/gemma-2-9b-it,late__all__r16,0.0,0.1666666666666666,0.3333333333333333,0.99288256227758,0.373220640569395,1,11
gemma_2_9b_it,compiler::factual_association::factual_0047,factual_association,train,google/gemma-2-9b-it,middle__all__r16,0.0,0.1666666666666666,0.3333333333333333,0.9857651245551602,0.37144128113879,1,11
gemma_2_9b_it,compiler::factual_association::factual_0049,factual_association,train,google/gemma-2-9b-it,early__all__r16,0.0,0.1666666666666666,0.1666666666666666,1.0,0.3333333333333333,1,11
gemma_2_9b_it,compiler::factual_association::factual_0049,factual_association,train,google/gemma-2-9b-it,full__all__r4,0.7,1.0,0.6666666666666666,1.0,0.8416666666666667,1,11
gemma_2_9b_it,compiler::factual_association::factual_0049,factual_association,train,google/gemma-2-9b-it,late__all__r16,0.0,0.0,0.3333333333333333,0.99644128113879,0.3324436536180308,1,11
gemma_2_9b_it,compiler::factual_association::factual_0049,factual_association,train,google/gemma-2-9b-it,middle__all__r16,0.0,0.1666666666666666,0.8333333333333334,0.99644128113879,0.4991103202846975,1,11
gemma_2_9b_it,compiler::factual_association::factual_0050,factual_association,train,google/gemma-2-9b-it,early__all__r16,0.0,0.1666666666666666,0.3333333333333333,0.99288256227758,0.373220640569395,1,11
gemma_2_9b_it,compiler::factual_association::factual_0050,factual_association,train,google/gemma-2-9b-it,full__all__r4,0.2,0.1666666666666666,0.3333333333333333,0.98220640569395,0.4205516014234875,1,11
gemma_2_9b_it,compiler::factual_association::factual_0050,factual_association,train,google/gemma-2-9b-it,late__all__r16,0.0,0.1666666666666666,0.3333333333333333,0.99288256227758,0.373220640569395,1,11
gemma_2_9b_it,compiler::factual_association::factual_0050,factual_association,train,google/gemma-2-9b-it,middle__all__r16,0.2,0.1666666666666666,0.3333333333333333,0.9750889679715302,0.4187722419928825,1,11
gemma_2_9b_it,compiler::factual_association::factual_0051,factual_association,train,google/gemma-2-9b-it,early__all__r16,0.0,0.1666666666666666,0.5,1.0,0.4166666666666667,1,11
gemma_2_9b_it,compiler::factual_association::factual_0051,factual_association,train,google/gemma-2-9b-it,full__all__r4,0.3,0.6666666666666666,0.6666666666666666,0.99288256227758,0.6565539739027283,1,11
gemma_2_9b_it,compiler::factual_association::factual_0051,factual_association,train,google/gemma-2-9b-it,late__all__r16,0.3,0.5,0.5,0.9857651245551602,0.57144128113879,1,11
gemma_2_9b_it,compiler::factual_association::factual_0051,factual_association,train,google/gemma-2-9b-it,middle__all__r16,0.0,0.1666666666666666,1.0,1.0,0.5416666666666666,1,11
gemma_2_9b_it,compiler::factual_association::factual_0052,factual_association,train,google/gemma-2-9b-it,early__all__r16,0.0,0.1666666666666666,0.1666666666666666,0.98932384341637,0.3306642941874259,1,11
gemma_2_9b_it,compiler::factual_association::factual_0052,factual_association,train,google/gemma-2-9b-it,full__all__r4,0.0,0.1666666666666666,0.1666666666666666,0.99288256227758,0.3315539739027283,1,11
gemma_2_9b_it,compiler::factual_association::factual_0052,factual_association,train,google/gemma-2-9b-it,late__all__r16,0.0,0.1666666666666666,0.1666666666666666,0.99644128113879,0.3324436536180308,1,11
gemma_2_9b_it,compiler::factual_association::factual_0052,factual_association,train,google/gemma-2-9b-it,middle__all__r16,0.0,0.0,0.6666666666666666,1.0,0.4166666666666666,1,11
gemma_2_9b_it,compiler::factual_association::factual_0053,factual_association,train,google/gemma-2-9b-it,early__all__r16,0.0,0.1666666666666666,0.3333333333333333,1.0,0.375,1,11
gemma_2_9b_it,compiler::factual_association::factual_0053,factual_association,train,google/gemma-2-9b-it,full__all__r4,0.0,0.1666666666666666,0.3333333333333333,0.9857651245551602,0.37144128113879,1,11
gemma_2_9b_it,compiler::factual_association::factual_0053,factual_association,train,google/gemma-2-9b-it,late__all__r16,0.0,0.1666666666666666,0.3333333333333333,0.99644128113879,0.3741103202846975,1,11
gemma_2_9b_it,compiler::factual_association::factual_0053,factual_association,train,google/gemma-2-9b-it,middle__all__r16,0.0,0.1666666666666666,0.3333333333333333,0.9750889679715302,0.3687722419928825,1,11
gemma_2_9b_it,compiler::factual_association::factual_0054,factual_association,train,google/gemma-2-9b-it,early__all__r16,0.0,0.1666666666666666,0.3333333333333333,0.99644128113879,0.3741103202846975,1,11
gemma_2_9b_it,compiler::factual_association::factual_0054,factual_association,train,google/gemma-2-9b-it,full__all__r4,0.0,0.1666666666666666,0.5,0.99644128113879,0.4157769869513641,1,11
gemma_2_9b_it,compiler::factual_association::factual_0054,factual_association,train,google/gemma-2-9b-it,late__all__r16,0.2,0.1666666666666666,0.5,0.99644128113879,0.4657769869513641,1,11
gemma_2_9b_it,compiler::factual_association::factual_0054,factual_association,train,google/gemma-2-9b-it,middle__all__r16,0.0,0.1666666666666666,0.8333333333333334,0.99288256227758,0.498220640569395,1,11
gemma_2_9b_it,compiler::factual_association::factual_0055,factual_association,train,google/gemma-2-9b-it,early__all__r16,0.0,0.1666666666666666,0.1666666666666666,0.99644128113879,0.3324436536180308,1,11
gemma_2_9b_it,compiler::factual_association::factual_0055,factual_association,train,google/gemma-2-9b-it,full__all__r4,0.0,0.1666666666666666,0.1666666666666666,0.99644128113879,0.3324436536180308,1,11
gemma_2_9b_it,compiler::factual_association::factual_0055,factual_association,train,google/gemma-2-9b-it,late__all__r16,0.0,0.1666666666666666,0.1666666666666666,0.9857651245551602,0.3297746144721233,1,11
gemma_2_9b_it,compiler::factual_association::factual_0055,factual_association,train,google/gemma-2-9b-it,middle__all__r16,0.0,0.1666666666666666,0.1666666666666666,0.99644128113879,0.3324436536180308,1,11
gemma_2_9b_it,compiler::factual_association::factual_0057,factual_association,train,google/gemma-2-9b-it,early__all__r16,0.2,0.1666666666666666,0.5,1.0,0.4666666666666667,1,11
gemma_2_9b_it,compiler::factual_association::factual_0057,factual_association,train,google/gemma-2-9b-it,full__all__r4,0.4,0.5,0.5,0.99288256227758,0.5982206405693951,1,11
gemma_2_9b_it,compiler::factual_association::factual_0057,factual_association,train,google/gemma-2-9b-it,late__all__r16,0.6,0.6666666666666666,0.5,0.9857651245551602,0.6881079478054567,1,11
gemma_2_9b_it,compiler::factual_association::factual_0057,factual_association,train,google/gemma-2-9b-it,middle__all__r16,0.0,0.1666666666666666,0.6666666666666666,1.0,0.4583333333333333,1,11
gemma_2_9b_it,compiler::factual_association::factual_0058,factual_association,train,google/gemma-2-9b-it,early__all__r16,0.0,0.1666666666666666,0.1666666666666666,1.0,0.3333333333333333,1,11
gemma_2_9b_it,compiler::factual_association::factual_0058,factual_association,train,google/gemma-2-9b-it,full__all__r4,0.2,0.1666666666666666,0.1666666666666666,1.0,0.3833333333333333,1,11
gemma_2_9b_it,compiler::factual_association::factual_0058,factual_association,train,google/gemma-2-9b-it,late__all__r16,0.0,0.1666666666666666,0.1666666666666666,0.98932384341637,0.3306642941874259,1,11
gemma_2_9b_it,compiler::factual_association::factual_0058,factual_association,train,google/gemma-2-9b-it,middle__all__r16,0.2,0.1666666666666666,0.5,1.0,0.4666666666666667,1,11
gemma_2_9b_it,compiler::factual_association::factual_0060,factual_association,train,google/gemma-2-9b-it,early__all__r16,0.2,0.1666666666666666,0.3333333333333333,1.0,0.425,1,11
gemma_2_9b_it,compiler::factual_association::factual_0060,factual_association,train,google/gemma-2-9b-it,full__all__r4,0.4,0.5,0.8333333333333334,0.99644128113879,0.6824436536180308,1,11
gemma_2_9b_it,compiler::factual_association::factual_0060,factual_association,train,google/gemma-2-9b-it,late__all__r16,0.5,0.5,0.8333333333333334,0.9857651245551602,0.7047746144721234,1,11
gemma_2_9b_it,compiler::factual_association::factual_0060,factual_association,train,google/gemma-2-9b-it,middle__all__r16,0.2,0.1666666666666666,0.8333333333333334,1.0,0.55,1,11
gemma_2_9b_it,compiler::factual_association::factual_0061,factual_association,train,google/gemma-2-9b-it,early__all__r16,0.2,0.0,0.1666666666666666,1.0,0.3416666666666667,1,11
gemma_2_9b_it,compiler::factual_association::factual_0061,factual_association,train,google/gemma-2-9b-it,full__all__r4,0.1,0.1666666666666666,0.1666666666666666,0.98220640569395,0.3538849347568208,1,11
gemma_2_9b_it,compiler::factual_association::factual_0061,factual_association,train,google/gemma-2-9b-it,late__all__r16,0.4,0.6666666666666666,0.1666666666666666,0.9786476868327402,0.5529952550415184,1,11
gemma_2_9b_it,compiler::factual_association::factual_0061,factual_association,train,google/gemma-2-9b-it,middle__all__r16,0.0,0.1666666666666666,0.5,0.9786476868327402,0.4113285883748517,1,11
gemma_2_9b_it,compiler::factual_association::factual_0062,factual_association,train,google/gemma-2-9b-it,early__all__r16,0.0,0.1666666666666666,0.3333333333333333,1.0,0.375,1,11
gemma_2_9b_it,compiler::factual_association::factual_0062,factual_association,train,google/gemma-2-9b-it,full__all__r4,0.0,0.3333333333333333,0.3333333333333333,0.99288256227758,0.4148873072360617,1,11
gemma_2_9b_it,compiler::factual_association::factual_0062,factual_association,train,google/gemma-2-9b-it,late__all__r16,0.0,0.3333333333333333,0.3333333333333333,0.98220640569395,0.4122182680901541,1,11
gemma_2_9b_it,compiler::factual_association::factual_0062,factual_association,train,google/gemma-2-9b-it,middle__all__r16,0.0,0.1666666666666666,0.3333333333333333,0.99644128113879,0.3741103202846975,1,11
gemma_2_9b_it,compiler::factual_association::factual_0063,factual_association,train,google/gemma-2-9b-it,early__all__r16,0.0,0.1666666666666666,0.3333333333333333,0.99644128113879,0.3741103202846975,1,11
gemma_2_9b_it,compiler::factual_association::factual_0063,factual_association,train,google/gemma-2-9b-it,full__all__r4,0.3,0.5,0.5,0.99288256227758,0.573220640569395,1,11
gemma_2_9b_it,compiler::factual_association::factual_0063,factual_association,train,google/gemma-2-9b-it,late__all__r16,0.4,0.6666666666666666,0.5,0.99644128113879,0.6407769869513642,1,11
gemma_2_9b_it,compiler::factual_association::factual_0063,factual_association,train,google/gemma-2-9b-it,middle__all__r16,0.0,0.1666666666666666,0.5,1.0,0.4166666666666667,1,11
gemma_2_9b_it,compiler::factual_association::factual_0064,factual_association,train,google/gemma-2-9b-it,early__all__r16,0.0,0.1666666666666666,0.1666666666666666,1.0,0.3333333333333333,1,11
gemma_2_9b_it,compiler::factual_association::factual_0064,factual_association,train,google/gemma-2-9b-it,full__all__r4,0.7,0.6666666666666666,0.3333333333333333,0.99644128113879,0.6741103202846975,1,11
gemma_2_9b_it,compiler::factual_association::factual_0064,factual_association,train,google/gemma-2-9b-it,late__all__r16,0.2,0.6666666666666666,0.1666666666666666,0.99288256227758,0.5065539739027284,1,11
gemma_2_9b_it,compiler::factual_association::factual_0064,factual_association,train,google/gemma-2-9b-it,middle__all__r16,0.0,0.1666666666666666,0.5,0.98932384341637,0.4139976275207592,1,11
gemma_2_9b_it,compiler::factual_association::factual_0066,factual_association,train,google/gemma-2-9b-it,early__all__r16,0.0,0.1666666666666666,0.5,0.99288256227758,0.4148873072360617,1,11
gemma_2_9b_it,compiler::factual_association::factual_0066,factual_association,train,google/gemma-2-9b-it,full__all__r4,0.5,0.5,0.6666666666666666,0.99644128113879,0.6657769869513641,1,11
gemma_2_9b_it,compiler::factual_association::factual_0066,factual_association,train,google/gemma-2-9b-it,late__all__r16,0.3,0.5,0.5,0.99288256227758,0.573220640569395,1,11
gemma_2_9b_it,compiler::factual_association::factual_0066,factual_association,train,google/gemma-2-9b-it,middle__all__r16,0.0,0.1666666666666666,1.0,1.0,0.5416666666666666,1,11
gemma_2_9b_it,compiler::factual_association::factual_0067,factual_association,train,google/gemma-2-9b-it,early__all__r16,0.0,0.1666666666666666,0.1666666666666666,1.0,0.3333333333333333,1,11
gemma_2_9b_it,compiler::factual_association::factual_0067,factual_association,train,google/gemma-2-9b-it,full__all__r4,0.8,0.8333333333333334,0.1666666666666666,0.99288256227758,0.698220640569395,1,11
gemma_2_9b_it,compiler::factual_association::factual_0067,factual_association,train,google/gemma-2-9b-it,late__all__r16,0.2,0.3333333333333333,0.1666666666666666,0.98932384341637,0.4223309608540925,1,11
gemma_2_9b_it,compiler::factual_association::factual_0067,factual_association,train,google/gemma-2-9b-it,middle__all__r16,0.0,0.1666666666666666,0.3333333333333333,1.0,0.375,1,11
gemma_2_9b_it,compiler::factual_association::factual_0068,factual_association,train,google/gemma-2-9b-it,early__all__r16,0.0,0.0,0.1666666666666666,1.0,0.2916666666666667,1,11
gemma_2_9b_it,compiler::factual_association::factual_0068,factual_association,train,google/gemma-2-9b-it,full__all__r4,0.2,0.0,0.3333333333333333,0.98932384341637,0.3806642941874258,1,11
gemma_2_9b_it,compiler::factual_association::factual_0068,factual_association,train,google/gemma-2-9b-it,late__all__r16,0.2,0.0,0.3333333333333333,0.99288256227758,0.3815539739027284,1,11
gemma_2_9b_it,compiler::factual_association::factual_0068,factual_association,train,google/gemma-2-9b-it,middle__all__r16,0.2,0.0,0.3333333333333333,0.99288256227758,0.3815539739027284,1,11
gemma_2_9b_it,compiler::factual_association::factual_0069,factual_association,train,google/gemma-2-9b-it,early__all__r16,0.0,0.1666666666666666,0.5,1.0,0.4166666666666667,1,11
gemma_2_9b_it,compiler::factual_association::factual_0069,factual_association,train,google/gemma-2-9b-it,full__all__r4,0.0,0.1666666666666666,0.8333333333333334,1.0,0.5,1,11
gemma_2_9b_it,compiler::factual_association::factual_0069,factual_association,train,google/gemma-2-9b-it,late__all__r16,0.6,0.6666666666666666,0.5,0.99288256227758,0.6898873072360616,1,11
gemma_2_9b_it,compiler::factual_association::factual_0069,factual_association,train,google/gemma-2-9b-it,middle__all__r16,0.2,0.1666666666666666,0.5,1.0,0.4666666666666667,1,11
gemma_2_9b_it,compiler::factual_association::factual_0071,factual_association,train,google/gemma-2-9b-it,early__all__r16,0.0,0.1666666666666666,0.3333333333333333,1.0,0.375,1,11
gemma_2_9b_it,compiler::factual_association::factual_0071,factual_association,train,google/gemma-2-9b-it,full__all__r4,0.0,0.1666666666666666,0.3333333333333333,0.9857651245551602,0.37144128113879,1,11
gemma_2_9b_it,compiler::factual_association::factual_0071,factual_association,train,google/gemma-2-9b-it,late__all__r16,0.0,0.1666666666666666,0.3333333333333333,0.98932384341637,0.3723309608540925,1,11
gemma_2_9b_it,compiler::factual_association::factual_0071,factual_association,train,google/gemma-2-9b-it,middle__all__r16,0.0,0.1666666666666666,0.3333333333333333,0.99288256227758,0.373220640569395,1,11
gemma_2_9b_it,compiler::factual_association::factual_0073,factual_association,train,google/gemma-2-9b-it,early__all__r16,0.0,0.1666666666666666,0.1666666666666666,1.0,0.3333333333333333,1,11
gemma_2_9b_it,compiler::factual_association::factual_0073,factual_association,train,google/gemma-2-9b-it,full__all__r4,0.6,0.8333333333333334,0.3333333333333333,1.0,0.6916666666666667,1,11
gemma_2_9b_it,compiler::factual_association::factual_0073,factual_association,train,google/gemma-2-9b-it,late__all__r16,0.0,0.0,0.1666666666666666,0.99288256227758,0.2898873072360617,1,11
gemma_2_9b_it,compiler::factual_association::factual_0073,factual_association,train,google/gemma-2-9b-it,middle__all__r16,0.0,0.1666666666666666,0.6666666666666666,0.99288256227758,0.4565539739027283,1,11
gemma_2_9b_it,compiler::factual_association::factual_0074,factual_association,train,google/gemma-2-9b-it,early__all__r16,0.2,0.1666666666666666,0.3333333333333333,1.0,0.425,1,11
gemma_2_9b_it,compiler::factual_association::factual_0074,factual_association,train,google/gemma-2-9b-it,full__all__r4,0.2,0.1666666666666666,0.3333333333333333,0.99288256227758,0.423220640569395,1,11
gemma_2_9b_it,compiler::factual_association::factual_0074,factual_association,train,google/gemma-2-9b-it,late__all__r16,0.0,0.1666666666666666,0.3333333333333333,0.98932384341637,0.3723309608540925,1,11
gemma_2_9b_it,compiler::factual_association::factual_0074,factual_association,train,google/gemma-2-9b-it,middle__all__r16,0.0,0.1666666666666666,0.3333333333333333,0.9857651245551602,0.37144128113879,1,11
gemma_2_9b_it,compiler::factual_association::factual_0075,factual_association,train,google/gemma-2-9b-it,early__all__r16,0.0,0.1666666666666666,0.5,1.0,0.4166666666666667,1,11
gemma_2_9b_it,compiler::factual_association::factual_0075,factual_association,train,google/gemma-2-9b-it,full__all__r4,0.0,0.3333333333333333,0.5,1.0,0.4583333333333333,1,11
gemma_2_9b_it,compiler::factual_association::factual_0075,factual_association,train,google/gemma-2-9b-it,late__all__r16,0.0,0.1666666666666666,0.5,0.99644128113879,0.4157769869513641,1,11
gemma_2_9b_it,compiler::factual_association::factual_0075,factual_association,train,google/gemma-2-9b-it,middle__all__r16,0.0,0.1666666666666666,0.8333333333333334,1.0,0.5,1,11
gemma_2_9b_it,compiler::factual_association::factual_0077,factual_association,train,google/gemma-2-9b-it,early__all__r16,0.2,0.1666666666666666,0.3333333333333333,0.99644128113879,0.4241103202846975,1,11
gemma_2_9b_it,compiler::factual_association::factual_0077,factual_association,train,google/gemma-2-9b-it,full__all__r4,0.0,0.1666666666666666,0.3333333333333333,0.98220640569395,0.3705516014234875,1,11
gemma_2_9b_it,compiler::factual_association::factual_0077,factual_association,train,google/gemma-2-9b-it,late__all__r16,0.6,0.8333333333333334,0.3333333333333333,0.99288256227758,0.6898873072360617,1,11
gemma_2_9b_it,compiler::factual_association::factual_0077,factual_association,train,google/gemma-2-9b-it,middle__all__r16,0.0,0.1666666666666666,0.3333333333333333,0.9750889679715302,0.3687722419928825,1,11
gemma_2_9b_it,compiler::factual_association::factual_0079,factual_association,train,google/gemma-2-9b-it,early__all__r16,0.0,0.1666666666666666,0.1666666666666666,0.99644128113879,0.3324436536180308,1,11
gemma_2_9b_it,compiler::factual_association::factual_0079,factual_association,train,google/gemma-2-9b-it,full__all__r4,0.0,0.1666666666666666,0.1666666666666666,0.99644128113879,0.3324436536180308,1,11
gemma_2_9b_it,compiler::factual_association::factual_0079,factual_association,train,google/gemma-2-9b-it,late__all__r16,0.0,0.1666666666666666,0.1666666666666666,0.9857651245551602,0.3297746144721233,1,11
gemma_2_9b_it,compiler::factual_association::factual_0079,factual_association,train,google/gemma-2-9b-it,middle__all__r16,0.0,0.1666666666666666,0.1666666666666666,0.99644128113879,0.3324436536180308,1,11
gemma_2_9b_it,compiler::factual_association::factual_0080,factual_association,train,google/gemma-2-9b-it,early__all__r16,0.0,0.1666666666666666,0.3333333333333333,0.99644128113879,0.3741103202846975,1,11
gemma_2_9b_it,compiler::factual_association::factual_0080,factual_association,train,google/gemma-2-9b-it,full__all__r4,0.3,0.6666666666666666,0.3333333333333333,0.9857651245551602,0.57144128113879,1,11
gemma_2_9b_it,compiler::factual_association::factual_0080,factual_association,train,google/gemma-2-9b-it,late__all__r16,0.0,0.1666666666666666,0.3333333333333333,0.9786476868327402,0.369661921708185,1,11
gemma_2_9b_it,compiler::factual_association::factual_0080,factual_association,train,google/gemma-2-9b-it,middle__all__r16,0.0,0.1666666666666666,0.3333333333333333,1.0,0.375,1,11
gemma_2_9b_it,compiler::factual_association::factual_0081,factual_association,train,google/gemma-2-9b-it,early__all__r16,0.0,0.1666666666666666,0.3333333333333333,1.0,0.375,1,11
gemma_2_9b_it,compiler::factual_association::factual_0081,factual_association,train,google/gemma-2-9b-it,full__all__r4,0.3,0.6666666666666666,0.6666666666666666,0.99644128113879,0.6574436536180308,1,11
gemma_2_9b_it,compiler::factual_association::factual_0081,factual_association,train,google/gemma-2-9b-it,late__all__r16,0.3,0.5,0.3333333333333333,0.98932384341637,0.5306642941874259,1,11
gemma_2_9b_it,compiler::factual_association::factual_0081,factual_association,train,google/gemma-2-9b-it,middle__all__r16,0.0,0.1666666666666666,0.8333333333333334,1.0,0.5,1,11
gemma_2_9b_it,compiler::factual_association::factual_0082,factual_association,train,google/gemma-2-9b-it,early__all__r16,0.0,0.1666666666666666,0.1666666666666666,0.99644128113879,0.3324436536180308,1,11
gemma_2_9b_it,compiler::factual_association::factual_0082,factual_association,train,google/gemma-2-9b-it,full__all__r4,0.2,0.1666666666666666,0.1666666666666666,1.0,0.3833333333333333,1,11
gemma_2_9b_it,compiler::factual_association::factual_0082,factual_association,train,google/gemma-2-9b-it,late__all__r16,0.0,0.1666666666666666,0.1666666666666666,0.98932384341637,0.3306642941874259,1,11
gemma_2_9b_it,compiler::factual_association::factual_0082,factual_association,train,google/gemma-2-9b-it,middle__all__r16,0.2,0.1666666666666666,0.5,1.0,0.4666666666666667,1,11
gemma_2_9b_it,compiler::factual_association::factual_0083,factual_association,train,google/gemma-2-9b-it,early__all__r16,0.0,0.1666666666666666,0.1666666666666666,1.0,0.3333333333333333,1,11
gemma_2_9b_it,compiler::factual_association::factual_0083,factual_association,train,google/gemma-2-9b-it,full__all__r4,0.0,0.1666666666666666,0.3333333333333333,0.98220640569395,0.3705516014234875,1,11
gemma_2_9b_it,compiler::factual_association::factual_0083,factual_association,train,google/gemma-2-9b-it,late__all__r16,0.0,0.1666666666666666,0.3333333333333333,0.9857651245551602,0.37144128113879,1,11
gemma_2_9b_it,compiler::factual_association::factual_0083,factual_association,train,google/gemma-2-9b-it,middle__all__r16,0.0,0.1666666666666666,0.3333333333333333,0.98220640569395,0.3705516014234875,1,11
gemma_2_9b_it,compiler::factual_association::factual_0084,factual_association,train,google/gemma-2-9b-it,early__all__r16,0.0,0.1666666666666666,0.3333333333333333,1.0,0.375,1,11
gemma_2_9b_it,compiler::factual_association::factual_0084,factual_association,train,google/gemma-2-9b-it,full__all__r4,0.0,0.1666666666666666,0.5,0.99644128113879,0.4157769869513641,1,11
gemma_2_9b_it,compiler::factual_association::factual_0084,factual_association,train,google/gemma-2-9b-it,late__all__r16,0.2,0.1666666666666666,0.5,0.99644128113879,0.4657769869513641,1,11
gemma_2_9b_it,compiler::factual_association::factual_0084,factual_association,train,google/gemma-2-9b-it,middle__all__r16,0.0,0.1666666666666666,0.6666666666666666,0.99288256227758,0.4565539739027283,1,11
gemma_2_9b_it,compiler::factual_association::factual_0085,factual_association,train,google/gemma-2-9b-it,early__all__r16,0.2,0.1666666666666666,0.1666666666666666,1.0,0.3833333333333333,1,11
gemma_2_9b_it,compiler::factual_association::factual_0085,factual_association,train,google/gemma-2-9b-it,full__all__r4,0.1,0.1666666666666666,0.1666666666666666,0.98932384341637,0.3556642941874258,1,11
gemma_2_9b_it,compiler::factual_association::factual_0085,factual_association,train,google/gemma-2-9b-it,late__all__r16,0.4,0.6666666666666666,0.1666666666666666,0.9786476868327402,0.5529952550415184,1,11
gemma_2_9b_it,compiler::factual_association::factual_0085,factual_association,train,google/gemma-2-9b-it,middle__all__r16,0.0,0.1666666666666666,0.1666666666666666,0.9786476868327402,0.3279952550415184,1,11
gemma_2_9b_it,compiler::factual_association::factual_0088,factual_association,train,google/gemma-2-9b-it,early__all__r16,0.0,0.1666666666666666,0.1666666666666666,1.0,0.3333333333333333,1,11
gemma_2_9b_it,compiler::factual_association::factual_0088,factual_association,train,google/gemma-2-9b-it,full__all__r4,0.7,0.6666666666666666,0.1666666666666666,0.99288256227758,0.6315539739027284,1,11
gemma_2_9b_it,compiler::factual_association::factual_0088,factual_association,train,google/gemma-2-9b-it,late__all__r16,0.2,0.6666666666666666,0.1666666666666666,0.99288256227758,0.5065539739027284,1,11
gemma_2_9b_it,compiler::factual_association::factual_0088,factual_association,train,google/gemma-2-9b-it,middle__all__r16,0.0,0.1666666666666666,0.5,1.0,0.4166666666666667,1,11
gemma_2_9b_it,compiler::factual_association::factual_0092,factual_association,train,google/gemma-2-9b-it,early__all__r16,0.2,0.1666666666666666,0.3333333333333333,1.0,0.425,1,11
gemma_2_9b_it,compiler::factual_association::factual_0092,factual_association,train,google/gemma-2-9b-it,full__all__r4,0.0,0.1666666666666666,0.3333333333333333,0.98932384341637,0.3723309608540925,1,11
gemma_2_9b_it,compiler::factual_association::factual_0092,factual_association,train,google/gemma-2-9b-it,late__all__r16,0.0,0.1666666666666666,0.3333333333333333,0.9857651245551602,0.37144128113879,1,11
gemma_2_9b_it,compiler::factual_association::factual_0092,factual_association,train,google/gemma-2-9b-it,middle__all__r16,0.0,0.1666666666666666,0.3333333333333333,0.9786476868327402,0.369661921708185,1,11
gemma_2_9b_it,compiler::factual_association::factual_0093,factual_association,train,google/gemma-2-9b-it,early__all__r16,0.0,0.1666666666666666,0.6666666666666666,0.99288256227758,0.4565539739027283,1,11
gemma_2_9b_it,compiler::factual_association::factual_0093,factual_association,train,google/gemma-2-9b-it,full__all__r4,0.3,0.5,0.5,0.99644128113879,0.5741103202846976,1,11
gemma_2_9b_it,compiler::factual_association::factual_0093,factual_association,train,google/gemma-2-9b-it,late__all__r16,0.5,0.6666666666666666,0.5,0.99644128113879,0.6657769869513641,1,11
gemma_2_9b_it,compiler::factual_association::factual_0093,factual_association,train,google/gemma-2-9b-it,middle__all__r16,0.0,0.1666666666666666,0.5,1.0,0.4166666666666667,1,11
gemma_2_9b_it,compiler::factual_association::factual_0095,factual_association,train,google/gemma-2-9b-it,early__all__r16,0.0,0.1666666666666666,0.3333333333333333,1.0,0.375,1,11
gemma_2_9b_it,compiler::factual_association::factual_0095,factual_association,train,google/gemma-2-9b-it,full__all__r4,0.0,0.1666666666666666,0.3333333333333333,0.9857651245551602,0.37144128113879,1,11
gemma_2_9b_it,compiler::factual_association::factual_0095,factual_association,train,google/gemma-2-9b-it,late__all__r16,0.0,0.1666666666666666,0.3333333333333333,0.99288256227758,0.373220640569395,1,11
gemma_2_9b_it,compiler::factual_association::factual_0095,factual_association,train,google/gemma-2-9b-it,middle__all__r16,0.0,0.1666666666666666,0.3333333333333333,1.0,0.375,1,11
gemma_2_9b_it,compiler::factual_association::factual_0096,factual_association,train,google/gemma-2-9b-it,early__all__r16,0.2,0.1666666666666666,0.5,0.99644128113879,0.4657769869513641,1,11
gemma_2_9b_it,compiler::factual_association::factual_0096,factual_association,train,google/gemma-2-9b-it,full__all__r4,0.5,0.5,0.5,0.99644128113879,0.6241103202846975,1,11
gemma_2_9b_it,compiler::factual_association::factual_0096,factual_association,train,google/gemma-2-9b-it,late__all__r16,0.3,0.5,0.5,0.99644128113879,0.5741103202846976,1,11
gemma_2_9b_it,compiler::factual_association::factual_0096,factual_association,train,google/gemma-2-9b-it,middle__all__r16,0.0,0.1666666666666666,1.0,1.0,0.5416666666666666,1,11
gemma_2_9b_it,compiler::factual_association::factual_0097,factual_association,train,google/gemma-2-9b-it,early__all__r16,0.0,0.1666666666666666,0.1666666666666666,1.0,0.3333333333333333,1,11
gemma_2_9b_it,compiler::factual_association::factual_0097,factual_association,train,google/gemma-2-9b-it,full__all__r4,0.6,1.0,0.3333333333333333,1.0,0.7333333333333333,1,11
gemma_2_9b_it,compiler::factual_association::factual_0097,factual_association,train,google/gemma-2-9b-it,late__all__r16,0.0,0.1666666666666666,0.1666666666666666,0.99644128113879,0.3324436536180308,1,11
gemma_2_9b_it,compiler::factual_association::factual_0097,factual_association,train,google/gemma-2-9b-it,middle__all__r16,0.0,0.1666666666666666,0.5,0.99288256227758,0.4148873072360617,1,11
gemma_2_9b_it,compiler::factual_association::factual_0098,factual_association,train,google/gemma-2-9b-it,early__all__r16,0.2,0.1666666666666666,0.3333333333333333,0.98932384341637,0.4223309608540925,1,11
gemma_2_9b_it,compiler::factual_association::factual_0098,factual_association,train,google/gemma-2-9b-it,full__all__r4,0.2,0.1666666666666666,0.3333333333333333,0.99288256227758,0.423220640569395,1,11
gemma_2_9b_it,compiler::factual_association::factual_0098,factual_association,train,google/gemma-2-9b-it,late__all__r16,0.0,0.1666666666666666,0.3333333333333333,1.0,0.375,1,11
gemma_2_9b_it,compiler::factual_association::factual_0098,factual_association,train,google/gemma-2-9b-it,middle__all__r16,0.0,0.1666666666666666,0.3333333333333333,0.99288256227758,0.373220640569395,1,11
gemma_2_9b_it,compiler::factual_association::factual_0099,factual_association,train,google/gemma-2-9b-it,early__all__r16,0.0,0.1666666666666666,0.5,0.99288256227758,0.4148873072360617,1,11
gemma_2_9b_it,compiler::factual_association::factual_0099,factual_association,train,google/gemma-2-9b-it,full__all__r4,0.0,0.1666666666666666,0.5,0.99644128113879,0.4157769869513641,1,11
gemma_2_9b_it,compiler::factual_association::factual_0099,factual_association,train,google/gemma-2-9b-it,late__all__r16,0.8,0.6666666666666666,0.5,0.99288256227758,0.7398873072360617,1,11
gemma_2_9b_it,compiler::factual_association::factual_0099,factual_association,train,google/gemma-2-9b-it,middle__all__r16,0.0,0.1666666666666666,0.6666666666666666,1.0,0.4583333333333333,1,11
gemma_2_9b_it,compiler::factual_association::factual_0101,factual_association,train,google/gemma-2-9b-it,early__all__r16,0.2,0.1666666666666666,0.3333333333333333,1.0,0.425,1,11
gemma_2_9b_it,compiler::factual_association::factual_0101,factual_association,train,google/gemma-2-9b-it,full__all__r4,0.0,0.1666666666666666,0.3333333333333333,0.98220640569395,0.3705516014234875,1,11
gemma_2_9b_it,compiler::factual_association::factual_0101,factual_association,train,google/gemma-2-9b-it,late__all__r16,0.2,0.3333333333333333,0.3333333333333333,0.98932384341637,0.4639976275207592,1,11
gemma_2_9b_it,compiler::factual_association::factual_0101,factual_association,train,google/gemma-2-9b-it,middle__all__r16,0.0,0.1666666666666666,0.3333333333333333,0.9715302491103204,0.36788256227758,1,11
gemma_2_9b_it,compiler::factual_association::factual_0102,factual_association,train,google/gemma-2-9b-it,early__all__r16,0.0,0.1666666666666666,0.5,0.99644128113879,0.4157769869513641,1,11
gemma_2_9b_it,compiler::factual_association::factual_0102,factual_association,train,google/gemma-2-9b-it,full__all__r4,0.2,0.1666666666666666,0.8333333333333334,1.0,0.55,1,11
gemma_2_9b_it,compiler::factual_association::factual_0102,factual_association,train,google/gemma-2-9b-it,late__all__r16,0.1,0.1666666666666666,0.5,1.0,0.4416666666666666,1,11
gemma_2_9b_it,compiler::factual_association::factual_0102,factual_association,train,google/gemma-2-9b-it,middle__all__r16,0.0,0.1666666666666666,1.0,1.0,0.5416666666666666,1,11
gemma_2_9b_it,compiler::factual_association::factual_0105,factual_association,train,google/gemma-2-9b-it,early__all__r16,0.0,0.1666666666666666,0.5,1.0,0.4166666666666667,1,11
gemma_2_9b_it,compiler::factual_association::factual_0105,factual_association,train,google/gemma-2-9b-it,full__all__r4,0.0,0.1666666666666666,0.5,1.0,0.4166666666666667,1,11
gemma_2_9b_it,compiler::factual_association::factual_0105,factual_association,train,google/gemma-2-9b-it,late__all__r16,0.0,0.1666666666666666,0.5,0.99644128113879,0.4157769869513641,1,11
gemma_2_9b_it,compiler::factual_association::factual_0105,factual_association,train,google/gemma-2-9b-it,middle__all__r16,0.0,0.1666666666666666,1.0,1.0,0.5416666666666666,1,11
gemma_2_9b_it,compiler::factual_association::factual_0107,factual_association,train,google/gemma-2-9b-it,early__all__r16,0.0,0.1666666666666666,0.3333333333333333,0.98932384341637,0.3723309608540925,1,11
gemma_2_9b_it,compiler::factual_association::factual_0107,factual_association,train,google/gemma-2-9b-it,full__all__r4,0.0,0.0,0.3333333333333333,0.98220640569395,0.3288849347568208,1,11
gemma_2_9b_it,compiler::factual_association::factual_0107,factual_association,train,google/gemma-2-9b-it,late__all__r16,0.0,0.1666666666666666,0.3333333333333333,0.99288256227758,0.373220640569395,1,11
gemma_2_9b_it,compiler::factual_association::factual_0107,factual_association,train,google/gemma-2-9b-it,middle__all__r16,0.0,0.1666666666666666,0.3333333333333333,0.98220640569395,0.3705516014234875,1,11
gemma_2_9b_it,compiler::factual_association::factual_0111,factual_association,train,google/gemma-2-9b-it,early__all__r16,0.0,0.1666666666666666,0.5,0.99644128113879,0.4157769869513641,1,11
gemma_2_9b_it,compiler::factual_association::factual_0111,factual_association,train,google/gemma-2-9b-it,full__all__r4,0.3,0.6666666666666666,0.5,0.99644128113879,0.6157769869513642,1,11
gemma_2_9b_it,compiler::factual_association::factual_0111,factual_association,train,google/gemma-2-9b-it,late__all__r16,0.3,0.5,0.5,0.9857651245551602,0.57144128113879,1,11
gemma_2_9b_it,compiler::factual_association::factual_0111,factual_association,train,google/gemma-2-9b-it,middle__all__r16,0.0,0.1666666666666666,1.0,1.0,0.5416666666666666,1,11
gemma_2_9b_it,compiler::factual_association::factual_0113,factual_association,train,google/gemma-2-9b-it,early__all__r16,0.0,0.1666666666666666,0.3333333333333333,0.99288256227758,0.373220640569395,1,11
gemma_2_9b_it,compiler::factual_association::factual_0113,factual_association,train,google/gemma-2-9b-it,full__all__r4,0.0,0.1666666666666666,0.3333333333333333,0.98220640569395,0.3705516014234875,1,11
gemma_2_9b_it,compiler::factual_association::factual_0113,factual_association,train,google/gemma-2-9b-it,late__all__r16,0.0,0.1666666666666666,0.3333333333333333,0.99288256227758,0.373220640569395,1,11
gemma_2_9b_it,compiler::factual_association::factual_0113,factual_association,train,google/gemma-2-9b-it,middle__all__r16,0.0,0.1666666666666666,0.3333333333333333,0.98220640569395,0.3705516014234875,1,11
gemma_2_9b_it,compiler::factual_association::factual_0114,factual_association,train,google/gemma-2-9b-it,early__all__r16,0.0,0.1666666666666666,0.3333333333333333,0.98932384341637,0.3723309608540925,1,11
gemma_2_9b_it,compiler::factual_association::factual_0114,factual_association,train,google/gemma-2-9b-it,full__all__r4,0.3,0.5,0.5,0.98932384341637,0.5723309608540925,1,11
gemma_2_9b_it,compiler::factual_association::factual_0114,factual_association,train,google/gemma-2-9b-it,late__all__r16,0.2,0.1666666666666666,0.5,0.99644128113879,0.4657769869513641,1,11
gemma_2_9b_it,compiler::factual_association::factual_0114,factual_association,train,google/gemma-2-9b-it,middle__all__r16,0.0,0.1666666666666666,0.5,0.99644128113879,0.4157769869513641,1,11
gemma_2_9b_it,compiler::factual_association::factual_0116,factual_association,train,google/gemma-2-9b-it,early__all__r16,0.0,0.1666666666666666,0.3333333333333333,1.0,0.375,1,11
gemma_2_9b_it,compiler::factual_association::factual_0116,factual_association,train,google/gemma-2-9b-it,full__all__r4,0.2,0.6666666666666666,0.3333333333333333,0.9786476868327402,0.5446619217081851,1,11
gemma_2_9b_it,compiler::factual_association::factual_0116,factual_association,train,google/gemma-2-9b-it,late__all__r16,0.0,0.1666666666666666,0.3333333333333333,0.9857651245551602,0.37144128113879,1,11
gemma_2_9b_it,compiler::factual_association::factual_0116,factual_association,train,google/gemma-2-9b-it,middle__all__r16,0.0,0.1666666666666666,0.3333333333333333,0.9715302491103204,0.36788256227758,1,11
gemma_2_9b_it,compiler::factual_association::factual_0118,factual_association,train,google/gemma-2-9b-it,early__all__r16,0.0,0.1666666666666666,0.1666666666666666,1.0,0.3333333333333333,1,11
gemma_2_9b_it,compiler::factual_association::factual_0118,factual_association,train,google/gemma-2-9b-it,full__all__r4,0.0,0.1666666666666666,0.5,0.99644128113879,0.4157769869513641,1,11
gemma_2_9b_it,compiler::factual_association::factual_0118,factual_association,train,google/gemma-2-9b-it,late__all__r16,0.0,0.1666666666666666,0.1666666666666666,0.99644128113879,0.3324436536180308,1,11
gemma_2_9b_it,compiler::factual_association::factual_0118,factual_association,train,google/gemma-2-9b-it,middle__all__r16,0.0,0.1666666666666666,0.8333333333333334,0.98932384341637,0.4973309608540925,1,11
gemma_2_9b_it,compiler::lexical_binding::lexical_0000,lexical_binding,train,google/gemma-2-9b-it,early__all__r16,0.1,0.3333333333333333,0.6666666666666666,0.9679715302491104,0.5169928825622776,1,11
gemma_2_9b_it,compiler::lexical_binding::lexical_0000,lexical_binding,train,google/gemma-2-9b-it,full__all__r4,0.4,0.3333333333333333,1.0,1.0,0.6833333333333333,1,11
gemma_2_9b_it,compiler::lexical_binding::lexical_0000,lexical_binding,train,google/gemma-2-9b-it,late__all__r16,0.5,0.3333333333333333,1.0,0.98220640569395,0.7038849347568209,1,11
gemma_2_9b_it,compiler::lexical_binding::lexical_0000,lexical_binding,train,google/gemma-2-9b-it,middle__all__r16,0.2,0.3333333333333333,1.0,1.0,0.6333333333333333,1,11
gemma_2_9b_it,compiler::lexical_binding::lexical_0005,lexical_binding,train,google/gemma-2-9b-it,early__all__r16,0.0,0.1666666666666666,0.6666666666666666,0.98932384341637,0.4556642941874259,1,11
gemma_2_9b_it,compiler::lexical_binding::lexical_0005,lexical_binding,train,google/gemma-2-9b-it,full__all__r4,0.1,0.1666666666666666,0.6666666666666666,0.98932384341637,0.4806642941874258,1,11
gemma_2_9b_it,compiler::lexical_binding::lexical_0005,lexical_binding,train,google/gemma-2-9b-it,late__all__r16,0.3,0.3333333333333333,0.6666666666666666,0.9786476868327402,0.5696619217081851,1,11
gemma_2_9b_it,compiler::lexical_binding::lexical_0005,lexical_binding,train,google/gemma-2-9b-it,middle__all__r16,0.0,0.1666666666666666,0.6666666666666666,1.0,0.4583333333333333,1,11
gemma_2_9b_it,compiler::lexical_binding::lexical_0007,lexical_binding,train,google/gemma-2-9b-it,early__all__r16,0.0,0.1666666666666666,0.3333333333333333,1.0,0.375,1,11
gemma_2_9b_it,compiler::lexical_binding::lexical_0007,lexical_binding,train,google/gemma-2-9b-it,full__all__r4,0.0,0.1666666666666666,0.6666666666666666,1.0,0.4583333333333333,1,11
gemma_2_9b_it,compiler::lexical_binding::lexical_0007,lexical_binding,train,google/gemma-2-9b-it,late__all__r16,0.2,0.1666666666666666,0.6666666666666666,0.98220640569395,0.5038849347568208,1,11
gemma_2_9b_it,compiler::lexical_binding::lexical_0007,lexical_binding,train,google/gemma-2-9b-it,middle__all__r16,0.0,0.1666666666666666,0.6666666666666666,0.9857651245551602,0.4547746144721233,1,11
gemma_2_9b_it,compiler::lexical_binding::lexical_0008,lexical_binding,train,google/gemma-2-9b-it,early__all__r16,0.0,0.1666666666666666,0.6666666666666666,0.99644128113879,0.4574436536180308,1,11
gemma_2_9b_it,compiler::lexical_binding::lexical_0008,lexical_binding,train,google/gemma-2-9b-it,full__all__r4,0.3,0.3333333333333333,0.6666666666666666,1.0,0.575,1,11
gemma_2_9b_it,compiler::lexical_binding::lexical_0008,lexical_binding,train,google/gemma-2-9b-it,late__all__r16,0.3,0.3333333333333333,0.6666666666666666,0.9857651245551602,0.57144128113879,1,11
gemma_2_9b_it,compiler::lexical_binding::lexical_0008,lexical_binding,train,google/gemma-2-9b-it,middle__all__r16,0.1,0.3333333333333333,0.8333333333333334,0.99644128113879,0.5657769869513641,1,11
gemma_2_9b_it,compiler::lexical_binding::lexical_0009,lexical_binding,train,google/gemma-2-9b-it,early__all__r16,0.0,0.0,0.8333333333333334,1.0,0.4583333333333333,1,11
gemma_2_9b_it,compiler::lexical_binding::lexical_0009,lexical_binding,train,google/gemma-2-9b-it,full__all__r4,0.3,0.3333333333333333,1.0,0.99288256227758,0.6565539739027284,1,11
gemma_2_9b_it,compiler::lexical_binding::lexical_0009,lexical_binding,train,google/gemma-2-9b-it,late__all__r16,0.4,0.0,1.0,0.9786476868327402,0.594661921708185,1,11
gemma_2_9b_it,compiler::lexical_binding::lexical_0009,lexical_binding,train,google/gemma-2-9b-it,middle__all__r16,0.2,0.5,1.0,1.0,0.675,1,11
gemma_2_9b_it,compiler::lexical_binding::lexical_0010,lexical_binding,train,google/gemma-2-9b-it,early__all__r16,0.0,0.0,0.6666666666666666,1.0,0.4166666666666666,1,11
gemma_2_9b_it,compiler::lexical_binding::lexical_0010,lexical_binding,train,google/gemma-2-9b-it,full__all__r4,0.2,0.0,0.6666666666666666,1.0,0.4666666666666667,1,11
gemma_2_9b_it,compiler::lexical_binding::lexical_0010,lexical_binding,train,google/gemma-2-9b-it,late__all__r16,0.2,0.0,0.6666666666666666,0.99288256227758,0.4648873072360617,1,11
gemma_2_9b_it,compiler::lexical_binding::lexical_0010,lexical_binding,train,google/gemma-2-9b-it,middle__all__r16,0.1,0.0,0.6666666666666666,0.99288256227758,0.4398873072360617,1,11
gemma_2_9b_it,compiler::lexical_binding::lexical_0015,lexical_binding,train,google/gemma-2-9b-it,early__all__r16,0.0,0.3333333333333333,0.5,1.0,0.4583333333333333,1,11
gemma_2_9b_it,compiler::lexical_binding::lexical_0015,lexical_binding,train,google/gemma-2-9b-it,full__all__r4,0.3,0.3333333333333333,0.6666666666666666,1.0,0.575,1,11
gemma_2_9b_it,compiler::lexical_binding::lexical_0015,lexical_binding,train,google/gemma-2-9b-it,late__all__r16,0.3,0.3333333333333333,0.6666666666666666,0.9786476868327402,0.5696619217081851,1,11
gemma_2_9b_it,compiler::lexical_binding::lexical_0015,lexical_binding,train,google/gemma-2-9b-it,middle__all__r16,0.3,0.3333333333333333,0.6666666666666666,1.0,0.575,1,11
gemma_2_9b_it,compiler::lexical_binding::lexical_0016,lexical_binding,train,google/gemma-2-9b-it,early__all__r16,0.0,0.0,0.8333333333333334,0.99288256227758,0.4565539739027283,1,11
gemma_2_9b_it,compiler::lexical_binding::lexical_0016,lexical_binding,train,google/gemma-2-9b-it,full__all__r4,0.0,0.1666666666666666,1.0,0.99644128113879,0.5407769869513642,1,11
gemma_2_9b_it,compiler::lexical_binding::lexical_0016,lexical_binding,train,google/gemma-2-9b-it,late__all__r16,0.2,0.1666666666666666,0.8333333333333334,0.9786476868327402,0.5446619217081851,1,11
gemma_2_9b_it,compiler::lexical_binding::lexical_0016,lexical_binding,train,google/gemma-2-9b-it,middle__all__r16,0.0,0.1666666666666666,1.0,1.0,0.5416666666666666,1,11
gemma_2_9b_it,compiler::lexical_binding::lexical_0017,lexical_binding,train,google/gemma-2-9b-it,early__all__r16,0.0,0.1666666666666666,0.8333333333333334,1.0,0.5,1,11
gemma_2_9b_it,compiler::lexical_binding::lexical_0017,lexical_binding,train,google/gemma-2-9b-it,full__all__r4,0.4,0.5,1.0,1.0,0.725,1,11
gemma_2_9b_it,compiler::lexical_binding::lexical_0017,lexical_binding,train,google/gemma-2-9b-it,late__all__r16,0.5,0.3333333333333333,0.8333333333333334,0.9715302491103204,0.6595492289442467,1,11
gemma_2_9b_it,compiler::lexical_binding::lexical_0017,lexical_binding,train,google/gemma-2-9b-it,middle__all__r16,0.2,0.1666666666666666,1.0,1.0,0.5916666666666667,1,11
gemma_2_9b_it,compiler::lexical_binding::lexical_0019,lexical_binding,train,google/gemma-2-9b-it,early__all__r16,0.1,0.1666666666666666,0.6666666666666666,1.0,0.4833333333333333,1,11
gemma_2_9b_it,compiler::lexical_binding::lexical_0019,lexical_binding,train,google/gemma-2-9b-it,full__all__r4,0.3,0.1666666666666666,0.8333333333333334,1.0,0.5750000000000001,1,11
gemma_2_9b_it,compiler::lexical_binding::lexical_0019,lexical_binding,train,google/gemma-2-9b-it,late__all__r16,0.2,0.0,0.8333333333333334,0.98220640569395,0.5038849347568208,1,11
gemma_2_9b_it,compiler::lexical_binding::lexical_0019,lexical_binding,train,google/gemma-2-9b-it,middle__all__r16,0.2,0.1666666666666666,1.0,1.0,0.5916666666666667,1,11
gemma_2_9b_it,compiler::lexical_binding::lexical_0020,lexical_binding,train,google/gemma-2-9b-it,early__all__r16,0.2,0.3333333333333333,0.8333333333333334,1.0,0.5916666666666667,1,11
gemma_2_9b_it,compiler::lexical_binding::lexical_0020,lexical_binding,train,google/gemma-2-9b-it,full__all__r4,0.5,0.3333333333333333,1.0,1.0,0.7083333333333334,1,11
gemma_2_9b_it,compiler::lexical_binding::lexical_0020,lexical_binding,train,google/gemma-2-9b-it,late__all__r16,0.5,0.3333333333333333,0.8333333333333334,0.98932384341637,0.6639976275207592,1,11
gemma_2_9b_it,compiler::lexical_binding::lexical_0020,lexical_binding,train,google/gemma-2-9b-it,middle__all__r16,0.6000000000000001,0.5,1.0,0.99288256227758,0.7732206405693951,1,11
gemma_2_9b_it,compiler::lexical_binding::lexical_0021,lexical_binding,train,google/gemma-2-9b-it,early__all__r16,0.0,0.0,0.6666666666666666,0.99644128113879,0.4157769869513641,1,11
gemma_2_9b_it,compiler::lexical_binding::lexical_0021,lexical_binding,train,google/gemma-2-9b-it,full__all__r4,0.1,0.1666666666666666,0.8333333333333334,0.99288256227758,0.523220640569395,1,11
gemma_2_9b_it,compiler::lexical_binding::lexical_0021,lexical_binding,train,google/gemma-2-9b-it,late__all__r16,0.0,0.1666666666666666,0.8333333333333334,0.9857651245551602,0.49644128113879,1,11
gemma_2_9b_it,compiler::lexical_binding::lexical_0021,lexical_binding,train,google/gemma-2-9b-it,middle__all__r16,0.0,0.1666666666666666,1.0,0.99644128113879,0.5407769869513642,1,11
gemma_2_9b_it,compiler::lexical_binding::lexical_0023,lexical_binding,train,google/gemma-2-9b-it,early__all__r16,0.0,0.0,0.6666666666666666,0.98932384341637,0.4139976275207592,1,11
gemma_2_9b_it,compiler::lexical_binding::lexical_0023,lexical_binding,train,google/gemma-2-9b-it,full__all__r4,0.0,0.3333333333333333,0.6666666666666666,0.99644128113879,0.4991103202846975,1,11
gemma_2_9b_it,compiler::lexical_binding::lexical_0023,lexical_binding,train,google/gemma-2-9b-it,late__all__r16,0.2,0.3333333333333333,0.6666666666666666,0.9857651245551602,0.54644128113879,1,11
gemma_2_9b_it,compiler::lexical_binding::lexical_0023,lexical_binding,train,google/gemma-2-9b-it,middle__all__r16,0.0,0.3333333333333333,0.6666666666666666,1.0,0.5,1,11
gemma_2_9b_it,compiler::lexical_binding::lexical_0024,lexical_binding,train,google/gemma-2-9b-it,early__all__r16,0.0,0.3333333333333333,0.8333333333333334,0.9644128113879004,0.5327698695136418,1,11
gemma_2_9b_it,compiler::lexical_binding::lexical_0024,lexical_binding,train,google/gemma-2-9b-it,full__all__r4,0.0,0.0,0.8333333333333334,0.9857651245551602,0.4547746144721234,1,11
gemma_2_9b_it,compiler::lexical_binding::lexical_0024,lexical_binding,train,google/gemma-2-9b-it,late__all__r16,0.1,0.0,0.8333333333333334,0.9786476868327402,0.4779952550415184,1,11
gemma_2_9b_it,compiler::lexical_binding::lexical_0024,lexical_binding,train,google/gemma-2-9b-it,middle__all__r16,0.0,0.0,0.8333333333333334,1.0,0.4583333333333333,1,11
gemma_2_9b_it,compiler::lexical_binding::lexical_0026,lexical_binding,train,google/gemma-2-9b-it,early__all__r16,0.0,0.1666666666666666,0.5,0.98932384341637,0.4139976275207592,1,11
gemma_2_9b_it,compiler::lexical_binding::lexical_0026,lexical_binding,train,google/gemma-2-9b-it,full__all__r4,0.0,0.1666666666666666,0.6666666666666666,0.99644128113879,0.4574436536180308,1,11
gemma_2_9b_it,compiler::lexical_binding::lexical_0026,lexical_binding,train,google/gemma-2-9b-it,late__all__r16,0.2,0.1666666666666666,0.5,0.9857651245551602,0.4631079478054567,1,11
gemma_2_9b_it,compiler::lexical_binding::lexical_0026,lexical_binding,train,google/gemma-2-9b-it,middle__all__r16,0.0,0.1666666666666666,0.6666666666666666,1.0,0.4583333333333333,1,11
gemma_2_9b_it,compiler::lexical_binding::lexical_0027,lexical_binding,train,google/gemma-2-9b-it,early__all__r16,0.6,0.3333333333333333,0.8333333333333334,0.99644128113879,0.6907769869513641,1,11
gemma_2_9b_it,compiler::lexical_binding::lexical_0027,lexical_binding,train,google/gemma-2-9b-it,full__all__r4,0.0,0.1666666666666666,0.8333333333333334,0.99288256227758,0.498220640569395,1,11
gemma_2_9b_it,compiler::lexical_binding::lexical_0027,lexical_binding,train,google/gemma-2-9b-it,late__all__r16,0.2,0.1666666666666666,1.0,0.98220640569395,0.5872182680901542,1,11
gemma_2_9b_it,compiler::lexical_binding::lexical_0027,lexical_binding,train,google/gemma-2-9b-it,middle__all__r16,0.0,0.1666666666666666,1.0,1.0,0.5416666666666666,1,11
gemma_2_9b_it,compiler::lexical_binding::lexical_0028,lexical_binding,train,google/gemma-2-9b-it,early__all__r16,0.2,0.3333333333333333,1.0,0.99644128113879,0.6324436536180309,1,11
gemma_2_9b_it,compiler::lexical_binding::lexical_0028,lexical_binding,train,google/gemma-2-9b-it,full__all__r4,0.3,0.3333333333333333,0.8333333333333334,0.99644128113879,0.6157769869513642,1,11
gemma_2_9b_it,compiler::lexical_binding::lexical_0028,lexical_binding,train,google/gemma-2-9b-it,late__all__r16,0.6,0.3333333333333333,0.8333333333333334,0.9786476868327402,0.6863285883748517,1,11
gemma_2_9b_it,compiler::lexical_binding::lexical_0028,lexical_binding,train,google/gemma-2-9b-it,middle__all__r16,0.6000000000000001,0.3333333333333333,1.0,1.0,0.7333333333333334,1,11
gemma_2_9b_it,compiler::lexical_binding::lexical_0029,lexical_binding,train,google/gemma-2-9b-it,early__all__r16,0.5,0.3333333333333333,1.0,1.0,0.7083333333333334,1,11
gemma_2_9b_it,compiler::lexical_binding::lexical_0029,lexical_binding,train,google/gemma-2-9b-it,full__all__r4,0.2,0.1666666666666666,1.0,0.99644128113879,0.5907769869513642,1,11
gemma_2_9b_it,compiler::lexical_binding::lexical_0029,lexical_binding,train,google/gemma-2-9b-it,late__all__r16,0.2,0.1666666666666666,1.0,0.99288256227758,0.5898873072360616,1,11
gemma_2_9b_it,compiler::lexical_binding::lexical_0029,lexical_binding,train,google/gemma-2-9b-it,middle__all__r16,0.2,0.1666666666666666,1.0,1.0,0.5916666666666667,1,11
gemma_2_9b_it,compiler::lexical_binding::lexical_0030,lexical_binding,train,google/gemma-2-9b-it,early__all__r16,0.0,0.1666666666666666,0.5,1.0,0.4166666666666667,1,11
gemma_2_9b_it,compiler::lexical_binding::lexical_0030,lexical_binding,train,google/gemma-2-9b-it,full__all__r4,0.2,0.1666666666666666,0.6666666666666666,1.0,0.5083333333333333,1,11
gemma_2_9b_it,compiler::lexical_binding::lexical_0030,lexical_binding,train,google/gemma-2-9b-it,late__all__r16,0.5,0.1666666666666666,0.6666666666666666,0.98932384341637,0.5806642941874258,1,11
gemma_2_9b_it,compiler::lexical_binding::lexical_0030,lexical_binding,train,google/gemma-2-9b-it,middle__all__r16,0.0,0.1666666666666666,0.6666666666666666,0.99644128113879,0.4574436536180308,1,11
gemma_2_9b_it,compiler::lexical_binding::lexical_0031,lexical_binding,train,google/gemma-2-9b-it,early__all__r16,0.0,0.1666666666666666,0.8333333333333334,1.0,0.5,1,11
gemma_2_9b_it,compiler::lexical_binding::lexical_0031,lexical_binding,train,google/gemma-2-9b-it,full__all__r4,0.0,0.1666666666666666,0.8333333333333334,0.99644128113879,0.4991103202846975,1,11
gemma_2_9b_it,compiler::lexical_binding::lexical_0031,lexical_binding,train,google/gemma-2-9b-it,late__all__r16,0.0,0.1666666666666666,0.8333333333333334,0.98220640569395,0.4955516014234875,1,11
gemma_2_9b_it,compiler::lexical_binding::lexical_0031,lexical_binding,train,google/gemma-2-9b-it,middle__all__r16,0.3,0.1666666666666666,1.0,1.0,0.6166666666666667,1,11
gemma_2_9b_it,compiler::lexical_binding::lexical_0033,lexical_binding,train,google/gemma-2-9b-it,early__all__r16,0.5,0.6666666666666666,1.0,1.0,0.7916666666666666,1,11
gemma_2_9b_it,compiler::lexical_binding::lexical_0033,lexical_binding,train,google/gemma-2-9b-it,full__all__r4,0.3,0.3333333333333333,0.8333333333333334,0.99288256227758,0.6148873072360617,1,11
gemma_2_9b_it,compiler::lexical_binding::lexical_0033,lexical_binding,train,google/gemma-2-9b-it,late__all__r16,0.1,0.1666666666666666,0.8333333333333334,0.98220640569395,0.5205516014234876,1,11
gemma_2_9b_it,compiler::lexical_binding::lexical_0033,lexical_binding,train,google/gemma-2-9b-it,middle__all__r16,0.1,0.3333333333333333,1.0,1.0,0.6083333333333333,1,11
gemma_2_9b_it,compiler::lexical_binding::lexical_0034,lexical_binding,train,google/gemma-2-9b-it,early__all__r16,0.0,0.0,0.8333333333333334,1.0,0.4583333333333333,1,11
gemma_2_9b_it,compiler::lexical_binding::lexical_0034,lexical_binding,train,google/gemma-2-9b-it,full__all__r4,0.0,0.0,1.0,0.98220640569395,0.4955516014234875,1,11
gemma_2_9b_it,compiler::lexical_binding::lexical_0034,lexical_binding,train,google/gemma-2-9b-it,late__all__r16,0.1,0.0,1.0,0.9786476868327402,0.519661921708185,1,11
gemma_2_9b_it,compiler::lexical_binding::lexical_0034,lexical_binding,train,google/gemma-2-9b-it,middle__all__r16,0.0,0.0,1.0,0.99288256227758,0.498220640569395,1,11
gemma_2_9b_it,compiler::lexical_binding::lexical_0036,lexical_binding,train,google/gemma-2-9b-it,early__all__r16,0.1,0.1666666666666666,0.8333333333333334,0.99644128113879,0.5241103202846975,1,11
gemma_2_9b_it,compiler::lexical_binding::lexical_0036,lexical_binding,train,google/gemma-2-9b-it,full__all__r4,0.0,0.1666666666666666,1.0,1.0,0.5416666666666666,1,11
gemma_2_9b_it,compiler::lexical_binding::lexical_0036,lexical_binding,train,google/gemma-2-9b-it,late__all__r16,0.2,0.1666666666666666,1.0,0.98220640569395,0.5872182680901542,1,11
gemma_2_9b_it,compiler::lexical_binding::lexical_0036,lexical_binding,train,google/gemma-2-9b-it,middle__all__r16,0.0,0.1666666666666666,1.0,0.99644128113879,0.5407769869513642,1,11
gemma_2_9b_it,compiler::lexical_binding::lexical_0039,lexical_binding,train,google/gemma-2-9b-it,early__all__r16,0.0,0.0,0.6666666666666666,1.0,0.4166666666666666,1,11
gemma_2_9b_it,compiler::lexical_binding::lexical_0039,lexical_binding,train,google/gemma-2-9b-it,full__all__r4,0.3,0.1666666666666666,1.0,1.0,0.6166666666666667,1,11
gemma_2_9b_it,compiler::lexical_binding::lexical_0039,lexical_binding,train,google/gemma-2-9b-it,late__all__r16,0.2,0.1666666666666666,1.0,0.98220640569395,0.5872182680901542,1,11
gemma_2_9b_it,compiler::lexical_binding::lexical_0039,lexical_binding,train,google/gemma-2-9b-it,middle__all__r16,0.2,0.1666666666666666,1.0,1.0,0.5916666666666667,1,11
gemma_2_9b_it,compiler::lexical_binding::lexical_0041,lexical_binding,train,google/gemma-2-9b-it,early__all__r16,0.2,0.0,1.0,0.9857651245551602,0.5464412811387901,1,11
gemma_2_9b_it,compiler::lexical_binding::lexical_0041,lexical_binding,train,google/gemma-2-9b-it,full__all__r4,0.2,0.0,1.0,1.0,0.55,1,11
gemma_2_9b_it,compiler::lexical_binding::lexical_0041,lexical_binding,train,google/gemma-2-9b-it,late__all__r16,0.2,0.0,0.8333333333333334,0.98220640569395,0.5038849347568208,1,11
gemma_2_9b_it,compiler::lexical_binding::lexical_0041,lexical_binding,train,google/gemma-2-9b-it,middle__all__r16,0.4,0.0,1.0,0.99644128113879,0.5991103202846975,1,11
gemma_2_9b_it,compiler::lexical_binding::lexical_0043,lexical_binding,train,google/gemma-2-9b-it,early__all__r16,0.0,0.0,0.6666666666666666,0.98932384341637,0.4139976275207592,1,11
gemma_2_9b_it,compiler::lexical_binding::lexical_0043,lexical_binding,train,google/gemma-2-9b-it,full__all__r4,0.0,0.0,0.6666666666666666,0.99288256227758,0.4148873072360617,1,11
gemma_2_9b_it,compiler::lexical_binding::lexical_0043,lexical_binding,train,google/gemma-2-9b-it,late__all__r16,0.0,0.0,0.6666666666666666,0.98220640569395,0.4122182680901541,1,11
gemma_2_9b_it,compiler::lexical_binding::lexical_0043,lexical_binding,train,google/gemma-2-9b-it,middle__all__r16,0.0,0.0,0.6666666666666666,1.0,0.4166666666666666,1,11
gemma_2_9b_it,compiler::lexical_binding::lexical_0044,lexical_binding,train,google/gemma-2-9b-it,early__all__r16,0.0,0.3333333333333333,0.3333333333333333,0.9750889679715302,0.4104389086595492,1,11
gemma_2_9b_it,compiler::lexical_binding::lexical_0044,lexical_binding,train,google/gemma-2-9b-it,full__all__r4,0.1,0.3333333333333333,0.6666666666666666,0.99288256227758,0.523220640569395,1,11
gemma_2_9b_it,compiler::lexical_binding::lexical_0044,lexical_binding,train,google/gemma-2-9b-it,late__all__r16,0.1,0.3333333333333333,0.5,0.98220640569395,0.4788849347568208,1,11
gemma_2_9b_it,compiler::lexical_binding::lexical_0044,lexical_binding,train,google/gemma-2-9b-it,middle__all__r16,0.0,0.3333333333333333,0.6666666666666666,1.0,0.5,1,11
gemma_2_9b_it,compiler::lexical_binding::lexical_0045,lexical_binding,train,google/gemma-2-9b-it,early__all__r16,0.0,0.0,0.8333333333333334,0.99288256227758,0.4565539739027283,1,11
gemma_2_9b_it,compiler::lexical_binding::lexical_0045,lexical_binding,train,google/gemma-2-9b-it,full__all__r4,0.3,0.1666666666666666,1.0,0.9857651245551602,0.6131079478054567,1,11
gemma_2_9b_it,compiler::lexical_binding::lexical_0045,lexical_binding,train,google/gemma-2-9b-it,late__all__r16,0.3,0.1666666666666666,1.0,0.9750889679715302,0.6104389086595492,1,11
gemma_2_9b_it,compiler::lexical_binding::lexical_0045,lexical_binding,train,google/gemma-2-9b-it,middle__all__r16,0.3,0.3333333333333333,1.0,1.0,0.6583333333333333,1,11
gemma_2_9b_it,compiler::lexical_binding::lexical_0046,lexical_binding,train,google/gemma-2-9b-it,early__all__r16,0.1,0.0,0.8333333333333334,0.9857651245551602,0.4797746144721234,1,11
gemma_2_9b_it,compiler::lexical_binding::lexical_0046,lexical_binding,train,google/gemma-2-9b-it,full__all__r4,0.3,0.0,0.8333333333333334,0.98932384341637,0.5306642941874259,1,11
gemma_2_9b_it,compiler::lexical_binding::lexical_0046,lexical_binding,train,google/gemma-2-9b-it,late__all__r16,0.3,0.0,0.8333333333333334,0.9750889679715302,0.5271055753262159,1,11
gemma_2_9b_it,compiler::lexical_binding::lexical_0046,lexical_binding,train,google/gemma-2-9b-it,middle__all__r16,0.4,0.3333333333333333,0.8333333333333334,1.0,0.6416666666666667,1,11
gemma_2_9b_it,compiler::lexical_binding::lexical_0047,lexical_binding,train,google/gemma-2-9b-it,early__all__r16,0.4,0.3333333333333333,0.6666666666666666,0.98932384341637,0.5973309608540925,1,11
gemma_2_9b_it,compiler::lexical_binding::lexical_0047,lexical_binding,train,google/gemma-2-9b-it,full__all__r4,0.1,0.3333333333333333,1.0,0.98932384341637,0.6056642941874258,1,11
gemma_2_9b_it,compiler::lexical_binding::lexical_0047,lexical_binding,train,google/gemma-2-9b-it,late__all__r16,0.1,0.1666666666666666,0.8333333333333334,0.98220640569395,0.5205516014234876,1,11
gemma_2_9b_it,compiler::lexical_binding::lexical_0047,lexical_binding,train,google/gemma-2-9b-it,middle__all__r16,0.2,0.3333333333333333,0.8333333333333334,1.0,0.5916666666666667,1,11
gemma_2_9b_it,compiler::lexical_binding::lexical_0048,lexical_binding,train,google/gemma-2-9b-it,early__all__r16,0.0,0.0,0.5,1.0,0.375,1,11
gemma_2_9b_it,compiler::lexical_binding::lexical_0048,lexical_binding,train,google/gemma-2-9b-it,full__all__r4,0.1,0.3333333333333333,0.6666666666666666,1.0,0.525,1,11
gemma_2_9b_it,compiler::lexical_binding::lexical_0048,lexical_binding,train,google/gemma-2-9b-it,late__all__r16,0.6000000000000001,0.3333333333333333,0.6666666666666666,0.99288256227758,0.648220640569395,1,11
gemma_2_9b_it,compiler::lexical_binding::lexical_0048,lexical_binding,train,google/gemma-2-9b-it,middle__all__r16,0.0,0.3333333333333333,0.6666666666666666,1.0,0.5,1,11
gemma_2_9b_it,compiler::lexical_binding::lexical_0049,lexical_binding,train,google/gemma-2-9b-it,early__all__r16,0.0,0.3333333333333333,0.6666666666666666,0.99644128113879,0.4991103202846975,1,11
gemma_2_9b_it,compiler::lexical_binding::lexical_0049,lexical_binding,train,google/gemma-2-9b-it,full__all__r4,0.0,0.3333333333333333,1.0,0.98932384341637,0.5806642941874258,1,11
gemma_2_9b_it,compiler::lexical_binding::lexical_0049,lexical_binding,train,google/gemma-2-9b-it,late__all__r16,0.2,0.3333333333333333,1.0,0.9715302491103204,0.6262158956109134,1,11
gemma_2_9b_it,compiler::lexical_binding::lexical_0049,lexical_binding,train,google/gemma-2-9b-it,middle__all__r16,0.0,0.3333333333333333,1.0,1.0,0.5833333333333334,1,11
gemma_2_9b_it,compiler::lexical_binding::lexical_0052,lexical_binding,train,google/gemma-2-9b-it,early__all__r16,0.8,0.3333333333333333,1.0,0.99644128113879,0.7824436536180308,1,11
gemma_2_9b_it,compiler::lexical_binding::lexical_0052,lexical_binding,train,google/gemma-2-9b-it,full__all__r4,0.3,0.3333333333333333,1.0,0.99644128113879,0.6574436536180308,1,11
gemma_2_9b_it,compiler::lexical_binding::lexical_0052,lexical_binding,train,google/gemma-2-9b-it,late__all__r16,0.0,0.3333333333333333,0.8333333333333334,0.9857651245551602,0.5381079478054567,1,11
gemma_2_9b_it,compiler::lexical_binding::lexical_0052,lexical_binding,train,google/gemma-2-9b-it,middle__all__r16,0.4,0.3333333333333333,1.0,1.0,0.6833333333333333,1,11
gemma_2_9b_it,compiler::lexical_binding::lexical_0053,lexical_binding,train,google/gemma-2-9b-it,early__all__r16,0.0,0.1666666666666666,0.8333333333333334,1.0,0.5,1,11
gemma_2_9b_it,compiler::lexical_binding::lexical_0053,lexical_binding,train,google/gemma-2-9b-it,full__all__r4,0.3,0.1666666666666666,1.0,1.0,0.6166666666666667,1,11
gemma_2_9b_it,compiler::lexical_binding::lexical_0053,lexical_binding,train,google/gemma-2-9b-it,late__all__r16,0.3,0.0,0.8333333333333334,0.98220640569395,0.5288849347568209,1,11
gemma_2_9b_it,compiler::lexical_binding::lexical_0053,lexical_binding,train,google/gemma-2-9b-it,middle__all__r16,0.3,0.3333333333333333,1.0,0.99644128113879,0.6574436536180308,1,11
gemma_2_9b_it,compiler::lexical_binding::lexical_0054,lexical_binding,train,google/gemma-2-9b-it,early__all__r16,0.0,0.1666666666666666,1.0,0.9644128113879004,0.5327698695136418,1,11
gemma_2_9b_it,compiler::lexical_binding::lexical_0054,lexical_binding,train,google/gemma-2-9b-it,full__all__r4,0.0,0.1666666666666666,1.0,0.98220640569395,0.5372182680901542,1,11
gemma_2_9b_it,compiler::lexical_binding::lexical_0054,lexical_binding,train,google/gemma-2-9b-it,late__all__r16,0.0,0.1666666666666666,1.0,0.9786476868327402,0.5363285883748518,1,11
gemma_2_9b_it,compiler::lexical_binding::lexical_0054,lexical_binding,train,google/gemma-2-9b-it,middle__all__r16,0.0,0.1666666666666666,1.0,1.0,0.5416666666666666,1,11
gemma_2_9b_it,compiler::lexical_binding::lexical_0055,lexical_binding,train,google/gemma-2-9b-it,early__all__r16,1.0,0.8333333333333334,0.5,1.0,0.8333333333333334,1,11
gemma_2_9b_it,compiler::lexical_binding::lexical_0055,lexical_binding,train,google/gemma-2-9b-it,full__all__r4,0.3,0.1666666666666666,0.8333333333333334,1.0,0.5750000000000001,1,11
gemma_2_9b_it,compiler::lexical_binding::lexical_0055,lexical_binding,train,google/gemma-2-9b-it,late__all__r16,0.3,0.1666666666666666,0.8333333333333334,0.98220640569395,0.5705516014234876,1,11
gemma_2_9b_it,compiler::lexical_binding::lexical_0055,lexical_binding,train,google/gemma-2-9b-it,middle__all__r16,0.5,0.3333333333333333,1.0,0.99288256227758,0.7065539739027283,1,11
gemma_2_9b_it,compiler::lexical_binding::lexical_0057,lexical_binding,train,google/gemma-2-9b-it,early__all__r16,0.0,0.0,1.0,0.99644128113879,0.4991103202846975,1,11
gemma_2_9b_it,compiler::lexical_binding::lexical_0057,lexical_binding,train,google/gemma-2-9b-it,full__all__r4,0.5,0.1666666666666666,1.0,0.99644128113879,0.6657769869513642,1,11
gemma_2_9b_it,compiler::lexical_binding::lexical_0057,lexical_binding,train,google/gemma-2-9b-it,late__all__r16,0.5,0.5,1.0,0.9786476868327402,0.744661921708185,1,11
gemma_2_9b_it,compiler::lexical_binding::lexical_0057,lexical_binding,train,google/gemma-2-9b-it,middle__all__r16,0.5,0.3333333333333333,1.0,1.0,0.7083333333333334,1,11
gemma_2_9b_it,compiler::lexical_binding::lexical_0058,lexical_binding,train,google/gemma-2-9b-it,early__all__r16,0.0,0.0,0.3333333333333333,0.99644128113879,0.3324436536180308,1,11
gemma_2_9b_it,compiler::lexical_binding::lexical_0058,lexical_binding,train,google/gemma-2-9b-it,full__all__r4,0.2,0.3333333333333333,0.6666666666666666,0.98932384341637,0.5473309608540925,1,11
gemma_2_9b_it,compiler::lexical_binding::lexical_0058,lexical_binding,train,google/gemma-2-9b-it,late__all__r16,0.2,0.1666666666666666,0.6666666666666666,0.9857651245551602,0.5047746144721234,1,11
gemma_2_9b_it,compiler::lexical_binding::lexical_0058,lexical_binding,train,google/gemma-2-9b-it,middle__all__r16,0.0,0.1666666666666666,0.6666666666666666,1.0,0.4583333333333333,1,11
gemma_2_9b_it,compiler::lexical_binding::lexical_0059,lexical_binding,train,google/gemma-2-9b-it,early__all__r16,0.0,0.1666666666666666,0.6666666666666666,0.98932384341637,0.4556642941874259,1,11
gemma_2_9b_it,compiler::lexical_binding::lexical_0059,lexical_binding,train,google/gemma-2-9b-it,full__all__r4,0.0,0.1666666666666666,0.6666666666666666,0.99644128113879,0.4574436536180308,1,11
gemma_2_9b_it,compiler::lexical_binding::lexical_0059,lexical_binding,train,google/gemma-2-9b-it,late__all__r16,0.4,0.1666666666666666,0.6666666666666666,0.9786476868327402,0.5529952550415184,1,11
gemma_2_9b_it,compiler::lexical_binding::lexical_0059,lexical_binding,train,google/gemma-2-9b-it,middle__all__r16,0.0,0.1666666666666666,0.6666666666666666,0.99644128113879,0.4574436536180308,1,11
gemma_2_9b_it,compiler::lexical_binding::lexical_0060,lexical_binding,train,google/gemma-2-9b-it,early__all__r16,1.0,0.6666666666666666,1.0,1.0,0.9166666666666666,1,11
gemma_2_9b_it,compiler::lexical_binding::lexical_0060,lexical_binding,train,google/gemma-2-9b-it,full__all__r4,0.4,0.3333333333333333,1.0,0.99644128113879,0.6824436536180308,1,11
gemma_2_9b_it,compiler::lexical_binding::lexical_0060,lexical_binding,train,google/gemma-2-9b-it,late__all__r16,0.4,0.3333333333333333,1.0,0.99288256227758,0.6815539739027283,1,11
gemma_2_9b_it,compiler::lexical_binding::lexical_0060,lexical_binding,train,google/gemma-2-9b-it,middle__all__r16,0.3,0.3333333333333333,1.0,1.0,0.6583333333333333,1,11
gemma_2_9b_it,compiler::lexical_binding::lexical_0061,lexical_binding,train,google/gemma-2-9b-it,early__all__r16,0.0,0.0,0.3333333333333333,0.99288256227758,0.3315539739027283,1,11
gemma_2_9b_it,compiler::lexical_binding::lexical_0061,lexical_binding,train,google/gemma-2-9b-it,full__all__r4,0.2,0.3333333333333333,0.6666666666666666,0.99288256227758,0.548220640569395,1,11
gemma_2_9b_it,compiler::lexical_binding::lexical_0061,lexical_binding,train,google/gemma-2-9b-it,late__all__r16,0.2,0.1666666666666666,0.6666666666666666,0.9857651245551602,0.5047746144721234,1,11
gemma_2_9b_it,compiler::lexical_binding::lexical_0061,lexical_binding,train,google/gemma-2-9b-it,middle__all__r16,0.0,0.3333333333333333,0.8333333333333334,1.0,0.5416666666666666,1,11
gemma_2_9b_it,compiler::lexical_binding::lexical_0064,lexical_binding,train,google/gemma-2-9b-it,early__all__r16,0.1,0.3333333333333333,1.0,1.0,0.6083333333333333,1,11
gemma_2_9b_it,compiler::lexical_binding::lexical_0064,lexical_binding,train,google/gemma-2-9b-it,full__all__r4,0.2,0.5,1.0,0.98932384341637,0.6723309608540925,1,11
gemma_2_9b_it,compiler::lexical_binding::lexical_0064,lexical_binding,train,google/gemma-2-9b-it,late__all__r16,0.4,0.3333333333333333,1.0,0.9786476868327402,0.6779952550415184,1,11
gemma_2_9b_it,compiler::lexical_binding::lexical_0064,lexical_binding,train,google/gemma-2-9b-it,middle__all__r16,0.0,0.5,1.0,0.99644128113879,0.6241103202846975,1,11
gemma_2_9b_it,compiler::lexical_binding::lexical_0067,lexical_binding,train,google/gemma-2-9b-it,early__all__r16,0.0,0.1666666666666666,0.8333333333333334,1.0,0.5,1,11
gemma_2_9b_it,compiler::lexical_binding::lexical_0067,lexical_binding,train,google/gemma-2-9b-it,full__all__r4,0.0,0.0,0.8333333333333334,0.99288256227758,0.4565539739027283,1,11
gemma_2_9b_it,compiler::lexical_binding::lexical_0067,lexical_binding,train,google/gemma-2-9b-it,late__all__r16,0.2,0.0,0.8333333333333334,0.9786476868327402,0.5029952550415184,1,11
gemma_2_9b_it,compiler::lexical_binding::lexical_0067,lexical_binding,train,google/gemma-2-9b-it,middle__all__r16,0.0,0.0,0.8333333333333334,1.0,0.4583333333333333,1,11
gemma_2_9b_it,compiler::lexical_binding::lexical_0068,lexical_binding,train,google/gemma-2-9b-it,early__all__r16,0.0,0.3333333333333333,0.8333333333333334,1.0,0.5416666666666666,1,11
gemma_2_9b_it,compiler::lexical_binding::lexical_0068,lexical_binding,train,google/gemma-2-9b-it,full__all__r4,0.4,0.5,1.0,1.0,0.725,1,11
gemma_2_9b_it,compiler::lexical_binding::lexical_0068,lexical_binding,train,google/gemma-2-9b-it,late__all__r16,0.3,0.3333333333333333,0.8333333333333334,0.9750889679715302,0.6104389086595492,1,11
gemma_2_9b_it,compiler::lexical_binding::lexical_0068,lexical_binding,train,google/gemma-2-9b-it,middle__all__r16,0.0,0.3333333333333333,1.0,0.99644128113879,0.5824436536180309,1,11
gemma_2_9b_it,compiler::lexical_binding::lexical_0069,lexical_binding,train,google/gemma-2-9b-it,early__all__r16,0.1,0.3333333333333333,0.8333333333333334,1.0,0.5666666666666667,1,11
gemma_2_9b_it,compiler::lexical_binding::lexical_0069,lexical_binding,train,google/gemma-2-9b-it,full__all__r4,0.3,0.3333333333333333,1.0,0.98932384341637,0.6556642941874259,1,11
gemma_2_9b_it,compiler::lexical_binding::lexical_0069,lexical_binding,train,google/gemma-2-9b-it,late__all__r16,0.7,0.3333333333333333,0.8333333333333334,0.98220640569395,0.7122182680901542,1,11
gemma_2_9b_it,compiler::lexical_binding::lexical_0069,lexical_binding,train,google/gemma-2-9b-it,middle__all__r16,0.0,0.1666666666666666,1.0,1.0,0.5416666666666666,1,11
gemma_2_9b_it,compiler::lexical_binding::lexical_0070,lexical_binding,train,google/gemma-2-9b-it,early__all__r16,0.0,0.1666666666666666,0.8333333333333334,1.0,0.5,1,11
gemma_2_9b_it,compiler::lexical_binding::lexical_0070,lexical_binding,train,google/gemma-2-9b-it,full__all__r4,0.4,0.1666666666666666,0.8333333333333334,0.98220640569395,0.5955516014234875,1,11
gemma_2_9b_it,compiler::lexical_binding::lexical_0070,lexical_binding,train,google/gemma-2-9b-it,late__all__r16,0.4,0.1666666666666666,0.8333333333333334,0.98220640569395,0.5955516014234875,1,11
gemma_2_9b_it,compiler::lexical_binding::lexical_0070,lexical_binding,train,google/gemma-2-9b-it,middle__all__r16,0.4,0.1666666666666666,1.0,0.99644128113879,0.6407769869513642,1,11
gemma_2_9b_it,compiler::lexical_binding::lexical_0072,lexical_binding,train,google/gemma-2-9b-it,early__all__r16,0.2,0.1666666666666666,0.6666666666666666,1.0,0.5083333333333333,1,11
gemma_2_9b_it,compiler::lexical_binding::lexical_0072,lexical_binding,train,google/gemma-2-9b-it,full__all__r4,0.2,0.0,0.6666666666666666,1.0,0.4666666666666667,1,11
gemma_2_9b_it,compiler::lexical_binding::lexical_0072,lexical_binding,train,google/gemma-2-9b-it,late__all__r16,0.2,0.0,0.6666666666666666,0.9857651245551602,0.4631079478054567,1,11
gemma_2_9b_it,compiler::lexical_binding::lexical_0072,lexical_binding,train,google/gemma-2-9b-it,middle__all__r16,0.3,0.0,0.6666666666666666,0.99288256227758,0.4898873072360616,1,11
gemma_2_9b_it,compiler::lexical_binding::lexical_0074,lexical_binding,train,google/gemma-2-9b-it,early__all__r16,0.0,0.3333333333333333,0.6666666666666666,0.99644128113879,0.4991103202846975,1,11
gemma_2_9b_it,compiler::lexical_binding::lexical_0074,lexical_binding,train,google/gemma-2-9b-it,full__all__r4,0.0,0.3333333333333333,0.8333333333333334,0.98932384341637,0.5389976275207592,1,11
gemma_2_9b_it,compiler::lexical_binding::lexical_0074,lexical_binding,train,google/gemma-2-9b-it,late__all__r16,0.2,0.3333333333333333,0.8333333333333334,0.9786476868327402,0.5863285883748517,1,11
gemma_2_9b_it,compiler::lexical_binding::lexical_0074,lexical_binding,train,google/gemma-2-9b-it,middle__all__r16,0.0,0.3333333333333333,1.0,0.9857651245551602,0.5797746144721234,1,11
gemma_2_9b_it,compiler::lexical_binding::lexical_0075,lexical_binding,train,google/gemma-2-9b-it,early__all__r16,0.0,0.3333333333333333,0.6666666666666666,1.0,0.5,1,11
gemma_2_9b_it,compiler::lexical_binding::lexical_0075,lexical_binding,train,google/gemma-2-9b-it,full__all__r4,0.4,0.3333333333333333,0.6666666666666666,0.99644128113879,0.5991103202846975,1,11
gemma_2_9b_it,compiler::lexical_binding::lexical_0075,lexical_binding,train,google/gemma-2-9b-it,late__all__r16,0.5,0.3333333333333333,0.6666666666666666,0.9786476868327402,0.619661921708185,1,11
gemma_2_9b_it,compiler::lexical_binding::lexical_0075,lexical_binding,train,google/gemma-2-9b-it,middle__all__r16,0.4,0.3333333333333333,0.6666666666666666,1.0,0.6,1,11
gemma_2_9b_it,compiler::lexical_binding::lexical_0076,lexical_binding,train,google/gemma-2-9b-it,early__all__r16,0.0,0.0,0.6666666666666666,1.0,0.4166666666666666,1,11
gemma_2_9b_it,compiler::lexical_binding::lexical_0076,lexical_binding,train,google/gemma-2-9b-it,full__all__r4,0.2,0.0,0.6666666666666666,1.0,0.4666666666666667,1,11
gemma_2_9b_it,compiler::lexical_binding::lexical_0076,lexical_binding,train,google/gemma-2-9b-it,late__all__r16,0.2,0.0,0.6666666666666666,0.98220640569395,0.4622182680901542,1,11
gemma_2_9b_it,compiler::lexical_binding::lexical_0076,lexical_binding,train,google/gemma-2-9b-it,middle__all__r16,0.1,0.0,0.6666666666666666,0.99644128113879,0.4407769869513642,1,11
gemma_2_9b_it,compiler::lexical_binding::lexical_0078,lexical_binding,train,google/gemma-2-9b-it,early__all__r16,0.4,0.6666666666666666,1.0,1.0,0.7666666666666666,1,11
gemma_2_9b_it,compiler::lexical_binding::lexical_0078,lexical_binding,train,google/gemma-2-9b-it,full__all__r4,0.4,0.3333333333333333,1.0,0.99288256227758,0.6815539739027283,1,11
gemma_2_9b_it,compiler::lexical_binding::lexical_0078,lexical_binding,train,google/gemma-2-9b-it,late__all__r16,0.2,0.3333333333333333,1.0,0.9715302491103204,0.6262158956109134,1,11
gemma_2_9b_it,compiler::lexical_binding::lexical_0078,lexical_binding,train,google/gemma-2-9b-it,middle__all__r16,0.2,0.3333333333333333,1.0,1.0,0.6333333333333333,1,11
gemma_2_9b_it,compiler::lexical_binding::lexical_0079,lexical_binding,train,google/gemma-2-9b-it,early__all__r16,0.1,0.3333333333333333,0.8333333333333334,1.0,0.5666666666666667,1,11
gemma_2_9b_it,compiler::lexical_binding::lexical_0079,lexical_binding,train,google/gemma-2-9b-it,full__all__r4,0.4,0.3333333333333333,1.0,1.0,0.6833333333333333,1,11
gemma_2_9b_it,compiler::lexical_binding::lexical_0079,lexical_binding,train,google/gemma-2-9b-it,late__all__r16,0.4,0.3333333333333333,1.0,0.9786476868327402,0.6779952550415184,1,11
gemma_2_9b_it,compiler::lexical_binding::lexical_0079,lexical_binding,train,google/gemma-2-9b-it,middle__all__r16,0.0,0.3333333333333333,1.0,1.0,0.5833333333333334,1,11
gemma_2_9b_it,compiler::lexical_binding::lexical_0080,lexical_binding,train,google/gemma-2-9b-it,early__all__r16,0.0,0.3333333333333333,0.8333333333333334,0.99644128113879,0.5407769869513642,1,11
gemma_2_9b_it,compiler::lexical_binding::lexical_0080,lexical_binding,train,google/gemma-2-9b-it,full__all__r4,0.2,0.3333333333333333,1.0,1.0,0.6333333333333333,1,11
gemma_2_9b_it,compiler::lexical_binding::lexical_0080,lexical_binding,train,google/gemma-2-9b-it,late__all__r16,0.2,0.3333333333333333,0.8333333333333334,0.99288256227758,0.5898873072360618,1,11
gemma_2_9b_it,compiler::lexical_binding::lexical_0080,lexical_binding,train,google/gemma-2-9b-it,middle__all__r16,0.2,0.3333333333333333,1.0,1.0,0.6333333333333333,1,11
gemma_2_9b_it,compiler::lexical_binding::lexical_0081,lexical_binding,train,google/gemma-2-9b-it,early__all__r16,0.0,0.0,0.8333333333333334,0.99644128113879,0.4574436536180308,1,11
gemma_2_9b_it,compiler::lexical_binding::lexical_0081,lexical_binding,train,google/gemma-2-9b-it,full__all__r4,0.2,0.1666666666666666,1.0,0.98932384341637,0.5889976275207592,1,11
gemma_2_9b_it,compiler::lexical_binding::lexical_0081,lexical_binding,train,google/gemma-2-9b-it,late__all__r16,0.3,0.1666666666666666,1.0,0.98220640569395,0.6122182680901542,1,11
gemma_2_9b_it,compiler::lexical_binding::lexical_0081,lexical_binding,train,google/gemma-2-9b-it,middle__all__r16,0.2,0.0,1.0,1.0,0.55,1,11
gemma_2_9b_it,compiler::lexical_binding::lexical_0082,lexical_binding,train,google/gemma-2-9b-it,early__all__r16,0.1,0.3333333333333333,0.5,1.0,0.4833333333333333,1,11
gemma_2_9b_it,compiler::lexical_binding::lexical_0082,lexical_binding,train,google/gemma-2-9b-it,full__all__r4,0.3,0.3333333333333333,0.6666666666666666,0.99644128113879,0.5741103202846976,1,11
gemma_2_9b_it,compiler::lexical_binding::lexical_0082,lexical_binding,train,google/gemma-2-9b-it,late__all__r16,0.5,0.0,0.6666666666666666,0.98932384341637,0.5389976275207592,1,11
gemma_2_9b_it,compiler::lexical_binding::lexical_0082,lexical_binding,train,google/gemma-2-9b-it,middle__all__r16,0.5,0.3333333333333333,0.8333333333333334,0.99644128113879,0.6657769869513642,1,11
gemma_2_9b_it,compiler::lexical_binding::lexical_0083,lexical_binding,train,google/gemma-2-9b-it,early__all__r16,0.2,0.0,1.0,1.0,0.55,1,11
gemma_2_9b_it,compiler::lexical_binding::lexical_0083,lexical_binding,train,google/gemma-2-9b-it,full__all__r4,0.5,0.1666666666666666,1.0,1.0,0.6666666666666666,1,11
gemma_2_9b_it,compiler::lexical_binding::lexical_0083,lexical_binding,train,google/gemma-2-9b-it,late__all__r16,0.2,0.1666666666666666,0.8333333333333334,0.9715302491103204,0.54288256227758,1,11
gemma_2_9b_it,compiler::lexical_binding::lexical_0083,lexical_binding,train,google/gemma-2-9b-it,middle__all__r16,0.2,0.3333333333333333,1.0,1.0,0.6333333333333333,1,11
gemma_2_9b_it,compiler::lexical_binding::lexical_0084,lexical_binding,train,google/gemma-2-9b-it,early__all__r16,0.2,0.1666666666666666,1.0,0.99644128113879,0.5907769869513642,1,11
gemma_2_9b_it,compiler::lexical_binding::lexical_0084,lexical_binding,train,google/gemma-2-9b-it,full__all__r4,0.2,0.1666666666666666,1.0,1.0,0.5916666666666667,1,11
gemma_2_9b_it,compiler::lexical_binding::lexical_0084,lexical_binding,train,google/gemma-2-9b-it,late__all__r16,0.2,0.1666666666666666,1.0,0.9786476868327402,0.5863285883748517,1,11
gemma_2_9b_it,compiler::lexical_binding::lexical_0084,lexical_binding,train,google/gemma-2-9b-it,middle__all__r16,0.2,0.1666666666666666,1.0,0.98932384341637,0.5889976275207592,1,11
gemma_2_9b_it,compiler::lexical_binding::lexical_0086,lexical_binding,train,google/gemma-2-9b-it,early__all__r16,0.0,0.1666666666666666,0.5,1.0,0.4166666666666667,1,11
gemma_2_9b_it,compiler::lexical_binding::lexical_0086,lexical_binding,train,google/gemma-2-9b-it,full__all__r4,0.0,0.1666666666666666,0.6666666666666666,0.99644128113879,0.4574436536180308,1,11
gemma_2_9b_it,compiler::lexical_binding::lexical_0086,lexical_binding,train,google/gemma-2-9b-it,late__all__r16,0.1,0.1666666666666666,0.6666666666666666,0.98220640569395,0.4788849347568208,1,11
gemma_2_9b_it,compiler::lexical_binding::lexical_0086,lexical_binding,train,google/gemma-2-9b-it,middle__all__r16,0.0,0.1666666666666666,0.6666666666666666,1.0,0.4583333333333333,1,11
gemma_2_9b_it,compiler::lexical_binding::lexical_0088,lexical_binding,train,google/gemma-2-9b-it,early__all__r16,0.0,0.3333333333333333,0.8333333333333334,1.0,0.5416666666666666,1,11
gemma_2_9b_it,compiler::lexical_binding::lexical_0088,lexical_binding,train,google/gemma-2-9b-it,full__all__r4,0.4,0.3333333333333333,1.0,0.99644128113879,0.6824436536180308,1,11
gemma_2_9b_it,compiler::lexical_binding::lexical_0088,lexical_binding,train,google/gemma-2-9b-it,late__all__r16,0.7,0.3333333333333333,1.0,0.9786476868327402,0.7529952550415183,1,11
gemma_2_9b_it,compiler::lexical_binding::lexical_0088,lexical_binding,train,google/gemma-2-9b-it,middle__all__r16,0.6,0.3333333333333333,0.8333333333333334,1.0,0.6916666666666667,1,11
gemma_2_9b_it,compiler::lexical_binding::lexical_0089,lexical_binding,train,google/gemma-2-9b-it,early__all__r16,0.1,0.5,1.0,0.9857651245551602,0.6464412811387901,1,11
gemma_2_9b_it,compiler::lexical_binding::lexical_0089,lexical_binding,train,google/gemma-2-9b-it,full__all__r4,0.3,0.5,1.0,0.99288256227758,0.698220640569395,1,11
gemma_2_9b_it,compiler::lexical_binding::lexical_0089,lexical_binding,train,google/gemma-2-9b-it,late__all__r16,0.5,0.3333333333333333,0.8333333333333334,0.9786476868327402,0.6613285883748518,1,11
gemma_2_9b_it,compiler::lexical_binding::lexical_0089,lexical_binding,train,google/gemma-2-9b-it,middle__all__r16,0.0,0.3333333333333333,1.0,1.0,0.5833333333333334,1,11
gemma_2_9b_it,compiler::lexical_binding::lexical_0090,lexical_binding,train,google/gemma-2-9b-it,early__all__r16,0.2,0.6666666666666666,0.8333333333333334,1.0,0.675,1,11
gemma_2_9b_it,compiler::lexical_binding::lexical_0090,lexical_binding,train,google/gemma-2-9b-it,full__all__r4,0.4,0.3333333333333333,1.0,0.99288256227758,0.6815539739027283,1,11
gemma_2_9b_it,compiler::lexical_binding::lexical_0090,lexical_binding,train,google/gemma-2-9b-it,late__all__r16,0.6,0.5,1.0,0.99288256227758,0.773220640569395,1,11
gemma_2_9b_it,compiler::lexical_binding::lexical_0090,lexical_binding,train,google/gemma-2-9b-it,middle__all__r16,0.3,0.3333333333333333,1.0,0.99288256227758,0.6565539739027284,1,11
gemma_2_9b_it,compiler::lexical_binding::lexical_0092,lexical_binding,train,google/gemma-2-9b-it,early__all__r16,0.0,0.1666666666666666,1.0,1.0,0.5416666666666666,1,11
gemma_2_9b_it,compiler::lexical_binding::lexical_0092,lexical_binding,train,google/gemma-2-9b-it,full__all__r4,0.3,0.3333333333333333,1.0,0.99644128113879,0.6574436536180308,1,11
gemma_2_9b_it,compiler::lexical_binding::lexical_0092,lexical_binding,train,google/gemma-2-9b-it,late__all__r16,0.4,0.1666666666666666,1.0,0.9857651245551602,0.6381079478054568,1,11
gemma_2_9b_it,compiler::lexical_binding::lexical_0092,lexical_binding,train,google/gemma-2-9b-it,middle__all__r16,0.4,0.3333333333333333,1.0,0.99644128113879,0.6824436536180308,1,11
gemma_2_9b_it,compiler::lexical_binding::lexical_0093,lexical_binding,train,google/gemma-2-9b-it,early__all__r16,0.2,0.0,0.8333333333333334,1.0,0.5083333333333333,1,11
gemma_2_9b_it,compiler::lexical_binding::lexical_0093,lexical_binding,train,google/gemma-2-9b-it,full__all__r4,0.3,0.0,1.0,0.99288256227758,0.573220640569395,1,11
gemma_2_9b_it,compiler::lexical_binding::lexical_0093,lexical_binding,train,google/gemma-2-9b-it,late__all__r16,0.3,0.5,1.0,0.99288256227758,0.698220640569395,1,11
gemma_2_9b_it,compiler::lexical_binding::lexical_0093,lexical_binding,train,google/gemma-2-9b-it,middle__all__r16,0.3,0.1666666666666666,1.0,1.0,0.6166666666666667,1,11
gemma_2_9b_it,compiler::lexical_binding::lexical_0094,lexical_binding,train,google/gemma-2-9b-it,early__all__r16,0.1,0.0,1.0,0.99288256227758,0.523220640569395,1,11
gemma_2_9b_it,compiler::lexical_binding::lexical_0094,lexical_binding,train,google/gemma-2-9b-it,full__all__r4,0.0,0.0,1.0,0.98220640569395,0.4955516014234875,1,11
gemma_2_9b_it,compiler::lexical_binding::lexical_0094,lexical_binding,train,google/gemma-2-9b-it,late__all__r16,0.1,0.0,1.0,0.98932384341637,0.5223309608540926,1,11
gemma_2_9b_it,compiler::lexical_binding::lexical_0094,lexical_binding,train,google/gemma-2-9b-it,middle__all__r16,0.0,0.0,1.0,0.99288256227758,0.498220640569395,1,11
gemma_2_9b_it,compiler::lexical_binding::lexical_0095,lexical_binding,train,google/gemma-2-9b-it,early__all__r16,0.0,0.0,0.8333333333333334,1.0,0.4583333333333333,1,11
gemma_2_9b_it,compiler::lexical_binding::lexical_0095,lexical_binding,train,google/gemma-2-9b-it,full__all__r4,0.3,0.0,1.0,0.98932384341637,0.5723309608540925,1,11
gemma_2_9b_it,compiler::lexical_binding::lexical_0095,lexical_binding,train,google/gemma-2-9b-it,late__all__r16,0.2,0.0,1.0,0.9786476868327402,0.5446619217081851,1,11
gemma_2_9b_it,compiler::lexical_binding::lexical_0095,lexical_binding,train,google/gemma-2-9b-it,middle__all__r16,0.4,0.1666666666666666,1.0,0.99644128113879,0.6407769869513642,1,11
gemma_2_9b_it,compiler::lexical_binding::lexical_0096,lexical_binding,train,google/gemma-2-9b-it,early__all__r16,0.3,0.3333333333333333,0.8333333333333334,1.0,0.6166666666666667,1,11
gemma_2_9b_it,compiler::lexical_binding::lexical_0096,lexical_binding,train,google/gemma-2-9b-it,full__all__r4,0.2,0.1666666666666666,1.0,1.0,0.5916666666666667,1,11
gemma_2_9b_it,compiler::lexical_binding::lexical_0096,lexical_binding,train,google/gemma-2-9b-it,late__all__r16,0.3,0.1666666666666666,1.0,0.9786476868327402,0.6113285883748517,1,11
gemma_2_9b_it,compiler::lexical_binding::lexical_0096,lexical_binding,train,google/gemma-2-9b-it,middle__all__r16,0.0,0.1666666666666666,1.0,1.0,0.5416666666666666,1,11
gemma_2_9b_it,compiler::lexical_binding::lexical_0099,lexical_binding,train,google/gemma-2-9b-it,early__all__r16,0.0,0.3333333333333333,0.8333333333333334,1.0,0.5416666666666666,1,11
gemma_2_9b_it,compiler::lexical_binding::lexical_0099,lexical_binding,train,google/gemma-2-9b-it,full__all__r4,0.3,0.3333333333333333,1.0,0.99288256227758,0.6565539739027284,1,11
gemma_2_9b_it,compiler::lexical_binding::lexical_0099,lexical_binding,train,google/gemma-2-9b-it,late__all__r16,0.3,0.0,0.8333333333333334,0.9786476868327402,0.5279952550415183,1,11
gemma_2_9b_it,compiler::lexical_binding::lexical_0099,lexical_binding,train,google/gemma-2-9b-it,middle__all__r16,0.4,0.3333333333333333,1.0,0.99644128113879,0.6824436536180308,1,11
gemma_2_9b_it,compiler::lexical_binding::lexical_0100,lexical_binding,train,google/gemma-2-9b-it,early__all__r16,0.0,0.3333333333333333,0.5,0.98932384341637,0.4556642941874259,1,11
gemma_2_9b_it,compiler::lexical_binding::lexical_0100,lexical_binding,train,google/gemma-2-9b-it,full__all__r4,0.1,0.3333333333333333,0.5,0.99644128113879,0.4824436536180308,1,11
gemma_2_9b_it,compiler::lexical_binding::lexical_0100,lexical_binding,train,google/gemma-2-9b-it,late__all__r16,0.3,0.5,0.5,0.98932384341637,0.5723309608540925,1,11
gemma_2_9b_it,compiler::lexical_binding::lexical_0100,lexical_binding,train,google/gemma-2-9b-it,middle__all__r16,0.2,0.3333333333333333,0.5,1.0,0.5083333333333333,1,11
gemma_2_9b_it,compiler::lexical_binding::lexical_0103,lexical_binding,train,google/gemma-2-9b-it,early__all__r16,0.4,0.3333333333333333,0.8333333333333334,0.99644128113879,0.6407769869513642,1,11
gemma_2_9b_it,compiler::lexical_binding::lexical_0103,lexical_binding,train,google/gemma-2-9b-it,full__all__r4,0.3,0.0,1.0,1.0,0.575,1,11
gemma_2_9b_it,compiler::lexical_binding::lexical_0103,lexical_binding,train,google/gemma-2-9b-it,late__all__r16,0.3,0.3333333333333333,1.0,0.9786476868327402,0.6529952550415183,1,11
gemma_2_9b_it,compiler::lexical_binding::lexical_0103,lexical_binding,train,google/gemma-2-9b-it,middle__all__r16,0.2,0.3333333333333333,1.0,1.0,0.6333333333333333,1,11
gemma_2_9b_it,compiler::lexical_binding::lexical_0104,lexical_binding,train,google/gemma-2-9b-it,early__all__r16,0.5,0.1666666666666666,0.8333333333333334,0.9786476868327402,0.619661921708185,1,11
gemma_2_9b_it,compiler::lexical_binding::lexical_0104,lexical_binding,train,google/gemma-2-9b-it,full__all__r4,0.4,0.3333333333333333,1.0,0.9857651245551602,0.6797746144721234,1,11
gemma_2_9b_it,compiler::lexical_binding::lexical_0104,lexical_binding,train,google/gemma-2-9b-it,late__all__r16,0.2,0.0,0.8333333333333334,0.9857651245551602,0.5047746144721234,1,11
gemma_2_9b_it,compiler::lexical_binding::lexical_0104,lexical_binding,train,google/gemma-2-9b-it,middle__all__r16,0.6000000000000001,0.3333333333333333,1.0,0.99644128113879,0.7324436536180309,1,11
gemma_2_9b_it,compiler::lexical_binding::lexical_0105,lexical_binding,train,google/gemma-2-9b-it,early__all__r16,0.0,0.0,0.6666666666666666,0.9857651245551602,0.4131079478054567,1,11
gemma_2_9b_it,compiler::lexical_binding::lexical_0105,lexical_binding,train,google/gemma-2-9b-it,full__all__r4,0.2,0.3333333333333333,0.6666666666666666,0.98220640569395,0.5455516014234876,1,11
gemma_2_9b_it,compiler::lexical_binding::lexical_0105,lexical_binding,train,google/gemma-2-9b-it,late__all__r16,0.5,0.0,0.6666666666666666,0.98220640569395,0.5372182680901542,1,11
gemma_2_9b_it,compiler::lexical_binding::lexical_0105,lexical_binding,train,google/gemma-2-9b-it,middle__all__r16,0.2,0.3333333333333333,0.6666666666666666,0.99288256227758,0.548220640569395,1,11
gemma_2_9b_it,compiler::lexical_binding::lexical_0106,lexical_binding,train,google/gemma-2-9b-it,early__all__r16,0.0,0.3333333333333333,0.6666666666666666,1.0,0.5,1,11
gemma_2_9b_it,compiler::lexical_binding::lexical_0106,lexical_binding,train,google/gemma-2-9b-it,full__all__r4,0.1,0.3333333333333333,1.0,0.99644128113879,0.6074436536180309,1,11
gemma_2_9b_it,compiler::lexical_binding::lexical_0106,lexical_binding,train,google/gemma-2-9b-it,late__all__r16,0.1,0.3333333333333333,1.0,0.9786476868327402,0.6029952550415184,1,11
gemma_2_9b_it,compiler::lexical_binding::lexical_0106,lexical_binding,train,google/gemma-2-9b-it,middle__all__r16,0.2,0.3333333333333333,1.0,1.0,0.6333333333333333,1,11
gemma_2_9b_it,compiler::lexical_binding::lexical_0107,lexical_binding,train,google/gemma-2-9b-it,early__all__r16,0.0,0.3333333333333333,0.6666666666666666,1.0,0.5,1,11
gemma_2_9b_it,compiler::lexical_binding::lexical_0107,lexical_binding,train,google/gemma-2-9b-it,full__all__r4,0.0,0.3333333333333333,0.6666666666666666,0.99644128113879,0.4991103202846975,1,11
gemma_2_9b_it,compiler::lexical_binding::lexical_0107,lexical_binding,train,google/gemma-2-9b-it,late__all__r16,0.2,0.3333333333333333,0.6666666666666666,0.98932384341637,0.5473309608540925,1,11
gemma_2_9b_it,compiler::lexical_binding::lexical_0107,lexical_binding,train,google/gemma-2-9b-it,middle__all__r16,0.2,0.3333333333333333,0.6666666666666666,0.99644128113879,0.5491103202846975,1,11
gemma_2_9b_it,compiler::lexical_binding::lexical_0109,lexical_binding,train,google/gemma-2-9b-it,early__all__r16,0.1,0.3333333333333333,0.8333333333333334,0.98932384341637,0.5639976275207592,1,11
gemma_2_9b_it,compiler::lexical_binding::lexical_0109,lexical_binding,train,google/gemma-2-9b-it,full__all__r4,0.1,0.3333333333333333,1.0,0.99288256227758,0.6065539739027284,1,11
gemma_2_9b_it,compiler::lexical_binding::lexical_0109,lexical_binding,train,google/gemma-2-9b-it,late__all__r16,0.2,0.3333333333333333,1.0,0.98932384341637,0.6306642941874259,1,11
gemma_2_9b_it,compiler::lexical_binding::lexical_0109,lexical_binding,train,google/gemma-2-9b-it,middle__all__r16,0.1,0.3333333333333333,1.0,1.0,0.6083333333333333,1,11
gemma_2_9b_it,compiler::lexical_binding::lexical_0110,lexical_binding,train,google/gemma-2-9b-it,early__all__r16,0.0,0.0,0.6666666666666666,0.99644128113879,0.4157769869513641,1,11
gemma_2_9b_it,compiler::lexical_binding::lexical_0110,lexical_binding,train,google/gemma-2-9b-it,full__all__r4,0.2,0.1666666666666666,0.6666666666666666,0.99288256227758,0.5065539739027284,1,11
gemma_2_9b_it,compiler::lexical_binding::lexical_0110,lexical_binding,train,google/gemma-2-9b-it,late__all__r16,0.7,0.1666666666666666,0.6666666666666666,0.99288256227758,0.6315539739027284,1,11
gemma_2_9b_it,compiler::lexical_binding::lexical_0110,lexical_binding,train,google/gemma-2-9b-it,middle__all__r16,0.1,0.1666666666666666,0.6666666666666666,0.98932384341637,0.4806642941874258,1,11
gemma_2_9b_it,compiler::lexical_binding::lexical_0111,lexical_binding,train,google/gemma-2-9b-it,early__all__r16,0.0,0.1666666666666666,0.5,1.0,0.4166666666666667,1,11
gemma_2_9b_it,compiler::lexical_binding::lexical_0111,lexical_binding,train,google/gemma-2-9b-it,full__all__r4,0.1,0.3333333333333333,0.6666666666666666,0.99644128113879,0.5241103202846975,1,11
gemma_2_9b_it,compiler::lexical_binding::lexical_0111,lexical_binding,train,google/gemma-2-9b-it,late__all__r16,0.0,0.3333333333333333,0.6666666666666666,0.9786476868327402,0.494661921708185,1,11
gemma_2_9b_it,compiler::lexical_binding::lexical_0111,lexical_binding,train,google/gemma-2-9b-it,middle__all__r16,0.2,0.1666666666666666,0.6666666666666666,0.99644128113879,0.5074436536180308,1,11
gemma_2_9b_it,compiler::lexical_binding::lexical_0113,lexical_binding,train,google/gemma-2-9b-it,early__all__r16,0.0,0.0,1.0,1.0,0.5,1,11
gemma_2_9b_it,compiler::lexical_binding::lexical_0113,lexical_binding,train,google/gemma-2-9b-it,full__all__r4,0.3,0.3333333333333333,1.0,0.99644128113879,0.6574436536180308,1,11
gemma_2_9b_it,compiler::lexical_binding::lexical_0113,lexical_binding,train,google/gemma-2-9b-it,late__all__r16,0.2,0.1666666666666666,1.0,0.99644128113879,0.5907769869513642,1,11
gemma_2_9b_it,compiler::lexical_binding::lexical_0113,lexical_binding,train,google/gemma-2-9b-it,middle__all__r16,0.0,0.3333333333333333,1.0,1.0,0.5833333333333334,1,11
gemma_2_9b_it,compiler::lexical_binding::lexical_0115,lexical_binding,train,google/gemma-2-9b-it,early__all__r16,0.0,0.3333333333333333,0.5,0.99288256227758,0.4565539739027283,1,11
gemma_2_9b_it,compiler::lexical_binding::lexical_0115,lexical_binding,train,google/gemma-2-9b-it,full__all__r4,0.1,0.3333333333333333,0.6666666666666666,1.0,0.525,1,11
gemma_2_9b_it,compiler::lexical_binding::lexical_0115,lexical_binding,train,google/gemma-2-9b-it,late__all__r16,0.6000000000000001,0.1666666666666666,0.6666666666666666,0.9786476868327402,0.6029952550415184,1,11
gemma_2_9b_it,compiler::lexical_binding::lexical_0115,lexical_binding,train,google/gemma-2-9b-it,middle__all__r16,0.1,0.0,0.6666666666666666,0.99644128113879,0.4407769869513642,1,11
gemma_2_9b_it,compiler::lexical_binding::lexical_0117,lexical_binding,train,google/gemma-2-9b-it,early__all__r16,0.2,0.0,1.0,0.98932384341637,0.5473309608540925,1,11
gemma_2_9b_it,compiler::lexical_binding::lexical_0117,lexical_binding,train,google/gemma-2-9b-it,full__all__r4,0.6,0.3333333333333333,1.0,1.0,0.7333333333333333,1,11
gemma_2_9b_it,compiler::lexical_binding::lexical_0117,lexical_binding,train,google/gemma-2-9b-it,late__all__r16,0.3,0.3333333333333333,1.0,0.9715302491103204,0.6512158956109134,1,11
gemma_2_9b_it,compiler::lexical_binding::lexical_0117,lexical_binding,train,google/gemma-2-9b-it,middle__all__r16,0.3,0.3333333333333333,1.0,1.0,0.6583333333333333,1,11
gemma_2_9b_it,compiler::lexical_binding::lexical_0119,lexical_binding,train,google/gemma-2-9b-it,early__all__r16,0.0,0.1666666666666666,0.6666666666666666,0.9786476868327402,0.4529952550415184,1,11
gemma_2_9b_it,compiler::lexical_binding::lexical_0119,lexical_binding,train,google/gemma-2-9b-it,full__all__r4,0.2,0.1666666666666666,0.6666666666666666,1.0,0.5083333333333333,1,11
gemma_2_9b_it,compiler::lexical_binding::lexical_0119,lexical_binding,train,google/gemma-2-9b-it,late__all__r16,0.4,0.1666666666666666,0.6666666666666666,0.98220640569395,0.5538849347568209,1,11
gemma_2_9b_it,compiler::lexical_binding::lexical_0119,lexical_binding,train,google/gemma-2-9b-it,middle__all__r16,0.2,0.3333333333333333,0.8333333333333334,0.99288256227758,0.5898873072360618,1,11
gemma_2_9b_it,compiler::procedural_reasoning::procedural_0000,procedural_reasoning,train,google/gemma-2-9b-it,early__all__r16,0.0,0.0,0.0,0.99644128113879,0.2491103202846975,1,11
gemma_2_9b_it,compiler::procedural_reasoning::procedural_0000,procedural_reasoning,train,google/gemma-2-9b-it,full__all__r4,0.0,0.0,0.1666666666666666,0.99288256227758,0.2898873072360617,1,11
gemma_2_9b_it,compiler::procedural_reasoning::procedural_0000,procedural_reasoning,train,google/gemma-2-9b-it,late__all__r16,0.0,0.0,0.1666666666666666,0.9644128113879004,0.2827698695136417,1,11
gemma_2_9b_it,compiler::procedural_reasoning::procedural_0000,procedural_reasoning,train,google/gemma-2-9b-it,middle__all__r16,0.0,0.0,0.1666666666666666,0.99644128113879,0.2907769869513641,1,11
gemma_2_9b_it,compiler::procedural_reasoning::procedural_0001,procedural_reasoning,train,google/gemma-2-9b-it,early__all__r16,0.0,0.0,0.0,0.98932384341637,0.2473309608540925,1,11
gemma_2_9b_it,compiler::procedural_reasoning::procedural_0001,procedural_reasoning,train,google/gemma-2-9b-it,full__all__r4,0.0,0.0,0.0,0.9857651245551602,0.24644128113879,1,11
gemma_2_9b_it,compiler::procedural_reasoning::procedural_0001,procedural_reasoning,train,google/gemma-2-9b-it,late__all__r16,0.1,0.0,0.5,0.9608540925266904,0.3902135231316726,1,11
gemma_2_9b_it,compiler::procedural_reasoning::procedural_0001,procedural_reasoning,train,google/gemma-2-9b-it,middle__all__r16,0.1,0.0,0.1666666666666666,0.98932384341637,0.3139976275207592,1,11
gemma_2_9b_it,compiler::procedural_reasoning::procedural_0002,procedural_reasoning,train,google/gemma-2-9b-it,early__all__r16,0.0,0.0,0.0,1.0,0.25,1,11
gemma_2_9b_it,compiler::procedural_reasoning::procedural_0002,procedural_reasoning,train,google/gemma-2-9b-it,full__all__r4,0.0,0.0,0.0,0.99288256227758,0.248220640569395,1,11
gemma_2_9b_it,compiler::procedural_reasoning::procedural_0002,procedural_reasoning,train,google/gemma-2-9b-it,late__all__r16,0.0,0.0,0.0,0.9679715302491104,0.2419928825622775,1,11
gemma_2_9b_it,compiler::procedural_reasoning::procedural_0002,procedural_reasoning,train,google/gemma-2-9b-it,middle__all__r16,0.0,0.0,0.0,0.99288256227758,0.248220640569395,1,11
gemma_2_9b_it,compiler::procedural_reasoning::procedural_0003,procedural_reasoning,train,google/gemma-2-9b-it,early__all__r16,0.0,0.0,0.0,1.0,0.25,1,11
gemma_2_9b_it,compiler::procedural_reasoning::procedural_0003,procedural_reasoning,train,google/gemma-2-9b-it,full__all__r4,0.0,0.0,0.5,0.99644128113879,0.3741103202846975,1,11
gemma_2_9b_it,compiler::procedural_reasoning::procedural_0003,procedural_reasoning,train,google/gemma-2-9b-it,late__all__r16,0.0,0.0,0.5,0.9679715302491104,0.3669928825622776,1,11
gemma_2_9b_it,compiler::procedural_reasoning::procedural_0003,procedural_reasoning,train,google/gemma-2-9b-it,middle__all__r16,0.0,0.0,0.0,0.99644128113879,0.2491103202846975,1,11
gemma_2_9b_it,compiler::procedural_reasoning::procedural_0004,procedural_reasoning,train,google/gemma-2-9b-it,early__all__r16,0.0,0.0,0.0,1.0,0.25,1,11
gemma_2_9b_it,compiler::procedural_reasoning::procedural_0004,procedural_reasoning,train,google/gemma-2-9b-it,full__all__r4,0.0,0.0,0.1666666666666666,0.99288256227758,0.2898873072360617,1,11
gemma_2_9b_it,compiler::procedural_reasoning::procedural_0004,procedural_reasoning,train,google/gemma-2-9b-it,late__all__r16,0.0,0.0,0.0,0.9644128113879004,0.2411032028469751,1,11
gemma_2_9b_it,compiler::procedural_reasoning::procedural_0004,procedural_reasoning,train,google/gemma-2-9b-it,middle__all__r16,0.0,0.0,0.0,0.99288256227758,0.248220640569395,1,11
gemma_2_9b_it,compiler::procedural_reasoning::procedural_0005,procedural_reasoning,train,google/gemma-2-9b-it,early__all__r16,0.0,0.0,0.0,1.0,0.25,1,11
gemma_2_9b_it,compiler::procedural_reasoning::procedural_0005,procedural_reasoning,train,google/gemma-2-9b-it,full__all__r4,0.0,0.0,0.3333333333333333,0.99288256227758,0.3315539739027283,1,11
gemma_2_9b_it,compiler::procedural_reasoning::procedural_0005,procedural_reasoning,train,google/gemma-2-9b-it,late__all__r16,0.0,0.0,0.0,0.9644128113879004,0.2411032028469751,1,11
gemma_2_9b_it,compiler::procedural_reasoning::procedural_0005,procedural_reasoning,train,google/gemma-2-9b-it,middle__all__r16,0.1,0.0,0.1666666666666666,0.99288256227758,0.3148873072360617,1,11
gemma_2_9b_it,compiler::procedural_reasoning::procedural_0006,procedural_reasoning,train,google/gemma-2-9b-it,early__all__r16,0.0,0.0,0.0,1.0,0.25,1,11
gemma_2_9b_it,compiler::procedural_reasoning::procedural_0006,procedural_reasoning,train,google/gemma-2-9b-it,full__all__r4,0.0,0.0,0.0,0.99288256227758,0.248220640569395,1,11
gemma_2_9b_it,compiler::procedural_reasoning::procedural_0006,procedural_reasoning,train,google/gemma-2-9b-it,late__all__r16,0.0,0.0,0.5,0.9679715302491104,0.3669928825622776,1,11
gemma_2_9b_it,compiler::procedural_reasoning::procedural_0006,procedural_reasoning,train,google/gemma-2-9b-it,middle__all__r16,0.0,0.0,0.0,0.98220640569395,0.2455516014234875,1,11
gemma_2_9b_it,compiler::procedural_reasoning::procedural_0009,procedural_reasoning,train,google/gemma-2-9b-it,early__all__r16,0.0,0.0,0.0,1.0,0.25,1,11
gemma_2_9b_it,compiler::procedural_reasoning::procedural_0009,procedural_reasoning,train,google/gemma-2-9b-it,full__all__r4,0.0,0.0,0.1666666666666666,0.99288256227758,0.2898873072360617,1,11
gemma_2_9b_it,compiler::procedural_reasoning::procedural_0009,procedural_reasoning,train,google/gemma-2-9b-it,late__all__r16,0.0,0.0,0.0,0.9715302491103204,0.24288256227758,1,11
gemma_2_9b_it,compiler::procedural_reasoning::procedural_0009,procedural_reasoning,train,google/gemma-2-9b-it,middle__all__r16,0.1,0.0,0.1666666666666666,0.98220640569395,0.3122182680901542,1,11
gemma_2_9b_it,compiler::procedural_reasoning::procedural_0010,procedural_reasoning,train,google/gemma-2-9b-it,early__all__r16,0.0,0.0,0.0,1.0,0.25,1,11
gemma_2_9b_it,compiler::procedural_reasoning::procedural_0010,procedural_reasoning,train,google/gemma-2-9b-it,full__all__r4,0.0,0.0,0.1666666666666666,0.99644128113879,0.2907769869513641,1,11
gemma_2_9b_it,compiler::procedural_reasoning::procedural_0010,procedural_reasoning,train,google/gemma-2-9b-it,late__all__r16,0.0,0.0,0.1666666666666666,0.9644128113879004,0.2827698695136417,1,11
gemma_2_9b_it,compiler::procedural_reasoning::procedural_0010,procedural_reasoning,train,google/gemma-2-9b-it,middle__all__r16,0.0,0.0,0.0,0.99644128113879,0.2491103202846975,1,11
gemma_2_9b_it,compiler::procedural_reasoning::procedural_0012,procedural_reasoning,train,google/gemma-2-9b-it,early__all__r16,0.0,0.0,0.0,0.99644128113879,0.2491103202846975,1,11
gemma_2_9b_it,compiler::procedural_reasoning::procedural_0012,procedural_reasoning,train,google/gemma-2-9b-it,full__all__r4,0.1,0.0,0.0,0.98932384341637,0.2723309608540925,1,11
gemma_2_9b_it,compiler::procedural_reasoning::procedural_0012,procedural_reasoning,train,google/gemma-2-9b-it,late__all__r16,0.2,0.0,0.1666666666666666,0.9715302491103204,0.3345492289442467,1,11
gemma_2_9b_it,compiler::procedural_reasoning::procedural_0012,procedural_reasoning,train,google/gemma-2-9b-it,middle__all__r16,0.1,0.0,0.0,0.99644128113879,0.2741103202846975,1,11
gemma_2_9b_it,compiler::procedural_reasoning::procedural_0013,procedural_reasoning,train,google/gemma-2-9b-it,early__all__r16,0.0,0.0,0.0,1.0,0.25,1,11
gemma_2_9b_it,compiler::procedural_reasoning::procedural_0013,procedural_reasoning,train,google/gemma-2-9b-it,full__all__r4,0.1,0.0,0.1666666666666666,0.99644128113879,0.3157769869513642,1,11
gemma_2_9b_it,compiler::procedural_reasoning::procedural_0013,procedural_reasoning,train,google/gemma-2-9b-it,late__all__r16,0.0,0.0,0.0,0.9644128113879004,0.2411032028469751,1,11
gemma_2_9b_it,compiler::procedural_reasoning::procedural_0013,procedural_reasoning,train,google/gemma-2-9b-it,middle__all__r16,0.0,0.0,0.0,0.99644128113879,0.2491103202846975,1,11
gemma_2_9b_it,compiler::procedural_reasoning::procedural_0016,procedural_reasoning,train,google/gemma-2-9b-it,early__all__r16,0.0,0.0,0.0,0.99644128113879,0.2491103202846975,1,11
gemma_2_9b_it,compiler::procedural_reasoning::procedural_0016,procedural_reasoning,train,google/gemma-2-9b-it,full__all__r4,0.0,0.0,0.1666666666666666,0.99644128113879,0.2907769869513641,1,11
gemma_2_9b_it,compiler::procedural_reasoning::procedural_0016,procedural_reasoning,train,google/gemma-2-9b-it,late__all__r16,0.0,0.0,0.1666666666666666,0.9679715302491104,0.2836595492289442,1,11
gemma_2_9b_it,compiler::procedural_reasoning::procedural_0016,procedural_reasoning,train,google/gemma-2-9b-it,middle__all__r16,0.0,0.0,0.1666666666666666,0.99644128113879,0.2907769869513641,1,11
gemma_2_9b_it,compiler::procedural_reasoning::procedural_0017,procedural_reasoning,train,google/gemma-2-9b-it,early__all__r16,0.0,0.0,0.0,0.99288256227758,0.248220640569395,1,11
gemma_2_9b_it,compiler::procedural_reasoning::procedural_0017,procedural_reasoning,train,google/gemma-2-9b-it,full__all__r4,0.0,0.0,0.1666666666666666,0.99288256227758,0.2898873072360617,1,11
gemma_2_9b_it,compiler::procedural_reasoning::procedural_0017,procedural_reasoning,train,google/gemma-2-9b-it,late__all__r16,0.0,0.0,0.0,0.9750889679715302,0.2437722419928825,1,11
gemma_2_9b_it,compiler::procedural_reasoning::procedural_0017,procedural_reasoning,train,google/gemma-2-9b-it,middle__all__r16,0.1,0.0,0.1666666666666666,0.99644128113879,0.3157769869513642,1,11
gemma_2_9b_it,compiler::procedural_reasoning::procedural_0018,procedural_reasoning,train,google/gemma-2-9b-it,early__all__r16,0.0,0.0,0.0,1.0,0.25,1,11
gemma_2_9b_it,compiler::procedural_reasoning::procedural_0018,procedural_reasoning,train,google/gemma-2-9b-it,full__all__r4,0.0,0.0,0.1666666666666666,0.9786476868327402,0.2863285883748517,1,11
gemma_2_9b_it,compiler::procedural_reasoning::procedural_0018,procedural_reasoning,train,google/gemma-2-9b-it,late__all__r16,0.0,0.0,0.1666666666666666,0.9679715302491104,0.2836595492289442,1,11
gemma_2_9b_it,compiler::procedural_reasoning::procedural_0018,procedural_reasoning,train,google/gemma-2-9b-it,middle__all__r16,0.0,0.0,0.3333333333333333,0.99288256227758,0.3315539739027283,1,11
gemma_2_9b_it,compiler::procedural_reasoning::procedural_0020,procedural_reasoning,train,google/gemma-2-9b-it,early__all__r16,0.0,0.0,0.0,1.0,0.25,1,11
gemma_2_9b_it,compiler::procedural_reasoning::procedural_0020,procedural_reasoning,train,google/gemma-2-9b-it,full__all__r4,0.0,0.0,0.0,0.99644128113879,0.2491103202846975,1,11
gemma_2_9b_it,compiler::procedural_reasoning::procedural_0020,procedural_reasoning,train,google/gemma-2-9b-it,late__all__r16,0.0,0.0,0.1666666666666666,0.9679715302491104,0.2836595492289442,1,11
gemma_2_9b_it,compiler::procedural_reasoning::procedural_0020,procedural_reasoning,train,google/gemma-2-9b-it,middle__all__r16,0.0,0.0,0.1666666666666666,1.0,0.2916666666666667,1,11
gemma_2_9b_it,compiler::procedural_reasoning::procedural_0022,procedural_reasoning,train,google/gemma-2-9b-it,early__all__r16,0.0,0.0,0.0,1.0,0.25,1,11
gemma_2_9b_it,compiler::procedural_reasoning::procedural_0022,procedural_reasoning,train,google/gemma-2-9b-it,full__all__r4,0.0,0.0,0.1666666666666666,0.99644128113879,0.2907769869513641,1,11
gemma_2_9b_it,compiler::procedural_reasoning::procedural_0022,procedural_reasoning,train,google/gemma-2-9b-it,late__all__r16,0.0,0.0,0.3333333333333333,0.9679715302491104,0.3253262158956109,1,11
gemma_2_9b_it,compiler::procedural_reasoning::procedural_0022,procedural_reasoning,train,google/gemma-2-9b-it,middle__all__r16,0.0,0.0,0.0,1.0,0.25,1,11
gemma_2_9b_it,compiler::procedural_reasoning::procedural_0023,procedural_reasoning,train,google/gemma-2-9b-it,early__all__r16,0.0,0.0,0.0,1.0,0.25,1,11
gemma_2_9b_it,compiler::procedural_reasoning::procedural_0023,procedural_reasoning,train,google/gemma-2-9b-it,full__all__r4,0.0,0.0,0.6666666666666666,0.99288256227758,0.4148873072360617,1,11
gemma_2_9b_it,compiler::procedural_reasoning::procedural_0023,procedural_reasoning,train,google/gemma-2-9b-it,late__all__r16,0.0,0.0,0.1666666666666666,0.9572953736654805,0.2809905100830367,1,11
gemma_2_9b_it,compiler::procedural_reasoning::procedural_0023,procedural_reasoning,train,google/gemma-2-9b-it,middle__all__r16,0.0,0.0,0.0,0.99644128113879,0.2491103202846975,1,11
gemma_2_9b_it,compiler::procedural_reasoning::procedural_0024,procedural_reasoning,train,google/gemma-2-9b-it,early__all__r16,0.0,0.0,0.0,1.0,0.25,1,11
gemma_2_9b_it,compiler::procedural_reasoning::procedural_0024,procedural_reasoning,train,google/gemma-2-9b-it,full__all__r4,0.0,0.0,0.3333333333333333,0.9857651245551602,0.3297746144721233,1,11
gemma_2_9b_it,compiler::procedural_reasoning::procedural_0024,procedural_reasoning,train,google/gemma-2-9b-it,late__all__r16,0.0,0.0,0.0,0.9715302491103204,0.24288256227758,1,11
gemma_2_9b_it,compiler::procedural_reasoning::procedural_0024,procedural_reasoning,train,google/gemma-2-9b-it,middle__all__r16,0.0,0.0,0.0,0.99288256227758,0.248220640569395,1,11
gemma_2_9b_it,compiler::procedural_reasoning::procedural_0025,procedural_reasoning,train,google/gemma-2-9b-it,early__all__r16,0.0,0.0,0.0,1.0,0.25,1,11
gemma_2_9b_it,compiler::procedural_reasoning::procedural_0025,procedural_reasoning,train,google/gemma-2-9b-it,full__all__r4,0.0,0.0,0.0,0.99288256227758,0.248220640569395,1,11
gemma_2_9b_it,compiler::procedural_reasoning::procedural_0025,procedural_reasoning,train,google/gemma-2-9b-it,late__all__r16,0.0,0.0,0.0,0.9608540925266904,0.2402135231316726,1,11
gemma_2_9b_it,compiler::procedural_reasoning::procedural_0025,procedural_reasoning,train,google/gemma-2-9b-it,middle__all__r16,0.1,0.0,0.0,0.99644128113879,0.2741103202846975,1,11
gemma_2_9b_it,compiler::procedural_reasoning::procedural_0026,procedural_reasoning,train,google/gemma-2-9b-it,early__all__r16,0.0,0.0,0.0,0.99288256227758,0.248220640569395,1,11
gemma_2_9b_it,compiler::procedural_reasoning::procedural_0026,procedural_reasoning,train,google/gemma-2-9b-it,full__all__r4,0.0,0.0,0.1666666666666666,0.9786476868327402,0.2863285883748517,1,11
gemma_2_9b_it,compiler::procedural_reasoning::procedural_0026,procedural_reasoning,train,google/gemma-2-9b-it,late__all__r16,0.0,0.0,0.1666666666666666,0.9679715302491104,0.2836595492289442,1,11
gemma_2_9b_it,compiler::procedural_reasoning::procedural_0026,procedural_reasoning,train,google/gemma-2-9b-it,middle__all__r16,0.1,0.0,0.3333333333333333,0.98932384341637,0.3556642941874258,1,11
gemma_2_9b_it,compiler::procedural_reasoning::procedural_0028,procedural_reasoning,train,google/gemma-2-9b-it,early__all__r16,0.0,0.0,0.0,1.0,0.25,1,11
gemma_2_9b_it,compiler::procedural_reasoning::procedural_0028,procedural_reasoning,train,google/gemma-2-9b-it,full__all__r4,0.0,0.0,0.3333333333333333,0.98220640569395,0.3288849347568208,1,11
gemma_2_9b_it,compiler::procedural_reasoning::procedural_0028,procedural_reasoning,train,google/gemma-2-9b-it,late__all__r16,0.0,0.0,0.1666666666666666,0.9537366548042704,0.2801008303677343,1,11
gemma_2_9b_it,compiler::procedural_reasoning::procedural_0028,procedural_reasoning,train,google/gemma-2-9b-it,middle__all__r16,0.0,0.0,0.1666666666666666,0.99288256227758,0.2898873072360617,1,11
gemma_2_9b_it,compiler::procedural_reasoning::procedural_0029,procedural_reasoning,train,google/gemma-2-9b-it,early__all__r16,0.0,0.0,0.0,1.0,0.25,1,11
gemma_2_9b_it,compiler::procedural_reasoning::procedural_0029,procedural_reasoning,train,google/gemma-2-9b-it,full__all__r4,0.0,0.0,0.0,0.98932384341637,0.2473309608540925,1,11
gemma_2_9b_it,compiler::procedural_reasoning::procedural_0029,procedural_reasoning,train,google/gemma-2-9b-it,late__all__r16,0.1,0.0,0.0,0.9750889679715302,0.2687722419928826,1,11
gemma_2_9b_it,compiler::procedural_reasoning::procedural_0029,procedural_reasoning,train,google/gemma-2-9b-it,middle__all__r16,0.0,0.0,0.1666666666666666,0.98220640569395,0.2872182680901542,1,11
gemma_2_9b_it,compiler::procedural_reasoning::procedural_0030,procedural_reasoning,train,google/gemma-2-9b-it,early__all__r16,0.0,0.0,0.0,0.99644128113879,0.2491103202846975,1,11
gemma_2_9b_it,compiler::procedural_reasoning::procedural_0030,procedural_reasoning,train,google/gemma-2-9b-it,full__all__r4,0.0,0.0,0.0,0.99644128113879,0.2491103202846975,1,11
gemma_2_9b_it,compiler::procedural_reasoning::procedural_0030,procedural_reasoning,train,google/gemma-2-9b-it,late__all__r16,0.0,0.0,0.1666666666666666,0.9644128113879004,0.2827698695136417,1,11
gemma_2_9b_it,compiler::procedural_reasoning::procedural_0030,procedural_reasoning,train,google/gemma-2-9b-it,middle__all__r16,0.0,0.0,0.0,0.99288256227758,0.248220640569395,1,11
gemma_2_9b_it,compiler::procedural_reasoning::procedural_0033,procedural_reasoning,train,google/gemma-2-9b-it,early__all__r16,0.0,0.0,0.0,1.0,0.25,1,11
gemma_2_9b_it,compiler::procedural_reasoning::procedural_0033,procedural_reasoning,train,google/gemma-2-9b-it,full__all__r4,0.1,0.0,0.3333333333333333,0.99644128113879,0.3574436536180308,1,11
gemma_2_9b_it,compiler::procedural_reasoning::procedural_0033,procedural_reasoning,train,google/gemma-2-9b-it,late__all__r16,0.1,0.0,0.1666666666666666,0.9608540925266904,0.3068801897983392,1,11
gemma_2_9b_it,compiler::procedural_reasoning::procedural_0033,procedural_reasoning,train,google/gemma-2-9b-it,middle__all__r16,0.1,0.0,0.0,0.99644128113879,0.2741103202846975,1,11
gemma_2_9b_it,compiler::procedural_reasoning::procedural_0034,procedural_reasoning,train,google/gemma-2-9b-it,early__all__r16,0.0,0.0,0.0,1.0,0.25,1,11
gemma_2_9b_it,compiler::procedural_reasoning::procedural_0034,procedural_reasoning,train,google/gemma-2-9b-it,full__all__r4,0.0,0.0,0.0,0.99644128113879,0.2491103202846975,1,11
gemma_2_9b_it,compiler::procedural_reasoning::procedural_0034,procedural_reasoning,train,google/gemma-2-9b-it,late__all__r16,0.0,0.0,0.0,0.9644128113879004,0.2411032028469751,1,11
gemma_2_9b_it,compiler::procedural_reasoning::procedural_0034,procedural_reasoning,train,google/gemma-2-9b-it,middle__all__r16,0.1,0.0,0.0,0.9857651245551602,0.27144128113879,1,11
gemma_2_9b_it,compiler::procedural_reasoning::procedural_0035,procedural_reasoning,train,google/gemma-2-9b-it,early__all__r16,0.0,0.0,0.0,1.0,0.25,1,11
gemma_2_9b_it,compiler::procedural_reasoning::procedural_0035,procedural_reasoning,train,google/gemma-2-9b-it,full__all__r4,0.0,0.0,0.3333333333333333,0.99288256227758,0.3315539739027283,1,11
gemma_2_9b_it,compiler::procedural_reasoning::procedural_0035,procedural_reasoning,train,google/gemma-2-9b-it,late__all__r16,0.0,0.0,0.1666666666666666,0.9466192170818504,0.2783214709371293,1,11
gemma_2_9b_it,compiler::procedural_reasoning::procedural_0035,procedural_reasoning,train,google/gemma-2-9b-it,middle__all__r16,0.1,0.0,0.1666666666666666,0.98932384341637,0.3139976275207592,1,11
gemma_2_9b_it,compiler::procedural_reasoning::procedural_0039,procedural_reasoning,train,google/gemma-2-9b-it,early__all__r16,0.0,0.0,0.0,1.0,0.25,1,11
gemma_2_9b_it,compiler::procedural_reasoning::procedural_0039,procedural_reasoning,train,google/gemma-2-9b-it,full__all__r4,0.0,0.0,0.3333333333333333,0.99288256227758,0.3315539739027283,1,11
gemma_2_9b_it,compiler::procedural_reasoning::procedural_0039,procedural_reasoning,train,google/gemma-2-9b-it,late__all__r16,0.0,0.0,0.3333333333333333,0.9715302491103204,0.3262158956109134,1,11
gemma_2_9b_it,compiler::procedural_reasoning::procedural_0039,procedural_reasoning,train,google/gemma-2-9b-it,middle__all__r16,0.0,0.0,0.1666666666666666,0.9786476868327402,0.2863285883748517,1,11
gemma_2_9b_it,compiler::procedural_reasoning::procedural_0042,procedural_reasoning,train,google/gemma-2-9b-it,early__all__r16,0.0,0.0,0.0,1.0,0.25,1,11
gemma_2_9b_it,compiler::procedural_reasoning::procedural_0042,procedural_reasoning,train,google/gemma-2-9b-it,full__all__r4,0.1,0.0,0.3333333333333333,0.98932384341637,0.3556642941874258,1,11
gemma_2_9b_it,compiler::procedural_reasoning::procedural_0042,procedural_reasoning,train,google/gemma-2-9b-it,late__all__r16,0.0,0.0,0.3333333333333333,0.9679715302491104,0.3253262158956109,1,11
gemma_2_9b_it,compiler::procedural_reasoning::procedural_0042,procedural_reasoning,train,google/gemma-2-9b-it,middle__all__r16,0.1,0.0,0.0,1.0,0.275,1,11
gemma_2_9b_it,compiler::procedural_reasoning::procedural_0044,procedural_reasoning,train,google/gemma-2-9b-it,early__all__r16,0.0,0.0,0.0,0.99644128113879,0.2491103202846975,1,11
gemma_2_9b_it,compiler::procedural_reasoning::procedural_0044,procedural_reasoning,train,google/gemma-2-9b-it,full__all__r4,0.0,0.0,0.3333333333333333,0.98932384341637,0.3306642941874259,1,11
gemma_2_9b_it,compiler::procedural_reasoning::procedural_0044,procedural_reasoning,train,google/gemma-2-9b-it,late__all__r16,0.0,0.0,0.0,0.9644128113879004,0.2411032028469751,1,11
gemma_2_9b_it,compiler::procedural_reasoning::procedural_0044,procedural_reasoning,train,google/gemma-2-9b-it,middle__all__r16,0.0,0.0,0.1666666666666666,0.98932384341637,0.2889976275207592,1,11
gemma_2_9b_it,compiler::procedural_reasoning::procedural_0045,procedural_reasoning,train,google/gemma-2-9b-it,early__all__r16,0.0,0.0,0.0,1.0,0.25,1,11
gemma_2_9b_it,compiler::procedural_reasoning::procedural_0045,procedural_reasoning,train,google/gemma-2-9b-it,full__all__r4,0.1,0.0,0.3333333333333333,0.99288256227758,0.3565539739027283,1,11
gemma_2_9b_it,compiler::procedural_reasoning::procedural_0045,procedural_reasoning,train,google/gemma-2-9b-it,late__all__r16,0.0,0.0,0.3333333333333333,0.9572953736654805,0.3226571767497034,1,11
gemma_2_9b_it,compiler::procedural_reasoning::procedural_0045,procedural_reasoning,train,google/gemma-2-9b-it,middle__all__r16,0.1,0.0,0.1666666666666666,0.99288256227758,0.3148873072360617,1,11
gemma_2_9b_it,compiler::procedural_reasoning::procedural_0046,procedural_reasoning,train,google/gemma-2-9b-it,early__all__r16,0.0,0.0,0.0,0.99644128113879,0.2491103202846975,1,11
gemma_2_9b_it,compiler::procedural_reasoning::procedural_0046,procedural_reasoning,train,google/gemma-2-9b-it,full__all__r4,0.0,0.0,0.3333333333333333,0.99288256227758,0.3315539739027283,1,11
gemma_2_9b_it,compiler::procedural_reasoning::procedural_0046,procedural_reasoning,train,google/gemma-2-9b-it,late__all__r16,0.0,0.0,0.3333333333333333,0.9679715302491104,0.3253262158956109,1,11
gemma_2_9b_it,compiler::procedural_reasoning::procedural_0046,procedural_reasoning,train,google/gemma-2-9b-it,middle__all__r16,0.0,0.0,0.6666666666666666,0.98220640569395,0.4122182680901541,1,11
gemma_2_9b_it,compiler::procedural_reasoning::procedural_0048,procedural_reasoning,train,google/gemma-2-9b-it,early__all__r16,0.0,0.0,0.0,1.0,0.25,1,11
gemma_2_9b_it,compiler::procedural_reasoning::procedural_0048,procedural_reasoning,train,google/gemma-2-9b-it,full__all__r4,0.0,0.0,0.0,0.9857651245551602,0.24644128113879,1,11
gemma_2_9b_it,compiler::procedural_reasoning::procedural_0048,procedural_reasoning,train,google/gemma-2-9b-it,late__all__r16,0.0,0.0,0.0,0.9644128113879004,0.2411032028469751,1,11
gemma_2_9b_it,compiler::procedural_reasoning::procedural_0048,procedural_reasoning,train,google/gemma-2-9b-it,middle__all__r16,0.1,0.0,0.1666666666666666,0.99288256227758,0.3148873072360617,1,11
gemma_2_9b_it,compiler::procedural_reasoning::procedural_0049,procedural_reasoning,train,google/gemma-2-9b-it,early__all__r16,0.0,0.0,0.0,1.0,0.25,1,11
gemma_2_9b_it,compiler::procedural_reasoning::procedural_0049,procedural_reasoning,train,google/gemma-2-9b-it,full__all__r4,0.0,0.0,0.1666666666666666,0.99288256227758,0.2898873072360617,1,11
gemma_2_9b_it,compiler::procedural_reasoning::procedural_0049,procedural_reasoning,train,google/gemma-2-9b-it,late__all__r16,0.0,0.0,0.1666666666666666,0.9679715302491104,0.2836595492289442,1,11
gemma_2_9b_it,compiler::procedural_reasoning::procedural_0049,procedural_reasoning,train,google/gemma-2-9b-it,middle__all__r16,0.0,0.0,0.0,0.99644128113879,0.2491103202846975,1,11
gemma_2_9b_it,compiler::procedural_reasoning::procedural_0051,procedural_reasoning,train,google/gemma-2-9b-it,early__all__r16,0.0,0.0,0.0,0.99644128113879,0.2491103202846975,1,11
gemma_2_9b_it,compiler::procedural_reasoning::procedural_0051,procedural_reasoning,train,google/gemma-2-9b-it,full__all__r4,0.1,0.0,0.0,0.98932384341637,0.2723309608540925,1,11
gemma_2_9b_it,compiler::procedural_reasoning::procedural_0051,procedural_reasoning,train,google/gemma-2-9b-it,late__all__r16,0.0,0.0,0.5,0.9537366548042704,0.3634341637010676,1,11
gemma_2_9b_it,compiler::procedural_reasoning::procedural_0051,procedural_reasoning,train,google/gemma-2-9b-it,middle__all__r16,0.1,0.0,0.1666666666666666,0.99288256227758,0.3148873072360617,1,11
gemma_2_9b_it,compiler::procedural_reasoning::procedural_0052,procedural_reasoning,train,google/gemma-2-9b-it,early__all__r16,0.0,0.0,0.0,1.0,0.25,1,11
gemma_2_9b_it,compiler::procedural_reasoning::procedural_0052,procedural_reasoning,train,google/gemma-2-9b-it,full__all__r4,0.0,0.0,0.1666666666666666,0.99288256227758,0.2898873072360617,1,11
gemma_2_9b_it,compiler::procedural_reasoning::procedural_0052,procedural_reasoning,train,google/gemma-2-9b-it,late__all__r16,0.0,0.0,0.1666666666666666,0.9679715302491104,0.2836595492289442,1,11
gemma_2_9b_it,compiler::procedural_reasoning::procedural_0052,procedural_reasoning,train,google/gemma-2-9b-it,middle__all__r16,0.1,0.0,0.0,0.99644128113879,0.2741103202846975,1,11
gemma_2_9b_it,compiler::procedural_reasoning::procedural_0053,procedural_reasoning,train,google/gemma-2-9b-it,early__all__r16,0.0,0.0,0.0,1.0,0.25,1,11
gemma_2_9b_it,compiler::procedural_reasoning::procedural_0053,procedural_reasoning,train,google/gemma-2-9b-it,full__all__r4,0.1,0.0,0.3333333333333333,0.99644128113879,0.3574436536180308,1,11
gemma_2_9b_it,compiler::procedural_reasoning::procedural_0053,procedural_reasoning,train,google/gemma-2-9b-it,late__all__r16,0.0,0.0,0.3333333333333333,0.9572953736654805,0.3226571767497034,1,11
gemma_2_9b_it,compiler::procedural_reasoning::procedural_0053,procedural_reasoning,train,google/gemma-2-9b-it,middle__all__r16,0.0,0.0,0.0,0.99644128113879,0.2491103202846975,1,11
gemma_2_9b_it,compiler::procedural_reasoning::procedural_0054,procedural_reasoning,train,google/gemma-2-9b-it,early__all__r16,0.0,0.0,0.0,1.0,0.25,1,11
gemma_2_9b_it,compiler::procedural_reasoning::procedural_0054,procedural_reasoning,train,google/gemma-2-9b-it,full__all__r4,0.0,0.0,0.1666666666666666,0.9857651245551602,0.2881079478054567,1,11
gemma_2_9b_it,compiler::procedural_reasoning::procedural_0054,procedural_reasoning,train,google/gemma-2-9b-it,late__all__r16,0.0,0.0,0.0,0.9715302491103204,0.24288256227758,1,11
gemma_2_9b_it,compiler::procedural_reasoning::procedural_0054,procedural_reasoning,train,google/gemma-2-9b-it,middle__all__r16,0.0,0.0,0.0,0.99644128113879,0.2491103202846975,1,11
gemma_2_9b_it,compiler::procedural_reasoning::procedural_0056,procedural_reasoning,train,google/gemma-2-9b-it,early__all__r16,0.0,0.0,0.0,0.98932384341637,0.2473309608540925,1,11
gemma_2_9b_it,compiler::procedural_reasoning::procedural_0056,procedural_reasoning,train,google/gemma-2-9b-it,full__all__r4,0.0,0.0,0.5,0.98932384341637,0.3723309608540925,1,11
gemma_2_9b_it,compiler::procedural_reasoning::procedural_0056,procedural_reasoning,train,google/gemma-2-9b-it,late__all__r16,0.0,0.0,0.0,0.9679715302491104,0.2419928825622775,1,11
gemma_2_9b_it,compiler::procedural_reasoning::procedural_0056,procedural_reasoning,train,google/gemma-2-9b-it,middle__all__r16,0.0,0.0,0.0,0.98220640569395,0.2455516014234875,1,11
gemma_2_9b_it,compiler::procedural_reasoning::procedural_0058,procedural_reasoning,train,google/gemma-2-9b-it,early__all__r16,0.0,0.0,0.0,1.0,0.25,1,11
gemma_2_9b_it,compiler::procedural_reasoning::procedural_0058,procedural_reasoning,train,google/gemma-2-9b-it,full__all__r4,0.1,0.0,0.3333333333333333,0.9857651245551602,0.3547746144721234,1,11
gemma_2_9b_it,compiler::procedural_reasoning::procedural_0058,procedural_reasoning,train,google/gemma-2-9b-it,late__all__r16,0.0,0.0,0.1666666666666666,0.9572953736654805,0.2809905100830367,1,11
gemma_2_9b_it,compiler::procedural_reasoning::procedural_0058,procedural_reasoning,train,google/gemma-2-9b-it,middle__all__r16,0.0,0.0,0.1666666666666666,0.98932384341637,0.2889976275207592,1,11
gemma_2_9b_it,compiler::procedural_reasoning::procedural_0059,procedural_reasoning,train,google/gemma-2-9b-it,early__all__r16,0.0,0.0,0.0,1.0,0.25,1,11
gemma_2_9b_it,compiler::procedural_reasoning::procedural_0059,procedural_reasoning,train,google/gemma-2-9b-it,full__all__r4,0.0,0.0,0.1666666666666666,0.98932384341637,0.2889976275207592,1,11
gemma_2_9b_it,compiler::procedural_reasoning::procedural_0059,procedural_reasoning,train,google/gemma-2-9b-it,late__all__r16,0.0,0.0,0.1666666666666666,0.9679715302491104,0.2836595492289442,1,11
gemma_2_9b_it,compiler::procedural_reasoning::procedural_0059,procedural_reasoning,train,google/gemma-2-9b-it,middle__all__r16,0.0,0.0,0.0,0.98220640569395,0.2455516014234875,1,11
gemma_2_9b_it,compiler::procedural_reasoning::procedural_0060,procedural_reasoning,train,google/gemma-2-9b-it,early__all__r16,0.0,0.0,0.0,1.0,0.25,1,11
gemma_2_9b_it,compiler::procedural_reasoning::procedural_0060,procedural_reasoning,train,google/gemma-2-9b-it,full__all__r4,0.0,0.0,0.0,0.99644128113879,0.2491103202846975,1,11
gemma_2_9b_it,compiler::procedural_reasoning::procedural_0060,procedural_reasoning,train,google/gemma-2-9b-it,late__all__r16,0.0,0.0,0.1666666666666666,0.9679715302491104,0.2836595492289442,1,11
gemma_2_9b_it,compiler::procedural_reasoning::procedural_0060,procedural_reasoning,train,google/gemma-2-9b-it,middle__all__r16,0.1,0.0,0.0,0.99288256227758,0.273220640569395,1,11
gemma_2_9b_it,compiler::procedural_reasoning::procedural_0061,procedural_reasoning,train,google/gemma-2-9b-it,early__all__r16,0.0,0.0,0.0,1.0,0.25,1,11
gemma_2_9b_it,compiler::procedural_reasoning::procedural_0061,procedural_reasoning,train,google/gemma-2-9b-it,full__all__r4,0.0,0.0,0.0,0.98932384341637,0.2473309608540925,1,11
gemma_2_9b_it,compiler::procedural_reasoning::procedural_0061,procedural_reasoning,train,google/gemma-2-9b-it,late__all__r16,0.0,0.0,0.5,0.9608540925266904,0.3652135231316726,1,11
gemma_2_9b_it,compiler::procedural_reasoning::procedural_0061,procedural_reasoning,train,google/gemma-2-9b-it,middle__all__r16,0.1,0.0,0.0,0.98932384341637,0.2723309608540925,1,11
gemma_2_9b_it,compiler::procedural_reasoning::procedural_0065,procedural_reasoning,train,google/gemma-2-9b-it,early__all__r16,0.0,0.0,0.0,1.0,0.25,1,11
gemma_2_9b_it,compiler::procedural_reasoning::procedural_0065,procedural_reasoning,train,google/gemma-2-9b-it,full__all__r4,0.1,0.0,0.1666666666666666,0.99288256227758,0.3148873072360617,1,11
gemma_2_9b_it,compiler::procedural_reasoning::procedural_0065,procedural_reasoning,train,google/gemma-2-9b-it,late__all__r16,0.0,0.0,0.1666666666666666,0.9537366548042704,0.2801008303677343,1,11
gemma_2_9b_it,compiler::procedural_reasoning::procedural_0065,procedural_reasoning,train,google/gemma-2-9b-it,middle__all__r16,0.1,0.0,0.0,0.9857651245551602,0.27144128113879,1,11
gemma_2_9b_it,compiler::procedural_reasoning::procedural_0066,procedural_reasoning,train,google/gemma-2-9b-it,early__all__r16,0.0,0.0,0.0,1.0,0.25,1,11
gemma_2_9b_it,compiler::procedural_reasoning::procedural_0066,procedural_reasoning,train,google/gemma-2-9b-it,full__all__r4,0.1,0.0,0.0,0.9857651245551602,0.27144128113879,1,11
gemma_2_9b_it,compiler::procedural_reasoning::procedural_0066,procedural_reasoning,train,google/gemma-2-9b-it,late__all__r16,0.1,0.0,0.3333333333333333,0.9679715302491104,0.3503262158956109,1,11
gemma_2_9b_it,compiler::procedural_reasoning::procedural_0066,procedural_reasoning,train,google/gemma-2-9b-it,middle__all__r16,0.1,0.0,0.0,0.98220640569395,0.2705516014234875,1,11
gemma_2_9b_it,compiler::procedural_reasoning::procedural_0069,procedural_reasoning,train,google/gemma-2-9b-it,early__all__r16,0.0,0.0,0.0,1.0,0.25,1,11
gemma_2_9b_it,compiler::procedural_reasoning::procedural_0069,procedural_reasoning,train,google/gemma-2-9b-it,full__all__r4,0.0,0.0,0.3333333333333333,0.98932384341637,0.3306642941874259,1,11
gemma_2_9b_it,compiler::procedural_reasoning::procedural_0069,procedural_reasoning,train,google/gemma-2-9b-it,late__all__r16,0.0,0.0,0.1666666666666666,0.9679715302491104,0.2836595492289442,1,11
gemma_2_9b_it,compiler::procedural_reasoning::procedural_0069,procedural_reasoning,train,google/gemma-2-9b-it,middle__all__r16,0.0,0.0,0.0,0.98932384341637,0.2473309608540925,1,11
gemma_2_9b_it,compiler::procedural_reasoning::procedural_0070,procedural_reasoning,train,google/gemma-2-9b-it,early__all__r16,0.0,0.0,0.0,0.99288256227758,0.248220640569395,1,11
gemma_2_9b_it,compiler::procedural_reasoning::procedural_0070,procedural_reasoning,train,google/gemma-2-9b-it,full__all__r4,0.1,0.0,0.1666666666666666,0.99644128113879,0.3157769869513642,1,11
gemma_2_9b_it,compiler::procedural_reasoning::procedural_0070,procedural_reasoning,train,google/gemma-2-9b-it,late__all__r16,0.0,0.0,0.0,0.9608540925266904,0.2402135231316726,1,11
gemma_2_9b_it,compiler::procedural_reasoning::procedural_0070,procedural_reasoning,train,google/gemma-2-9b-it,middle__all__r16,0.1,0.0,0.0,0.99644128113879,0.2741103202846975,1,11
gemma_2_9b_it,compiler::procedural_reasoning::procedural_0071,procedural_reasoning,train,google/gemma-2-9b-it,early__all__r16,0.0,0.0,0.0,1.0,0.25,1,11
gemma_2_9b_it,compiler::procedural_reasoning::procedural_0071,procedural_reasoning,train,google/gemma-2-9b-it,full__all__r4,0.0,0.0,0.0,0.99288256227758,0.248220640569395,1,11
gemma_2_9b_it,compiler::procedural_reasoning::procedural_0071,procedural_reasoning,train,google/gemma-2-9b-it,late__all__r16,0.0,0.0,0.5,0.9644128113879004,0.366103202846975,1,11
gemma_2_9b_it,compiler::procedural_reasoning::procedural_0071,procedural_reasoning,train,google/gemma-2-9b-it,middle__all__r16,0.0,0.0,0.5,0.99644128113879,0.3741103202846975,1,11
gemma_2_9b_it,compiler::procedural_reasoning::procedural_0072,procedural_reasoning,train,google/gemma-2-9b-it,early__all__r16,0.0,0.0,0.0,1.0,0.25,1,11
gemma_2_9b_it,compiler::procedural_reasoning::procedural_0072,procedural_reasoning,train,google/gemma-2-9b-it,full__all__r4,0.0,0.0,0.0,0.9857651245551602,0.24644128113879,1,11
gemma_2_9b_it,compiler::procedural_reasoning::procedural_0072,procedural_reasoning,train,google/gemma-2-9b-it,late__all__r16,0.0,0.0,0.3333333333333333,0.9644128113879004,0.3244365361803084,1,11
gemma_2_9b_it,compiler::procedural_reasoning::procedural_0072,procedural_reasoning,train,google/gemma-2-9b-it,middle__all__r16,0.1,0.0,0.0,0.99644128113879,0.2741103202846975,1,11
gemma_2_9b_it,compiler::procedural_reasoning::procedural_0073,procedural_reasoning,train,google/gemma-2-9b-it,early__all__r16,0.0,0.0,0.0,1.0,0.25,1,11
gemma_2_9b_it,compiler::procedural_reasoning::procedural_0073,procedural_reasoning,train,google/gemma-2-9b-it,full__all__r4,0.0,0.0,0.3333333333333333,0.99644128113879,0.3324436536180308,1,11
gemma_2_9b_it,compiler::procedural_reasoning::procedural_0073,procedural_reasoning,train,google/gemma-2-9b-it,late__all__r16,0.0,0.0,0.1666666666666666,0.9679715302491104,0.2836595492289442,1,11
gemma_2_9b_it,compiler::procedural_reasoning::procedural_0073,procedural_reasoning,train,google/gemma-2-9b-it,middle__all__r16,0.0,0.0,0.0,0.99644128113879,0.2491103202846975,1,11
gemma_2_9b_it,compiler::procedural_reasoning::procedural_0074,procedural_reasoning,train,google/gemma-2-9b-it,early__all__r16,0.0,0.0,0.0,1.0,0.25,1,11
gemma_2_9b_it,compiler::procedural_reasoning::procedural_0074,procedural_reasoning,train,google/gemma-2-9b-it,full__all__r4,0.0,0.0,0.1666666666666666,0.9857651245551602,0.2881079478054567,1,11
gemma_2_9b_it,compiler::procedural_reasoning::procedural_0074,procedural_reasoning,train,google/gemma-2-9b-it,late__all__r16,0.0,0.0,0.1666666666666666,0.9679715302491104,0.2836595492289442,1,11
gemma_2_9b_it,compiler::procedural_reasoning::procedural_0074,procedural_reasoning,train,google/gemma-2-9b-it,middle__all__r16,0.0,0.0,0.0,0.9857651245551602,0.24644128113879,1,11
gemma_2_9b_it,compiler::procedural_reasoning::procedural_0076,procedural_reasoning,train,google/gemma-2-9b-it,early__all__r16,0.0,0.0,0.0,0.99644128113879,0.2491103202846975,1,11
gemma_2_9b_it,compiler::procedural_reasoning::procedural_0076,procedural_reasoning,train,google/gemma-2-9b-it,full__all__r4,0.1,0.0,0.1666666666666666,0.98932384341637,0.3139976275207592,1,11
gemma_2_9b_it,compiler::procedural_reasoning::procedural_0076,procedural_reasoning,train,google/gemma-2-9b-it,late__all__r16,0.0,0.0,0.5,0.9679715302491104,0.3669928825622776,1,11
gemma_2_9b_it,compiler::procedural_reasoning::procedural_0076,procedural_reasoning,train,google/gemma-2-9b-it,middle__all__r16,0.1,0.0,0.1666666666666666,0.98932384341637,0.3139976275207592,1,11
gemma_2_9b_it,compiler::procedural_reasoning::procedural_0078,procedural_reasoning,train,google/gemma-2-9b-it,early__all__r16,0.0,0.0,0.0,1.0,0.25,1,11
gemma_2_9b_it,compiler::procedural_reasoning::procedural_0078,procedural_reasoning,train,google/gemma-2-9b-it,full__all__r4,0.1,0.0,0.1666666666666666,0.9857651245551602,0.3131079478054567,1,11
gemma_2_9b_it,compiler::procedural_reasoning::procedural_0078,procedural_reasoning,train,google/gemma-2-9b-it,late__all__r16,0.0,0.0,0.3333333333333333,0.9608540925266904,0.3235468564650059,1,11
gemma_2_9b_it,compiler::procedural_reasoning::procedural_0078,procedural_reasoning,train,google/gemma-2-9b-it,middle__all__r16,0.1,0.0,0.1666666666666666,1.0,0.3166666666666666,1,11
gemma_2_9b_it,compiler::procedural_reasoning::procedural_0079,procedural_reasoning,train,google/gemma-2-9b-it,early__all__r16,0.0,0.0,0.0,0.99288256227758,0.248220640569395,1,11
gemma_2_9b_it,compiler::procedural_reasoning::procedural_0079,procedural_reasoning,train,google/gemma-2-9b-it,full__all__r4,0.1,0.0,0.3333333333333333,0.99644128113879,0.3574436536180308,1,11
gemma_2_9b_it,compiler::procedural_reasoning::procedural_0079,procedural_reasoning,train,google/gemma-2-9b-it,late__all__r16,0.1,0.0,0.0,0.9750889679715302,0.2687722419928826,1,11
gemma_2_9b_it,compiler::procedural_reasoning::procedural_0079,procedural_reasoning,train,google/gemma-2-9b-it,middle__all__r16,0.0,0.0,0.1666666666666666,0.98220640569395,0.2872182680901542,1,11
gemma_2_9b_it,compiler::procedural_reasoning::procedural_0081,procedural_reasoning,train,google/gemma-2-9b-it,early__all__r16,0.0,0.0,0.0,0.9857651245551602,0.24644128113879,1,11
gemma_2_9b_it,compiler::procedural_reasoning::procedural_0081,procedural_reasoning,train,google/gemma-2-9b-it,full__all__r4,0.0,0.0,0.3333333333333333,0.9857651245551602,0.3297746144721233,1,11
gemma_2_9b_it,compiler::procedural_reasoning::procedural_0081,procedural_reasoning,train,google/gemma-2-9b-it,late__all__r16,0.1,0.0,0.1666666666666666,0.9608540925266904,0.3068801897983392,1,11
gemma_2_9b_it,compiler::procedural_reasoning::procedural_0081,procedural_reasoning,train,google/gemma-2-9b-it,middle__all__r16,0.0,0.0,0.6666666666666666,0.98932384341637,0.4139976275207592,1,11
gemma_2_9b_it,compiler::procedural_reasoning::procedural_0082,procedural_reasoning,train,google/gemma-2-9b-it,early__all__r16,0.0,0.0,0.0,1.0,0.25,1,11
gemma_2_9b_it,compiler::procedural_reasoning::procedural_0082,procedural_reasoning,train,google/gemma-2-9b-it,full__all__r4,0.0,0.0,0.1666666666666666,0.99288256227758,0.2898873072360617,1,11
gemma_2_9b_it,compiler::procedural_reasoning::procedural_0082,procedural_reasoning,train,google/gemma-2-9b-it,late__all__r16,0.0,0.0,0.3333333333333333,0.9679715302491104,0.3253262158956109,1,11
gemma_2_9b_it,compiler::procedural_reasoning::procedural_0082,procedural_reasoning,train,google/gemma-2-9b-it,middle__all__r16,0.1,0.0,0.0,1.0,0.275,1,11
gemma_2_9b_it,compiler::procedural_reasoning::procedural_0083,procedural_reasoning,train,google/gemma-2-9b-it,early__all__r16,0.0,0.0,0.0,0.99644128113879,0.2491103202846975,1,11
gemma_2_9b_it,compiler::procedural_reasoning::procedural_0083,procedural_reasoning,train,google/gemma-2-9b-it,full__all__r4,0.1,0.0,0.5,0.99644128113879,0.3991103202846975,1,11
gemma_2_9b_it,compiler::procedural_reasoning::procedural_0083,procedural_reasoning,train,google/gemma-2-9b-it,late__all__r16,0.0,0.1666666666666666,0.3333333333333333,0.9572953736654805,0.3643238434163701,1,11
gemma_2_9b_it,compiler::procedural_reasoning::procedural_0083,procedural_reasoning,train,google/gemma-2-9b-it,middle__all__r16,0.1,0.0,0.0,0.99644128113879,0.2741103202846975,1,11
gemma_2_9b_it,compiler::procedural_reasoning::procedural_0085,procedural_reasoning,train,google/gemma-2-9b-it,early__all__r16,0.0,0.0,0.0,0.99644128113879,0.2491103202846975,1,11
gemma_2_9b_it,compiler::procedural_reasoning::procedural_0085,procedural_reasoning,train,google/gemma-2-9b-it,full__all__r4,0.0,0.0,0.1666666666666666,0.9857651245551602,0.2881079478054567,1,11
gemma_2_9b_it,compiler::procedural_reasoning::procedural_0085,procedural_reasoning,train,google/gemma-2-9b-it,late__all__r16,0.0,0.0,0.1666666666666666,0.9644128113879004,0.2827698695136417,1,11
gemma_2_9b_it,compiler::procedural_reasoning::procedural_0085,procedural_reasoning,train,google/gemma-2-9b-it,middle__all__r16,0.1,0.0,0.0,0.99288256227758,0.273220640569395,1,11
gemma_2_9b_it,compiler::procedural_reasoning::procedural_0086,procedural_reasoning,train,google/gemma-2-9b-it,early__all__r16,0.0,0.0,0.0,0.99288256227758,0.248220640569395,1,11
gemma_2_9b_it,compiler::procedural_reasoning::procedural_0086,procedural_reasoning,train,google/gemma-2-9b-it,full__all__r4,0.1,0.0,0.0,0.99644128113879,0.2741103202846975,1,11
gemma_2_9b_it,compiler::procedural_reasoning::procedural_0086,procedural_reasoning,train,google/gemma-2-9b-it,late__all__r16,0.0,0.0,0.1666666666666666,0.9679715302491104,0.2836595492289442,1,11
gemma_2_9b_it,compiler::procedural_reasoning::procedural_0086,procedural_reasoning,train,google/gemma-2-9b-it,middle__all__r16,0.1,0.0,0.1666666666666666,0.98932384341637,0.3139976275207592,1,11
gemma_2_9b_it,compiler::procedural_reasoning::procedural_0087,procedural_reasoning,train,google/gemma-2-9b-it,early__all__r16,0.0,0.0,0.0,0.9857651245551602,0.24644128113879,1,11
gemma_2_9b_it,compiler::procedural_reasoning::procedural_0087,procedural_reasoning,train,google/gemma-2-9b-it,full__all__r4,0.0,0.0,0.0,0.9857651245551602,0.24644128113879,1,11
gemma_2_9b_it,compiler::procedural_reasoning::procedural_0087,procedural_reasoning,train,google/gemma-2-9b-it,late__all__r16,0.1,0.1666666666666666,0.1666666666666666,0.9679715302491104,0.3503262158956109,1,11
gemma_2_9b_it,compiler::procedural_reasoning::procedural_0087,procedural_reasoning,train,google/gemma-2-9b-it,middle__all__r16,0.0,0.0,0.0,0.99644128113879,0.2491103202846975,1,11
gemma_2_9b_it,compiler::procedural_reasoning::procedural_0088,procedural_reasoning,train,google/gemma-2-9b-it,early__all__r16,0.0,0.0,0.0,1.0,0.25,1,11
gemma_2_9b_it,compiler::procedural_reasoning::procedural_0088,procedural_reasoning,train,google/gemma-2-9b-it,full__all__r4,0.0,0.0,0.3333333333333333,0.98932384341637,0.3306642941874259,1,11
gemma_2_9b_it,compiler::procedural_reasoning::procedural_0088,procedural_reasoning,train,google/gemma-2-9b-it,late__all__r16,0.0,0.1666666666666666,0.0,0.9679715302491104,0.2836595492289442,1,11
gemma_2_9b_it,compiler::procedural_reasoning::procedural_0088,procedural_reasoning,train,google/gemma-2-9b-it,middle__all__r16,0.0,0.0,0.0,0.99288256227758,0.248220640569395,1,11
gemma_2_9b_it,compiler::procedural_reasoning::procedural_0092,procedural_reasoning,train,google/gemma-2-9b-it,early__all__r16,0.0,0.0,0.0,1.0,0.25,1,11
gemma_2_9b_it,compiler::procedural_reasoning::procedural_0092,procedural_reasoning,train,google/gemma-2-9b-it,full__all__r4,0.0,0.0,0.0,0.99288256227758,0.248220640569395,1,11
gemma_2_9b_it,compiler::procedural_reasoning::procedural_0092,procedural_reasoning,train,google/gemma-2-9b-it,late__all__r16,0.0,0.0,0.1666666666666666,0.9679715302491104,0.2836595492289442,1,11
gemma_2_9b_it,compiler::procedural_reasoning::procedural_0092,procedural_reasoning,train,google/gemma-2-9b-it,middle__all__r16,0.1,0.0,0.0,1.0,0.275,1,11
gemma_2_9b_it,compiler::procedural_reasoning::procedural_0094,procedural_reasoning,train,google/gemma-2-9b-it,early__all__r16,0.0,0.0,0.0,1.0,0.25,1,11
gemma_2_9b_it,compiler::procedural_reasoning::procedural_0094,procedural_reasoning,train,google/gemma-2-9b-it,full__all__r4,0.0,0.0,0.0,0.99288256227758,0.248220640569395,1,11
gemma_2_9b_it,compiler::procedural_reasoning::procedural_0094,procedural_reasoning,train,google/gemma-2-9b-it,late__all__r16,0.0,0.0,0.0,0.9750889679715302,0.2437722419928825,1,11
gemma_2_9b_it,compiler::procedural_reasoning::procedural_0094,procedural_reasoning,train,google/gemma-2-9b-it,middle__all__r16,0.1,0.0,0.0,0.99644128113879,0.2741103202846975,1,11
gemma_2_9b_it,compiler::procedural_reasoning::procedural_0097,procedural_reasoning,train,google/gemma-2-9b-it,early__all__r16,0.0,0.0,0.0,0.9608540925266904,0.2402135231316726,1,11
gemma_2_9b_it,compiler::procedural_reasoning::procedural_0097,procedural_reasoning,train,google/gemma-2-9b-it,full__all__r4,0.0,0.0,0.1666666666666666,0.99644128113879,0.2907769869513641,1,11
gemma_2_9b_it,compiler::procedural_reasoning::procedural_0097,procedural_reasoning,train,google/gemma-2-9b-it,late__all__r16,0.0,0.0,0.0,0.9750889679715302,0.2437722419928825,1,11
gemma_2_9b_it,compiler::procedural_reasoning::procedural_0097,procedural_reasoning,train,google/gemma-2-9b-it,middle__all__r16,0.1,0.0,0.1666666666666666,1.0,0.3166666666666666,1,11
gemma_2_9b_it,compiler::procedural_reasoning::procedural_0098,procedural_reasoning,train,google/gemma-2-9b-it,early__all__r16,0.0,0.0,0.0,1.0,0.25,1,11
gemma_2_9b_it,compiler::procedural_reasoning::procedural_0098,procedural_reasoning,train,google/gemma-2-9b-it,full__all__r4,0.0,0.0,0.0,0.9786476868327402,0.244661921708185,1,11
gemma_2_9b_it,compiler::procedural_reasoning::procedural_0098,procedural_reasoning,train,google/gemma-2-9b-it,late__all__r16,0.0,0.0,0.1666666666666666,0.9608540925266904,0.2818801897983393,1,11
gemma_2_9b_it,compiler::procedural_reasoning::procedural_0098,procedural_reasoning,train,google/gemma-2-9b-it,middle__all__r16,0.0,0.0,0.3333333333333333,0.99644128113879,0.3324436536180308,1,11
gemma_2_9b_it,compiler::procedural_reasoning::procedural_0099,procedural_reasoning,train,google/gemma-2-9b-it,early__all__r16,0.0,0.0,0.0,0.99644128113879,0.2491103202846975,1,11
gemma_2_9b_it,compiler::procedural_reasoning::procedural_0099,procedural_reasoning,train,google/gemma-2-9b-it,full__all__r4,0.0,0.0,0.1666666666666666,0.99288256227758,0.2898873072360617,1,11
gemma_2_9b_it,compiler::procedural_reasoning::procedural_0099,procedural_reasoning,train,google/gemma-2-9b-it,late__all__r16,0.0,0.0,0.1666666666666666,0.9715302491103204,0.2845492289442467,1,11
gemma_2_9b_it,compiler::procedural_reasoning::procedural_0099,procedural_reasoning,train,google/gemma-2-9b-it,middle__all__r16,0.0,0.0,0.1666666666666666,0.98220640569395,0.2872182680901542,1,11
gemma_2_9b_it,compiler::procedural_reasoning::procedural_0101,procedural_reasoning,train,google/gemma-2-9b-it,early__all__r16,0.0,0.0,0.0,0.99644128113879,0.2491103202846975,1,11
gemma_2_9b_it,compiler::procedural_reasoning::procedural_0101,procedural_reasoning,train,google/gemma-2-9b-it,full__all__r4,0.1,0.0,0.1666666666666666,0.98220640569395,0.3122182680901542,1,11
gemma_2_9b_it,compiler::procedural_reasoning::procedural_0101,procedural_reasoning,train,google/gemma-2-9b-it,late__all__r16,0.0,0.0,0.3333333333333333,0.9466192170818504,0.3199881376037959,1,11
gemma_2_9b_it,compiler::procedural_reasoning::procedural_0101,procedural_reasoning,train,google/gemma-2-9b-it,middle__all__r16,0.1,0.0,0.0,0.99644128113879,0.2741103202846975,1,11
gemma_2_9b_it,compiler::procedural_reasoning::procedural_0102,procedural_reasoning,train,google/gemma-2-9b-it,early__all__r16,0.0,0.0,0.0,1.0,0.25,1,11
gemma_2_9b_it,compiler::procedural_reasoning::procedural_0102,procedural_reasoning,train,google/gemma-2-9b-it,full__all__r4,0.0,0.0,0.3333333333333333,0.98932384341637,0.3306642941874259,1,11
gemma_2_9b_it,compiler::procedural_reasoning::procedural_0102,procedural_reasoning,train,google/gemma-2-9b-it,late__all__r16,0.0,0.0,0.1666666666666666,0.9679715302491104,0.2836595492289442,1,11
gemma_2_9b_it,compiler::procedural_reasoning::procedural_0102,procedural_reasoning,train,google/gemma-2-9b-it,middle__all__r16,0.0,0.0,0.0,0.99644128113879,0.2491103202846975,1,11
gemma_2_9b_it,compiler::procedural_reasoning::procedural_0104,procedural_reasoning,train,google/gemma-2-9b-it,early__all__r16,0.0,0.0,0.0,1.0,0.25,1,11
gemma_2_9b_it,compiler::procedural_reasoning::procedural_0104,procedural_reasoning,train,google/gemma-2-9b-it,full__all__r4,0.0,0.0,0.3333333333333333,0.99288256227758,0.3315539739027283,1,11
gemma_2_9b_it,compiler::procedural_reasoning::procedural_0104,procedural_reasoning,train,google/gemma-2-9b-it,late__all__r16,0.0,0.0,0.1666666666666666,0.9644128113879004,0.2827698695136417,1,11
gemma_2_9b_it,compiler::procedural_reasoning::procedural_0104,procedural_reasoning,train,google/gemma-2-9b-it,middle__all__r16,0.1,0.0,0.0,0.98932384341637,0.2723309608540925,1,11
gemma_2_9b_it,compiler::procedural_reasoning::procedural_0105,procedural_reasoning,train,google/gemma-2-9b-it,early__all__r16,0.0,0.0,0.0,1.0,0.25,1,11
gemma_2_9b_it,compiler::procedural_reasoning::procedural_0105,procedural_reasoning,train,google/gemma-2-9b-it,full__all__r4,0.0,0.0,0.1666666666666666,0.99644128113879,0.2907769869513641,1,11
gemma_2_9b_it,compiler::procedural_reasoning::procedural_0105,procedural_reasoning,train,google/gemma-2-9b-it,late__all__r16,0.0,0.0,0.1666666666666666,0.9644128113879004,0.2827698695136417,1,11
gemma_2_9b_it,compiler::procedural_reasoning::procedural_0105,procedural_reasoning,train,google/gemma-2-9b-it,middle__all__r16,0.0,0.0,0.3333333333333333,0.99288256227758,0.3315539739027283,1,11
gemma_2_9b_it,compiler::procedural_reasoning::procedural_0106,procedural_reasoning,train,google/gemma-2-9b-it,early__all__r16,0.0,0.0,0.0,1.0,0.25,1,11
gemma_2_9b_it,compiler::procedural_reasoning::procedural_0106,procedural_reasoning,train,google/gemma-2-9b-it,full__all__r4,0.0,0.0,0.3333333333333333,0.98932384341637,0.3306642941874259,1,11
gemma_2_9b_it,compiler::procedural_reasoning::procedural_0106,procedural_reasoning,train,google/gemma-2-9b-it,late__all__r16,0.0,0.0,0.3333333333333333,0.9715302491103204,0.3262158956109134,1,11
gemma_2_9b_it,compiler::procedural_reasoning::procedural_0106,procedural_reasoning,train,google/gemma-2-9b-it,middle__all__r16,0.0,0.0,0.0,0.99644128113879,0.2491103202846975,1,11
gemma_2_9b_it,compiler::procedural_reasoning::procedural_0108,procedural_reasoning,train,google/gemma-2-9b-it,early__all__r16,0.0,0.0,0.0,0.99288256227758,0.248220640569395,1,11
gemma_2_9b_it,compiler::procedural_reasoning::procedural_0108,procedural_reasoning,train,google/gemma-2-9b-it,full__all__r4,0.1,0.0,0.1666666666666666,0.98220640569395,0.3122182680901542,1,11
gemma_2_9b_it,compiler::procedural_reasoning::procedural_0108,procedural_reasoning,train,google/gemma-2-9b-it,late__all__r16,0.1,0.0,0.1666666666666666,0.9644128113879004,0.3077698695136417,1,11
gemma_2_9b_it,compiler::procedural_reasoning::procedural_0108,procedural_reasoning,train,google/gemma-2-9b-it,middle__all__r16,0.1,0.0,0.1666666666666666,0.99644128113879,0.3157769869513642,1,11
gemma_2_9b_it,compiler::procedural_reasoning::procedural_0109,procedural_reasoning,train,google/gemma-2-9b-it,early__all__r16,0.0,0.0,0.0,0.99288256227758,0.248220640569395,1,11
gemma_2_9b_it,compiler::procedural_reasoning::procedural_0109,procedural_reasoning,train,google/gemma-2-9b-it,full__all__r4,0.1,0.0,0.3333333333333333,0.99288256227758,0.3565539739027283,1,11
gemma_2_9b_it,compiler::procedural_reasoning::procedural_0109,procedural_reasoning,train,google/gemma-2-9b-it,late__all__r16,0.0,0.0,0.1666666666666666,0.9750889679715302,0.2854389086595492,1,11
gemma_2_9b_it,compiler::procedural_reasoning::procedural_0109,procedural_reasoning,train,google/gemma-2-9b-it,middle__all__r16,0.0,0.0,0.0,0.9857651245551602,0.24644128113879,1,11
gemma_2_9b_it,compiler::procedural_reasoning::procedural_0111,procedural_reasoning,train,google/gemma-2-9b-it,early__all__r16,0.0,0.0,0.0,1.0,0.25,1,11
gemma_2_9b_it,compiler::procedural_reasoning::procedural_0111,procedural_reasoning,train,google/gemma-2-9b-it,full__all__r4,0.1,0.0,0.0,0.9857651245551602,0.27144128113879,1,11
gemma_2_9b_it,compiler::procedural_reasoning::procedural_0111,procedural_reasoning,train,google/gemma-2-9b-it,late__all__r16,0.0,0.0,0.5,0.9466192170818504,0.3616548042704626,1,11
gemma_2_9b_it,compiler::procedural_reasoning::procedural_0111,procedural_reasoning,train,google/gemma-2-9b-it,middle__all__r16,0.1,0.0,0.3333333333333333,0.98932384341637,0.3556642941874258,1,11
gemma_2_9b_it,compiler::procedural_reasoning::procedural_0112,procedural_reasoning,train,google/gemma-2-9b-it,early__all__r16,0.0,0.0,0.0,1.0,0.25,1,11
gemma_2_9b_it,compiler::procedural_reasoning::procedural_0112,procedural_reasoning,train,google/gemma-2-9b-it,full__all__r4,0.0,0.0,0.1666666666666666,0.99288256227758,0.2898873072360617,1,11
gemma_2_9b_it,compiler::procedural_reasoning::procedural_0112,procedural_reasoning,train,google/gemma-2-9b-it,late__all__r16,0.0,0.0,0.5,0.9644128113879004,0.366103202846975,1,11
gemma_2_9b_it,compiler::procedural_reasoning::procedural_0112,procedural_reasoning,train,google/gemma-2-9b-it,middle__all__r16,0.0,0.0,0.1666666666666666,0.99644128113879,0.2907769869513641,1,11
gemma_2_9b_it,compiler::procedural_reasoning::procedural_0113,procedural_reasoning,train,google/gemma-2-9b-it,early__all__r16,0.0,0.0,0.0,1.0,0.25,1,11
gemma_2_9b_it,compiler::procedural_reasoning::procedural_0113,procedural_reasoning,train,google/gemma-2-9b-it,full__all__r4,0.1,0.0,0.1666666666666666,0.99644128113879,0.3157769869513642,1,11
gemma_2_9b_it,compiler::procedural_reasoning::procedural_0113,procedural_reasoning,train,google/gemma-2-9b-it,late__all__r16,0.1,0.0,0.3333333333333333,0.9679715302491104,0.3503262158956109,1,11
gemma_2_9b_it,compiler::procedural_reasoning::procedural_0113,procedural_reasoning,train,google/gemma-2-9b-it,middle__all__r16,0.1,0.0,0.0,0.99644128113879,0.2741103202846975,1,11
gemma_2_9b_it,compiler::procedural_reasoning::procedural_0114,procedural_reasoning,train,google/gemma-2-9b-it,early__all__r16,0.0,0.0,0.0,1.0,0.25,1,11
gemma_2_9b_it,compiler::procedural_reasoning::procedural_0114,procedural_reasoning,train,google/gemma-2-9b-it,full__all__r4,0.0,0.0,0.1666666666666666,0.9857651245551602,0.2881079478054567,1,11
gemma_2_9b_it,compiler::procedural_reasoning::procedural_0114,procedural_reasoning,train,google/gemma-2-9b-it,late__all__r16,0.0,0.0,0.0,0.9679715302491104,0.2419928825622775,1,11
gemma_2_9b_it,compiler::procedural_reasoning::procedural_0114,procedural_reasoning,train,google/gemma-2-9b-it,middle__all__r16,0.0,0.0,0.0,0.99644128113879,0.2491103202846975,1,11
gemma_2_9b_it,compiler::procedural_reasoning::procedural_0115,procedural_reasoning,train,google/gemma-2-9b-it,early__all__r16,0.0,0.0,0.0,1.0,0.25,1,11
gemma_2_9b_it,compiler::procedural_reasoning::procedural_0115,procedural_reasoning,train,google/gemma-2-9b-it,full__all__r4,0.1,0.0,0.0,0.98932384341637,0.2723309608540925,1,11
gemma_2_9b_it,compiler::procedural_reasoning::procedural_0115,procedural_reasoning,train,google/gemma-2-9b-it,late__all__r16,0.1,0.0,0.0,0.9608540925266904,0.2652135231316726,1,11
gemma_2_9b_it,compiler::procedural_reasoning::procedural_0115,procedural_reasoning,train,google/gemma-2-9b-it,middle__all__r16,0.1,0.0,0.5,0.99644128113879,0.3991103202846975,1,11
gemma_2_9b_it,compiler::procedural_reasoning::procedural_0116,procedural_reasoning,train,google/gemma-2-9b-it,early__all__r16,0.0,0.0,0.0,0.98932384341637,0.2473309608540925,1,11
gemma_2_9b_it,compiler::procedural_reasoning::procedural_0116,procedural_reasoning,train,google/gemma-2-9b-it,full__all__r4,0.0,0.0,0.1666666666666666,0.98220640569395,0.2872182680901542,1,11
gemma_2_9b_it,compiler::procedural_reasoning::procedural_0116,procedural_reasoning,train,google/gemma-2-9b-it,late__all__r16,0.0,0.0,0.3333333333333333,0.9679715302491104,0.3253262158956109,1,11
gemma_2_9b_it,compiler::procedural_reasoning::procedural_0116,procedural_reasoning,train,google/gemma-2-9b-it,middle__all__r16,0.1,0.0,0.0,0.99644128113879,0.2741103202846975,1,11
gemma_2_9b_it,compiler::procedural_reasoning::procedural_0117,procedural_reasoning,train,google/gemma-2-9b-it,early__all__r16,0.0,0.0,0.0,0.98932384341637,0.2473309608540925,1,11
gemma_2_9b_it,compiler::procedural_reasoning::procedural_0117,procedural_reasoning,train,google/gemma-2-9b-it,full__all__r4,0.0,0.0,0.0,0.99288256227758,0.248220640569395,1,11
gemma_2_9b_it,compiler::procedural_reasoning::procedural_0117,procedural_reasoning,train,google/gemma-2-9b-it,late__all__r16,0.0,0.0,0.0,0.9679715302491104,0.2419928825622775,1,11
gemma_2_9b_it,compiler::procedural_reasoning::procedural_0117,procedural_reasoning,train,google/gemma-2-9b-it,middle__all__r16,0.1,0.0,0.0,1.0,0.275,1,11
gemma_2_9b_it,compiler::procedural_reasoning::procedural_0118,procedural_reasoning,train,google/gemma-2-9b-it,early__all__r16,0.0,0.0,0.0,0.98932384341637,0.2473309608540925,1,11
gemma_2_9b_it,compiler::procedural_reasoning::procedural_0118,procedural_reasoning,train,google/gemma-2-9b-it,full__all__r4,0.0,0.0,0.0,0.98932384341637,0.2473309608540925,1,11
gemma_2_9b_it,compiler::procedural_reasoning::procedural_0118,procedural_reasoning,train,google/gemma-2-9b-it,late__all__r16,0.0,0.0,0.0,0.9572953736654805,0.2393238434163701,1,11
gemma_2_9b_it,compiler::procedural_reasoning::procedural_0118,procedural_reasoning,train,google/gemma-2-9b-it,middle__all__r16,0.0,0.0,0.1666666666666666,0.99644128113879,0.2907769869513641,1,11
