model_slug,episode_id,learning_type,meta_split,model_name,config_id,acquisition,transfer,boundedness,preservation,utility,number_of_seeds,seed_values
gemma_2_9b_it,compiler::behavioral_policy::behavioral_0000,behavioral_policy,test,google/gemma-2-9b-it,early__all__r16,0.13333333333333333,0.4444444444444444,0.0,1.0,0.39444444444444443,3,11|22|33
gemma_2_9b_it,compiler::behavioral_policy::behavioral_0000,behavioral_policy,test,google/gemma-2-9b-it,full__all__r4,0.7000000000000001,0.7222222222222223,0.0,0.9952550415183867,0.6043693159351523,3,11|22|33
gemma_2_9b_it,compiler::behavioral_policy::behavioral_0000,behavioral_policy,test,google/gemma-2-9b-it,late__all__r16,0.10000000000000002,0.4444444444444444,0.1111111111111111,0.9715302491103203,0.40677145116646896,3,11|22|33
gemma_2_9b_it,compiler::behavioral_policy::behavioral_0000,behavioral_policy,test,google/gemma-2-9b-it,middle__all__r16,0.5333333333333333,0.5555555555555555,0.0,1.0,0.5222222222222221,3,11|22|33
gemma_2_9b_it,compiler::behavioral_policy::behavioral_0001,behavioral_policy,train,google/gemma-2-9b-it,early__all__r16,0.1,0.5,0.0,1.0,0.4,1,11
gemma_2_9b_it,compiler::behavioral_policy::behavioral_0001,behavioral_policy,train,google/gemma-2-9b-it,full__all__r4,0.1,0.5,0.0,0.9928825622775801,0.39822064056939505,1,11
gemma_2_9b_it,compiler::behavioral_policy::behavioral_0001,behavioral_policy,train,google/gemma-2-9b-it,late__all__r16,0.1,0.5,0.0,0.9679715302491103,0.3919928825622776,1,11
gemma_2_9b_it,compiler::behavioral_policy::behavioral_0001,behavioral_policy,train,google/gemma-2-9b-it,middle__all__r16,0.1,0.5,0.0,1.0,0.4,1,11
gemma_2_9b_it,compiler::behavioral_policy::behavioral_0002,behavioral_policy,train,google/gemma-2-9b-it,early__all__r16,0.1,0.5,0.0,1.0,0.4,1,11
gemma_2_9b_it,compiler::behavioral_policy::behavioral_0002,behavioral_policy,train,google/gemma-2-9b-it,full__all__r4,0.1,0.5,0.0,0.99644128113879,0.3991103202846975,1,11
gemma_2_9b_it,compiler::behavioral_policy::behavioral_0002,behavioral_policy,train,google/gemma-2-9b-it,late__all__r16,0.1,0.5,0.0,0.9893238434163701,0.39733096085409253,1,11
gemma_2_9b_it,compiler::behavioral_policy::behavioral_0002,behavioral_policy,train,google/gemma-2-9b-it,middle__all__r16,0.1,0.5,0.0,1.0,0.4,1,11
gemma_2_9b_it,compiler::behavioral_policy::behavioral_0003,behavioral_policy,train,google/gemma-2-9b-it,early__all__r16,0.0,0.3333333333333333,0.0,1.0,0.3333333333333333,1,11
gemma_2_9b_it,compiler::behavioral_policy::behavioral_0003,behavioral_policy,train,google/gemma-2-9b-it,full__all__r4,0.7,0.8333333333333334,0.0,0.9608540925266904,0.623546856465006,1,11
gemma_2_9b_it,compiler::behavioral_policy::behavioral_0003,behavioral_policy,train,google/gemma-2-9b-it,late__all__r16,0.0,0.5,0.0,0.9822064056939501,0.37055160142348753,1,11
gemma_2_9b_it,compiler::behavioral_policy::behavioral_0003,behavioral_policy,train,google/gemma-2-9b-it,middle__all__r16,0.5,0.6666666666666666,0.0,1.0,0.5416666666666666,1,11
gemma_2_9b_it,compiler::behavioral_policy::behavioral_0004,behavioral_policy,train,google/gemma-2-9b-it,early__all__r16,0.1,0.6666666666666666,0.0,1.0,0.44166666666666665,1,11
gemma_2_9b_it,compiler::behavioral_policy::behavioral_0004,behavioral_policy,train,google/gemma-2-9b-it,full__all__r4,0.8,1.0,0.0,0.99644128113879,0.6991103202846976,1,11
gemma_2_9b_it,compiler::behavioral_policy::behavioral_0004,behavioral_policy,train,google/gemma-2-9b-it,late__all__r16,0.1,0.5,0.0,0.9572953736654805,0.3893238434163701,1,11
gemma_2_9b_it,compiler::behavioral_policy::behavioral_0004,behavioral_policy,train,google/gemma-2-9b-it,middle__all__r16,0.6000000000000001,0.5,0.0,1.0,0.525,1,11
gemma_2_9b_it,compiler::behavioral_policy::behavioral_0005,behavioral_policy,train,google/gemma-2-9b-it,early__all__r16,0.1,0.5,0.0,0.9679715302491103,0.3919928825622776,1,11
gemma_2_9b_it,compiler::behavioral_policy::behavioral_0005,behavioral_policy,train,google/gemma-2-9b-it,full__all__r4,0.2,0.5,0.0,0.99644128113879,0.42411032028469753,1,11
gemma_2_9b_it,compiler::behavioral_policy::behavioral_0005,behavioral_policy,train,google/gemma-2-9b-it,late__all__r16,0.5,0.8333333333333334,0.0,0.9679715302491103,0.575326215895611,1,11
gemma_2_9b_it,compiler::behavioral_policy::behavioral_0005,behavioral_policy,train,google/gemma-2-9b-it,middle__all__r16,0.2,1.0,0.0,1.0,0.55,1,11
gemma_2_9b_it,compiler::behavioral_policy::behavioral_0006,behavioral_policy,validation,google/gemma-2-9b-it,early__all__r16,0.1,0.5,0.0,1.0,0.4,1,11
gemma_2_9b_it,compiler::behavioral_policy::behavioral_0006,behavioral_policy,validation,google/gemma-2-9b-it,full__all__r4,0.2,0.5,0.0,0.99644128113879,0.42411032028469753,1,11
gemma_2_9b_it,compiler::behavioral_policy::behavioral_0006,behavioral_policy,validation,google/gemma-2-9b-it,late__all__r16,0.2,0.5,0.0,0.9715302491103203,0.4178825622775801,1,11
gemma_2_9b_it,compiler::behavioral_policy::behavioral_0006,behavioral_policy,validation,google/gemma-2-9b-it,middle__all__r16,0.7,0.8333333333333334,0.0,1.0,0.6333333333333333,1,11
gemma_2_9b_it,compiler::behavioral_policy::behavioral_0007,behavioral_policy,test,google/gemma-2-9b-it,early__all__r16,0.10000000000000002,0.5,0.0,0.9988137603795967,0.39970344009489917,3,11|22|33
gemma_2_9b_it,compiler::behavioral_policy::behavioral_0007,behavioral_policy,test,google/gemma-2-9b-it,full__all__r4,0.2333333333333333,0.4444444444444444,0.0,0.9940688018979834,0.4179616449189403,3,11|22|33
gemma_2_9b_it,compiler::behavioral_policy::behavioral_0007,behavioral_policy,test,google/gemma-2-9b-it,late__all__r16,0.10000000000000002,0.5,0.0,0.966785290628707,0.39169632265717674,3,11|22|33
gemma_2_9b_it,compiler::behavioral_policy::behavioral_0007,behavioral_policy,test,google/gemma-2-9b-it,middle__all__r16,0.10000000000000002,0.5,0.0,1.0,0.4,3,11|22|33
gemma_2_9b_it,compiler::behavioral_policy::behavioral_0008,behavioral_policy,train,google/gemma-2-9b-it,early__all__r16,0.0,0.5,0.0,1.0,0.375,1,11
gemma_2_9b_it,compiler::behavioral_policy::behavioral_0008,behavioral_policy,train,google/gemma-2-9b-it,full__all__r4,0.1,0.5,0.0,0.99644128113879,0.3991103202846975,1,11
gemma_2_9b_it,compiler::behavioral_policy::behavioral_0008,behavioral_policy,train,google/gemma-2-9b-it,late__all__r16,0.1,0.5,0.0,0.9786476868327402,0.39466192170818504,1,11
gemma_2_9b_it,compiler::behavioral_policy::behavioral_0008,behavioral_policy,train,google/gemma-2-9b-it,middle__all__r16,0.7,0.8333333333333334,0.0,0.99644128113879,0.6324436536180309,1,11
gemma_2_9b_it,compiler::behavioral_policy::behavioral_0009,behavioral_policy,train,google/gemma-2-9b-it,early__all__r16,0.1,0.5,0.0,1.0,0.4,1,11
gemma_2_9b_it,compiler::behavioral_policy::behavioral_0009,behavioral_policy,train,google/gemma-2-9b-it,full__all__r4,0.8,1.0,0.0,0.9928825622775801,0.698220640569395,1,11
gemma_2_9b_it,compiler::behavioral_policy::behavioral_0009,behavioral_policy,train,google/gemma-2-9b-it,late__all__r16,0.0,0.5,0.0,0.9608540925266904,0.3652135231316726,1,11
gemma_2_9b_it,compiler::behavioral_policy::behavioral_0009,behavioral_policy,train,google/gemma-2-9b-it,middle__all__r16,0.9,0.8333333333333334,0.0,0.99644128113879,0.6824436536180308,1,11
gemma_2_9b_it,compiler::behavioral_policy::behavioral_0010,behavioral_policy,train,google/gemma-2-9b-it,early__all__r16,0.1,0.16666666666666666,0.0,0.99644128113879,0.3157769869513642,1,11
gemma_2_9b_it,compiler::behavioral_policy::behavioral_0010,behavioral_policy,train,google/gemma-2-9b-it,full__all__r4,0.7,1.0,0.0,0.9893238434163701,0.6723309608540925,1,11
gemma_2_9b_it,compiler::behavioral_policy::behavioral_0010,behavioral_policy,train,google/gemma-2-9b-it,late__all__r16,0.1,0.6666666666666666,0.0,0.9750889679715302,0.4354389086595492,1,11
gemma_2_9b_it,compiler::behavioral_policy::behavioral_0010,behavioral_policy,train,google/gemma-2-9b-it,middle__all__r16,0.1,0.6666666666666666,0.0,1.0,0.44166666666666665,1,11
gemma_2_9b_it,compiler::behavioral_policy::behavioral_0011,behavioral_policy,train,google/gemma-2-9b-it,early__all__r16,0.1,0.5,0.0,1.0,0.4,1,11
gemma_2_9b_it,compiler::behavioral_policy::behavioral_0011,behavioral_policy,train,google/gemma-2-9b-it,full__all__r4,0.2,0.5,0.16666666666666666,0.99644128113879,0.46577698695136416,1,11
gemma_2_9b_it,compiler::behavioral_policy::behavioral_0011,behavioral_policy,train,google/gemma-2-9b-it,late__all__r16,0.0,0.5,0.0,0.9679715302491103,0.3669928825622776,1,11
gemma_2_9b_it,compiler::behavioral_policy::behavioral_0011,behavioral_policy,train,google/gemma-2-9b-it,middle__all__r16,0.4,0.5,0.0,1.0,0.475,1,11
gemma_2_9b_it,compiler::behavioral_policy::behavioral_0012,behavioral_policy,validation,google/gemma-2-9b-it,early__all__r16,0.1,0.3333333333333333,0.0,1.0,0.35833333333333334,1,11
gemma_2_9b_it,compiler::behavioral_policy::behavioral_0012,behavioral_policy,validation,google/gemma-2-9b-it,full__all__r4,0.2,0.5,0.0,0.9928825622775801,0.423220640569395,1,11
gemma_2_9b_it,compiler::behavioral_policy::behavioral_0012,behavioral_policy,validation,google/gemma-2-9b-it,late__all__r16,0.1,0.5,0.0,0.9893238434163701,0.39733096085409253,1,11
gemma_2_9b_it,compiler::behavioral_policy::behavioral_0012,behavioral_policy,validation,google/gemma-2-9b-it,middle__all__r16,0.1,0.5,0.0,1.0,0.4,1,11
gemma_2_9b_it,compiler::behavioral_policy::behavioral_0013,behavioral_policy,train,google/gemma-2-9b-it,early__all__r16,0.0,0.3333333333333333,0.0,1.0,0.3333333333333333,1,11
gemma_2_9b_it,compiler::behavioral_policy::behavioral_0013,behavioral_policy,train,google/gemma-2-9b-it,full__all__r4,1.0,1.0,0.0,0.9786476868327402,0.744661921708185,1,11
gemma_2_9b_it,compiler::behavioral_policy::behavioral_0013,behavioral_policy,train,google/gemma-2-9b-it,late__all__r16,0.0,0.5,0.0,0.9786476868327402,0.369661921708185,1,11
gemma_2_9b_it,compiler::behavioral_policy::behavioral_0013,behavioral_policy,train,google/gemma-2-9b-it,middle__all__r16,1.0,1.0,0.0,0.9893238434163701,0.7473309608540926,1,11
gemma_2_9b_it,compiler::behavioral_policy::behavioral_0014,behavioral_policy,train,google/gemma-2-9b-it,early__all__r16,0.1,0.5,0.0,1.0,0.4,1,11
gemma_2_9b_it,compiler::behavioral_policy::behavioral_0014,behavioral_policy,train,google/gemma-2-9b-it,full__all__r4,0.8,0.8333333333333334,0.0,0.99644128113879,0.6574436536180308,1,11
gemma_2_9b_it,compiler::behavioral_policy::behavioral_0014,behavioral_policy,train,google/gemma-2-9b-it,late__all__r16,0.1,0.5,0.0,0.9679715302491103,0.3919928825622776,1,11
gemma_2_9b_it,compiler::behavioral_policy::behavioral_0014,behavioral_policy,train,google/gemma-2-9b-it,middle__all__r16,0.6000000000000001,0.5,0.0,1.0,0.525,1,11
gemma_2_9b_it,compiler::behavioral_policy::behavioral_0015,behavioral_policy,train,google/gemma-2-9b-it,early__all__r16,0.1,0.5,0.0,0.9893238434163701,0.39733096085409253,1,11
gemma_2_9b_it,compiler::behavioral_policy::behavioral_0015,behavioral_policy,train,google/gemma-2-9b-it,full__all__r4,0.2,0.6666666666666666,0.0,0.99644128113879,0.46577698695136416,1,11
gemma_2_9b_it,compiler::behavioral_policy::behavioral_0015,behavioral_policy,train,google/gemma-2-9b-it,late__all__r16,0.5,0.5,0.0,0.9786476868327402,0.494661921708185,1,11
gemma_2_9b_it,compiler::behavioral_policy::behavioral_0015,behavioral_policy,train,google/gemma-2-9b-it,middle__all__r16,0.1,0.5,0.0,1.0,0.4,1,11
gemma_2_9b_it,compiler::behavioral_policy::behavioral_0016,behavioral_policy,train,google/gemma-2-9b-it,early__all__r16,0.1,0.5,0.0,0.9928825622775801,0.39822064056939505,1,11
gemma_2_9b_it,compiler::behavioral_policy::behavioral_0016,behavioral_policy,train,google/gemma-2-9b-it,full__all__r4,0.2,0.6666666666666666,0.0,0.99644128113879,0.46577698695136416,1,11
gemma_2_9b_it,compiler::behavioral_policy::behavioral_0016,behavioral_policy,train,google/gemma-2-9b-it,late__all__r16,0.2,0.5,0.0,0.9608540925266904,0.4152135231316726,1,11
gemma_2_9b_it,compiler::behavioral_policy::behavioral_0016,behavioral_policy,train,google/gemma-2-9b-it,middle__all__r16,0.1,0.5,0.0,1.0,0.4,1,11
gemma_2_9b_it,compiler::behavioral_policy::behavioral_0017,behavioral_policy,train,google/gemma-2-9b-it,early__all__r16,0.1,0.5,0.0,1.0,0.4,1,11
gemma_2_9b_it,compiler::behavioral_policy::behavioral_0017,behavioral_policy,train,google/gemma-2-9b-it,full__all__r4,0.1,0.5,0.0,0.9928825622775801,0.39822064056939505,1,11
gemma_2_9b_it,compiler::behavioral_policy::behavioral_0017,behavioral_policy,train,google/gemma-2-9b-it,late__all__r16,0.1,0.5,0.0,0.9679715302491103,0.3919928825622776,1,11
gemma_2_9b_it,compiler::behavioral_policy::behavioral_0017,behavioral_policy,train,google/gemma-2-9b-it,middle__all__r16,0.1,0.5,0.0,1.0,0.4,1,11
gemma_2_9b_it,compiler::behavioral_policy::behavioral_0018,behavioral_policy,validation,google/gemma-2-9b-it,early__all__r16,0.1,0.5,0.0,1.0,0.4,1,11
gemma_2_9b_it,compiler::behavioral_policy::behavioral_0018,behavioral_policy,validation,google/gemma-2-9b-it,full__all__r4,0.1,0.5,0.0,0.99644128113879,0.3991103202846975,1,11
gemma_2_9b_it,compiler::behavioral_policy::behavioral_0018,behavioral_policy,validation,google/gemma-2-9b-it,late__all__r16,0.1,0.5,0.0,0.9750889679715302,0.3937722419928826,1,11
gemma_2_9b_it,compiler::behavioral_policy::behavioral_0018,behavioral_policy,validation,google/gemma-2-9b-it,middle__all__r16,0.6000000000000001,0.5,0.0,0.99644128113879,0.5241103202846975,1,11
gemma_2_9b_it,compiler::behavioral_policy::behavioral_0019,behavioral_policy,test,google/gemma-2-9b-it,early__all__r16,0.13333333333333333,0.5555555555555555,0.0,0.9988137603795967,0.42192566231712136,3,11|22|33
gemma_2_9b_it,compiler::behavioral_policy::behavioral_0019,behavioral_policy,test,google/gemma-2-9b-it,full__all__r4,0.5333333333333333,0.8333333333333334,0.05555555555555555,0.9928825622775802,0.6037761961249506,3,11|22|33
gemma_2_9b_it,compiler::behavioral_policy::behavioral_0019,behavioral_policy,test,google/gemma-2-9b-it,late__all__r16,0.06666666666666667,0.5,0.0,0.9727164887307236,0.38484578884934756,3,11|22|33
gemma_2_9b_it,compiler::behavioral_policy::behavioral_0019,behavioral_policy,test,google/gemma-2-9b-it,middle__all__r16,0.7333333333333334,0.7222222222222222,0.0,0.9988137603795967,0.6135923289837881,3,11|22|33
gemma_2_9b_it,compiler::behavioral_policy::behavioral_0020,behavioral_policy,train,google/gemma-2-9b-it,early__all__r16,0.2,0.16666666666666666,0.0,0.9928825622775801,0.3398873072360617,1,11
gemma_2_9b_it,compiler::behavioral_policy::behavioral_0020,behavioral_policy,train,google/gemma-2-9b-it,full__all__r4,0.7,1.0,0.0,0.99644128113879,0.6741103202846975,1,11
gemma_2_9b_it,compiler::behavioral_policy::behavioral_0020,behavioral_policy,train,google/gemma-2-9b-it,late__all__r16,0.1,0.3333333333333333,0.0,0.9786476868327402,0.35299525504151835,1,11
gemma_2_9b_it,compiler::behavioral_policy::behavioral_0020,behavioral_policy,train,google/gemma-2-9b-it,middle__all__r16,0.2,0.8333333333333334,0.0,1.0,0.5083333333333333,1,11
gemma_2_9b_it,compiler::behavioral_policy::behavioral_0021,behavioral_policy,train,google/gemma-2-9b-it,early__all__r16,0.1,0.5,0.0,1.0,0.4,1,11
gemma_2_9b_it,compiler::behavioral_policy::behavioral_0021,behavioral_policy,train,google/gemma-2-9b-it,full__all__r4,0.1,0.5,0.0,0.9928825622775801,0.39822064056939505,1,11
gemma_2_9b_it,compiler::behavioral_policy::behavioral_0021,behavioral_policy,train,google/gemma-2-9b-it,late__all__r16,0.0,0.5,0.0,0.9679715302491103,0.3669928825622776,1,11
gemma_2_9b_it,compiler::behavioral_policy::behavioral_0021,behavioral_policy,train,google/gemma-2-9b-it,middle__all__r16,0.1,0.5,0.0,1.0,0.4,1,11
gemma_2_9b_it,compiler::behavioral_policy::behavioral_0022,behavioral_policy,train,google/gemma-2-9b-it,early__all__r16,0.1,0.5,0.0,1.0,0.4,1,11
gemma_2_9b_it,compiler::behavioral_policy::behavioral_0022,behavioral_policy,train,google/gemma-2-9b-it,full__all__r4,0.4,0.5,0.0,0.9928825622775801,0.47322064056939506,1,11
gemma_2_9b_it,compiler::behavioral_policy::behavioral_0022,behavioral_policy,train,google/gemma-2-9b-it,late__all__r16,0.1,0.5,0.0,0.9928825622775801,0.39822064056939505,1,11
gemma_2_9b_it,compiler::behavioral_policy::behavioral_0022,behavioral_policy,train,google/gemma-2-9b-it,middle__all__r16,0.1,0.5,0.0,0.99644128113879,0.3991103202846975,1,11
gemma_2_9b_it,compiler::behavioral_policy::behavioral_0023,behavioral_policy,train,google/gemma-2-9b-it,early__all__r16,0.0,0.5,0.0,0.99644128113879,0.3741103202846975,1,11
gemma_2_9b_it,compiler::behavioral_policy::behavioral_0023,behavioral_policy,train,google/gemma-2-9b-it,full__all__r4,0.4,0.6666666666666666,0.0,0.9715302491103203,0.5095492289442467,1,11
gemma_2_9b_it,compiler::behavioral_policy::behavioral_0023,behavioral_policy,train,google/gemma-2-9b-it,late__all__r16,0.0,0.5,0.0,0.9822064056939501,0.37055160142348753,1,11
gemma_2_9b_it,compiler::behavioral_policy::behavioral_0023,behavioral_policy,train,google/gemma-2-9b-it,middle__all__r16,0.1,0.3333333333333333,0.0,1.0,0.35833333333333334,1,11
gemma_2_9b_it,compiler::behavioral_policy::behavioral_0024,behavioral_policy,test,google/gemma-2-9b-it,early__all__r16,0.10000000000000002,0.5,0.0,0.9988137603795967,0.39970344009489917,3,11|22|33
gemma_2_9b_it,compiler::behavioral_policy::behavioral_0024,behavioral_policy,test,google/gemma-2-9b-it,full__all__r4,0.6666666666666666,0.7222222222222222,0.0,0.9940688018979834,0.5957394226967181,3,11|22|33
gemma_2_9b_it,compiler::behavioral_policy::behavioral_0024,behavioral_policy,test,google/gemma-2-9b-it,late__all__r16,0.10000000000000002,0.4444444444444444,0.0,0.963226571767497,0.3769177540529854,3,11|22|33
gemma_2_9b_it,compiler::behavioral_policy::behavioral_0024,behavioral_policy,test,google/gemma-2-9b-it,middle__all__r16,0.7666666666666666,0.7222222222222222,0.0,1.0,0.6222222222222222,3,11|22|33
gemma_2_9b_it,compiler::behavioral_policy::behavioral_0025,behavioral_policy,train,google/gemma-2-9b-it,early__all__r16,0.1,0.5,0.0,0.9857651245551602,0.39644128113879007,1,11
gemma_2_9b_it,compiler::behavioral_policy::behavioral_0025,behavioral_policy,train,google/gemma-2-9b-it,full__all__r4,0.30000000000000004,0.5,0.0,0.99644128113879,0.44911032028469755,1,11
gemma_2_9b_it,compiler::behavioral_policy::behavioral_0025,behavioral_policy,train,google/gemma-2-9b-it,late__all__r16,0.5,0.6666666666666666,0.0,0.9679715302491103,0.5336595492289442,1,11
gemma_2_9b_it,compiler::behavioral_policy::behavioral_0025,behavioral_policy,train,google/gemma-2-9b-it,middle__all__r16,0.1,0.5,0.0,1.0,0.4,1,11
gemma_2_9b_it,compiler::behavioral_policy::behavioral_0026,behavioral_policy,train,google/gemma-2-9b-it,early__all__r16,0.1,0.5,0.0,1.0,0.4,1,11
gemma_2_9b_it,compiler::behavioral_policy::behavioral_0026,behavioral_policy,train,google/gemma-2-9b-it,full__all__r4,0.7,0.6666666666666666,0.0,0.99644128113879,0.5907769869513642,1,11
gemma_2_9b_it,compiler::behavioral_policy::behavioral_0026,behavioral_policy,train,google/gemma-2-9b-it,late__all__r16,0.1,0.5,0.0,0.9608540925266904,0.3902135231316726,1,11
gemma_2_9b_it,compiler::behavioral_policy::behavioral_0026,behavioral_policy,train,google/gemma-2-9b-it,middle__all__r16,0.1,0.5,0.0,1.0,0.4,1,11
gemma_2_9b_it,compiler::behavioral_policy::behavioral_0027,behavioral_policy,train,google/gemma-2-9b-it,early__all__r16,0.1,0.5,0.0,1.0,0.4,1,11
gemma_2_9b_it,compiler::behavioral_policy::behavioral_0027,behavioral_policy,train,google/gemma-2-9b-it,full__all__r4,0.1,0.6666666666666666,0.0,0.99644128113879,0.4407769869513642,1,11
gemma_2_9b_it,compiler::behavioral_policy::behavioral_0027,behavioral_policy,train,google/gemma-2-9b-it,late__all__r16,0.1,0.5,0.0,0.9608540925266904,0.3902135231316726,1,11
gemma_2_9b_it,compiler::behavioral_policy::behavioral_0027,behavioral_policy,train,google/gemma-2-9b-it,middle__all__r16,0.1,0.5,0.0,1.0,0.4,1,11
gemma_2_9b_it,compiler::behavioral_policy::behavioral_0028,behavioral_policy,train,google/gemma-2-9b-it,early__all__r16,0.0,0.5,0.0,0.99644128113879,0.3741103202846975,1,11
gemma_2_9b_it,compiler::behavioral_policy::behavioral_0028,behavioral_policy,train,google/gemma-2-9b-it,full__all__r4,0.1,0.6666666666666666,0.0,0.99644128113879,0.4407769869513642,1,11
gemma_2_9b_it,compiler::behavioral_policy::behavioral_0028,behavioral_policy,train,google/gemma-2-9b-it,late__all__r16,0.1,0.3333333333333333,0.0,0.9715302491103203,0.3512158956109134,1,11
gemma_2_9b_it,compiler::behavioral_policy::behavioral_0028,behavioral_policy,train,google/gemma-2-9b-it,middle__all__r16,0.8,0.8333333333333334,0.0,0.99644128113879,0.6574436536180308,1,11
gemma_2_9b_it,compiler::behavioral_policy::behavioral_0029,behavioral_policy,train,google/gemma-2-9b-it,early__all__r16,0.1,0.5,0.0,1.0,0.4,1,11
gemma_2_9b_it,compiler::behavioral_policy::behavioral_0029,behavioral_policy,train,google/gemma-2-9b-it,full__all__r4,0.30000000000000004,1.0,0.0,0.9928825622775801,0.573220640569395,1,11
gemma_2_9b_it,compiler::behavioral_policy::behavioral_0029,behavioral_policy,train,google/gemma-2-9b-it,late__all__r16,0.1,0.5,0.0,0.9572953736654805,0.3893238434163701,1,11
gemma_2_9b_it,compiler::behavioral_policy::behavioral_0029,behavioral_policy,train,google/gemma-2-9b-it,middle__all__r16,0.8,0.8333333333333334,0.0,1.0,0.6583333333333333,1,11
gemma_2_9b_it,compiler::behavioral_policy::behavioral_0030,behavioral_policy,train,google/gemma-2-9b-it,early__all__r16,0.1,0.5,0.0,1.0,0.4,1,11
gemma_2_9b_it,compiler::behavioral_policy::behavioral_0030,behavioral_policy,train,google/gemma-2-9b-it,full__all__r4,0.6,0.8333333333333334,0.0,0.99644128113879,0.6074436536180309,1,11
gemma_2_9b_it,compiler::behavioral_policy::behavioral_0030,behavioral_policy,train,google/gemma-2-9b-it,late__all__r16,0.1,0.5,0.0,0.9750889679715302,0.3937722419928826,1,11
gemma_2_9b_it,compiler::behavioral_policy::behavioral_0030,behavioral_policy,train,google/gemma-2-9b-it,middle__all__r16,0.4,0.6666666666666666,0.0,1.0,0.5166666666666666,1,11
gemma_2_9b_it,compiler::behavioral_policy::behavioral_0031,behavioral_policy,test,google/gemma-2-9b-it,early__all__r16,0.10000000000000002,0.5,0.0,1.0,0.4,3,11|22|33
gemma_2_9b_it,compiler::behavioral_policy::behavioral_0031,behavioral_policy,test,google/gemma-2-9b-it,full__all__r4,0.13333333333333333,0.5,0.0,0.9940688018979834,0.4068505338078292,3,11|22|33
gemma_2_9b_it,compiler::behavioral_policy::behavioral_0031,behavioral_policy,test,google/gemma-2-9b-it,late__all__r16,0.03333333333333333,0.5,0.0,0.9715302491103203,0.3762158956109134,3,11|22|33
gemma_2_9b_it,compiler::behavioral_policy::behavioral_0031,behavioral_policy,test,google/gemma-2-9b-it,middle__all__r16,0.13333333333333333,0.4444444444444444,0.0,0.9988137603795967,0.39414788453934363,3,11|22|33
gemma_2_9b_it,compiler::behavioral_policy::behavioral_0032,behavioral_policy,train,google/gemma-2-9b-it,early__all__r16,0.1,0.5,0.0,1.0,0.4,1,11
gemma_2_9b_it,compiler::behavioral_policy::behavioral_0032,behavioral_policy,train,google/gemma-2-9b-it,full__all__r4,0.1,0.5,0.0,0.99644128113879,0.3991103202846975,1,11
gemma_2_9b_it,compiler::behavioral_policy::behavioral_0032,behavioral_policy,train,google/gemma-2-9b-it,late__all__r16,0.1,0.5,0.0,0.9893238434163701,0.39733096085409253,1,11
gemma_2_9b_it,compiler::behavioral_policy::behavioral_0032,behavioral_policy,train,google/gemma-2-9b-it,middle__all__r16,0.1,0.5,0.0,1.0,0.4,1,11
gemma_2_9b_it,compiler::behavioral_policy::behavioral_0033,behavioral_policy,validation,google/gemma-2-9b-it,early__all__r16,0.0,0.3333333333333333,0.0,1.0,0.3333333333333333,1,11
gemma_2_9b_it,compiler::behavioral_policy::behavioral_0033,behavioral_policy,validation,google/gemma-2-9b-it,full__all__r4,0.7,0.8333333333333334,0.0,0.9679715302491103,0.6253262158956109,1,11
gemma_2_9b_it,compiler::behavioral_policy::behavioral_0033,behavioral_policy,validation,google/gemma-2-9b-it,late__all__r16,0.0,0.5,0.0,0.9857651245551602,0.37144128113879005,1,11
gemma_2_9b_it,compiler::behavioral_policy::behavioral_0033,behavioral_policy,validation,google/gemma-2-9b-it,middle__all__r16,0.5,0.6666666666666666,0.0,1.0,0.5416666666666666,1,11
gemma_2_9b_it,compiler::behavioral_policy::behavioral_0034,behavioral_policy,train,google/gemma-2-9b-it,early__all__r16,0.1,0.6666666666666666,0.0,1.0,0.44166666666666665,1,11
gemma_2_9b_it,compiler::behavioral_policy::behavioral_0034,behavioral_policy,train,google/gemma-2-9b-it,full__all__r4,0.8,1.0,0.0,0.99644128113879,0.6991103202846976,1,11
gemma_2_9b_it,compiler::behavioral_policy::behavioral_0034,behavioral_policy,train,google/gemma-2-9b-it,late__all__r16,0.1,0.5,0.0,0.9572953736654805,0.3893238434163701,1,11
gemma_2_9b_it,compiler::behavioral_policy::behavioral_0034,behavioral_policy,train,google/gemma-2-9b-it,middle__all__r16,0.6000000000000001,0.5,0.0,1.0,0.525,1,11
gemma_2_9b_it,compiler::behavioral_policy::behavioral_0035,behavioral_policy,train,google/gemma-2-9b-it,early__all__r16,0.1,0.5,0.0,0.9679715302491103,0.3919928825622776,1,11
gemma_2_9b_it,compiler::behavioral_policy::behavioral_0035,behavioral_policy,train,google/gemma-2-9b-it,full__all__r4,0.2,0.5,0.0,0.99644128113879,0.42411032028469753,1,11
gemma_2_9b_it,compiler::behavioral_policy::behavioral_0035,behavioral_policy,train,google/gemma-2-9b-it,late__all__r16,0.5,0.8333333333333334,0.0,0.9679715302491103,0.575326215895611,1,11
gemma_2_9b_it,compiler::behavioral_policy::behavioral_0035,behavioral_policy,train,google/gemma-2-9b-it,middle__all__r16,0.2,1.0,0.0,1.0,0.55,1,11
gemma_2_9b_it,compiler::behavioral_policy::behavioral_0036,behavioral_policy,train,google/gemma-2-9b-it,early__all__r16,0.1,0.5,0.0,1.0,0.4,1,11
gemma_2_9b_it,compiler::behavioral_policy::behavioral_0036,behavioral_policy,train,google/gemma-2-9b-it,full__all__r4,0.2,0.5,0.0,0.99644128113879,0.42411032028469753,1,11
gemma_2_9b_it,compiler::behavioral_policy::behavioral_0036,behavioral_policy,train,google/gemma-2-9b-it,late__all__r16,0.2,0.5,0.0,0.9715302491103203,0.4178825622775801,1,11
gemma_2_9b_it,compiler::behavioral_policy::behavioral_0036,behavioral_policy,train,google/gemma-2-9b-it,middle__all__r16,0.7,0.8333333333333334,0.0,1.0,0.6333333333333333,1,11
gemma_2_9b_it,compiler::behavioral_policy::behavioral_0037,behavioral_policy,train,google/gemma-2-9b-it,early__all__r16,0.1,0.5,0.0,1.0,0.4,1,11
gemma_2_9b_it,compiler::behavioral_policy::behavioral_0037,behavioral_policy,train,google/gemma-2-9b-it,full__all__r4,0.2,0.3333333333333333,0.0,0.9893238434163701,0.38066429418742587,1,11
gemma_2_9b_it,compiler::behavioral_policy::behavioral_0037,behavioral_policy,train,google/gemma-2-9b-it,late__all__r16,0.1,0.5,0.0,0.9679715302491103,0.3919928825622776,1,11
gemma_2_9b_it,compiler::behavioral_policy::behavioral_0037,behavioral_policy,train,google/gemma-2-9b-it,middle__all__r16,0.1,0.5,0.0,1.0,0.4,1,11
gemma_2_9b_it,compiler::behavioral_policy::behavioral_0038,behavioral_policy,train,google/gemma-2-9b-it,early__all__r16,0.0,0.5,0.0,1.0,0.375,1,11
gemma_2_9b_it,compiler::behavioral_policy::behavioral_0038,behavioral_policy,train,google/gemma-2-9b-it,full__all__r4,0.1,0.5,0.0,0.99644128113879,0.3991103202846975,1,11
gemma_2_9b_it,compiler::behavioral_policy::behavioral_0038,behavioral_policy,train,google/gemma-2-9b-it,late__all__r16,0.1,0.5,0.0,0.9786476868327402,0.39466192170818504,1,11
gemma_2_9b_it,compiler::behavioral_policy::behavioral_0038,behavioral_policy,train,google/gemma-2-9b-it,middle__all__r16,0.7,0.8333333333333334,0.0,0.99644128113879,0.6324436536180309,1,11
gemma_2_9b_it,compiler::behavioral_policy::behavioral_0039,behavioral_policy,train,google/gemma-2-9b-it,early__all__r16,0.1,0.5,0.0,1.0,0.4,1,11
gemma_2_9b_it,compiler::behavioral_policy::behavioral_0039,behavioral_policy,train,google/gemma-2-9b-it,full__all__r4,0.8,1.0,0.0,0.9928825622775801,0.698220640569395,1,11
gemma_2_9b_it,compiler::behavioral_policy::behavioral_0039,behavioral_policy,train,google/gemma-2-9b-it,late__all__r16,0.0,0.5,0.0,0.9608540925266904,0.3652135231316726,1,11
gemma_2_9b_it,compiler::behavioral_policy::behavioral_0039,behavioral_policy,train,google/gemma-2-9b-it,middle__all__r16,0.9,0.8333333333333334,0.0,0.99644128113879,0.6824436536180308,1,11
gemma_2_9b_it,compiler::behavioral_policy::behavioral_0040,behavioral_policy,train,google/gemma-2-9b-it,early__all__r16,0.1,0.16666666666666666,0.0,0.99644128113879,0.3157769869513642,1,11
gemma_2_9b_it,compiler::behavioral_policy::behavioral_0040,behavioral_policy,train,google/gemma-2-9b-it,full__all__r4,0.7,1.0,0.0,0.9893238434163701,0.6723309608540925,1,11
gemma_2_9b_it,compiler::behavioral_policy::behavioral_0040,behavioral_policy,train,google/gemma-2-9b-it,late__all__r16,0.1,0.6666666666666666,0.0,0.9750889679715302,0.4354389086595492,1,11
gemma_2_9b_it,compiler::behavioral_policy::behavioral_0040,behavioral_policy,train,google/gemma-2-9b-it,middle__all__r16,0.1,0.6666666666666666,0.0,1.0,0.44166666666666665,1,11
gemma_2_9b_it,compiler::behavioral_policy::behavioral_0041,behavioral_policy,validation,google/gemma-2-9b-it,early__all__r16,0.1,0.5,0.0,1.0,0.4,1,11
gemma_2_9b_it,compiler::behavioral_policy::behavioral_0041,behavioral_policy,validation,google/gemma-2-9b-it,full__all__r4,0.2,0.5,0.16666666666666666,0.99644128113879,0.46577698695136416,1,11
gemma_2_9b_it,compiler::behavioral_policy::behavioral_0041,behavioral_policy,validation,google/gemma-2-9b-it,late__all__r16,0.0,0.5,0.0,0.9679715302491103,0.3669928825622776,1,11
gemma_2_9b_it,compiler::behavioral_policy::behavioral_0041,behavioral_policy,validation,google/gemma-2-9b-it,middle__all__r16,0.4,0.5,0.0,1.0,0.475,1,11
gemma_2_9b_it,compiler::behavioral_policy::behavioral_0042,behavioral_policy,test,google/gemma-2-9b-it,early__all__r16,0.10000000000000002,0.4444444444444444,0.0,0.9988137603795967,0.38581455120601027,3,11|22|33
gemma_2_9b_it,compiler::behavioral_policy::behavioral_0042,behavioral_policy,test,google/gemma-2-9b-it,full__all__r4,0.13333333333333333,0.5,0.0,0.99644128113879,0.40744365361803087,3,11|22|33
gemma_2_9b_it,compiler::behavioral_policy::behavioral_0042,behavioral_policy,test,google/gemma-2-9b-it,late__all__r16,0.10000000000000002,0.5,0.0,0.9881376037959667,0.3970344009489917,3,11|22|33
gemma_2_9b_it,compiler::behavioral_policy::behavioral_0042,behavioral_policy,test,google/gemma-2-9b-it,middle__all__r16,0.10000000000000002,0.5,0.0,0.9976275207591933,0.3994068801897983,3,11|22|33
gemma_2_9b_it,compiler::behavioral_policy::behavioral_0043,behavioral_policy,train,google/gemma-2-9b-it,early__all__r16,0.0,0.3333333333333333,0.0,1.0,0.3333333333333333,1,11
gemma_2_9b_it,compiler::behavioral_policy::behavioral_0043,behavioral_policy,train,google/gemma-2-9b-it,full__all__r4,1.0,1.0,0.0,0.9786476868327402,0.744661921708185,1,11
gemma_2_9b_it,compiler::behavioral_policy::behavioral_0043,behavioral_policy,train,google/gemma-2-9b-it,late__all__r16,0.0,0.5,0.0,0.9786476868327402,0.369661921708185,1,11
gemma_2_9b_it,compiler::behavioral_policy::behavioral_0043,behavioral_policy,train,google/gemma-2-9b-it,middle__all__r16,1.0,1.0,0.0,0.9893238434163701,0.7473309608540926,1,11
gemma_2_9b_it,compiler::behavioral_policy::behavioral_0044,behavioral_policy,validation,google/gemma-2-9b-it,early__all__r16,0.1,0.5,0.0,1.0,0.4,1,11
gemma_2_9b_it,compiler::behavioral_policy::behavioral_0044,behavioral_policy,validation,google/gemma-2-9b-it,full__all__r4,0.8,0.8333333333333334,0.0,0.99644128113879,0.6574436536180308,1,11
gemma_2_9b_it,compiler::behavioral_policy::behavioral_0044,behavioral_policy,validation,google/gemma-2-9b-it,late__all__r16,0.1,0.5,0.0,0.9679715302491103,0.3919928825622776,1,11
gemma_2_9b_it,compiler::behavioral_policy::behavioral_0044,behavioral_policy,validation,google/gemma-2-9b-it,middle__all__r16,0.6000000000000001,0.5,0.0,1.0,0.525,1,11
gemma_2_9b_it,compiler::behavioral_policy::behavioral_0045,behavioral_policy,train,google/gemma-2-9b-it,early__all__r16,0.1,0.5,0.0,0.9893238434163701,0.39733096085409253,1,11
gemma_2_9b_it,compiler::behavioral_policy::behavioral_0045,behavioral_policy,train,google/gemma-2-9b-it,full__all__r4,0.2,0.6666666666666666,0.0,0.99644128113879,0.46577698695136416,1,11
gemma_2_9b_it,compiler::behavioral_policy::behavioral_0045,behavioral_policy,train,google/gemma-2-9b-it,late__all__r16,0.5,0.5,0.0,0.9786476868327402,0.494661921708185,1,11
gemma_2_9b_it,compiler::behavioral_policy::behavioral_0045,behavioral_policy,train,google/gemma-2-9b-it,middle__all__r16,0.1,0.5,0.0,1.0,0.4,1,11
gemma_2_9b_it,compiler::behavioral_policy::behavioral_0046,behavioral_policy,train,google/gemma-2-9b-it,early__all__r16,0.1,0.5,0.0,0.9928825622775801,0.39822064056939505,1,11
gemma_2_9b_it,compiler::behavioral_policy::behavioral_0046,behavioral_policy,train,google/gemma-2-9b-it,full__all__r4,0.2,0.6666666666666666,0.0,0.99644128113879,0.46577698695136416,1,11
gemma_2_9b_it,compiler::behavioral_policy::behavioral_0046,behavioral_policy,train,google/gemma-2-9b-it,late__all__r16,0.2,0.5,0.0,0.9608540925266904,0.4152135231316726,1,11
gemma_2_9b_it,compiler::behavioral_policy::behavioral_0046,behavioral_policy,train,google/gemma-2-9b-it,middle__all__r16,0.1,0.5,0.0,1.0,0.4,1,11
gemma_2_9b_it,compiler::behavioral_policy::behavioral_0047,behavioral_policy,train,google/gemma-2-9b-it,early__all__r16,0.1,0.5,0.0,1.0,0.4,1,11
gemma_2_9b_it,compiler::behavioral_policy::behavioral_0047,behavioral_policy,train,google/gemma-2-9b-it,full__all__r4,0.1,0.5,0.0,0.9928825622775801,0.39822064056939505,1,11
gemma_2_9b_it,compiler::behavioral_policy::behavioral_0047,behavioral_policy,train,google/gemma-2-9b-it,late__all__r16,0.1,0.5,0.0,0.9679715302491103,0.3919928825622776,1,11
gemma_2_9b_it,compiler::behavioral_policy::behavioral_0047,behavioral_policy,train,google/gemma-2-9b-it,middle__all__r16,0.1,0.5,0.0,1.0,0.4,1,11
gemma_2_9b_it,compiler::behavioral_policy::behavioral_0048,behavioral_policy,train,google/gemma-2-9b-it,early__all__r16,0.1,0.5,0.0,1.0,0.4,1,11
gemma_2_9b_it,compiler::behavioral_policy::behavioral_0048,behavioral_policy,train,google/gemma-2-9b-it,full__all__r4,0.1,0.5,0.0,0.99644128113879,0.3991103202846975,1,11
gemma_2_9b_it,compiler::behavioral_policy::behavioral_0048,behavioral_policy,train,google/gemma-2-9b-it,late__all__r16,0.1,0.5,0.0,0.9750889679715302,0.3937722419928826,1,11
gemma_2_9b_it,compiler::behavioral_policy::behavioral_0048,behavioral_policy,train,google/gemma-2-9b-it,middle__all__r16,0.6000000000000001,0.5,0.0,0.99644128113879,0.5241103202846975,1,11
gemma_2_9b_it,compiler::behavioral_policy::behavioral_0049,behavioral_policy,validation,google/gemma-2-9b-it,early__all__r16,0.30000000000000004,0.6666666666666666,0.0,1.0,0.4916666666666667,1,11
gemma_2_9b_it,compiler::behavioral_policy::behavioral_0049,behavioral_policy,validation,google/gemma-2-9b-it,full__all__r4,0.4,0.8333333333333334,0.16666666666666666,0.9928825622775801,0.5982206405693951,1,11
gemma_2_9b_it,compiler::behavioral_policy::behavioral_0049,behavioral_policy,validation,google/gemma-2-9b-it,late__all__r16,0.0,0.5,0.0,0.9750889679715302,0.36877224199288255,1,11
gemma_2_9b_it,compiler::behavioral_policy::behavioral_0049,behavioral_policy,validation,google/gemma-2-9b-it,middle__all__r16,0.7,0.5,0.0,1.0,0.55,1,11
gemma_2_9b_it,compiler::behavioral_policy::behavioral_0050,behavioral_policy,train,google/gemma-2-9b-it,early__all__r16,0.2,0.16666666666666666,0.0,0.9928825622775801,0.3398873072360617,1,11
gemma_2_9b_it,compiler::behavioral_policy::behavioral_0050,behavioral_policy,train,google/gemma-2-9b-it,full__all__r4,0.7,1.0,0.0,0.99644128113879,0.6741103202846975,1,11
gemma_2_9b_it,compiler::behavioral_policy::behavioral_0050,behavioral_policy,train,google/gemma-2-9b-it,late__all__r16,0.1,0.3333333333333333,0.0,0.9786476868327402,0.35299525504151835,1,11
gemma_2_9b_it,compiler::behavioral_policy::behavioral_0050,behavioral_policy,train,google/gemma-2-9b-it,middle__all__r16,0.2,0.8333333333333334,0.0,1.0,0.5083333333333333,1,11
gemma_2_9b_it,compiler::behavioral_policy::behavioral_0051,behavioral_policy,train,google/gemma-2-9b-it,early__all__r16,0.1,0.5,0.0,1.0,0.4,1,11
gemma_2_9b_it,compiler::behavioral_policy::behavioral_0051,behavioral_policy,train,google/gemma-2-9b-it,full__all__r4,0.1,0.5,0.0,0.9928825622775801,0.39822064056939505,1,11
gemma_2_9b_it,compiler::behavioral_policy::behavioral_0051,behavioral_policy,train,google/gemma-2-9b-it,late__all__r16,0.0,0.5,0.0,0.9679715302491103,0.3669928825622776,1,11
gemma_2_9b_it,compiler::behavioral_policy::behavioral_0051,behavioral_policy,train,google/gemma-2-9b-it,middle__all__r16,0.1,0.5,0.0,1.0,0.4,1,11
gemma_2_9b_it,compiler::behavioral_policy::behavioral_0052,behavioral_policy,validation,google/gemma-2-9b-it,early__all__r16,0.1,0.5,0.0,1.0,0.4,1,11
gemma_2_9b_it,compiler::behavioral_policy::behavioral_0052,behavioral_policy,validation,google/gemma-2-9b-it,full__all__r4,0.4,0.5,0.0,0.9928825622775801,0.47322064056939506,1,11
gemma_2_9b_it,compiler::behavioral_policy::behavioral_0052,behavioral_policy,validation,google/gemma-2-9b-it,late__all__r16,0.1,0.5,0.0,0.9928825622775801,0.39822064056939505,1,11
gemma_2_9b_it,compiler::behavioral_policy::behavioral_0052,behavioral_policy,validation,google/gemma-2-9b-it,middle__all__r16,0.1,0.5,0.0,0.99644128113879,0.3991103202846975,1,11
gemma_2_9b_it,compiler::behavioral_policy::behavioral_0053,behavioral_policy,train,google/gemma-2-9b-it,early__all__r16,0.0,0.5,0.0,0.99644128113879,0.3741103202846975,1,11
gemma_2_9b_it,compiler::behavioral_policy::behavioral_0053,behavioral_policy,train,google/gemma-2-9b-it,full__all__r4,0.4,0.6666666666666666,0.0,0.9715302491103203,0.5095492289442467,1,11
gemma_2_9b_it,compiler::behavioral_policy::behavioral_0053,behavioral_policy,train,google/gemma-2-9b-it,late__all__r16,0.0,0.5,0.0,0.9822064056939501,0.37055160142348753,1,11
gemma_2_9b_it,compiler::behavioral_policy::behavioral_0053,behavioral_policy,train,google/gemma-2-9b-it,middle__all__r16,0.1,0.3333333333333333,0.0,1.0,0.35833333333333334,1,11
gemma_2_9b_it,compiler::behavioral_policy::behavioral_0054,behavioral_policy,validation,google/gemma-2-9b-it,early__all__r16,0.1,0.5,0.0,1.0,0.4,1,11
gemma_2_9b_it,compiler::behavioral_policy::behavioral_0054,behavioral_policy,validation,google/gemma-2-9b-it,full__all__r4,0.8,0.6666666666666666,0.0,0.99644128113879,0.6157769869513642,1,11
gemma_2_9b_it,compiler::behavioral_policy::behavioral_0054,behavioral_policy,validation,google/gemma-2-9b-it,late__all__r16,0.1,0.3333333333333333,0.0,0.9608540925266904,0.34854685646500594,1,11
gemma_2_9b_it,compiler::behavioral_policy::behavioral_0054,behavioral_policy,validation,google/gemma-2-9b-it,middle__all__r16,0.7,0.6666666666666666,0.0,1.0,0.5916666666666667,1,11
gemma_2_9b_it,compiler::behavioral_policy::behavioral_0055,behavioral_policy,train,google/gemma-2-9b-it,early__all__r16,0.1,0.5,0.0,0.9857651245551602,0.39644128113879007,1,11
gemma_2_9b_it,compiler::behavioral_policy::behavioral_0055,behavioral_policy,train,google/gemma-2-9b-it,full__all__r4,0.30000000000000004,0.5,0.0,0.99644128113879,0.44911032028469755,1,11
gemma_2_9b_it,compiler::behavioral_policy::behavioral_0055,behavioral_policy,train,google/gemma-2-9b-it,late__all__r16,0.5,0.6666666666666666,0.0,0.9679715302491103,0.5336595492289442,1,11
gemma_2_9b_it,compiler::behavioral_policy::behavioral_0055,behavioral_policy,train,google/gemma-2-9b-it,middle__all__r16,0.1,0.5,0.0,1.0,0.4,1,11
gemma_2_9b_it,compiler::behavioral_policy::behavioral_0056,behavioral_policy,test,google/gemma-2-9b-it,early__all__r16,0.03333333333333333,0.5,0.0,0.99288256227758,0.3815539739027283,3,11|22|33
gemma_2_9b_it,compiler::behavioral_policy::behavioral_0056,behavioral_policy,test,google/gemma-2-9b-it,full__all__r4,0.5666666666666667,0.7222222222222222,0.05555555555555555,0.9928825622775802,0.5843317516805061,3,11|22|33
gemma_2_9b_it,compiler::behavioral_policy::behavioral_0056,behavioral_policy,test,google/gemma-2-9b-it,late__all__r16,0.13333333333333333,0.5,0.0,0.966785290628707,0.4000296559905101,3,11|22|33
gemma_2_9b_it,compiler::behavioral_policy::behavioral_0056,behavioral_policy,test,google/gemma-2-9b-it,middle__all__r16,0.3,0.3888888888888889,0.0,1.0,0.4222222222222222,3,11|22|33
gemma_2_9b_it,compiler::behavioral_policy::behavioral_0057,behavioral_policy,validation,google/gemma-2-9b-it,early__all__r16,0.1,0.5,0.0,1.0,0.4,1,11
gemma_2_9b_it,compiler::behavioral_policy::behavioral_0057,behavioral_policy,validation,google/gemma-2-9b-it,full__all__r4,0.1,0.6666666666666666,0.0,0.99644128113879,0.4407769869513642,1,11
gemma_2_9b_it,compiler::behavioral_policy::behavioral_0057,behavioral_policy,validation,google/gemma-2-9b-it,late__all__r16,0.1,0.5,0.0,0.9608540925266904,0.3902135231316726,1,11
gemma_2_9b_it,compiler::behavioral_policy::behavioral_0057,behavioral_policy,validation,google/gemma-2-9b-it,middle__all__r16,0.1,0.5,0.0,1.0,0.4,1,11
gemma_2_9b_it,compiler::behavioral_policy::behavioral_0058,behavioral_policy,test,google/gemma-2-9b-it,early__all__r16,0.03333333333333333,0.5,0.0,0.9988137603795967,0.3830367734282325,3,11|22|33
gemma_2_9b_it,compiler::behavioral_policy::behavioral_0058,behavioral_policy,test,google/gemma-2-9b-it,full__all__r4,0.20000000000000004,0.6666666666666666,0.0,0.9952550415183867,0.46548042704626336,3,11|22|33
gemma_2_9b_it,compiler::behavioral_policy::behavioral_0058,behavioral_policy,test,google/gemma-2-9b-it,late__all__r16,0.06666666666666667,0.4444444444444444,0.0,0.9679715302491103,0.36977066034005535,3,11|22|33
gemma_2_9b_it,compiler::behavioral_policy::behavioral_0058,behavioral_policy,test,google/gemma-2-9b-it,middle__all__r16,0.6666666666666666,0.7222222222222222,0.0,0.99644128113879,0.5963325425069197,3,11|22|33
gemma_2_9b_it,compiler::behavioral_policy::behavioral_0059,behavioral_policy,train,google/gemma-2-9b-it,early__all__r16,0.1,0.5,0.0,1.0,0.4,1,11
gemma_2_9b_it,compiler::behavioral_policy::behavioral_0059,behavioral_policy,train,google/gemma-2-9b-it,full__all__r4,0.30000000000000004,1.0,0.0,0.9928825622775801,0.573220640569395,1,11
gemma_2_9b_it,compiler::behavioral_policy::behavioral_0059,behavioral_policy,train,google/gemma-2-9b-it,late__all__r16,0.1,0.5,0.0,0.9572953736654805,0.3893238434163701,1,11
gemma_2_9b_it,compiler::behavioral_policy::behavioral_0059,behavioral_policy,train,google/gemma-2-9b-it,middle__all__r16,0.8,0.8333333333333334,0.0,1.0,0.6583333333333333,1,11
gemma_2_9b_it,compiler::behavioral_policy::behavioral_0060,behavioral_policy,train,google/gemma-2-9b-it,early__all__r16,0.1,0.5,0.0,1.0,0.4,1,11
gemma_2_9b_it,compiler::behavioral_policy::behavioral_0060,behavioral_policy,train,google/gemma-2-9b-it,full__all__r4,0.6,0.8333333333333334,0.0,0.99644128113879,0.6074436536180309,1,11
gemma_2_9b_it,compiler::behavioral_policy::behavioral_0060,behavioral_policy,train,google/gemma-2-9b-it,late__all__r16,0.1,0.5,0.0,0.9750889679715302,0.3937722419928826,1,11
gemma_2_9b_it,compiler::behavioral_policy::behavioral_0060,behavioral_policy,train,google/gemma-2-9b-it,middle__all__r16,0.4,0.6666666666666666,0.0,1.0,0.5166666666666666,1,11
gemma_2_9b_it,compiler::behavioral_policy::behavioral_0061,behavioral_policy,train,google/gemma-2-9b-it,early__all__r16,0.1,0.5,0.0,1.0,0.4,1,11
gemma_2_9b_it,compiler::behavioral_policy::behavioral_0061,behavioral_policy,train,google/gemma-2-9b-it,full__all__r4,0.1,0.5,0.0,0.9928825622775801,0.39822064056939505,1,11
gemma_2_9b_it,compiler::behavioral_policy::behavioral_0061,behavioral_policy,train,google/gemma-2-9b-it,late__all__r16,0.1,0.5,0.0,0.9679715302491103,0.3919928825622776,1,11
gemma_2_9b_it,compiler::behavioral_policy::behavioral_0061,behavioral_policy,train,google/gemma-2-9b-it,middle__all__r16,0.1,0.5,0.0,1.0,0.4,1,11
gemma_2_9b_it,compiler::behavioral_policy::behavioral_0062,behavioral_policy,train,google/gemma-2-9b-it,early__all__r16,0.1,0.5,0.0,1.0,0.4,1,11
gemma_2_9b_it,compiler::behavioral_policy::behavioral_0062,behavioral_policy,train,google/gemma-2-9b-it,full__all__r4,0.1,0.5,0.0,0.99644128113879,0.3991103202846975,1,11
gemma_2_9b_it,compiler::behavioral_policy::behavioral_0062,behavioral_policy,train,google/gemma-2-9b-it,late__all__r16,0.1,0.5,0.0,0.9893238434163701,0.39733096085409253,1,11
gemma_2_9b_it,compiler::behavioral_policy::behavioral_0062,behavioral_policy,train,google/gemma-2-9b-it,middle__all__r16,0.1,0.5,0.0,1.0,0.4,1,11
gemma_2_9b_it,compiler::behavioral_policy::behavioral_0063,behavioral_policy,train,google/gemma-2-9b-it,early__all__r16,0.0,0.3333333333333333,0.0,1.0,0.3333333333333333,1,11
gemma_2_9b_it,compiler::behavioral_policy::behavioral_0063,behavioral_policy,train,google/gemma-2-9b-it,full__all__r4,0.7,0.8333333333333334,0.0,0.9608540925266904,0.623546856465006,1,11
gemma_2_9b_it,compiler::behavioral_policy::behavioral_0063,behavioral_policy,train,google/gemma-2-9b-it,late__all__r16,0.0,0.5,0.0,0.9822064056939501,0.37055160142348753,1,11
gemma_2_9b_it,compiler::behavioral_policy::behavioral_0063,behavioral_policy,train,google/gemma-2-9b-it,middle__all__r16,0.5,0.6666666666666666,0.0,1.0,0.5416666666666666,1,11
gemma_2_9b_it,compiler::behavioral_policy::behavioral_0064,behavioral_policy,test,google/gemma-2-9b-it,early__all__r16,0.10000000000000002,0.5555555555555555,0.0,0.9988137603795967,0.41359232898378806,3,11|22|33
gemma_2_9b_it,compiler::behavioral_policy::behavioral_0064,behavioral_policy,test,google/gemma-2-9b-it,full__all__r4,0.8333333333333334,0.9444444444444445,0.0,0.9857651245551601,0.6908857255832345,3,11|22|33
gemma_2_9b_it,compiler::behavioral_policy::behavioral_0064,behavioral_policy,test,google/gemma-2-9b-it,late__all__r16,0.10000000000000002,0.5,0.0,0.9584816132858838,0.38962040332147096,3,11|22|33
gemma_2_9b_it,compiler::behavioral_policy::behavioral_0064,behavioral_policy,test,google/gemma-2-9b-it,middle__all__r16,0.7666666666666666,0.6666666666666666,0.0,0.9988137603795967,0.6080367734282325,3,11|22|33
gemma_2_9b_it,compiler::behavioral_policy::behavioral_0065,behavioral_policy,train,google/gemma-2-9b-it,early__all__r16,0.1,0.5,0.0,0.9679715302491103,0.3919928825622776,1,11
gemma_2_9b_it,compiler::behavioral_policy::behavioral_0065,behavioral_policy,train,google/gemma-2-9b-it,full__all__r4,0.2,0.5,0.0,0.99644128113879,0.42411032028469753,1,11
gemma_2_9b_it,compiler::behavioral_policy::behavioral_0065,behavioral_policy,train,google/gemma-2-9b-it,late__all__r16,0.5,0.8333333333333334,0.0,0.9679715302491103,0.575326215895611,1,11
gemma_2_9b_it,compiler::behavioral_policy::behavioral_0065,behavioral_policy,train,google/gemma-2-9b-it,middle__all__r16,0.2,1.0,0.0,1.0,0.55,1,11
gemma_2_9b_it,compiler::behavioral_policy::behavioral_0066,behavioral_policy,validation,google/gemma-2-9b-it,early__all__r16,0.1,0.5,0.0,1.0,0.4,1,11
gemma_2_9b_it,compiler::behavioral_policy::behavioral_0066,behavioral_policy,validation,google/gemma-2-9b-it,full__all__r4,0.2,0.5,0.0,0.99644128113879,0.42411032028469753,1,11
gemma_2_9b_it,compiler::behavioral_policy::behavioral_0066,behavioral_policy,validation,google/gemma-2-9b-it,late__all__r16,0.2,0.5,0.0,0.9715302491103203,0.4178825622775801,1,11
gemma_2_9b_it,compiler::behavioral_policy::behavioral_0066,behavioral_policy,validation,google/gemma-2-9b-it,middle__all__r16,0.7,0.8333333333333334,0.0,1.0,0.6333333333333333,1,11
gemma_2_9b_it,compiler::behavioral_policy::behavioral_0067,behavioral_policy,test,google/gemma-2-9b-it,early__all__r16,0.10000000000000002,0.5,0.0,0.9988137603795967,0.39970344009489917,3,11|22|33
gemma_2_9b_it,compiler::behavioral_policy::behavioral_0067,behavioral_policy,test,google/gemma-2-9b-it,full__all__r4,0.2333333333333333,0.4444444444444444,0.0,0.9940688018979834,0.4179616449189403,3,11|22|33
gemma_2_9b_it,compiler::behavioral_policy::behavioral_0067,behavioral_policy,test,google/gemma-2-9b-it,late__all__r16,0.10000000000000002,0.5,0.0,0.966785290628707,0.39169632265717674,3,11|22|33
gemma_2_9b_it,compiler::behavioral_policy::behavioral_0067,behavioral_policy,test,google/gemma-2-9b-it,middle__all__r16,0.10000000000000002,0.5,0.0,1.0,0.4,3,11|22|33
gemma_2_9b_it,compiler::behavioral_policy::behavioral_0068,behavioral_policy,train,google/gemma-2-9b-it,early__all__r16,0.0,0.5,0.0,1.0,0.375,1,11
gemma_2_9b_it,compiler::behavioral_policy::behavioral_0068,behavioral_policy,train,google/gemma-2-9b-it,full__all__r4,0.1,0.5,0.0,0.99644128113879,0.3991103202846975,1,11
gemma_2_9b_it,compiler::behavioral_policy::behavioral_0068,behavioral_policy,train,google/gemma-2-9b-it,late__all__r16,0.1,0.5,0.0,0.9786476868327402,0.39466192170818504,1,11
gemma_2_9b_it,compiler::behavioral_policy::behavioral_0068,behavioral_policy,train,google/gemma-2-9b-it,middle__all__r16,0.7,0.8333333333333334,0.0,0.99644128113879,0.6324436536180309,1,11
gemma_2_9b_it,compiler::behavioral_policy::behavioral_0069,behavioral_policy,train,google/gemma-2-9b-it,early__all__r16,0.1,0.5,0.0,1.0,0.4,1,11
gemma_2_9b_it,compiler::behavioral_policy::behavioral_0069,behavioral_policy,train,google/gemma-2-9b-it,full__all__r4,0.8,1.0,0.0,0.9928825622775801,0.698220640569395,1,11
gemma_2_9b_it,compiler::behavioral_policy::behavioral_0069,behavioral_policy,train,google/gemma-2-9b-it,late__all__r16,0.0,0.5,0.0,0.9608540925266904,0.3652135231316726,1,11
gemma_2_9b_it,compiler::behavioral_policy::behavioral_0069,behavioral_policy,train,google/gemma-2-9b-it,middle__all__r16,0.9,0.8333333333333334,0.0,0.99644128113879,0.6824436536180308,1,11
gemma_2_9b_it,compiler::behavioral_policy::behavioral_0070,behavioral_policy,validation,google/gemma-2-9b-it,early__all__r16,0.1,0.16666666666666666,0.0,0.99644128113879,0.3157769869513642,1,11
gemma_2_9b_it,compiler::behavioral_policy::behavioral_0070,behavioral_policy,validation,google/gemma-2-9b-it,full__all__r4,0.7,1.0,0.0,0.9928825622775801,0.673220640569395,1,11
gemma_2_9b_it,compiler::behavioral_policy::behavioral_0070,behavioral_policy,validation,google/gemma-2-9b-it,late__all__r16,0.1,0.6666666666666666,0.0,0.9750889679715302,0.4354389086595492,1,11
gemma_2_9b_it,compiler::behavioral_policy::behavioral_0070,behavioral_policy,validation,google/gemma-2-9b-it,middle__all__r16,0.1,0.6666666666666666,0.0,1.0,0.44166666666666665,1,11
gemma_2_9b_it,compiler::behavioral_policy::behavioral_0071,behavioral_policy,test,google/gemma-2-9b-it,early__all__r16,0.10000000000000002,0.5,0.0,0.9988137603795967,0.39970344009489917,3,11|22|33
gemma_2_9b_it,compiler::behavioral_policy::behavioral_0071,behavioral_policy,test,google/gemma-2-9b-it,full__all__r4,0.16666666666666666,0.5,0.1111111111111111,0.9952550415183867,0.4432582048240411,3,11|22|33
gemma_2_9b_it,compiler::behavioral_policy::behavioral_0071,behavioral_policy,test,google/gemma-2-9b-it,late__all__r16,0.06666666666666667,0.5,0.0,0.9739027283511269,0.3851423487544484,3,11|22|33
gemma_2_9b_it,compiler::behavioral_policy::behavioral_0071,behavioral_policy,test,google/gemma-2-9b-it,middle__all__r16,0.20000000000000004,0.5,0.0,0.9988137603795967,0.4247034400948992,3,11|22|33
gemma_2_9b_it,compiler::behavioral_policy::behavioral_0072,behavioral_policy,train,google/gemma-2-9b-it,early__all__r16,0.1,0.3333333333333333,0.0,1.0,0.35833333333333334,1,11
gemma_2_9b_it,compiler::behavioral_policy::behavioral_0072,behavioral_policy,train,google/gemma-2-9b-it,full__all__r4,0.2,0.5,0.0,0.9928825622775801,0.423220640569395,1,11
gemma_2_9b_it,compiler::behavioral_policy::behavioral_0072,behavioral_policy,train,google/gemma-2-9b-it,late__all__r16,0.1,0.5,0.0,0.9893238434163701,0.39733096085409253,1,11
gemma_2_9b_it,compiler::behavioral_policy::behavioral_0072,behavioral_policy,train,google/gemma-2-9b-it,middle__all__r16,0.1,0.5,0.0,1.0,0.4,1,11
gemma_2_9b_it,compiler::behavioral_policy::behavioral_0073,behavioral_policy,train,google/gemma-2-9b-it,early__all__r16,0.0,0.3333333333333333,0.0,1.0,0.3333333333333333,1,11
gemma_2_9b_it,compiler::behavioral_policy::behavioral_0073,behavioral_policy,train,google/gemma-2-9b-it,full__all__r4,1.0,1.0,0.0,0.9786476868327402,0.744661921708185,1,11
gemma_2_9b_it,compiler::behavioral_policy::behavioral_0073,behavioral_policy,train,google/gemma-2-9b-it,late__all__r16,0.0,0.5,0.0,0.9786476868327402,0.369661921708185,1,11
gemma_2_9b_it,compiler::behavioral_policy::behavioral_0073,behavioral_policy,train,google/gemma-2-9b-it,middle__all__r16,1.0,1.0,0.0,0.9893238434163701,0.7473309608540926,1,11
gemma_2_9b_it,compiler::behavioral_policy::behavioral_0074,behavioral_policy,train,google/gemma-2-9b-it,early__all__r16,0.1,0.5,0.0,1.0,0.4,1,11
gemma_2_9b_it,compiler::behavioral_policy::behavioral_0074,behavioral_policy,train,google/gemma-2-9b-it,full__all__r4,0.8,0.8333333333333334,0.0,0.99644128113879,0.6574436536180308,1,11
gemma_2_9b_it,compiler::behavioral_policy::behavioral_0074,behavioral_policy,train,google/gemma-2-9b-it,late__all__r16,0.1,0.5,0.0,0.9679715302491103,0.3919928825622776,1,11
gemma_2_9b_it,compiler::behavioral_policy::behavioral_0074,behavioral_policy,train,google/gemma-2-9b-it,middle__all__r16,0.6000000000000001,0.5,0.0,1.0,0.525,1,11
gemma_2_9b_it,compiler::behavioral_policy::behavioral_0075,behavioral_policy,train,google/gemma-2-9b-it,early__all__r16,0.1,0.5,0.0,0.9893238434163701,0.39733096085409253,1,11
gemma_2_9b_it,compiler::behavioral_policy::behavioral_0075,behavioral_policy,train,google/gemma-2-9b-it,full__all__r4,0.2,0.6666666666666666,0.0,0.99644128113879,0.46577698695136416,1,11
gemma_2_9b_it,compiler::behavioral_policy::behavioral_0075,behavioral_policy,train,google/gemma-2-9b-it,late__all__r16,0.5,0.5,0.0,0.9786476868327402,0.494661921708185,1,11
gemma_2_9b_it,compiler::behavioral_policy::behavioral_0075,behavioral_policy,train,google/gemma-2-9b-it,middle__all__r16,0.1,0.5,0.0,1.0,0.4,1,11
gemma_2_9b_it,compiler::behavioral_policy::behavioral_0076,behavioral_policy,train,google/gemma-2-9b-it,early__all__r16,0.1,0.5,0.0,0.9928825622775801,0.39822064056939505,1,11
gemma_2_9b_it,compiler::behavioral_policy::behavioral_0076,behavioral_policy,train,google/gemma-2-9b-it,full__all__r4,0.2,0.6666666666666666,0.0,0.99644128113879,0.46577698695136416,1,11
gemma_2_9b_it,compiler::behavioral_policy::behavioral_0076,behavioral_policy,train,google/gemma-2-9b-it,late__all__r16,0.2,0.5,0.0,0.9608540925266904,0.4152135231316726,1,11
gemma_2_9b_it,compiler::behavioral_policy::behavioral_0076,behavioral_policy,train,google/gemma-2-9b-it,middle__all__r16,0.1,0.5,0.0,1.0,0.4,1,11
gemma_2_9b_it,compiler::behavioral_policy::behavioral_0077,behavioral_policy,validation,google/gemma-2-9b-it,early__all__r16,0.1,0.5,0.0,1.0,0.4,1,11
gemma_2_9b_it,compiler::behavioral_policy::behavioral_0077,behavioral_policy,validation,google/gemma-2-9b-it,full__all__r4,0.1,0.5,0.0,0.9928825622775801,0.39822064056939505,1,11
gemma_2_9b_it,compiler::behavioral_policy::behavioral_0077,behavioral_policy,validation,google/gemma-2-9b-it,late__all__r16,0.1,0.5,0.0,0.9644128113879004,0.3911032028469751,1,11
gemma_2_9b_it,compiler::behavioral_policy::behavioral_0077,behavioral_policy,validation,google/gemma-2-9b-it,middle__all__r16,0.1,0.5,0.0,1.0,0.4,1,11
gemma_2_9b_it,compiler::behavioral_policy::behavioral_0078,behavioral_policy,train,google/gemma-2-9b-it,early__all__r16,0.1,0.5,0.0,1.0,0.4,1,11
gemma_2_9b_it,compiler::behavioral_policy::behavioral_0078,behavioral_policy,train,google/gemma-2-9b-it,full__all__r4,0.1,0.5,0.0,0.99644128113879,0.3991103202846975,1,11
gemma_2_9b_it,compiler::behavioral_policy::behavioral_0078,behavioral_policy,train,google/gemma-2-9b-it,late__all__r16,0.1,0.5,0.0,0.9750889679715302,0.3937722419928826,1,11
gemma_2_9b_it,compiler::behavioral_policy::behavioral_0078,behavioral_policy,train,google/gemma-2-9b-it,middle__all__r16,0.6000000000000001,0.5,0.0,0.99644128113879,0.5241103202846975,1,11
gemma_2_9b_it,compiler::behavioral_policy::behavioral_0079,behavioral_policy,train,google/gemma-2-9b-it,early__all__r16,0.30000000000000004,0.6666666666666666,0.0,1.0,0.4916666666666667,1,11
gemma_2_9b_it,compiler::behavioral_policy::behavioral_0079,behavioral_policy,train,google/gemma-2-9b-it,full__all__r4,0.4,0.8333333333333334,0.16666666666666666,0.9928825622775801,0.5982206405693951,1,11
gemma_2_9b_it,compiler::behavioral_policy::behavioral_0079,behavioral_policy,train,google/gemma-2-9b-it,late__all__r16,0.0,0.5,0.0,0.9750889679715302,0.36877224199288255,1,11
gemma_2_9b_it,compiler::behavioral_policy::behavioral_0079,behavioral_policy,train,google/gemma-2-9b-it,middle__all__r16,0.7,0.5,0.0,1.0,0.55,1,11
gemma_2_9b_it,compiler::behavioral_policy::behavioral_0080,behavioral_policy,train,google/gemma-2-9b-it,early__all__r16,0.2,0.16666666666666666,0.0,0.9928825622775801,0.3398873072360617,1,11
gemma_2_9b_it,compiler::behavioral_policy::behavioral_0080,behavioral_policy,train,google/gemma-2-9b-it,full__all__r4,0.7,1.0,0.0,0.99644128113879,0.6741103202846975,1,11
gemma_2_9b_it,compiler::behavioral_policy::behavioral_0080,behavioral_policy,train,google/gemma-2-9b-it,late__all__r16,0.1,0.3333333333333333,0.0,0.9786476868327402,0.35299525504151835,1,11
gemma_2_9b_it,compiler::behavioral_policy::behavioral_0080,behavioral_policy,train,google/gemma-2-9b-it,middle__all__r16,0.2,0.8333333333333334,0.0,1.0,0.5083333333333333,1,11
gemma_2_9b_it,compiler::behavioral_policy::behavioral_0081,behavioral_policy,train,google/gemma-2-9b-it,early__all__r16,0.1,0.5,0.0,1.0,0.4,1,11
gemma_2_9b_it,compiler::behavioral_policy::behavioral_0081,behavioral_policy,train,google/gemma-2-9b-it,full__all__r4,0.1,0.5,0.0,0.9928825622775801,0.39822064056939505,1,11
gemma_2_9b_it,compiler::behavioral_policy::behavioral_0081,behavioral_policy,train,google/gemma-2-9b-it,late__all__r16,0.0,0.5,0.0,0.9679715302491103,0.3669928825622776,1,11
gemma_2_9b_it,compiler::behavioral_policy::behavioral_0081,behavioral_policy,train,google/gemma-2-9b-it,middle__all__r16,0.1,0.5,0.0,1.0,0.4,1,11
gemma_2_9b_it,compiler::behavioral_policy::behavioral_0082,behavioral_policy,test,google/gemma-2-9b-it,early__all__r16,0.10000000000000002,0.5,0.0,0.9988137603795967,0.39970344009489917,3,11|22|33
gemma_2_9b_it,compiler::behavioral_policy::behavioral_0082,behavioral_policy,test,google/gemma-2-9b-it,full__all__r4,0.20000000000000004,0.5,0.0,0.99644128113879,0.42411032028469753,3,11|22|33
gemma_2_9b_it,compiler::behavioral_policy::behavioral_0082,behavioral_policy,test,google/gemma-2-9b-it,late__all__r16,0.10000000000000002,0.5,0.0,0.9869513641755635,0.39673784104389087,3,11|22|33
gemma_2_9b_it,compiler::behavioral_policy::behavioral_0082,behavioral_policy,test,google/gemma-2-9b-it,middle__all__r16,0.10000000000000002,0.5,0.0,0.99644128113879,0.3991103202846975,3,11|22|33
gemma_2_9b_it,compiler::behavioral_policy::behavioral_0083,behavioral_policy,train,google/gemma-2-9b-it,early__all__r16,0.0,0.5,0.0,0.99644128113879,0.3741103202846975,1,11
gemma_2_9b_it,compiler::behavioral_policy::behavioral_0083,behavioral_policy,train,google/gemma-2-9b-it,full__all__r4,0.4,0.6666666666666666,0.0,0.9715302491103203,0.5095492289442467,1,11
gemma_2_9b_it,compiler::behavioral_policy::behavioral_0083,behavioral_policy,train,google/gemma-2-9b-it,late__all__r16,0.0,0.5,0.0,0.9822064056939501,0.37055160142348753,1,11
gemma_2_9b_it,compiler::behavioral_policy::behavioral_0083,behavioral_policy,train,google/gemma-2-9b-it,middle__all__r16,0.1,0.3333333333333333,0.0,1.0,0.35833333333333334,1,11
gemma_2_9b_it,compiler::behavioral_policy::behavioral_0084,behavioral_policy,validation,google/gemma-2-9b-it,early__all__r16,0.1,0.5,0.0,1.0,0.4,1,11
gemma_2_9b_it,compiler::behavioral_policy::behavioral_0084,behavioral_policy,validation,google/gemma-2-9b-it,full__all__r4,0.8,0.6666666666666666,0.0,0.99644128113879,0.6157769869513642,1,11
gemma_2_9b_it,compiler::behavioral_policy::behavioral_0084,behavioral_policy,validation,google/gemma-2-9b-it,late__all__r16,0.1,0.3333333333333333,0.0,0.9608540925266904,0.34854685646500594,1,11
gemma_2_9b_it,compiler::behavioral_policy::behavioral_0084,behavioral_policy,validation,google/gemma-2-9b-it,middle__all__r16,0.7,0.6666666666666666,0.0,1.0,0.5916666666666667,1,11
gemma_2_9b_it,compiler::behavioral_policy::behavioral_0085,behavioral_policy,train,google/gemma-2-9b-it,early__all__r16,0.1,0.5,0.0,0.9857651245551602,0.39644128113879007,1,11
gemma_2_9b_it,compiler::behavioral_policy::behavioral_0085,behavioral_policy,train,google/gemma-2-9b-it,full__all__r4,0.30000000000000004,0.5,0.0,0.99644128113879,0.44911032028469755,1,11
gemma_2_9b_it,compiler::behavioral_policy::behavioral_0085,behavioral_policy,train,google/gemma-2-9b-it,late__all__r16,0.5,0.6666666666666666,0.0,0.9679715302491103,0.5336595492289442,1,11
gemma_2_9b_it,compiler::behavioral_policy::behavioral_0085,behavioral_policy,train,google/gemma-2-9b-it,middle__all__r16,0.1,0.5,0.0,1.0,0.4,1,11
gemma_2_9b_it,compiler::behavioral_policy::behavioral_0086,behavioral_policy,train,google/gemma-2-9b-it,early__all__r16,0.1,0.5,0.0,1.0,0.4,1,11
gemma_2_9b_it,compiler::behavioral_policy::behavioral_0086,behavioral_policy,train,google/gemma-2-9b-it,full__all__r4,0.7,0.6666666666666666,0.0,0.99644128113879,0.5907769869513642,1,11
gemma_2_9b_it,compiler::behavioral_policy::behavioral_0086,behavioral_policy,train,google/gemma-2-9b-it,late__all__r16,0.1,0.5,0.0,0.9608540925266904,0.3902135231316726,1,11
gemma_2_9b_it,compiler::behavioral_policy::behavioral_0086,behavioral_policy,train,google/gemma-2-9b-it,middle__all__r16,0.1,0.5,0.0,1.0,0.4,1,11
gemma_2_9b_it,compiler::behavioral_policy::behavioral_0087,behavioral_policy,test,google/gemma-2-9b-it,early__all__r16,0.10000000000000002,0.5,0.0,1.0,0.4,3,11|22|33
gemma_2_9b_it,compiler::behavioral_policy::behavioral_0087,behavioral_policy,test,google/gemma-2-9b-it,full__all__r4,0.16666666666666666,0.6666666666666666,0.0,0.99644128113879,0.45744365361803085,3,11|22|33
gemma_2_9b_it,compiler::behavioral_policy::behavioral_0087,behavioral_policy,test,google/gemma-2-9b-it,late__all__r16,0.10000000000000002,0.5,0.0,0.9620403321470937,0.3905100830367734,3,11|22|33
gemma_2_9b_it,compiler::behavioral_policy::behavioral_0087,behavioral_policy,test,google/gemma-2-9b-it,middle__all__r16,0.10000000000000002,0.5,0.0,1.0,0.4,3,11|22|33
gemma_2_9b_it,compiler::behavioral_policy::behavioral_0088,behavioral_policy,train,google/gemma-2-9b-it,early__all__r16,0.0,0.5,0.0,0.99644128113879,0.3741103202846975,1,11
gemma_2_9b_it,compiler::behavioral_policy::behavioral_0088,behavioral_policy,train,google/gemma-2-9b-it,full__all__r4,0.1,0.6666666666666666,0.0,0.99644128113879,0.4407769869513642,1,11
gemma_2_9b_it,compiler::behavioral_policy::behavioral_0088,behavioral_policy,train,google/gemma-2-9b-it,late__all__r16,0.1,0.3333333333333333,0.0,0.9715302491103203,0.3512158956109134,1,11
gemma_2_9b_it,compiler::behavioral_policy::behavioral_0088,behavioral_policy,train,google/gemma-2-9b-it,middle__all__r16,0.8,0.8333333333333334,0.0,0.99644128113879,0.6574436536180308,1,11
gemma_2_9b_it,compiler::behavioral_policy::behavioral_0089,behavioral_policy,train,google/gemma-2-9b-it,early__all__r16,0.1,0.5,0.0,1.0,0.4,1,11
gemma_2_9b_it,compiler::behavioral_policy::behavioral_0089,behavioral_policy,train,google/gemma-2-9b-it,full__all__r4,0.30000000000000004,1.0,0.0,0.9928825622775801,0.573220640569395,1,11
gemma_2_9b_it,compiler::behavioral_policy::behavioral_0089,behavioral_policy,train,google/gemma-2-9b-it,late__all__r16,0.1,0.5,0.0,0.9572953736654805,0.3893238434163701,1,11
gemma_2_9b_it,compiler::behavioral_policy::behavioral_0089,behavioral_policy,train,google/gemma-2-9b-it,middle__all__r16,0.8,0.8333333333333334,0.0,1.0,0.6583333333333333,1,11
gemma_2_9b_it,compiler::behavioral_policy::behavioral_0090,behavioral_policy,validation,google/gemma-2-9b-it,early__all__r16,0.1,0.5,0.0,1.0,0.4,1,11
gemma_2_9b_it,compiler::behavioral_policy::behavioral_0090,behavioral_policy,validation,google/gemma-2-9b-it,full__all__r4,0.6,0.8333333333333334,0.0,0.99644128113879,0.6074436536180309,1,11
gemma_2_9b_it,compiler::behavioral_policy::behavioral_0090,behavioral_policy,validation,google/gemma-2-9b-it,late__all__r16,0.1,0.5,0.0,0.9715302491103203,0.39288256227758006,1,11
gemma_2_9b_it,compiler::behavioral_policy::behavioral_0090,behavioral_policy,validation,google/gemma-2-9b-it,middle__all__r16,0.4,0.6666666666666666,0.0,1.0,0.5166666666666666,1,11
gemma_2_9b_it,compiler::behavioral_policy::behavioral_0091,behavioral_policy,validation,google/gemma-2-9b-it,early__all__r16,0.1,0.5,0.0,1.0,0.4,1,11
gemma_2_9b_it,compiler::behavioral_policy::behavioral_0091,behavioral_policy,validation,google/gemma-2-9b-it,full__all__r4,0.1,0.5,0.0,0.9928825622775801,0.39822064056939505,1,11
gemma_2_9b_it,compiler::behavioral_policy::behavioral_0091,behavioral_policy,validation,google/gemma-2-9b-it,late__all__r16,0.1,0.5,0.0,0.9644128113879004,0.3911032028469751,1,11
gemma_2_9b_it,compiler::behavioral_policy::behavioral_0091,behavioral_policy,validation,google/gemma-2-9b-it,middle__all__r16,0.1,0.5,0.0,1.0,0.4,1,11
gemma_2_9b_it,compiler::behavioral_policy::behavioral_0092,behavioral_policy,test,google/gemma-2-9b-it,early__all__r16,0.10000000000000002,0.5,0.0,0.9988137603795967,0.39970344009489917,3,11|22|33
gemma_2_9b_it,compiler::behavioral_policy::behavioral_0092,behavioral_policy,test,google/gemma-2-9b-it,full__all__r4,0.10000000000000002,0.5,0.0,0.9988137603795967,0.39970344009489917,3,11|22|33
gemma_2_9b_it,compiler::behavioral_policy::behavioral_0092,behavioral_policy,test,google/gemma-2-9b-it,late__all__r16,0.10000000000000002,0.5,0.0,0.9869513641755635,0.39673784104389087,3,11|22|33
gemma_2_9b_it,compiler::behavioral_policy::behavioral_0092,behavioral_policy,test,google/gemma-2-9b-it,middle__all__r16,0.16666666666666666,0.5,0.0,0.9976275207591933,0.41607354685646497,3,11|22|33
gemma_2_9b_it,compiler::behavioral_policy::behavioral_0093,behavioral_policy,train,google/gemma-2-9b-it,early__all__r16,0.0,0.3333333333333333,0.0,1.0,0.3333333333333333,1,11
gemma_2_9b_it,compiler::behavioral_policy::behavioral_0093,behavioral_policy,train,google/gemma-2-9b-it,full__all__r4,0.7,0.8333333333333334,0.0,0.9608540925266904,0.623546856465006,1,11
gemma_2_9b_it,compiler::behavioral_policy::behavioral_0093,behavioral_policy,train,google/gemma-2-9b-it,late__all__r16,0.0,0.5,0.0,0.9822064056939501,0.37055160142348753,1,11
gemma_2_9b_it,compiler::behavioral_policy::behavioral_0093,behavioral_policy,train,google/gemma-2-9b-it,middle__all__r16,0.5,0.6666666666666666,0.0,1.0,0.5416666666666666,1,11
gemma_2_9b_it,compiler::behavioral_policy::behavioral_0094,behavioral_policy,train,google/gemma-2-9b-it,early__all__r16,0.1,0.6666666666666666,0.0,1.0,0.44166666666666665,1,11
gemma_2_9b_it,compiler::behavioral_policy::behavioral_0094,behavioral_policy,train,google/gemma-2-9b-it,full__all__r4,0.8,1.0,0.0,0.99644128113879,0.6991103202846976,1,11
gemma_2_9b_it,compiler::behavioral_policy::behavioral_0094,behavioral_policy,train,google/gemma-2-9b-it,late__all__r16,0.1,0.5,0.0,0.9572953736654805,0.3893238434163701,1,11
gemma_2_9b_it,compiler::behavioral_policy::behavioral_0094,behavioral_policy,train,google/gemma-2-9b-it,middle__all__r16,0.6000000000000001,0.5,0.0,1.0,0.525,1,11
gemma_2_9b_it,compiler::behavioral_policy::behavioral_0095,behavioral_policy,train,google/gemma-2-9b-it,early__all__r16,0.1,0.5,0.0,0.9679715302491103,0.3919928825622776,1,11
gemma_2_9b_it,compiler::behavioral_policy::behavioral_0095,behavioral_policy,train,google/gemma-2-9b-it,full__all__r4,0.2,0.5,0.0,0.99644128113879,0.42411032028469753,1,11
gemma_2_9b_it,compiler::behavioral_policy::behavioral_0095,behavioral_policy,train,google/gemma-2-9b-it,late__all__r16,0.5,0.8333333333333334,0.0,0.9679715302491103,0.575326215895611,1,11
gemma_2_9b_it,compiler::behavioral_policy::behavioral_0095,behavioral_policy,train,google/gemma-2-9b-it,middle__all__r16,0.2,1.0,0.0,1.0,0.55,1,11
gemma_2_9b_it,compiler::behavioral_policy::behavioral_0096,behavioral_policy,train,google/gemma-2-9b-it,early__all__r16,0.1,0.5,0.0,1.0,0.4,1,11
gemma_2_9b_it,compiler::behavioral_policy::behavioral_0096,behavioral_policy,train,google/gemma-2-9b-it,full__all__r4,0.2,0.5,0.0,0.99644128113879,0.42411032028469753,1,11
gemma_2_9b_it,compiler::behavioral_policy::behavioral_0096,behavioral_policy,train,google/gemma-2-9b-it,late__all__r16,0.2,0.5,0.0,0.9715302491103203,0.4178825622775801,1,11
gemma_2_9b_it,compiler::behavioral_policy::behavioral_0096,behavioral_policy,train,google/gemma-2-9b-it,middle__all__r16,0.7,0.8333333333333334,0.0,1.0,0.6333333333333333,1,11
gemma_2_9b_it,compiler::behavioral_policy::behavioral_0097,behavioral_policy,test,google/gemma-2-9b-it,early__all__r16,0.10000000000000002,0.5,0.0,0.9988137603795967,0.39970344009489917,3,11|22|33
gemma_2_9b_it,compiler::behavioral_policy::behavioral_0097,behavioral_policy,test,google/gemma-2-9b-it,full__all__r4,0.2333333333333333,0.4444444444444444,0.0,0.9940688018979834,0.4179616449189403,3,11|22|33
gemma_2_9b_it,compiler::behavioral_policy::behavioral_0097,behavioral_policy,test,google/gemma-2-9b-it,late__all__r16,0.10000000000000002,0.5,0.0,0.966785290628707,0.39169632265717674,3,11|22|33
gemma_2_9b_it,compiler::behavioral_policy::behavioral_0097,behavioral_policy,test,google/gemma-2-9b-it,middle__all__r16,0.10000000000000002,0.5,0.0,1.0,0.4,3,11|22|33
gemma_2_9b_it,compiler::behavioral_policy::behavioral_0098,behavioral_policy,train,google/gemma-2-9b-it,early__all__r16,0.0,0.5,0.0,1.0,0.375,1,11
gemma_2_9b_it,compiler::behavioral_policy::behavioral_0098,behavioral_policy,train,google/gemma-2-9b-it,full__all__r4,0.1,0.5,0.0,0.99644128113879,0.3991103202846975,1,11
gemma_2_9b_it,compiler::behavioral_policy::behavioral_0098,behavioral_policy,train,google/gemma-2-9b-it,late__all__r16,0.1,0.5,0.0,0.9786476868327402,0.39466192170818504,1,11
gemma_2_9b_it,compiler::behavioral_policy::behavioral_0098,behavioral_policy,train,google/gemma-2-9b-it,middle__all__r16,0.7,0.8333333333333334,0.0,0.99644128113879,0.6324436536180309,1,11
gemma_2_9b_it,compiler::behavioral_policy::behavioral_0099,behavioral_policy,validation,google/gemma-2-9b-it,early__all__r16,0.1,0.5,0.0,1.0,0.4,1,11
gemma_2_9b_it,compiler::behavioral_policy::behavioral_0099,behavioral_policy,validation,google/gemma-2-9b-it,full__all__r4,0.8,1.0,0.0,0.9928825622775801,0.698220640569395,1,11
gemma_2_9b_it,compiler::behavioral_policy::behavioral_0099,behavioral_policy,validation,google/gemma-2-9b-it,late__all__r16,0.0,0.5,0.0,0.9644128113879004,0.36610320284697506,1,11
gemma_2_9b_it,compiler::behavioral_policy::behavioral_0099,behavioral_policy,validation,google/gemma-2-9b-it,middle__all__r16,0.9,0.8333333333333334,0.0,0.99644128113879,0.6824436536180308,1,11
gemma_2_9b_it,compiler::behavioral_policy::behavioral_0100,behavioral_policy,test,google/gemma-2-9b-it,early__all__r16,0.03333333333333333,0.3888888888888889,0.0,0.9988137603795967,0.3552589956504547,3,11|22|33
gemma_2_9b_it,compiler::behavioral_policy::behavioral_0100,behavioral_policy,test,google/gemma-2-9b-it,full__all__r4,0.6,0.9444444444444445,0.0,0.9952550415183867,0.6349248714907079,3,11|22|33
gemma_2_9b_it,compiler::behavioral_policy::behavioral_0100,behavioral_policy,test,google/gemma-2-9b-it,late__all__r16,0.06666666666666667,0.5555555555555555,0.0,0.9739027283511269,0.39903123764333726,3,11|22|33
gemma_2_9b_it,compiler::behavioral_policy::behavioral_0100,behavioral_policy,test,google/gemma-2-9b-it,middle__all__r16,0.16666666666666666,0.5555555555555555,0.0,0.9988137603795967,0.4302589956504547,3,11|22|33
gemma_2_9b_it,compiler::behavioral_policy::behavioral_0101,behavioral_policy,train,google/gemma-2-9b-it,early__all__r16,0.1,0.5,0.0,1.0,0.4,1,11
gemma_2_9b_it,compiler::behavioral_policy::behavioral_0101,behavioral_policy,train,google/gemma-2-9b-it,full__all__r4,0.2,0.5,0.16666666666666666,0.99644128113879,0.46577698695136416,1,11
gemma_2_9b_it,compiler::behavioral_policy::behavioral_0101,behavioral_policy,train,google/gemma-2-9b-it,late__all__r16,0.0,0.5,0.0,0.9679715302491103,0.3669928825622776,1,11
gemma_2_9b_it,compiler::behavioral_policy::behavioral_0101,behavioral_policy,train,google/gemma-2-9b-it,middle__all__r16,0.4,0.5,0.0,1.0,0.475,1,11
gemma_2_9b_it,compiler::behavioral_policy::behavioral_0102,behavioral_policy,train,google/gemma-2-9b-it,early__all__r16,0.1,0.3333333333333333,0.0,1.0,0.35833333333333334,1,11
gemma_2_9b_it,compiler::behavioral_policy::behavioral_0102,behavioral_policy,train,google/gemma-2-9b-it,full__all__r4,0.2,0.5,0.0,0.9928825622775801,0.423220640569395,1,11
gemma_2_9b_it,compiler::behavioral_policy::behavioral_0102,behavioral_policy,train,google/gemma-2-9b-it,late__all__r16,0.1,0.5,0.0,0.9893238434163701,0.39733096085409253,1,11
gemma_2_9b_it,compiler::behavioral_policy::behavioral_0102,behavioral_policy,train,google/gemma-2-9b-it,middle__all__r16,0.1,0.5,0.0,1.0,0.4,1,11
gemma_2_9b_it,compiler::behavioral_policy::behavioral_0103,behavioral_policy,validation,google/gemma-2-9b-it,early__all__r16,0.0,0.3333333333333333,0.0,1.0,0.3333333333333333,1,11
gemma_2_9b_it,compiler::behavioral_policy::behavioral_0103,behavioral_policy,validation,google/gemma-2-9b-it,full__all__r4,1.0,1.0,0.0,0.9786476868327402,0.744661921708185,1,11
gemma_2_9b_it,compiler::behavioral_policy::behavioral_0103,behavioral_policy,validation,google/gemma-2-9b-it,late__all__r16,0.0,0.5,0.0,0.9822064056939501,0.37055160142348753,1,11
gemma_2_9b_it,compiler::behavioral_policy::behavioral_0103,behavioral_policy,validation,google/gemma-2-9b-it,middle__all__r16,1.0,1.0,0.0,0.9928825622775801,0.748220640569395,1,11
gemma_2_9b_it,compiler::behavioral_policy::behavioral_0104,behavioral_policy,test,google/gemma-2-9b-it,early__all__r16,0.10000000000000002,0.5,0.0,1.0,0.4,3,11|22|33
gemma_2_9b_it,compiler::behavioral_policy::behavioral_0104,behavioral_policy,test,google/gemma-2-9b-it,full__all__r4,0.9,0.8333333333333334,0.0,0.9916963226571768,0.6812574139976275,3,11|22|33
gemma_2_9b_it,compiler::behavioral_policy::behavioral_0104,behavioral_policy,test,google/gemma-2-9b-it,late__all__r16,0.10000000000000002,0.5,0.0,0.9620403321470937,0.3905100830367734,3,11|22|33
gemma_2_9b_it,compiler::behavioral_policy::behavioral_0104,behavioral_policy,test,google/gemma-2-9b-it,middle__all__r16,0.7666666666666666,0.7222222222222223,0.0,1.0,0.6222222222222222,3,11|22|33
gemma_2_9b_it,compiler::behavioral_policy::behavioral_0105,behavioral_policy,validation,google/gemma-2-9b-it,early__all__r16,0.1,0.5,0.0,0.9893238434163701,0.39733096085409253,1,11
gemma_2_9b_it,compiler::behavioral_policy::behavioral_0105,behavioral_policy,validation,google/gemma-2-9b-it,full__all__r4,0.2,0.6666666666666666,0.0,0.99644128113879,0.46577698695136416,1,11
gemma_2_9b_it,compiler::behavioral_policy::behavioral_0105,behavioral_policy,validation,google/gemma-2-9b-it,late__all__r16,0.5,0.5,0.0,0.9786476868327402,0.494661921708185,1,11
gemma_2_9b_it,compiler::behavioral_policy::behavioral_0105,behavioral_policy,validation,google/gemma-2-9b-it,middle__all__r16,0.1,0.5,0.0,1.0,0.4,1,11
gemma_2_9b_it,compiler::behavioral_policy::behavioral_0106,behavioral_policy,train,google/gemma-2-9b-it,early__all__r16,0.1,0.5,0.0,0.9928825622775801,0.39822064056939505,1,11
gemma_2_9b_it,compiler::behavioral_policy::behavioral_0106,behavioral_policy,train,google/gemma-2-9b-it,full__all__r4,0.2,0.6666666666666666,0.0,0.99644128113879,0.46577698695136416,1,11
gemma_2_9b_it,compiler::behavioral_policy::behavioral_0106,behavioral_policy,train,google/gemma-2-9b-it,late__all__r16,0.2,0.5,0.0,0.9608540925266904,0.4152135231316726,1,11
gemma_2_9b_it,compiler::behavioral_policy::behavioral_0106,behavioral_policy,train,google/gemma-2-9b-it,middle__all__r16,0.1,0.5,0.0,1.0,0.4,1,11
gemma_2_9b_it,compiler::behavioral_policy::behavioral_0107,behavioral_policy,train,google/gemma-2-9b-it,early__all__r16,0.1,0.5,0.0,1.0,0.4,1,11
gemma_2_9b_it,compiler::behavioral_policy::behavioral_0107,behavioral_policy,train,google/gemma-2-9b-it,full__all__r4,0.1,0.5,0.0,0.9928825622775801,0.39822064056939505,1,11
gemma_2_9b_it,compiler::behavioral_policy::behavioral_0107,behavioral_policy,train,google/gemma-2-9b-it,late__all__r16,0.1,0.5,0.0,0.9679715302491103,0.3919928825622776,1,11
gemma_2_9b_it,compiler::behavioral_policy::behavioral_0107,behavioral_policy,train,google/gemma-2-9b-it,middle__all__r16,0.1,0.5,0.0,1.0,0.4,1,11
gemma_2_9b_it,compiler::behavioral_policy::behavioral_0108,behavioral_policy,train,google/gemma-2-9b-it,early__all__r16,0.1,0.5,0.0,1.0,0.4,1,11
gemma_2_9b_it,compiler::behavioral_policy::behavioral_0108,behavioral_policy,train,google/gemma-2-9b-it,full__all__r4,0.1,0.5,0.0,0.99644128113879,0.3991103202846975,1,11
gemma_2_9b_it,compiler::behavioral_policy::behavioral_0108,behavioral_policy,train,google/gemma-2-9b-it,late__all__r16,0.1,0.5,0.0,0.9750889679715302,0.3937722419928826,1,11
gemma_2_9b_it,compiler::behavioral_policy::behavioral_0108,behavioral_policy,train,google/gemma-2-9b-it,middle__all__r16,0.6000000000000001,0.5,0.0,0.99644128113879,0.5241103202846975,1,11
gemma_2_9b_it,compiler::behavioral_policy::behavioral_0109,behavioral_policy,train,google/gemma-2-9b-it,early__all__r16,0.30000000000000004,0.6666666666666666,0.0,1.0,0.4916666666666667,1,11
gemma_2_9b_it,compiler::behavioral_policy::behavioral_0109,behavioral_policy,train,google/gemma-2-9b-it,full__all__r4,0.4,0.8333333333333334,0.16666666666666666,0.9928825622775801,0.5982206405693951,1,11
gemma_2_9b_it,compiler::behavioral_policy::behavioral_0109,behavioral_policy,train,google/gemma-2-9b-it,late__all__r16,0.0,0.5,0.0,0.9750889679715302,0.36877224199288255,1,11
gemma_2_9b_it,compiler::behavioral_policy::behavioral_0109,behavioral_policy,train,google/gemma-2-9b-it,middle__all__r16,0.7,0.5,0.0,1.0,0.55,1,11
gemma_2_9b_it,compiler::behavioral_policy::behavioral_0110,behavioral_policy,train,google/gemma-2-9b-it,early__all__r16,0.2,0.16666666666666666,0.0,0.9928825622775801,0.3398873072360617,1,11
gemma_2_9b_it,compiler::behavioral_policy::behavioral_0110,behavioral_policy,train,google/gemma-2-9b-it,full__all__r4,0.7,1.0,0.0,0.99644128113879,0.6741103202846975,1,11
gemma_2_9b_it,compiler::behavioral_policy::behavioral_0110,behavioral_policy,train,google/gemma-2-9b-it,late__all__r16,0.1,0.3333333333333333,0.0,0.9786476868327402,0.35299525504151835,1,11
gemma_2_9b_it,compiler::behavioral_policy::behavioral_0110,behavioral_policy,train,google/gemma-2-9b-it,middle__all__r16,0.2,0.8333333333333334,0.0,1.0,0.5083333333333333,1,11
gemma_2_9b_it,compiler::behavioral_policy::behavioral_0111,behavioral_policy,validation,google/gemma-2-9b-it,early__all__r16,0.1,0.5,0.0,1.0,0.4,1,11
gemma_2_9b_it,compiler::behavioral_policy::behavioral_0111,behavioral_policy,validation,google/gemma-2-9b-it,full__all__r4,0.1,0.5,0.0,0.9893238434163701,0.39733096085409253,1,11
gemma_2_9b_it,compiler::behavioral_policy::behavioral_0111,behavioral_policy,validation,google/gemma-2-9b-it,late__all__r16,0.0,0.5,0.0,0.9679715302491103,0.3669928825622776,1,11
gemma_2_9b_it,compiler::behavioral_policy::behavioral_0111,behavioral_policy,validation,google/gemma-2-9b-it,middle__all__r16,0.1,0.5,0.0,1.0,0.4,1,11
gemma_2_9b_it,compiler::behavioral_policy::behavioral_0112,behavioral_policy,test,google/gemma-2-9b-it,early__all__r16,0.10000000000000002,0.5,0.0,0.9988137603795967,0.39970344009489917,3,11|22|33
gemma_2_9b_it,compiler::behavioral_policy::behavioral_0112,behavioral_policy,test,google/gemma-2-9b-it,full__all__r4,0.20000000000000004,0.5,0.0,0.99644128113879,0.42411032028469753,3,11|22|33
gemma_2_9b_it,compiler::behavioral_policy::behavioral_0112,behavioral_policy,test,google/gemma-2-9b-it,late__all__r16,0.10000000000000002,0.5,0.0,0.9869513641755635,0.39673784104389087,3,11|22|33
gemma_2_9b_it,compiler::behavioral_policy::behavioral_0112,behavioral_policy,test,google/gemma-2-9b-it,middle__all__r16,0.10000000000000002,0.5,0.0,0.99644128113879,0.3991103202846975,3,11|22|33
gemma_2_9b_it,compiler::behavioral_policy::behavioral_0113,behavioral_policy,train,google/gemma-2-9b-it,early__all__r16,0.0,0.5,0.0,0.99644128113879,0.3741103202846975,1,11
gemma_2_9b_it,compiler::behavioral_policy::behavioral_0113,behavioral_policy,train,google/gemma-2-9b-it,full__all__r4,0.4,0.6666666666666666,0.0,0.9715302491103203,0.5095492289442467,1,11
gemma_2_9b_it,compiler::behavioral_policy::behavioral_0113,behavioral_policy,train,google/gemma-2-9b-it,late__all__r16,0.0,0.5,0.0,0.9822064056939501,0.37055160142348753,1,11
gemma_2_9b_it,compiler::behavioral_policy::behavioral_0113,behavioral_policy,train,google/gemma-2-9b-it,middle__all__r16,0.1,0.3333333333333333,0.0,1.0,0.35833333333333334,1,11
gemma_2_9b_it,compiler::behavioral_policy::behavioral_0114,behavioral_policy,train,google/gemma-2-9b-it,early__all__r16,0.1,0.5,0.0,1.0,0.4,1,11
gemma_2_9b_it,compiler::behavioral_policy::behavioral_0114,behavioral_policy,train,google/gemma-2-9b-it,full__all__r4,0.8,0.6666666666666666,0.0,0.99644128113879,0.6157769869513642,1,11
gemma_2_9b_it,compiler::behavioral_policy::behavioral_0114,behavioral_policy,train,google/gemma-2-9b-it,late__all__r16,0.1,0.3333333333333333,0.0,0.9572953736654805,0.3476571767497034,1,11
gemma_2_9b_it,compiler::behavioral_policy::behavioral_0114,behavioral_policy,train,google/gemma-2-9b-it,middle__all__r16,0.7,0.6666666666666666,0.0,1.0,0.5916666666666667,1,11
gemma_2_9b_it,compiler::behavioral_policy::behavioral_0115,behavioral_policy,train,google/gemma-2-9b-it,early__all__r16,0.1,0.5,0.0,0.9857651245551602,0.39644128113879007,1,11
gemma_2_9b_it,compiler::behavioral_policy::behavioral_0115,behavioral_policy,train,google/gemma-2-9b-it,full__all__r4,0.30000000000000004,0.5,0.0,0.99644128113879,0.44911032028469755,1,11
gemma_2_9b_it,compiler::behavioral_policy::behavioral_0115,behavioral_policy,train,google/gemma-2-9b-it,late__all__r16,0.5,0.6666666666666666,0.0,0.9679715302491103,0.5336595492289442,1,11
gemma_2_9b_it,compiler::behavioral_policy::behavioral_0115,behavioral_policy,train,google/gemma-2-9b-it,middle__all__r16,0.1,0.5,0.0,1.0,0.4,1,11
gemma_2_9b_it,compiler::behavioral_policy::behavioral_0116,behavioral_policy,test,google/gemma-2-9b-it,early__all__r16,0.03333333333333333,0.5,0.0,0.99288256227758,0.3815539739027283,3,11|22|33
gemma_2_9b_it,compiler::behavioral_policy::behavioral_0116,behavioral_policy,test,google/gemma-2-9b-it,full__all__r4,0.5666666666666667,0.7222222222222222,0.05555555555555555,0.9928825622775802,0.5843317516805061,3,11|22|33
gemma_2_9b_it,compiler::behavioral_policy::behavioral_0116,behavioral_policy,test,google/gemma-2-9b-it,late__all__r16,0.13333333333333333,0.5,0.0,0.966785290628707,0.4000296559905101,3,11|22|33
gemma_2_9b_it,compiler::behavioral_policy::behavioral_0116,behavioral_policy,test,google/gemma-2-9b-it,middle__all__r16,0.3,0.3888888888888889,0.0,1.0,0.4222222222222222,3,11|22|33
gemma_2_9b_it,compiler::behavioral_policy::behavioral_0117,behavioral_policy,train,google/gemma-2-9b-it,early__all__r16,0.1,0.5,0.0,1.0,0.4,1,11
gemma_2_9b_it,compiler::behavioral_policy::behavioral_0117,behavioral_policy,train,google/gemma-2-9b-it,full__all__r4,0.1,0.6666666666666666,0.0,0.99644128113879,0.4407769869513642,1,11
gemma_2_9b_it,compiler::behavioral_policy::behavioral_0117,behavioral_policy,train,google/gemma-2-9b-it,late__all__r16,0.1,0.5,0.0,0.9608540925266904,0.3902135231316726,1,11
gemma_2_9b_it,compiler::behavioral_policy::behavioral_0117,behavioral_policy,train,google/gemma-2-9b-it,middle__all__r16,0.1,0.5,0.0,1.0,0.4,1,11
gemma_2_9b_it,compiler::behavioral_policy::behavioral_0118,behavioral_policy,test,google/gemma-2-9b-it,early__all__r16,0.03333333333333333,0.5,0.0,0.9988137603795967,0.3830367734282325,3,11|22|33
gemma_2_9b_it,compiler::behavioral_policy::behavioral_0118,behavioral_policy,test,google/gemma-2-9b-it,full__all__r4,0.20000000000000004,0.6666666666666666,0.0,0.9952550415183867,0.46548042704626336,3,11|22|33
gemma_2_9b_it,compiler::behavioral_policy::behavioral_0118,behavioral_policy,test,google/gemma-2-9b-it,late__all__r16,0.06666666666666667,0.4444444444444444,0.0,0.9679715302491103,0.36977066034005535,3,11|22|33
gemma_2_9b_it,compiler::behavioral_policy::behavioral_0118,behavioral_policy,test,google/gemma-2-9b-it,middle__all__r16,0.6666666666666666,0.7222222222222222,0.0,0.99644128113879,0.5963325425069197,3,11|22|33
gemma_2_9b_it,compiler::behavioral_policy::behavioral_0119,behavioral_policy,train,google/gemma-2-9b-it,early__all__r16,0.1,0.5,0.0,1.0,0.4,1,11
gemma_2_9b_it,compiler::behavioral_policy::behavioral_0119,behavioral_policy,train,google/gemma-2-9b-it,full__all__r4,0.30000000000000004,1.0,0.0,0.9928825622775801,0.573220640569395,1,11
gemma_2_9b_it,compiler::behavioral_policy::behavioral_0119,behavioral_policy,train,google/gemma-2-9b-it,late__all__r16,0.1,0.5,0.0,0.9572953736654805,0.3893238434163701,1,11
gemma_2_9b_it,compiler::behavioral_policy::behavioral_0119,behavioral_policy,train,google/gemma-2-9b-it,middle__all__r16,0.8,0.8333333333333334,0.0,1.0,0.6583333333333333,1,11
gemma_2_9b_it,compiler::causal_mapping::causal_0000,causal_mapping,train,google/gemma-2-9b-it,early__all__r16,0.0,0.0,0.3333333333333333,0.99644128113879,0.33244365361803085,1,11
gemma_2_9b_it,compiler::causal_mapping::causal_0000,causal_mapping,train,google/gemma-2-9b-it,full__all__r4,0.0,0.0,0.3333333333333333,0.99644128113879,0.33244365361803085,1,11
gemma_2_9b_it,compiler::causal_mapping::causal_0000,causal_mapping,train,google/gemma-2-9b-it,late__all__r16,0.0,0.0,0.3333333333333333,0.9608540925266904,0.3235468564650059,1,11
gemma_2_9b_it,compiler::causal_mapping::causal_0000,causal_mapping,train,google/gemma-2-9b-it,middle__all__r16,0.0,0.16666666666666666,0.3333333333333333,0.9928825622775801,0.373220640569395,1,11
gemma_2_9b_it,compiler::causal_mapping::causal_0001,causal_mapping,validation,google/gemma-2-9b-it,early__all__r16,0.1,0.0,0.3333333333333333,1.0,0.35833333333333334,1,11
gemma_2_9b_it,compiler::causal_mapping::causal_0001,causal_mapping,validation,google/gemma-2-9b-it,full__all__r4,0.1,0.3333333333333333,0.16666666666666666,0.99644128113879,0.3991103202846975,1,11
gemma_2_9b_it,compiler::causal_mapping::causal_0001,causal_mapping,validation,google/gemma-2-9b-it,late__all__r16,0.0,0.0,0.3333333333333333,0.9466192170818505,0.31998813760379596,1,11
gemma_2_9b_it,compiler::causal_mapping::causal_0001,causal_mapping,validation,google/gemma-2-9b-it,middle__all__r16,0.0,0.0,0.16666666666666666,1.0,0.2916666666666667,1,11
gemma_2_9b_it,compiler::causal_mapping::causal_0002,causal_mapping,validation,google/gemma-2-9b-it,early__all__r16,0.0,0.16666666666666666,0.16666666666666666,1.0,0.3333333333333333,1,11
gemma_2_9b_it,compiler::causal_mapping::causal_0002,causal_mapping,validation,google/gemma-2-9b-it,full__all__r4,0.0,0.3333333333333333,0.3333333333333333,0.99644128113879,0.41577698695136417,1,11
gemma_2_9b_it,compiler::causal_mapping::causal_0002,causal_mapping,validation,google/gemma-2-9b-it,late__all__r16,0.0,0.5,0.3333333333333333,0.9537366548042705,0.44676749703440094,1,11
gemma_2_9b_it,compiler::causal_mapping::causal_0002,causal_mapping,validation,google/gemma-2-9b-it,middle__all__r16,0.2,0.3333333333333333,0.3333333333333333,0.99644128113879,0.46577698695136416,1,11
gemma_2_9b_it,compiler::causal_mapping::causal_0003,causal_mapping,train,google/gemma-2-9b-it,early__all__r16,0.0,0.16666666666666666,0.5,1.0,0.4166666666666667,1,11
gemma_2_9b_it,compiler::causal_mapping::causal_0003,causal_mapping,train,google/gemma-2-9b-it,full__all__r4,0.0,0.3333333333333333,0.5,0.99644128113879,0.45744365361803085,1,11
gemma_2_9b_it,compiler::causal_mapping::causal_0003,causal_mapping,train,google/gemma-2-9b-it,late__all__r16,0.0,0.3333333333333333,0.3333333333333333,0.9537366548042705,0.40510083036773425,1,11
gemma_2_9b_it,compiler::causal_mapping::causal_0003,causal_mapping,train,google/gemma-2-9b-it,middle__all__r16,0.0,0.3333333333333333,0.5,1.0,0.4583333333333333,1,11
gemma_2_9b_it,compiler::causal_mapping::causal_0004,causal_mapping,train,google/gemma-2-9b-it,early__all__r16,0.0,0.0,0.3333333333333333,1.0,0.3333333333333333,1,11
gemma_2_9b_it,compiler::causal_mapping::causal_0004,causal_mapping,train,google/gemma-2-9b-it,full__all__r4,0.0,0.0,0.3333333333333333,0.99644128113879,0.33244365361803085,1,11
gemma_2_9b_it,compiler::causal_mapping::causal_0004,causal_mapping,train,google/gemma-2-9b-it,late__all__r16,0.0,0.3333333333333333,0.3333333333333333,0.9608540925266904,0.4068801897983393,1,11
gemma_2_9b_it,compiler::causal_mapping::causal_0004,causal_mapping,train,google/gemma-2-9b-it,middle__all__r16,0.0,0.0,0.3333333333333333,0.99644128113879,0.33244365361803085,1,11
gemma_2_9b_it,compiler::causal_mapping::causal_0005,causal_mapping,train,google/gemma-2-9b-it,early__all__r16,0.0,0.0,0.5,0.9928825622775801,0.373220640569395,1,11
gemma_2_9b_it,compiler::causal_mapping::causal_0005,causal_mapping,train,google/gemma-2-9b-it,full__all__r4,0.30000000000000004,0.3333333333333333,0.5,0.99644128113879,0.5324436536180308,1,11
gemma_2_9b_it,compiler::causal_mapping::causal_0005,causal_mapping,train,google/gemma-2-9b-it,late__all__r16,0.0,0.0,0.5,0.9501779359430605,0.3625444839857651,1,11
gemma_2_9b_it,compiler::causal_mapping::causal_0005,causal_mapping,train,google/gemma-2-9b-it,middle__all__r16,0.30000000000000004,0.3333333333333333,0.5,0.9893238434163701,0.5306642941874259,1,11
gemma_2_9b_it,compiler::causal_mapping::causal_0006,causal_mapping,test,google/gemma-2-9b-it,early__all__r16,0.03333333333333333,0.05555555555555555,0.5555555555555555,0.9988137603795967,0.41081455120601024,3,11|22|33
gemma_2_9b_it,compiler::causal_mapping::causal_0006,causal_mapping,test,google/gemma-2-9b-it,full__all__r4,0.03333333333333333,0.1111111111111111,0.5555555555555555,0.9940688018979834,0.4235172004744958,3,11|22|33
gemma_2_9b_it,compiler::causal_mapping::causal_0006,causal_mapping,test,google/gemma-2-9b-it,late__all__r16,0.0,0.05555555555555555,0.5,0.9537366548042705,0.3773230525899565,3,11|22|33
gemma_2_9b_it,compiler::causal_mapping::causal_0006,causal_mapping,test,google/gemma-2-9b-it,middle__all__r16,0.0,0.1111111111111111,0.7222222222222222,0.9976275207591933,0.45774021352313166,3,11|22|33
gemma_2_9b_it,compiler::causal_mapping::causal_0007,causal_mapping,validation,google/gemma-2-9b-it,early__all__r16,0.0,0.0,0.16666666666666666,1.0,0.2916666666666667,1,11
gemma_2_9b_it,compiler::causal_mapping::causal_0007,causal_mapping,validation,google/gemma-2-9b-it,full__all__r4,0.0,0.0,0.16666666666666666,0.99644128113879,0.29077698695136417,1,11
gemma_2_9b_it,compiler::causal_mapping::causal_0007,causal_mapping,validation,google/gemma-2-9b-it,late__all__r16,0.0,0.0,0.3333333333333333,0.9750889679715302,0.32710557532621587,1,11
gemma_2_9b_it,compiler::causal_mapping::causal_0007,causal_mapping,validation,google/gemma-2-9b-it,middle__all__r16,0.0,0.0,0.3333333333333333,0.99644128113879,0.33244365361803085,1,11
gemma_2_9b_it,compiler::causal_mapping::causal_0008,causal_mapping,train,google/gemma-2-9b-it,early__all__r16,0.0,0.0,0.16666666666666666,0.9822064056939501,0.2872182680901542,1,11
gemma_2_9b_it,compiler::causal_mapping::causal_0008,causal_mapping,train,google/gemma-2-9b-it,full__all__r4,0.0,0.0,0.3333333333333333,0.99644128113879,0.33244365361803085,1,11
gemma_2_9b_it,compiler::causal_mapping::causal_0008,causal_mapping,train,google/gemma-2-9b-it,late__all__r16,0.0,0.0,0.16666666666666666,0.9537366548042705,0.2801008303677343,1,11
gemma_2_9b_it,compiler::causal_mapping::causal_0008,causal_mapping,train,google/gemma-2-9b-it,middle__all__r16,0.0,0.0,0.3333333333333333,0.9857651245551602,0.32977461447212336,1,11
gemma_2_9b_it,compiler::causal_mapping::causal_0009,causal_mapping,train,google/gemma-2-9b-it,early__all__r16,0.0,0.0,0.3333333333333333,0.9893238434163701,0.3306642941874259,1,11
gemma_2_9b_it,compiler::causal_mapping::causal_0009,causal_mapping,train,google/gemma-2-9b-it,full__all__r4,0.0,0.16666666666666666,0.3333333333333333,0.9928825622775801,0.373220640569395,1,11
gemma_2_9b_it,compiler::causal_mapping::causal_0009,causal_mapping,train,google/gemma-2-9b-it,late__all__r16,0.0,0.0,0.3333333333333333,0.9644128113879004,0.32443653618030843,1,11
gemma_2_9b_it,compiler::causal_mapping::causal_0009,causal_mapping,train,google/gemma-2-9b-it,middle__all__r16,0.1,0.16666666666666666,0.3333333333333333,1.0,0.4,1,11
gemma_2_9b_it,compiler::causal_mapping::causal_0010,causal_mapping,test,google/gemma-2-9b-it,early__all__r16,0.03333333333333333,0.0,0.5,0.9893238434163701,0.38066429418742587,3,11|22|33
gemma_2_9b_it,compiler::causal_mapping::causal_0010,causal_mapping,test,google/gemma-2-9b-it,full__all__r4,0.06666666666666667,0.0,0.38888888888888884,0.9916963226571768,0.3618129695531831,3,11|22|33
gemma_2_9b_it,compiler::causal_mapping::causal_0010,causal_mapping,test,google/gemma-2-9b-it,late__all__r16,0.0,0.0,0.3333333333333333,0.9620403321470937,0.3238434163701068,3,11|22|33
gemma_2_9b_it,compiler::causal_mapping::causal_0010,causal_mapping,test,google/gemma-2-9b-it,middle__all__r16,0.10000000000000002,0.0,0.4444444444444444,0.9940688018979834,0.38462831158560695,3,11|22|33
gemma_2_9b_it,compiler::causal_mapping::causal_0011,causal_mapping,train,google/gemma-2-9b-it,early__all__r16,0.1,0.0,0.3333333333333333,1.0,0.35833333333333334,1,11
gemma_2_9b_it,compiler::causal_mapping::causal_0011,causal_mapping,train,google/gemma-2-9b-it,full__all__r4,0.1,0.0,0.16666666666666666,0.9928825622775801,0.3148873072360617,1,11
gemma_2_9b_it,compiler::causal_mapping::causal_0011,causal_mapping,train,google/gemma-2-9b-it,late__all__r16,0.0,0.0,0.3333333333333333,0.9501779359430605,0.3208778173190985,1,11
gemma_2_9b_it,compiler::causal_mapping::causal_0011,causal_mapping,train,google/gemma-2-9b-it,middle__all__r16,0.0,0.0,0.3333333333333333,1.0,0.3333333333333333,1,11
gemma_2_9b_it,compiler::causal_mapping::causal_0012,causal_mapping,validation,google/gemma-2-9b-it,early__all__r16,0.1,0.16666666666666666,0.16666666666666666,1.0,0.35833333333333334,1,11
gemma_2_9b_it,compiler::causal_mapping::causal_0012,causal_mapping,validation,google/gemma-2-9b-it,full__all__r4,0.2,0.16666666666666666,0.3333333333333333,0.99644128113879,0.42411032028469753,1,11
gemma_2_9b_it,compiler::causal_mapping::causal_0012,causal_mapping,validation,google/gemma-2-9b-it,late__all__r16,0.0,0.3333333333333333,0.3333333333333333,0.9537366548042705,0.40510083036773425,1,11
gemma_2_9b_it,compiler::causal_mapping::causal_0012,causal_mapping,validation,google/gemma-2-9b-it,middle__all__r16,0.2,0.3333333333333333,0.3333333333333333,0.99644128113879,0.46577698695136416,1,11
gemma_2_9b_it,compiler::causal_mapping::causal_0013,causal_mapping,validation,google/gemma-2-9b-it,early__all__r16,0.0,0.3333333333333333,0.3333333333333333,1.0,0.41666666666666663,1,11
gemma_2_9b_it,compiler::causal_mapping::causal_0013,causal_mapping,validation,google/gemma-2-9b-it,full__all__r4,0.0,0.3333333333333333,0.5,1.0,0.4583333333333333,1,11
gemma_2_9b_it,compiler::causal_mapping::causal_0013,causal_mapping,validation,google/gemma-2-9b-it,late__all__r16,0.0,0.3333333333333333,0.3333333333333333,0.9537366548042705,0.40510083036773425,1,11
gemma_2_9b_it,compiler::causal_mapping::causal_0013,causal_mapping,validation,google/gemma-2-9b-it,middle__all__r16,0.0,0.3333333333333333,0.5,1.0,0.4583333333333333,1,11
gemma_2_9b_it,compiler::causal_mapping::causal_0014,causal_mapping,train,google/gemma-2-9b-it,early__all__r16,0.0,0.0,0.3333333333333333,0.99644128113879,0.33244365361803085,1,11
gemma_2_9b_it,compiler::causal_mapping::causal_0014,causal_mapping,train,google/gemma-2-9b-it,full__all__r4,0.0,0.0,0.3333333333333333,0.99644128113879,0.33244365361803085,1,11
gemma_2_9b_it,compiler::causal_mapping::causal_0014,causal_mapping,train,google/gemma-2-9b-it,late__all__r16,0.0,0.3333333333333333,0.3333333333333333,0.9572953736654805,0.40599051008303677,1,11
gemma_2_9b_it,compiler::causal_mapping::causal_0014,causal_mapping,train,google/gemma-2-9b-it,middle__all__r16,0.0,0.0,0.3333333333333333,1.0,0.3333333333333333,1,11
gemma_2_9b_it,compiler::causal_mapping::causal_0015,causal_mapping,train,google/gemma-2-9b-it,early__all__r16,0.0,0.0,0.5,0.9928825622775801,0.373220640569395,1,11
gemma_2_9b_it,compiler::causal_mapping::causal_0015,causal_mapping,train,google/gemma-2-9b-it,full__all__r4,0.2,0.3333333333333333,0.5,0.99644128113879,0.5074436536180309,1,11
gemma_2_9b_it,compiler::causal_mapping::causal_0015,causal_mapping,train,google/gemma-2-9b-it,late__all__r16,0.0,0.0,0.5,0.9501779359430605,0.3625444839857651,1,11
gemma_2_9b_it,compiler::causal_mapping::causal_0015,causal_mapping,train,google/gemma-2-9b-it,middle__all__r16,0.1,0.3333333333333333,0.5,0.9893238434163701,0.48066429418742584,1,11
gemma_2_9b_it,compiler::causal_mapping::causal_0016,causal_mapping,validation,google/gemma-2-9b-it,early__all__r16,0.0,0.0,0.6666666666666666,0.9822064056939501,0.41221826809015416,1,11
gemma_2_9b_it,compiler::causal_mapping::causal_0016,causal_mapping,validation,google/gemma-2-9b-it,full__all__r4,0.1,0.16666666666666666,0.6666666666666666,0.9893238434163701,0.48066429418742584,1,11
gemma_2_9b_it,compiler::causal_mapping::causal_0016,causal_mapping,validation,google/gemma-2-9b-it,late__all__r16,0.0,0.0,0.5,0.9537366548042705,0.3634341637010676,1,11
gemma_2_9b_it,compiler::causal_mapping::causal_0016,causal_mapping,validation,google/gemma-2-9b-it,middle__all__r16,0.0,0.0,0.5,0.99644128113879,0.3741103202846975,1,11
gemma_2_9b_it,compiler::causal_mapping::causal_0017,causal_mapping,train,google/gemma-2-9b-it,early__all__r16,0.0,0.0,0.16666666666666666,1.0,0.2916666666666667,1,11
gemma_2_9b_it,compiler::causal_mapping::causal_0017,causal_mapping,train,google/gemma-2-9b-it,full__all__r4,0.0,0.0,0.3333333333333333,0.99644128113879,0.33244365361803085,1,11
gemma_2_9b_it,compiler::causal_mapping::causal_0017,causal_mapping,train,google/gemma-2-9b-it,late__all__r16,0.0,0.0,0.3333333333333333,0.9750889679715302,0.32710557532621587,1,11
gemma_2_9b_it,compiler::causal_mapping::causal_0017,causal_mapping,train,google/gemma-2-9b-it,middle__all__r16,0.1,0.0,0.3333333333333333,0.99644128113879,0.3574436536180308,1,11
gemma_2_9b_it,compiler::causal_mapping::causal_0018,causal_mapping,train,google/gemma-2-9b-it,early__all__r16,0.0,0.0,0.3333333333333333,0.9893238434163701,0.3306642941874259,1,11
gemma_2_9b_it,compiler::causal_mapping::causal_0018,causal_mapping,train,google/gemma-2-9b-it,full__all__r4,0.0,0.0,0.3333333333333333,0.9928825622775801,0.33155397390272834,1,11
gemma_2_9b_it,compiler::causal_mapping::causal_0018,causal_mapping,train,google/gemma-2-9b-it,late__all__r16,0.0,0.0,0.16666666666666666,0.9430604982206405,0.2774317912218268,1,11
gemma_2_9b_it,compiler::causal_mapping::causal_0018,causal_mapping,train,google/gemma-2-9b-it,middle__all__r16,0.0,0.0,0.3333333333333333,0.9928825622775801,0.33155397390272834,1,11
gemma_2_9b_it,compiler::causal_mapping::causal_0019,causal_mapping,train,google/gemma-2-9b-it,early__all__r16,0.0,0.0,0.3333333333333333,0.9822064056939501,0.32888493475682085,1,11
gemma_2_9b_it,compiler::causal_mapping::causal_0019,causal_mapping,train,google/gemma-2-9b-it,full__all__r4,0.0,0.16666666666666666,0.3333333333333333,0.9928825622775801,0.373220640569395,1,11
gemma_2_9b_it,compiler::causal_mapping::causal_0019,causal_mapping,train,google/gemma-2-9b-it,late__all__r16,0.0,0.16666666666666666,0.3333333333333333,0.9644128113879004,0.36610320284697506,1,11
gemma_2_9b_it,compiler::causal_mapping::causal_0019,causal_mapping,train,google/gemma-2-9b-it,middle__all__r16,0.1,0.16666666666666666,0.3333333333333333,0.99644128113879,0.3991103202846975,1,11
gemma_2_9b_it,compiler::causal_mapping::causal_0020,causal_mapping,train,google/gemma-2-9b-it,early__all__r16,0.0,0.0,0.3333333333333333,0.9928825622775801,0.33155397390272834,1,11
gemma_2_9b_it,compiler::causal_mapping::causal_0020,causal_mapping,train,google/gemma-2-9b-it,full__all__r4,0.0,0.0,0.5,0.99644128113879,0.3741103202846975,1,11
gemma_2_9b_it,compiler::causal_mapping::causal_0020,causal_mapping,train,google/gemma-2-9b-it,late__all__r16,0.0,0.0,0.3333333333333333,0.9679715302491103,0.3253262158956109,1,11
gemma_2_9b_it,compiler::causal_mapping::causal_0020,causal_mapping,train,google/gemma-2-9b-it,middle__all__r16,0.1,0.0,0.3333333333333333,0.99644128113879,0.3574436536180308,1,11
gemma_2_9b_it,compiler::causal_mapping::causal_0021,causal_mapping,validation,google/gemma-2-9b-it,early__all__r16,0.1,0.0,0.3333333333333333,1.0,0.35833333333333334,1,11
gemma_2_9b_it,compiler::causal_mapping::causal_0021,causal_mapping,validation,google/gemma-2-9b-it,full__all__r4,0.1,0.16666666666666666,0.16666666666666666,0.99644128113879,0.3574436536180308,1,11
gemma_2_9b_it,compiler::causal_mapping::causal_0021,causal_mapping,validation,google/gemma-2-9b-it,late__all__r16,0.0,0.0,0.3333333333333333,0.9608540925266904,0.3235468564650059,1,11
gemma_2_9b_it,compiler::causal_mapping::causal_0021,causal_mapping,validation,google/gemma-2-9b-it,middle__all__r16,0.0,0.0,0.16666666666666666,0.99644128113879,0.29077698695136417,1,11
gemma_2_9b_it,compiler::causal_mapping::causal_0022,causal_mapping,test,google/gemma-2-9b-it,early__all__r16,0.13333333333333333,0.2222222222222222,0.27777777777777773,0.9988137603795967,0.40803677342823247,3,11|22|33
gemma_2_9b_it,compiler::causal_mapping::causal_0022,causal_mapping,test,google/gemma-2-9b-it,full__all__r4,0.23333333333333336,0.3888888888888889,0.3333333333333333,0.9952550415183867,0.48770264926848556,3,11|22|33
gemma_2_9b_it,compiler::causal_mapping::causal_0022,causal_mapping,test,google/gemma-2-9b-it,late__all__r16,0.0,0.38888888888888884,0.2222222222222222,0.9655990510083038,0.3941775405298537,3,11|22|33
gemma_2_9b_it,compiler::causal_mapping::causal_0022,causal_mapping,test,google/gemma-2-9b-it,middle__all__r16,0.3333333333333333,0.27777777777777773,0.3333333333333333,0.9952550415183867,0.4849248714907078,3,11|22|33
gemma_2_9b_it,compiler::causal_mapping::causal_0023,causal_mapping,validation,google/gemma-2-9b-it,early__all__r16,0.0,0.3333333333333333,0.3333333333333333,1.0,0.41666666666666663,1,11
gemma_2_9b_it,compiler::causal_mapping::causal_0023,causal_mapping,validation,google/gemma-2-9b-it,full__all__r4,0.0,0.3333333333333333,0.3333333333333333,1.0,0.41666666666666663,1,11
gemma_2_9b_it,compiler::causal_mapping::causal_0023,causal_mapping,validation,google/gemma-2-9b-it,late__all__r16,0.0,0.3333333333333333,0.3333333333333333,0.9537366548042705,0.40510083036773425,1,11
gemma_2_9b_it,compiler::causal_mapping::causal_0023,causal_mapping,validation,google/gemma-2-9b-it,middle__all__r16,0.0,0.3333333333333333,0.5,1.0,0.4583333333333333,1,11
gemma_2_9b_it,compiler::causal_mapping::causal_0024,causal_mapping,train,google/gemma-2-9b-it,early__all__r16,0.0,0.0,0.3333333333333333,0.99644128113879,0.33244365361803085,1,11
gemma_2_9b_it,compiler::causal_mapping::causal_0024,causal_mapping,train,google/gemma-2-9b-it,full__all__r4,0.0,0.0,0.3333333333333333,0.99644128113879,0.33244365361803085,1,11
gemma_2_9b_it,compiler::causal_mapping::causal_0024,causal_mapping,train,google/gemma-2-9b-it,late__all__r16,0.0,0.3333333333333333,0.3333333333333333,0.9466192170818505,0.4033214709371293,1,11
gemma_2_9b_it,compiler::causal_mapping::causal_0024,causal_mapping,train,google/gemma-2-9b-it,middle__all__r16,0.0,0.0,0.3333333333333333,1.0,0.3333333333333333,1,11
gemma_2_9b_it,compiler::causal_mapping::causal_0025,causal_mapping,train,google/gemma-2-9b-it,early__all__r16,0.0,0.0,0.3333333333333333,0.9928825622775801,0.33155397390272834,1,11
gemma_2_9b_it,compiler::causal_mapping::causal_0025,causal_mapping,train,google/gemma-2-9b-it,full__all__r4,0.30000000000000004,0.3333333333333333,0.5,0.9928825622775801,0.5315539739027284,1,11
gemma_2_9b_it,compiler::causal_mapping::causal_0025,causal_mapping,train,google/gemma-2-9b-it,late__all__r16,0.0,0.0,0.5,0.9501779359430605,0.3625444839857651,1,11
gemma_2_9b_it,compiler::causal_mapping::causal_0025,causal_mapping,train,google/gemma-2-9b-it,middle__all__r16,0.2,0.3333333333333333,0.5,0.9893238434163701,0.5056642941874259,1,11
gemma_2_9b_it,compiler::causal_mapping::causal_0026,causal_mapping,test,google/gemma-2-9b-it,early__all__r16,0.03333333333333333,0.1111111111111111,0.6666666666666666,0.9928825622775802,0.4509984183471728,3,11|22|33
gemma_2_9b_it,compiler::causal_mapping::causal_0026,causal_mapping,test,google/gemma-2-9b-it,full__all__r4,0.16666666666666666,0.1111111111111111,0.6666666666666666,0.9952550415183867,0.4849248714907078,3,11|22|33
gemma_2_9b_it,compiler::causal_mapping::causal_0026,causal_mapping,test,google/gemma-2-9b-it,late__all__r16,0.0,0.05555555555555555,0.5,0.9549228944246738,0.3776196124950573,3,11|22|33
gemma_2_9b_it,compiler::causal_mapping::causal_0026,causal_mapping,test,google/gemma-2-9b-it,middle__all__r16,0.06666666666666667,0.05555555555555555,0.5,0.99644128113879,0.40466587584025304,3,11|22|33
gemma_2_9b_it,compiler::causal_mapping::causal_0027,causal_mapping,test,google/gemma-2-9b-it,early__all__r16,0.0,0.0,0.3333333333333333,1.0,0.3333333333333333,3,11|22|33
gemma_2_9b_it,compiler::causal_mapping::causal_0027,causal_mapping,test,google/gemma-2-9b-it,full__all__r4,0.0,0.0,0.3333333333333333,0.9952550415183867,0.33214709371293,3,11|22|33
gemma_2_9b_it,compiler::causal_mapping::causal_0027,causal_mapping,test,google/gemma-2-9b-it,late__all__r16,0.0,0.0,0.3333333333333333,0.9750889679715303,0.3271055753262159,3,11|22|33
gemma_2_9b_it,compiler::causal_mapping::causal_0027,causal_mapping,test,google/gemma-2-9b-it,middle__all__r16,0.0,0.0,0.3333333333333333,0.9976275207591933,0.33274021352313166,3,11|22|33
gemma_2_9b_it,compiler::causal_mapping::causal_0028,causal_mapping,validation,google/gemma-2-9b-it,early__all__r16,0.0,0.0,0.3333333333333333,0.9893238434163701,0.3306642941874259,1,11
gemma_2_9b_it,compiler::causal_mapping::causal_0028,causal_mapping,validation,google/gemma-2-9b-it,full__all__r4,0.0,0.0,0.3333333333333333,0.99644128113879,0.33244365361803085,1,11
gemma_2_9b_it,compiler::causal_mapping::causal_0028,causal_mapping,validation,google/gemma-2-9b-it,late__all__r16,0.0,0.0,0.16666666666666666,0.9466192170818505,0.2783214709371293,1,11
gemma_2_9b_it,compiler::causal_mapping::causal_0028,causal_mapping,validation,google/gemma-2-9b-it,middle__all__r16,0.0,0.0,0.3333333333333333,0.9857651245551602,0.32977461447212336,1,11
gemma_2_9b_it,compiler::causal_mapping::causal_0029,causal_mapping,validation,google/gemma-2-9b-it,early__all__r16,0.0,0.0,0.3333333333333333,0.9893238434163701,0.3306642941874259,1,11
gemma_2_9b_it,compiler::causal_mapping::causal_0029,causal_mapping,validation,google/gemma-2-9b-it,full__all__r4,0.0,0.16666666666666666,0.3333333333333333,0.99644128113879,0.3741103202846975,1,11
gemma_2_9b_it,compiler::causal_mapping::causal_0029,causal_mapping,validation,google/gemma-2-9b-it,late__all__r16,0.0,0.16666666666666666,0.3333333333333333,0.9715302491103203,0.36788256227758004,1,11
gemma_2_9b_it,compiler::causal_mapping::causal_0029,causal_mapping,validation,google/gemma-2-9b-it,middle__all__r16,0.1,0.16666666666666666,0.3333333333333333,1.0,0.4,1,11
gemma_2_9b_it,compiler::causal_mapping::causal_0030,causal_mapping,train,google/gemma-2-9b-it,early__all__r16,0.0,0.0,0.3333333333333333,0.99644128113879,0.33244365361803085,1,11
gemma_2_9b_it,compiler::causal_mapping::causal_0030,causal_mapping,train,google/gemma-2-9b-it,full__all__r4,0.0,0.0,0.5,0.99644128113879,0.3741103202846975,1,11
gemma_2_9b_it,compiler::causal_mapping::causal_0030,causal_mapping,train,google/gemma-2-9b-it,late__all__r16,0.0,0.0,0.3333333333333333,0.9644128113879004,0.32443653618030843,1,11
gemma_2_9b_it,compiler::causal_mapping::causal_0030,causal_mapping,train,google/gemma-2-9b-it,middle__all__r16,0.0,0.0,0.3333333333333333,0.9893238434163701,0.3306642941874259,1,11
gemma_2_9b_it,compiler::causal_mapping::causal_0031,causal_mapping,train,google/gemma-2-9b-it,early__all__r16,0.0,0.0,0.3333333333333333,1.0,0.3333333333333333,1,11
gemma_2_9b_it,compiler::causal_mapping::causal_0031,causal_mapping,train,google/gemma-2-9b-it,full__all__r4,0.0,0.16666666666666666,0.16666666666666666,0.99644128113879,0.33244365361803085,1,11
gemma_2_9b_it,compiler::causal_mapping::causal_0031,causal_mapping,train,google/gemma-2-9b-it,late__all__r16,0.0,0.0,0.3333333333333333,0.9501779359430605,0.3208778173190985,1,11
gemma_2_9b_it,compiler::causal_mapping::causal_0031,causal_mapping,train,google/gemma-2-9b-it,middle__all__r16,0.0,0.0,0.3333333333333333,0.99644128113879,0.33244365361803085,1,11
gemma_2_9b_it,compiler::causal_mapping::causal_0032,causal_mapping,train,google/gemma-2-9b-it,early__all__r16,0.0,0.16666666666666666,0.3333333333333333,1.0,0.375,1,11
gemma_2_9b_it,compiler::causal_mapping::causal_0032,causal_mapping,train,google/gemma-2-9b-it,full__all__r4,0.0,0.16666666666666666,0.3333333333333333,0.99644128113879,0.3741103202846975,1,11
gemma_2_9b_it,compiler::causal_mapping::causal_0032,causal_mapping,train,google/gemma-2-9b-it,late__all__r16,0.0,0.5,0.16666666666666666,0.9537366548042705,0.4051008303677343,1,11
gemma_2_9b_it,compiler::causal_mapping::causal_0032,causal_mapping,train,google/gemma-2-9b-it,middle__all__r16,0.2,0.16666666666666666,0.3333333333333333,0.9928825622775801,0.423220640569395,1,11
gemma_2_9b_it,compiler::causal_mapping::causal_0033,causal_mapping,train,google/gemma-2-9b-it,early__all__r16,0.0,0.3333333333333333,0.3333333333333333,1.0,0.41666666666666663,1,11
gemma_2_9b_it,compiler::causal_mapping::causal_0033,causal_mapping,train,google/gemma-2-9b-it,full__all__r4,0.0,0.3333333333333333,0.3333333333333333,0.99644128113879,0.41577698695136417,1,11
gemma_2_9b_it,compiler::causal_mapping::causal_0033,causal_mapping,train,google/gemma-2-9b-it,late__all__r16,0.0,0.3333333333333333,0.3333333333333333,0.9466192170818505,0.4033214709371293,1,11
gemma_2_9b_it,compiler::causal_mapping::causal_0033,causal_mapping,train,google/gemma-2-9b-it,middle__all__r16,0.0,0.3333333333333333,0.5,1.0,0.4583333333333333,1,11
gemma_2_9b_it,compiler::causal_mapping::causal_0034,causal_mapping,test,google/gemma-2-9b-it,early__all__r16,0.0,0.0,0.3333333333333333,0.9881376037959667,0.330367734282325,3,11|22|33
gemma_2_9b_it,compiler::causal_mapping::causal_0034,causal_mapping,test,google/gemma-2-9b-it,full__all__r4,0.0,0.05555555555555555,0.38888888888888884,0.99644128113879,0.3602214313958086,3,11|22|33
gemma_2_9b_it,compiler::causal_mapping::causal_0034,causal_mapping,test,google/gemma-2-9b-it,late__all__r16,0.0,0.1111111111111111,0.3333333333333333,0.9596678529062871,0.3510280743376829,3,11|22|33
gemma_2_9b_it,compiler::causal_mapping::causal_0034,causal_mapping,test,google/gemma-2-9b-it,middle__all__r16,0.03333333333333333,0.0,0.4444444444444444,0.9976275207591933,0.36885132463424275,3,11|22|33
gemma_2_9b_it,compiler::causal_mapping::causal_0035,causal_mapping,train,google/gemma-2-9b-it,early__all__r16,0.0,0.0,0.3333333333333333,0.9928825622775801,0.33155397390272834,1,11
gemma_2_9b_it,compiler::causal_mapping::causal_0035,causal_mapping,train,google/gemma-2-9b-it,full__all__r4,0.2,0.3333333333333333,0.5,0.9893238434163701,0.5056642941874259,1,11
gemma_2_9b_it,compiler::causal_mapping::causal_0035,causal_mapping,train,google/gemma-2-9b-it,late__all__r16,0.0,0.0,0.5,0.9501779359430605,0.3625444839857651,1,11
gemma_2_9b_it,compiler::causal_mapping::causal_0035,causal_mapping,train,google/gemma-2-9b-it,middle__all__r16,0.2,0.3333333333333333,0.5,0.9893238434163701,0.5056642941874259,1,11
gemma_2_9b_it,compiler::causal_mapping::causal_0036,causal_mapping,test,google/gemma-2-9b-it,early__all__r16,0.0,0.05555555555555555,0.611111111111111,0.9988137603795967,0.41637010676156583,3,11|22|33
gemma_2_9b_it,compiler::causal_mapping::causal_0036,causal_mapping,test,google/gemma-2-9b-it,full__all__r4,0.10000000000000002,0.16666666666666666,0.5555555555555555,0.9928825622775802,0.45377619612495057,3,11|22|33
gemma_2_9b_it,compiler::causal_mapping::causal_0036,causal_mapping,test,google/gemma-2-9b-it,late__all__r16,0.0,0.0,0.5,0.9525504151838672,0.3631376037959668,3,11|22|33
gemma_2_9b_it,compiler::causal_mapping::causal_0036,causal_mapping,test,google/gemma-2-9b-it,middle__all__r16,0.06666666666666667,0.05555555555555555,0.7222222222222222,0.9976275207591933,0.4605179913009094,3,11|22|33
gemma_2_9b_it,compiler::causal_mapping::causal_0037,causal_mapping,train,google/gemma-2-9b-it,early__all__r16,0.0,0.0,0.3333333333333333,1.0,0.3333333333333333,1,11
gemma_2_9b_it,compiler::causal_mapping::causal_0037,causal_mapping,train,google/gemma-2-9b-it,full__all__r4,0.0,0.0,0.16666666666666666,0.99644128113879,0.29077698695136417,1,11
gemma_2_9b_it,compiler::causal_mapping::causal_0037,causal_mapping,train,google/gemma-2-9b-it,late__all__r16,0.0,0.0,0.3333333333333333,0.9750889679715302,0.32710557532621587,1,11
gemma_2_9b_it,compiler::causal_mapping::causal_0037,causal_mapping,train,google/gemma-2-9b-it,middle__all__r16,0.1,0.0,0.3333333333333333,0.99644128113879,0.3574436536180308,1,11
gemma_2_9b_it,compiler::causal_mapping::causal_0038,causal_mapping,train,google/gemma-2-9b-it,early__all__r16,0.0,0.0,0.16666666666666666,0.99644128113879,0.29077698695136417,1,11
gemma_2_9b_it,compiler::causal_mapping::causal_0038,causal_mapping,train,google/gemma-2-9b-it,full__all__r4,0.0,0.0,0.3333333333333333,0.9928825622775801,0.33155397390272834,1,11
gemma_2_9b_it,compiler::causal_mapping::causal_0038,causal_mapping,train,google/gemma-2-9b-it,late__all__r16,0.0,0.0,0.16666666666666666,0.9395017793594306,0.2765421115065243,1,11
gemma_2_9b_it,compiler::causal_mapping::causal_0038,causal_mapping,train,google/gemma-2-9b-it,middle__all__r16,0.0,0.0,0.3333333333333333,0.9857651245551602,0.32977461447212336,1,11
gemma_2_9b_it,compiler::causal_mapping::causal_0039,causal_mapping,test,google/gemma-2-9b-it,early__all__r16,0.0,0.0,0.3333333333333333,0.9940688018979834,0.3318505338078292,3,11|22|33
gemma_2_9b_it,compiler::causal_mapping::causal_0039,causal_mapping,test,google/gemma-2-9b-it,full__all__r4,0.0,0.1111111111111111,0.3333333333333333,0.9952550415183867,0.3599248714907078,3,11|22|33
gemma_2_9b_it,compiler::causal_mapping::causal_0039,causal_mapping,test,google/gemma-2-9b-it,late__all__r16,0.0,0.05555555555555555,0.3333333333333333,0.9715302491103203,0.3401047844998023,3,11|22|33
gemma_2_9b_it,compiler::causal_mapping::causal_0039,causal_mapping,test,google/gemma-2-9b-it,middle__all__r16,0.10000000000000002,0.05555555555555555,0.3333333333333333,0.9988137603795967,0.3719256623171214,3,11|22|33
gemma_2_9b_it,compiler::causal_mapping::causal_0040,causal_mapping,train,google/gemma-2-9b-it,early__all__r16,0.0,0.0,0.3333333333333333,1.0,0.3333333333333333,1,11
gemma_2_9b_it,compiler::causal_mapping::causal_0040,causal_mapping,train,google/gemma-2-9b-it,full__all__r4,0.0,0.0,0.5,0.99644128113879,0.3741103202846975,1,11
gemma_2_9b_it,compiler::causal_mapping::causal_0040,causal_mapping,train,google/gemma-2-9b-it,late__all__r16,0.0,0.0,0.3333333333333333,0.9644128113879004,0.32443653618030843,1,11
gemma_2_9b_it,compiler::causal_mapping::causal_0040,causal_mapping,train,google/gemma-2-9b-it,middle__all__r16,0.0,0.0,0.3333333333333333,0.9893238434163701,0.3306642941874259,1,11
gemma_2_9b_it,compiler::causal_mapping::causal_0041,causal_mapping,train,google/gemma-2-9b-it,early__all__r16,0.0,0.0,0.3333333333333333,1.0,0.3333333333333333,1,11
gemma_2_9b_it,compiler::causal_mapping::causal_0041,causal_mapping,train,google/gemma-2-9b-it,full__all__r4,0.1,0.16666666666666666,0.16666666666666666,0.99644128113879,0.3574436536180308,1,11
gemma_2_9b_it,compiler::causal_mapping::causal_0041,causal_mapping,train,google/gemma-2-9b-it,late__all__r16,0.0,0.0,0.3333333333333333,0.9572953736654805,0.32265717674970346,1,11
gemma_2_9b_it,compiler::causal_mapping::causal_0041,causal_mapping,train,google/gemma-2-9b-it,middle__all__r16,0.0,0.0,0.3333333333333333,0.9928825622775801,0.33155397390272834,1,11
gemma_2_9b_it,compiler::causal_mapping::causal_0042,causal_mapping,train,google/gemma-2-9b-it,early__all__r16,0.0,0.16666666666666666,0.3333333333333333,1.0,0.375,1,11
gemma_2_9b_it,compiler::causal_mapping::causal_0042,causal_mapping,train,google/gemma-2-9b-it,full__all__r4,0.1,0.16666666666666666,0.3333333333333333,0.99644128113879,0.3991103202846975,1,11
gemma_2_9b_it,compiler::causal_mapping::causal_0042,causal_mapping,train,google/gemma-2-9b-it,late__all__r16,0.0,0.5,0.3333333333333333,0.9572953736654805,0.44765717674970346,1,11
gemma_2_9b_it,compiler::causal_mapping::causal_0042,causal_mapping,train,google/gemma-2-9b-it,middle__all__r16,0.2,0.16666666666666666,0.3333333333333333,0.99644128113879,0.42411032028469753,1,11
gemma_2_9b_it,compiler::causal_mapping::causal_0043,causal_mapping,train,google/gemma-2-9b-it,early__all__r16,0.0,0.3333333333333333,0.5,1.0,0.4583333333333333,1,11
gemma_2_9b_it,compiler::causal_mapping::causal_0043,causal_mapping,train,google/gemma-2-9b-it,full__all__r4,0.0,0.3333333333333333,0.5,1.0,0.4583333333333333,1,11
gemma_2_9b_it,compiler::causal_mapping::causal_0043,causal_mapping,train,google/gemma-2-9b-it,late__all__r16,0.0,0.3333333333333333,0.3333333333333333,0.9501779359430605,0.4042111506524318,1,11
gemma_2_9b_it,compiler::causal_mapping::causal_0043,causal_mapping,train,google/gemma-2-9b-it,middle__all__r16,0.0,0.3333333333333333,0.5,1.0,0.4583333333333333,1,11
gemma_2_9b_it,compiler::causal_mapping::causal_0044,causal_mapping,test,google/gemma-2-9b-it,early__all__r16,0.0,0.0,0.3333333333333333,0.9976275207591933,0.33274021352313166,3,11|22|33
gemma_2_9b_it,compiler::causal_mapping::causal_0044,causal_mapping,test,google/gemma-2-9b-it,full__all__r4,0.0,0.0,0.3333333333333333,0.9952550415183867,0.33214709371293,3,11|22|33
gemma_2_9b_it,compiler::causal_mapping::causal_0044,causal_mapping,test,google/gemma-2-9b-it,late__all__r16,0.0,0.1111111111111111,0.3333333333333333,0.9572953736654805,0.3504349545274812,3,11|22|33
gemma_2_9b_it,compiler::causal_mapping::causal_0044,causal_mapping,test,google/gemma-2-9b-it,middle__all__r16,0.03333333333333333,0.0,0.4444444444444444,0.99644128113879,0.36855476472914195,3,11|22|33
gemma_2_9b_it,compiler::causal_mapping::causal_0045,causal_mapping,test,google/gemma-2-9b-it,early__all__r16,0.0,0.0,0.38888888888888884,0.9893238434163701,0.3445531830763148,3,11|22|33
gemma_2_9b_it,compiler::causal_mapping::causal_0045,causal_mapping,test,google/gemma-2-9b-it,full__all__r4,0.16666666666666666,0.3333333333333333,0.5,0.9928825622775802,0.498220640569395,3,11|22|33
gemma_2_9b_it,compiler::causal_mapping::causal_0045,causal_mapping,test,google/gemma-2-9b-it,late__all__r16,0.0,0.0,0.5,0.9501779359430605,0.3625444839857651,3,11|22|33
gemma_2_9b_it,compiler::causal_mapping::causal_0045,causal_mapping,test,google/gemma-2-9b-it,middle__all__r16,0.13333333333333333,0.3333333333333333,0.5,0.9833926453143534,0.48751482799525503,3,11|22|33
gemma_2_9b_it,compiler::causal_mapping::causal_0046,causal_mapping,train,google/gemma-2-9b-it,early__all__r16,0.1,0.16666666666666666,0.8333333333333334,0.9857651245551602,0.5214412811387901,1,11
gemma_2_9b_it,compiler::causal_mapping::causal_0046,causal_mapping,train,google/gemma-2-9b-it,full__all__r4,0.1,0.16666666666666666,0.6666666666666666,0.99644128113879,0.4824436536180308,1,11
gemma_2_9b_it,compiler::causal_mapping::causal_0046,causal_mapping,train,google/gemma-2-9b-it,late__all__r16,0.0,0.0,0.5,0.9395017793594306,0.35987544483985767,1,11
gemma_2_9b_it,compiler::causal_mapping::causal_0046,causal_mapping,train,google/gemma-2-9b-it,middle__all__r16,0.0,0.0,0.5,0.99644128113879,0.3741103202846975,1,11
gemma_2_9b_it,compiler::causal_mapping::causal_0047,causal_mapping,test,google/gemma-2-9b-it,early__all__r16,0.0,0.0,0.3333333333333333,0.9976275207591933,0.33274021352313166,3,11|22|33
gemma_2_9b_it,compiler::causal_mapping::causal_0047,causal_mapping,test,google/gemma-2-9b-it,full__all__r4,0.0,0.0,0.3333333333333333,0.9940688018979834,0.3318505338078292,3,11|22|33
gemma_2_9b_it,compiler::causal_mapping::causal_0047,causal_mapping,test,google/gemma-2-9b-it,late__all__r16,0.0,0.0,0.27777777777777773,0.9727164887307236,0.3126235666271253,3,11|22|33
gemma_2_9b_it,compiler::causal_mapping::causal_0047,causal_mapping,test,google/gemma-2-9b-it,middle__all__r16,0.0,0.0,0.3333333333333333,0.9976275207591933,0.33274021352313166,3,11|22|33
gemma_2_9b_it,compiler::causal_mapping::causal_0048,causal_mapping,train,google/gemma-2-9b-it,early__all__r16,0.0,0.0,0.16666666666666666,0.9893238434163701,0.2889976275207592,1,11
gemma_2_9b_it,compiler::causal_mapping::causal_0048,causal_mapping,train,google/gemma-2-9b-it,full__all__r4,0.0,0.0,0.3333333333333333,0.99644128113879,0.33244365361803085,1,11
gemma_2_9b_it,compiler::causal_mapping::causal_0048,causal_mapping,train,google/gemma-2-9b-it,late__all__r16,0.0,0.0,0.16666666666666666,0.9430604982206405,0.2774317912218268,1,11
gemma_2_9b_it,compiler::causal_mapping::causal_0048,causal_mapping,train,google/gemma-2-9b-it,middle__all__r16,0.0,0.0,0.3333333333333333,0.99644128113879,0.33244365361803085,1,11
gemma_2_9b_it,compiler::causal_mapping::causal_0049,causal_mapping,train,google/gemma-2-9b-it,early__all__r16,0.0,0.0,0.16666666666666666,0.9893238434163701,0.2889976275207592,1,11
gemma_2_9b_it,compiler::causal_mapping::causal_0049,causal_mapping,train,google/gemma-2-9b-it,full__all__r4,0.0,0.16666666666666666,0.3333333333333333,0.99644128113879,0.3741103202846975,1,11
gemma_2_9b_it,compiler::causal_mapping::causal_0049,causal_mapping,train,google/gemma-2-9b-it,late__all__r16,0.0,0.0,0.5,0.9644128113879004,0.36610320284697506,1,11
gemma_2_9b_it,compiler::causal_mapping::causal_0049,causal_mapping,train,google/gemma-2-9b-it,middle__all__r16,0.0,0.16666666666666666,0.3333333333333333,1.0,0.375,1,11
gemma_2_9b_it,compiler::causal_mapping::causal_0050,causal_mapping,train,google/gemma-2-9b-it,early__all__r16,0.0,0.0,0.3333333333333333,1.0,0.3333333333333333,1,11
gemma_2_9b_it,compiler::causal_mapping::causal_0050,causal_mapping,train,google/gemma-2-9b-it,full__all__r4,0.1,0.0,0.5,0.99644128113879,0.3991103202846975,1,11
gemma_2_9b_it,compiler::causal_mapping::causal_0050,causal_mapping,train,google/gemma-2-9b-it,late__all__r16,0.0,0.0,0.3333333333333333,0.9572953736654805,0.32265717674970346,1,11
gemma_2_9b_it,compiler::causal_mapping::causal_0050,causal_mapping,train,google/gemma-2-9b-it,middle__all__r16,0.0,0.0,0.3333333333333333,0.9893238434163701,0.3306642941874259,1,11
gemma_2_9b_it,compiler::causal_mapping::causal_0051,causal_mapping,train,google/gemma-2-9b-it,early__all__r16,0.0,0.0,0.3333333333333333,0.99644128113879,0.33244365361803085,1,11
gemma_2_9b_it,compiler::causal_mapping::causal_0051,causal_mapping,train,google/gemma-2-9b-it,full__all__r4,0.0,0.16666666666666666,0.16666666666666666,0.99644128113879,0.33244365361803085,1,11
gemma_2_9b_it,compiler::causal_mapping::causal_0051,causal_mapping,train,google/gemma-2-9b-it,late__all__r16,0.0,0.0,0.3333333333333333,0.9466192170818505,0.31998813760379596,1,11
gemma_2_9b_it,compiler::causal_mapping::causal_0051,causal_mapping,train,google/gemma-2-9b-it,middle__all__r16,0.0,0.0,0.16666666666666666,0.99644128113879,0.29077698695136417,1,11
gemma_2_9b_it,compiler::causal_mapping::causal_0052,causal_mapping,train,google/gemma-2-9b-it,early__all__r16,0.1,0.16666666666666666,0.3333333333333333,1.0,0.4,1,11
gemma_2_9b_it,compiler::causal_mapping::causal_0052,causal_mapping,train,google/gemma-2-9b-it,full__all__r4,0.1,0.16666666666666666,0.3333333333333333,0.99644128113879,0.3991103202846975,1,11
gemma_2_9b_it,compiler::causal_mapping::causal_0052,causal_mapping,train,google/gemma-2-9b-it,late__all__r16,0.0,0.5,0.3333333333333333,0.9572953736654805,0.44765717674970346,1,11
gemma_2_9b_it,compiler::causal_mapping::causal_0052,causal_mapping,train,google/gemma-2-9b-it,middle__all__r16,0.1,0.3333333333333333,0.3333333333333333,0.99644128113879,0.4407769869513642,1,11
gemma_2_9b_it,compiler::causal_mapping::causal_0053,causal_mapping,test,google/gemma-2-9b-it,early__all__r16,0.0,0.27777777777777773,0.5555555555555555,1.0,0.4583333333333333,3,11|22|33
gemma_2_9b_it,compiler::causal_mapping::causal_0053,causal_mapping,test,google/gemma-2-9b-it,full__all__r4,0.0,0.3333333333333333,0.4444444444444444,0.9976275207591933,0.44385132463424276,3,11|22|33
gemma_2_9b_it,compiler::causal_mapping::causal_0053,causal_mapping,test,google/gemma-2-9b-it,late__all__r16,0.0,0.3333333333333333,0.3333333333333333,0.9572953736654805,0.40599051008303677,3,11|22|33
gemma_2_9b_it,compiler::causal_mapping::causal_0053,causal_mapping,test,google/gemma-2-9b-it,middle__all__r16,0.0,0.3333333333333333,0.5,1.0,0.4583333333333333,3,11|22|33
gemma_2_9b_it,compiler::causal_mapping::causal_0054,causal_mapping,train,google/gemma-2-9b-it,early__all__r16,0.0,0.0,0.3333333333333333,1.0,0.3333333333333333,1,11
gemma_2_9b_it,compiler::causal_mapping::causal_0054,causal_mapping,train,google/gemma-2-9b-it,full__all__r4,0.0,0.0,0.3333333333333333,0.99644128113879,0.33244365361803085,1,11
gemma_2_9b_it,compiler::causal_mapping::causal_0054,causal_mapping,train,google/gemma-2-9b-it,late__all__r16,0.0,0.3333333333333333,0.3333333333333333,0.9537366548042705,0.40510083036773425,1,11
gemma_2_9b_it,compiler::causal_mapping::causal_0054,causal_mapping,train,google/gemma-2-9b-it,middle__all__r16,0.0,0.0,0.3333333333333333,1.0,0.3333333333333333,1,11
gemma_2_9b_it,compiler::causal_mapping::causal_0055,causal_mapping,train,google/gemma-2-9b-it,early__all__r16,0.0,0.0,0.5,1.0,0.375,1,11
gemma_2_9b_it,compiler::causal_mapping::causal_0055,causal_mapping,train,google/gemma-2-9b-it,full__all__r4,0.30000000000000004,0.3333333333333333,0.5,0.9928825622775801,0.5315539739027284,1,11
gemma_2_9b_it,compiler::causal_mapping::causal_0055,causal_mapping,train,google/gemma-2-9b-it,late__all__r16,0.0,0.0,0.5,0.9501779359430605,0.3625444839857651,1,11
gemma_2_9b_it,compiler::causal_mapping::causal_0055,causal_mapping,train,google/gemma-2-9b-it,middle__all__r16,0.30000000000000004,0.3333333333333333,0.5,0.9928825622775801,0.5315539739027284,1,11
gemma_2_9b_it,compiler::causal_mapping::causal_0056,causal_mapping,train,google/gemma-2-9b-it,early__all__r16,0.0,0.16666666666666666,0.6666666666666666,0.9893238434163701,0.4556642941874259,1,11
gemma_2_9b_it,compiler::causal_mapping::causal_0056,causal_mapping,train,google/gemma-2-9b-it,full__all__r4,0.1,0.16666666666666666,0.8333333333333334,0.9928825622775801,0.523220640569395,1,11
gemma_2_9b_it,compiler::causal_mapping::causal_0056,causal_mapping,train,google/gemma-2-9b-it,late__all__r16,0.0,0.0,0.5,0.9501779359430605,0.3625444839857651,1,11
gemma_2_9b_it,compiler::causal_mapping::causal_0056,causal_mapping,train,google/gemma-2-9b-it,middle__all__r16,0.0,0.0,0.5,0.9928825622775801,0.373220640569395,1,11
gemma_2_9b_it,compiler::causal_mapping::causal_0057,causal_mapping,train,google/gemma-2-9b-it,early__all__r16,0.0,0.0,0.3333333333333333,0.9928825622775801,0.33155397390272834,1,11
gemma_2_9b_it,compiler::causal_mapping::causal_0057,causal_mapping,train,google/gemma-2-9b-it,full__all__r4,0.0,0.0,0.16666666666666666,0.99644128113879,0.29077698695136417,1,11
gemma_2_9b_it,compiler::causal_mapping::causal_0057,causal_mapping,train,google/gemma-2-9b-it,late__all__r16,0.0,0.0,0.3333333333333333,0.9786476868327402,0.3279952550415184,1,11
gemma_2_9b_it,compiler::causal_mapping::causal_0057,causal_mapping,train,google/gemma-2-9b-it,middle__all__r16,0.1,0.0,0.3333333333333333,0.99644128113879,0.3574436536180308,1,11
gemma_2_9b_it,compiler::causal_mapping::causal_0058,causal_mapping,validation,google/gemma-2-9b-it,early__all__r16,0.0,0.0,0.3333333333333333,0.99644128113879,0.33244365361803085,1,11
gemma_2_9b_it,compiler::causal_mapping::causal_0058,causal_mapping,validation,google/gemma-2-9b-it,full__all__r4,0.0,0.0,0.3333333333333333,0.99644128113879,0.33244365361803085,1,11
gemma_2_9b_it,compiler::causal_mapping::causal_0058,causal_mapping,validation,google/gemma-2-9b-it,late__all__r16,0.0,0.0,0.16666666666666666,0.9430604982206405,0.2774317912218268,1,11
gemma_2_9b_it,compiler::causal_mapping::causal_0058,causal_mapping,validation,google/gemma-2-9b-it,middle__all__r16,0.0,0.0,0.3333333333333333,0.9857651245551602,0.32977461447212336,1,11
gemma_2_9b_it,compiler::causal_mapping::causal_0059,causal_mapping,train,google/gemma-2-9b-it,early__all__r16,0.0,0.0,0.3333333333333333,0.9750889679715302,0.32710557532621587,1,11
gemma_2_9b_it,compiler::causal_mapping::causal_0059,causal_mapping,train,google/gemma-2-9b-it,full__all__r4,0.0,0.16666666666666666,0.3333333333333333,0.99644128113879,0.3741103202846975,1,11
gemma_2_9b_it,compiler::causal_mapping::causal_0059,causal_mapping,train,google/gemma-2-9b-it,late__all__r16,0.0,0.0,0.3333333333333333,0.9679715302491103,0.3253262158956109,1,11
gemma_2_9b_it,compiler::causal_mapping::causal_0059,causal_mapping,train,google/gemma-2-9b-it,middle__all__r16,0.1,0.3333333333333333,0.3333333333333333,1.0,0.44166666666666665,1,11
gemma_2_9b_it,compiler::causal_mapping::causal_0060,causal_mapping,train,google/gemma-2-9b-it,early__all__r16,0.0,0.0,0.3333333333333333,1.0,0.3333333333333333,1,11
gemma_2_9b_it,compiler::causal_mapping::causal_0060,causal_mapping,train,google/gemma-2-9b-it,full__all__r4,0.0,0.0,0.3333333333333333,0.99644128113879,0.33244365361803085,1,11
gemma_2_9b_it,compiler::causal_mapping::causal_0060,causal_mapping,train,google/gemma-2-9b-it,late__all__r16,0.0,0.0,0.3333333333333333,0.9644128113879004,0.32443653618030843,1,11
gemma_2_9b_it,compiler::causal_mapping::causal_0060,causal_mapping,train,google/gemma-2-9b-it,middle__all__r16,0.0,0.0,0.3333333333333333,1.0,0.3333333333333333,1,11
gemma_2_9b_it,compiler::causal_mapping::causal_0061,causal_mapping,train,google/gemma-2-9b-it,early__all__r16,0.0,0.0,0.3333333333333333,1.0,0.3333333333333333,1,11
gemma_2_9b_it,compiler::causal_mapping::causal_0061,causal_mapping,train,google/gemma-2-9b-it,full__all__r4,0.1,0.0,0.16666666666666666,0.9928825622775801,0.3148873072360617,1,11
gemma_2_9b_it,compiler::causal_mapping::causal_0061,causal_mapping,train,google/gemma-2-9b-it,late__all__r16,0.0,0.0,0.3333333333333333,0.9608540925266904,0.3235468564650059,1,11
gemma_2_9b_it,compiler::causal_mapping::causal_0061,causal_mapping,train,google/gemma-2-9b-it,middle__all__r16,0.0,0.0,0.3333333333333333,1.0,0.3333333333333333,1,11
gemma_2_9b_it,compiler::causal_mapping::causal_0062,causal_mapping,train,google/gemma-2-9b-it,early__all__r16,0.0,0.16666666666666666,0.3333333333333333,1.0,0.375,1,11
gemma_2_9b_it,compiler::causal_mapping::causal_0062,causal_mapping,train,google/gemma-2-9b-it,full__all__r4,0.0,0.3333333333333333,0.3333333333333333,0.99644128113879,0.41577698695136417,1,11
gemma_2_9b_it,compiler::causal_mapping::causal_0062,causal_mapping,train,google/gemma-2-9b-it,late__all__r16,0.0,0.5,0.3333333333333333,0.9572953736654805,0.44765717674970346,1,11
gemma_2_9b_it,compiler::causal_mapping::causal_0062,causal_mapping,train,google/gemma-2-9b-it,middle__all__r16,0.2,0.3333333333333333,0.3333333333333333,1.0,0.4666666666666667,1,11
gemma_2_9b_it,compiler::causal_mapping::causal_0063,causal_mapping,train,google/gemma-2-9b-it,early__all__r16,0.0,0.3333333333333333,0.3333333333333333,1.0,0.41666666666666663,1,11
gemma_2_9b_it,compiler::causal_mapping::causal_0063,causal_mapping,train,google/gemma-2-9b-it,full__all__r4,0.0,0.3333333333333333,0.5,1.0,0.4583333333333333,1,11
gemma_2_9b_it,compiler::causal_mapping::causal_0063,causal_mapping,train,google/gemma-2-9b-it,late__all__r16,0.0,0.3333333333333333,0.3333333333333333,0.9537366548042705,0.40510083036773425,1,11
gemma_2_9b_it,compiler::causal_mapping::causal_0063,causal_mapping,train,google/gemma-2-9b-it,middle__all__r16,0.0,0.3333333333333333,0.5,1.0,0.4583333333333333,1,11
gemma_2_9b_it,compiler::causal_mapping::causal_0064,causal_mapping,test,google/gemma-2-9b-it,early__all__r16,0.0,0.0,0.3333333333333333,0.9976275207591933,0.33274021352313166,3,11|22|33
gemma_2_9b_it,compiler::causal_mapping::causal_0064,causal_mapping,test,google/gemma-2-9b-it,full__all__r4,0.0,0.0,0.27777777777777773,0.9952550415183867,0.3182582048240411,3,11|22|33
gemma_2_9b_it,compiler::causal_mapping::causal_0064,causal_mapping,test,google/gemma-2-9b-it,late__all__r16,0.0,0.1111111111111111,0.3333333333333333,0.9608540925266903,0.3513246342427837,3,11|22|33
gemma_2_9b_it,compiler::causal_mapping::causal_0064,causal_mapping,test,google/gemma-2-9b-it,middle__all__r16,0.0,0.0,0.3333333333333333,1.0,0.3333333333333333,3,11|22|33
gemma_2_9b_it,compiler::causal_mapping::causal_0065,causal_mapping,validation,google/gemma-2-9b-it,early__all__r16,0.0,0.0,0.5,0.9928825622775801,0.373220640569395,1,11
gemma_2_9b_it,compiler::causal_mapping::causal_0065,causal_mapping,validation,google/gemma-2-9b-it,full__all__r4,0.2,0.3333333333333333,0.5,0.99644128113879,0.5074436536180309,1,11
gemma_2_9b_it,compiler::causal_mapping::causal_0065,causal_mapping,validation,google/gemma-2-9b-it,late__all__r16,0.0,0.0,0.5,0.9466192170818505,0.3616548042704626,1,11
gemma_2_9b_it,compiler::causal_mapping::causal_0065,causal_mapping,validation,google/gemma-2-9b-it,middle__all__r16,0.2,0.3333333333333333,0.5,0.99644128113879,0.5074436536180309,1,11
gemma_2_9b_it,compiler::causal_mapping::causal_0066,causal_mapping,validation,google/gemma-2-9b-it,early__all__r16,0.0,0.0,0.5,0.9857651245551602,0.37144128113879005,1,11
gemma_2_9b_it,compiler::causal_mapping::causal_0066,causal_mapping,validation,google/gemma-2-9b-it,full__all__r4,0.0,0.16666666666666666,0.6666666666666666,0.9893238434163701,0.4556642941874259,1,11
gemma_2_9b_it,compiler::causal_mapping::causal_0066,causal_mapping,validation,google/gemma-2-9b-it,late__all__r16,0.0,0.0,0.5,0.9501779359430605,0.3625444839857651,1,11
gemma_2_9b_it,compiler::causal_mapping::causal_0066,causal_mapping,validation,google/gemma-2-9b-it,middle__all__r16,0.1,0.0,0.5,0.9893238434163701,0.39733096085409253,1,11
gemma_2_9b_it,compiler::causal_mapping::causal_0067,causal_mapping,validation,google/gemma-2-9b-it,early__all__r16,0.1,0.0,0.3333333333333333,1.0,0.35833333333333334,1,11
gemma_2_9b_it,compiler::causal_mapping::causal_0067,causal_mapping,validation,google/gemma-2-9b-it,full__all__r4,0.0,0.0,0.16666666666666666,0.99644128113879,0.29077698695136417,1,11
gemma_2_9b_it,compiler::causal_mapping::causal_0067,causal_mapping,validation,google/gemma-2-9b-it,late__all__r16,0.0,0.0,0.3333333333333333,0.9750889679715302,0.32710557532621587,1,11
gemma_2_9b_it,compiler::causal_mapping::causal_0067,causal_mapping,validation,google/gemma-2-9b-it,middle__all__r16,0.0,0.0,0.3333333333333333,0.99644128113879,0.33244365361803085,1,11
gemma_2_9b_it,compiler::causal_mapping::causal_0068,causal_mapping,validation,google/gemma-2-9b-it,early__all__r16,0.0,0.0,0.16666666666666666,0.9822064056939501,0.2872182680901542,1,11
gemma_2_9b_it,compiler::causal_mapping::causal_0068,causal_mapping,validation,google/gemma-2-9b-it,full__all__r4,0.0,0.0,0.3333333333333333,0.9928825622775801,0.33155397390272834,1,11
gemma_2_9b_it,compiler::causal_mapping::causal_0068,causal_mapping,validation,google/gemma-2-9b-it,late__all__r16,0.0,0.0,0.16666666666666666,0.9572953736654805,0.28099051008303677,1,11
gemma_2_9b_it,compiler::causal_mapping::causal_0068,causal_mapping,validation,google/gemma-2-9b-it,middle__all__r16,0.0,0.0,0.3333333333333333,0.9750889679715302,0.32710557532621587,1,11
gemma_2_9b_it,compiler::causal_mapping::causal_0069,causal_mapping,train,google/gemma-2-9b-it,early__all__r16,0.0,0.0,0.3333333333333333,0.9786476868327402,0.3279952550415184,1,11
gemma_2_9b_it,compiler::causal_mapping::causal_0069,causal_mapping,train,google/gemma-2-9b-it,full__all__r4,0.0,0.16666666666666666,0.3333333333333333,0.99644128113879,0.3741103202846975,1,11
gemma_2_9b_it,compiler::causal_mapping::causal_0069,causal_mapping,train,google/gemma-2-9b-it,late__all__r16,0.0,0.0,0.3333333333333333,0.9572953736654805,0.32265717674970346,1,11
gemma_2_9b_it,compiler::causal_mapping::causal_0069,causal_mapping,train,google/gemma-2-9b-it,middle__all__r16,0.1,0.16666666666666666,0.3333333333333333,1.0,0.4,1,11
gemma_2_9b_it,compiler::causal_mapping::causal_0070,causal_mapping,validation,google/gemma-2-9b-it,early__all__r16,0.0,0.0,0.3333333333333333,0.99644128113879,0.33244365361803085,1,11
gemma_2_9b_it,compiler::causal_mapping::causal_0070,causal_mapping,validation,google/gemma-2-9b-it,full__all__r4,0.0,0.0,0.3333333333333333,0.99644128113879,0.33244365361803085,1,11
gemma_2_9b_it,compiler::causal_mapping::causal_0070,causal_mapping,validation,google/gemma-2-9b-it,late__all__r16,0.0,0.0,0.3333333333333333,0.9608540925266904,0.3235468564650059,1,11
gemma_2_9b_it,compiler::causal_mapping::causal_0070,causal_mapping,validation,google/gemma-2-9b-it,middle__all__r16,0.0,0.0,0.3333333333333333,1.0,0.3333333333333333,1,11
gemma_2_9b_it,compiler::causal_mapping::causal_0071,causal_mapping,train,google/gemma-2-9b-it,early__all__r16,0.1,0.0,0.3333333333333333,0.99644128113879,0.3574436536180308,1,11
gemma_2_9b_it,compiler::causal_mapping::causal_0071,causal_mapping,train,google/gemma-2-9b-it,full__all__r4,0.1,0.16666666666666666,0.16666666666666666,0.99644128113879,0.3574436536180308,1,11
gemma_2_9b_it,compiler::causal_mapping::causal_0071,causal_mapping,train,google/gemma-2-9b-it,late__all__r16,0.0,0.0,0.3333333333333333,0.9501779359430605,0.3208778173190985,1,11
gemma_2_9b_it,compiler::causal_mapping::causal_0071,causal_mapping,train,google/gemma-2-9b-it,middle__all__r16,0.1,0.0,0.3333333333333333,0.99644128113879,0.3574436536180308,1,11
gemma_2_9b_it,compiler::causal_mapping::causal_0072,causal_mapping,train,google/gemma-2-9b-it,early__all__r16,0.0,0.16666666666666666,0.16666666666666666,1.0,0.3333333333333333,1,11
gemma_2_9b_it,compiler::causal_mapping::causal_0072,causal_mapping,train,google/gemma-2-9b-it,full__all__r4,0.0,0.3333333333333333,0.3333333333333333,0.99644128113879,0.41577698695136417,1,11
gemma_2_9b_it,compiler::causal_mapping::causal_0072,causal_mapping,train,google/gemma-2-9b-it,late__all__r16,0.0,0.5,0.3333333333333333,0.9572953736654805,0.44765717674970346,1,11
gemma_2_9b_it,compiler::causal_mapping::causal_0072,causal_mapping,train,google/gemma-2-9b-it,middle__all__r16,0.2,0.3333333333333333,0.3333333333333333,0.9893238434163701,0.4639976275207592,1,11
gemma_2_9b_it,compiler::causal_mapping::causal_0073,causal_mapping,train,google/gemma-2-9b-it,early__all__r16,0.0,0.3333333333333333,0.5,0.99644128113879,0.45744365361803085,1,11
gemma_2_9b_it,compiler::causal_mapping::causal_0073,causal_mapping,train,google/gemma-2-9b-it,full__all__r4,0.0,0.3333333333333333,0.3333333333333333,1.0,0.41666666666666663,1,11
gemma_2_9b_it,compiler::causal_mapping::causal_0073,causal_mapping,train,google/gemma-2-9b-it,late__all__r16,0.0,0.3333333333333333,0.3333333333333333,0.9501779359430605,0.4042111506524318,1,11
gemma_2_9b_it,compiler::causal_mapping::causal_0073,causal_mapping,train,google/gemma-2-9b-it,middle__all__r16,0.0,0.3333333333333333,0.5,1.0,0.4583333333333333,1,11
gemma_2_9b_it,compiler::causal_mapping::causal_0074,causal_mapping,test,google/gemma-2-9b-it,early__all__r16,0.0,0.0,0.3333333333333333,1.0,0.3333333333333333,3,11|22|33
gemma_2_9b_it,compiler::causal_mapping::causal_0074,causal_mapping,test,google/gemma-2-9b-it,full__all__r4,0.0,0.0,0.38888888888888884,0.9952550415183867,0.3460359826018189,3,11|22|33
gemma_2_9b_it,compiler::causal_mapping::causal_0074,causal_mapping,test,google/gemma-2-9b-it,late__all__r16,0.0,0.1111111111111111,0.3333333333333333,0.9572953736654805,0.3504349545274812,3,11|22|33
gemma_2_9b_it,compiler::causal_mapping::causal_0074,causal_mapping,test,google/gemma-2-9b-it,middle__all__r16,0.03333333333333333,0.0,0.4444444444444444,1.0,0.36944444444444446,3,11|22|33
gemma_2_9b_it,compiler::causal_mapping::causal_0075,causal_mapping,train,google/gemma-2-9b-it,early__all__r16,0.0,0.0,0.5,0.99644128113879,0.3741103202846975,1,11
gemma_2_9b_it,compiler::causal_mapping::causal_0075,causal_mapping,train,google/gemma-2-9b-it,full__all__r4,0.30000000000000004,0.3333333333333333,0.5,0.9928825622775801,0.5315539739027284,1,11
gemma_2_9b_it,compiler::causal_mapping::causal_0075,causal_mapping,train,google/gemma-2-9b-it,late__all__r16,0.0,0.0,0.5,0.9501779359430605,0.3625444839857651,1,11
gemma_2_9b_it,compiler::causal_mapping::causal_0075,causal_mapping,train,google/gemma-2-9b-it,middle__all__r16,0.30000000000000004,0.3333333333333333,0.5,0.9893238434163701,0.5306642941874259,1,11
gemma_2_9b_it,compiler::causal_mapping::causal_0076,causal_mapping,validation,google/gemma-2-9b-it,early__all__r16,0.0,0.0,0.5,0.9822064056939501,0.37055160142348753,1,11
gemma_2_9b_it,compiler::causal_mapping::causal_0076,causal_mapping,validation,google/gemma-2-9b-it,full__all__r4,0.1,0.16666666666666666,0.6666666666666666,0.9857651245551602,0.4797746144721234,1,11
gemma_2_9b_it,compiler::causal_mapping::causal_0076,causal_mapping,validation,google/gemma-2-9b-it,late__all__r16,0.0,0.0,0.5,0.9572953736654805,0.36432384341637014,1,11
gemma_2_9b_it,compiler::causal_mapping::causal_0076,causal_mapping,validation,google/gemma-2-9b-it,middle__all__r16,0.0,0.16666666666666666,0.6666666666666666,0.99644128113879,0.45744365361803085,1,11
gemma_2_9b_it,compiler::causal_mapping::causal_0077,causal_mapping,test,google/gemma-2-9b-it,early__all__r16,0.0,0.0,0.3333333333333333,1.0,0.3333333333333333,3,11|22|33
gemma_2_9b_it,compiler::causal_mapping::causal_0077,causal_mapping,test,google/gemma-2-9b-it,full__all__r4,0.0,0.0,0.3333333333333333,0.99644128113879,0.33244365361803085,3,11|22|33
gemma_2_9b_it,compiler::causal_mapping::causal_0077,causal_mapping,test,google/gemma-2-9b-it,late__all__r16,0.0,0.0,0.27777777777777773,0.9703440094899168,0.31203044681692366,3,11|22|33
gemma_2_9b_it,compiler::causal_mapping::causal_0077,causal_mapping,test,google/gemma-2-9b-it,middle__all__r16,0.0,0.0,0.3333333333333333,0.9976275207591933,0.33274021352313166,3,11|22|33
gemma_2_9b_it,compiler::causal_mapping::causal_0078,causal_mapping,train,google/gemma-2-9b-it,early__all__r16,0.0,0.0,0.0,0.99644128113879,0.2491103202846975,1,11
gemma_2_9b_it,compiler::causal_mapping::causal_0078,causal_mapping,train,google/gemma-2-9b-it,full__all__r4,0.0,0.0,0.3333333333333333,0.99644128113879,0.33244365361803085,1,11
gemma_2_9b_it,compiler::causal_mapping::causal_0078,causal_mapping,train,google/gemma-2-9b-it,late__all__r16,0.0,0.0,0.16666666666666666,0.9466192170818505,0.2783214709371293,1,11
gemma_2_9b_it,compiler::causal_mapping::causal_0078,causal_mapping,train,google/gemma-2-9b-it,middle__all__r16,0.0,0.0,0.3333333333333333,0.9857651245551602,0.32977461447212336,1,11
gemma_2_9b_it,compiler::causal_mapping::causal_0079,causal_mapping,test,google/gemma-2-9b-it,early__all__r16,0.0,0.0,0.38888888888888884,0.99288256227758,0.3454428627916172,3,11|22|33
gemma_2_9b_it,compiler::causal_mapping::causal_0079,causal_mapping,test,google/gemma-2-9b-it,full__all__r4,0.03333333333333333,0.16666666666666666,0.3333333333333333,0.9952550415183867,0.38214709371293,3,11|22|33
gemma_2_9b_it,compiler::causal_mapping::causal_0079,causal_mapping,test,google/gemma-2-9b-it,late__all__r16,0.0,0.0,0.3333333333333333,0.9703440094899168,0.32591933570581255,3,11|22|33
gemma_2_9b_it,compiler::causal_mapping::causal_0079,causal_mapping,test,google/gemma-2-9b-it,middle__all__r16,0.10000000000000002,0.05555555555555555,0.3333333333333333,0.9976275207591933,0.3716291024120205,3,11|22|33
gemma_2_9b_it,compiler::causal_mapping::causal_0080,causal_mapping,train,google/gemma-2-9b-it,early__all__r16,0.0,0.0,0.3333333333333333,1.0,0.3333333333333333,1,11
gemma_2_9b_it,compiler::causal_mapping::causal_0080,causal_mapping,train,google/gemma-2-9b-it,full__all__r4,0.0,0.0,0.3333333333333333,0.99644128113879,0.33244365361803085,1,11
gemma_2_9b_it,compiler::causal_mapping::causal_0080,causal_mapping,train,google/gemma-2-9b-it,late__all__r16,0.0,0.0,0.3333333333333333,0.9644128113879004,0.32443653618030843,1,11
gemma_2_9b_it,compiler::causal_mapping::causal_0080,causal_mapping,train,google/gemma-2-9b-it,middle__all__r16,0.0,0.0,0.3333333333333333,0.9928825622775801,0.33155397390272834,1,11
gemma_2_9b_it,compiler::causal_mapping::causal_0081,causal_mapping,train,google/gemma-2-9b-it,early__all__r16,0.1,0.0,0.3333333333333333,1.0,0.35833333333333334,1,11
gemma_2_9b_it,compiler::causal_mapping::causal_0081,causal_mapping,train,google/gemma-2-9b-it,full__all__r4,0.1,0.0,0.16666666666666666,0.99644128113879,0.3157769869513642,1,11
gemma_2_9b_it,compiler::causal_mapping::causal_0081,causal_mapping,train,google/gemma-2-9b-it,late__all__r16,0.0,0.0,0.3333333333333333,0.9501779359430605,0.3208778173190985,1,11
gemma_2_9b_it,compiler::causal_mapping::causal_0081,causal_mapping,train,google/gemma-2-9b-it,middle__all__r16,0.0,0.0,0.3333333333333333,1.0,0.3333333333333333,1,11
gemma_2_9b_it,compiler::causal_mapping::causal_0082,causal_mapping,train,google/gemma-2-9b-it,early__all__r16,0.0,0.16666666666666666,0.16666666666666666,1.0,0.3333333333333333,1,11
gemma_2_9b_it,compiler::causal_mapping::causal_0082,causal_mapping,train,google/gemma-2-9b-it,full__all__r4,0.1,0.16666666666666666,0.3333333333333333,0.99644128113879,0.3991103202846975,1,11
gemma_2_9b_it,compiler::causal_mapping::causal_0082,causal_mapping,train,google/gemma-2-9b-it,late__all__r16,0.0,0.5,0.16666666666666666,0.9537366548042705,0.4051008303677343,1,11
gemma_2_9b_it,compiler::causal_mapping::causal_0082,causal_mapping,train,google/gemma-2-9b-it,middle__all__r16,0.1,0.3333333333333333,0.3333333333333333,0.9928825622775801,0.4398873072360617,1,11
gemma_2_9b_it,compiler::causal_mapping::causal_0083,causal_mapping,validation,google/gemma-2-9b-it,early__all__r16,0.0,0.3333333333333333,0.5,1.0,0.4583333333333333,1,11
gemma_2_9b_it,compiler::causal_mapping::causal_0083,causal_mapping,validation,google/gemma-2-9b-it,full__all__r4,0.0,0.3333333333333333,0.5,1.0,0.4583333333333333,1,11
gemma_2_9b_it,compiler::causal_mapping::causal_0083,causal_mapping,validation,google/gemma-2-9b-it,late__all__r16,0.0,0.3333333333333333,0.3333333333333333,0.9537366548042705,0.40510083036773425,1,11
gemma_2_9b_it,compiler::causal_mapping::causal_0083,causal_mapping,validation,google/gemma-2-9b-it,middle__all__r16,0.0,0.3333333333333333,0.5,1.0,0.4583333333333333,1,11
gemma_2_9b_it,compiler::causal_mapping::causal_0084,causal_mapping,train,google/gemma-2-9b-it,early__all__r16,0.0,0.0,0.3333333333333333,0.99644128113879,0.33244365361803085,1,11
gemma_2_9b_it,compiler::causal_mapping::causal_0084,causal_mapping,train,google/gemma-2-9b-it,full__all__r4,0.0,0.0,0.3333333333333333,0.99644128113879,0.33244365361803085,1,11
gemma_2_9b_it,compiler::causal_mapping::causal_0084,causal_mapping,train,google/gemma-2-9b-it,late__all__r16,0.0,0.3333333333333333,0.3333333333333333,0.9537366548042705,0.40510083036773425,1,11
gemma_2_9b_it,compiler::causal_mapping::causal_0084,causal_mapping,train,google/gemma-2-9b-it,middle__all__r16,0.0,0.0,0.5,0.9928825622775801,0.373220640569395,1,11
gemma_2_9b_it,compiler::causal_mapping::causal_0085,causal_mapping,train,google/gemma-2-9b-it,early__all__r16,0.0,0.0,0.3333333333333333,0.99644128113879,0.33244365361803085,1,11
gemma_2_9b_it,compiler::causal_mapping::causal_0085,causal_mapping,train,google/gemma-2-9b-it,full__all__r4,0.2,0.3333333333333333,0.5,0.99644128113879,0.5074436536180309,1,11
gemma_2_9b_it,compiler::causal_mapping::causal_0085,causal_mapping,train,google/gemma-2-9b-it,late__all__r16,0.0,0.0,0.5,0.9466192170818505,0.3616548042704626,1,11
gemma_2_9b_it,compiler::causal_mapping::causal_0085,causal_mapping,train,google/gemma-2-9b-it,middle__all__r16,0.2,0.3333333333333333,0.5,0.9822064056939501,0.5038849347568208,1,11
gemma_2_9b_it,compiler::causal_mapping::causal_0086,causal_mapping,train,google/gemma-2-9b-it,early__all__r16,0.0,0.0,0.6666666666666666,0.9893238434163701,0.4139976275207592,1,11
gemma_2_9b_it,compiler::causal_mapping::causal_0086,causal_mapping,train,google/gemma-2-9b-it,full__all__r4,0.1,0.16666666666666666,0.5,0.99644128113879,0.4407769869513642,1,11
gemma_2_9b_it,compiler::causal_mapping::causal_0086,causal_mapping,train,google/gemma-2-9b-it,late__all__r16,0.0,0.0,0.5,0.9537366548042705,0.3634341637010676,1,11
gemma_2_9b_it,compiler::causal_mapping::causal_0086,causal_mapping,train,google/gemma-2-9b-it,middle__all__r16,0.0,0.16666666666666666,0.5,0.99644128113879,0.41577698695136417,1,11
gemma_2_9b_it,compiler::causal_mapping::causal_0087,causal_mapping,train,google/gemma-2-9b-it,early__all__r16,0.0,0.0,0.16666666666666666,1.0,0.2916666666666667,1,11
gemma_2_9b_it,compiler::causal_mapping::causal_0087,causal_mapping,train,google/gemma-2-9b-it,full__all__r4,0.0,0.0,0.3333333333333333,0.99644128113879,0.33244365361803085,1,11
gemma_2_9b_it,compiler::causal_mapping::causal_0087,causal_mapping,train,google/gemma-2-9b-it,late__all__r16,0.0,0.0,0.3333333333333333,0.9750889679715302,0.32710557532621587,1,11
gemma_2_9b_it,compiler::causal_mapping::causal_0087,causal_mapping,train,google/gemma-2-9b-it,middle__all__r16,0.0,0.0,0.3333333333333333,0.9928825622775801,0.33155397390272834,1,11
gemma_2_9b_it,compiler::causal_mapping::causal_0088,causal_mapping,train,google/gemma-2-9b-it,early__all__r16,0.0,0.0,0.16666666666666666,0.9928825622775801,0.2898873072360617,1,11
gemma_2_9b_it,compiler::causal_mapping::causal_0088,causal_mapping,train,google/gemma-2-9b-it,full__all__r4,0.0,0.0,0.3333333333333333,0.9928825622775801,0.33155397390272834,1,11
gemma_2_9b_it,compiler::causal_mapping::causal_0088,causal_mapping,train,google/gemma-2-9b-it,late__all__r16,0.0,0.0,0.16666666666666666,0.9430604982206405,0.2774317912218268,1,11
gemma_2_9b_it,compiler::causal_mapping::causal_0088,causal_mapping,train,google/gemma-2-9b-it,middle__all__r16,0.0,0.0,0.3333333333333333,0.9857651245551602,0.32977461447212336,1,11
gemma_2_9b_it,compiler::causal_mapping::causal_0089,causal_mapping,test,google/gemma-2-9b-it,early__all__r16,0.0,0.0,0.3333333333333333,0.99644128113879,0.33244365361803085,3,11|22|33
gemma_2_9b_it,compiler::causal_mapping::causal_0089,causal_mapping,test,google/gemma-2-9b-it,full__all__r4,0.0,0.16666666666666666,0.3333333333333333,0.99644128113879,0.3741103202846975,3,11|22|33
gemma_2_9b_it,compiler::causal_mapping::causal_0089,causal_mapping,test,google/gemma-2-9b-it,late__all__r16,0.0,0.0,0.3333333333333333,0.966785290628707,0.3250296559905101,3,11|22|33
gemma_2_9b_it,compiler::causal_mapping::causal_0089,causal_mapping,test,google/gemma-2-9b-it,middle__all__r16,0.06666666666666667,0.16666666666666666,0.3333333333333333,0.9988137603795967,0.3913701067615658,3,11|22|33
gemma_2_9b_it,compiler::causal_mapping::causal_0090,causal_mapping,test,google/gemma-2-9b-it,early__all__r16,0.0,0.0,0.3333333333333333,0.9940688018979834,0.3318505338078292,3,11|22|33
gemma_2_9b_it,compiler::causal_mapping::causal_0090,causal_mapping,test,google/gemma-2-9b-it,full__all__r4,0.13333333333333333,0.05555555555555555,0.5,0.9940688018979834,0.42073942269671805,3,11|22|33
gemma_2_9b_it,compiler::causal_mapping::causal_0090,causal_mapping,test,google/gemma-2-9b-it,late__all__r16,0.0,0.0,0.3333333333333333,0.9655990510083038,0.3247330960854093,3,11|22|33
gemma_2_9b_it,compiler::causal_mapping::causal_0090,causal_mapping,test,google/gemma-2-9b-it,middle__all__r16,0.06666666666666667,0.0,0.38888888888888884,0.99644128113879,0.3629992091735864,3,11|22|33
gemma_2_9b_it,compiler::causal_mapping::causal_0091,causal_mapping,train,google/gemma-2-9b-it,early__all__r16,0.0,0.0,0.3333333333333333,0.99644128113879,0.33244365361803085,1,11
gemma_2_9b_it,compiler::causal_mapping::causal_0091,causal_mapping,train,google/gemma-2-9b-it,full__all__r4,0.1,0.16666666666666666,0.16666666666666666,0.9928825622775801,0.35655397390272836,1,11
gemma_2_9b_it,compiler::causal_mapping::causal_0091,causal_mapping,train,google/gemma-2-9b-it,late__all__r16,0.0,0.0,0.3333333333333333,0.9537366548042705,0.32176749703440094,1,11
gemma_2_9b_it,compiler::causal_mapping::causal_0091,causal_mapping,train,google/gemma-2-9b-it,middle__all__r16,0.1,0.0,0.3333333333333333,1.0,0.35833333333333334,1,11
gemma_2_9b_it,compiler::causal_mapping::causal_0092,causal_mapping,train,google/gemma-2-9b-it,early__all__r16,0.0,0.16666666666666666,0.16666666666666666,0.9893238434163701,0.3306642941874259,1,11
gemma_2_9b_it,compiler::causal_mapping::causal_0092,causal_mapping,train,google/gemma-2-9b-it,full__all__r4,0.0,0.16666666666666666,0.3333333333333333,0.99644128113879,0.3741103202846975,1,11
gemma_2_9b_it,compiler::causal_mapping::causal_0092,causal_mapping,train,google/gemma-2-9b-it,late__all__r16,0.0,0.5,0.16666666666666666,0.9572953736654805,0.40599051008303677,1,11
gemma_2_9b_it,compiler::causal_mapping::causal_0092,causal_mapping,train,google/gemma-2-9b-it,middle__all__r16,0.2,0.3333333333333333,0.3333333333333333,0.9928825622775801,0.4648873072360617,1,11
gemma_2_9b_it,compiler::causal_mapping::causal_0093,causal_mapping,train,google/gemma-2-9b-it,early__all__r16,0.0,0.3333333333333333,0.3333333333333333,1.0,0.41666666666666663,1,11
gemma_2_9b_it,compiler::causal_mapping::causal_0093,causal_mapping,train,google/gemma-2-9b-it,full__all__r4,0.0,0.3333333333333333,0.3333333333333333,1.0,0.41666666666666663,1,11
gemma_2_9b_it,compiler::causal_mapping::causal_0093,causal_mapping,train,google/gemma-2-9b-it,late__all__r16,0.0,0.3333333333333333,0.3333333333333333,0.9537366548042705,0.40510083036773425,1,11
gemma_2_9b_it,compiler::causal_mapping::causal_0093,causal_mapping,train,google/gemma-2-9b-it,middle__all__r16,0.0,0.3333333333333333,0.5,1.0,0.4583333333333333,1,11
gemma_2_9b_it,compiler::causal_mapping::causal_0094,causal_mapping,train,google/gemma-2-9b-it,early__all__r16,0.0,0.0,0.3333333333333333,0.99644128113879,0.33244365361803085,1,11
gemma_2_9b_it,compiler::causal_mapping::causal_0094,causal_mapping,train,google/gemma-2-9b-it,full__all__r4,0.0,0.0,0.3333333333333333,0.99644128113879,0.33244365361803085,1,11
gemma_2_9b_it,compiler::causal_mapping::causal_0094,causal_mapping,train,google/gemma-2-9b-it,late__all__r16,0.0,0.3333333333333333,0.3333333333333333,0.9537366548042705,0.40510083036773425,1,11
gemma_2_9b_it,compiler::causal_mapping::causal_0094,causal_mapping,train,google/gemma-2-9b-it,middle__all__r16,0.0,0.0,0.3333333333333333,1.0,0.3333333333333333,1,11
gemma_2_9b_it,compiler::causal_mapping::causal_0095,causal_mapping,train,google/gemma-2-9b-it,early__all__r16,0.0,0.0,0.5,0.99644128113879,0.3741103202846975,1,11
gemma_2_9b_it,compiler::causal_mapping::causal_0095,causal_mapping,train,google/gemma-2-9b-it,full__all__r4,0.2,0.3333333333333333,0.5,0.9928825622775801,0.5065539739027284,1,11
gemma_2_9b_it,compiler::causal_mapping::causal_0095,causal_mapping,train,google/gemma-2-9b-it,late__all__r16,0.0,0.0,0.5,0.9501779359430605,0.3625444839857651,1,11
gemma_2_9b_it,compiler::causal_mapping::causal_0095,causal_mapping,train,google/gemma-2-9b-it,middle__all__r16,0.2,0.3333333333333333,0.5,0.9893238434163701,0.5056642941874259,1,11
gemma_2_9b_it,compiler::causal_mapping::causal_0096,causal_mapping,train,google/gemma-2-9b-it,early__all__r16,0.0,0.0,0.6666666666666666,0.99644128113879,0.41577698695136417,1,11
gemma_2_9b_it,compiler::causal_mapping::causal_0096,causal_mapping,train,google/gemma-2-9b-it,full__all__r4,0.1,0.16666666666666666,0.6666666666666666,0.9928825622775801,0.48155397390272836,1,11
gemma_2_9b_it,compiler::causal_mapping::causal_0096,causal_mapping,train,google/gemma-2-9b-it,late__all__r16,0.0,0.0,0.5,0.9466192170818505,0.3616548042704626,1,11
gemma_2_9b_it,compiler::causal_mapping::causal_0096,causal_mapping,train,google/gemma-2-9b-it,middle__all__r16,0.0,0.0,0.5,0.9928825622775801,0.373220640569395,1,11
gemma_2_9b_it,compiler::causal_mapping::causal_0097,causal_mapping,train,google/gemma-2-9b-it,early__all__r16,0.0,0.0,0.3333333333333333,0.9928825622775801,0.33155397390272834,1,11
gemma_2_9b_it,compiler::causal_mapping::causal_0097,causal_mapping,train,google/gemma-2-9b-it,full__all__r4,0.0,0.0,0.3333333333333333,0.99644128113879,0.33244365361803085,1,11
gemma_2_9b_it,compiler::causal_mapping::causal_0097,causal_mapping,train,google/gemma-2-9b-it,late__all__r16,0.0,0.0,0.3333333333333333,0.9715302491103203,0.3262158956109134,1,11
gemma_2_9b_it,compiler::causal_mapping::causal_0097,causal_mapping,train,google/gemma-2-9b-it,middle__all__r16,0.0,0.0,0.3333333333333333,0.99644128113879,0.33244365361803085,1,11
gemma_2_9b_it,compiler::causal_mapping::causal_0098,causal_mapping,train,google/gemma-2-9b-it,early__all__r16,0.0,0.0,0.0,0.9857651245551602,0.24644128113879005,1,11
gemma_2_9b_it,compiler::causal_mapping::causal_0098,causal_mapping,train,google/gemma-2-9b-it,full__all__r4,0.0,0.0,0.3333333333333333,0.9928825622775801,0.33155397390272834,1,11
gemma_2_9b_it,compiler::causal_mapping::causal_0098,causal_mapping,train,google/gemma-2-9b-it,late__all__r16,0.0,0.0,0.16666666666666666,0.9572953736654805,0.28099051008303677,1,11
gemma_2_9b_it,compiler::causal_mapping::causal_0098,causal_mapping,train,google/gemma-2-9b-it,middle__all__r16,0.0,0.0,0.3333333333333333,0.9822064056939501,0.32888493475682085,1,11
gemma_2_9b_it,compiler::causal_mapping::causal_0099,causal_mapping,train,google/gemma-2-9b-it,early__all__r16,0.0,0.0,0.3333333333333333,0.9857651245551602,0.32977461447212336,1,11
gemma_2_9b_it,compiler::causal_mapping::causal_0099,causal_mapping,train,google/gemma-2-9b-it,full__all__r4,0.0,0.16666666666666666,0.3333333333333333,0.9928825622775801,0.373220640569395,1,11
gemma_2_9b_it,compiler::causal_mapping::causal_0099,causal_mapping,train,google/gemma-2-9b-it,late__all__r16,0.0,0.0,0.3333333333333333,0.9715302491103203,0.3262158956109134,1,11
gemma_2_9b_it,compiler::causal_mapping::causal_0099,causal_mapping,train,google/gemma-2-9b-it,middle__all__r16,0.1,0.16666666666666666,0.3333333333333333,1.0,0.4,1,11
gemma_2_9b_it,compiler::causal_mapping::causal_0100,causal_mapping,train,google/gemma-2-9b-it,early__all__r16,0.0,0.0,0.3333333333333333,1.0,0.3333333333333333,1,11
gemma_2_9b_it,compiler::causal_mapping::causal_0100,causal_mapping,train,google/gemma-2-9b-it,full__all__r4,0.0,0.0,0.5,0.99644128113879,0.3741103202846975,1,11
gemma_2_9b_it,compiler::causal_mapping::causal_0100,causal_mapping,train,google/gemma-2-9b-it,late__all__r16,0.0,0.0,0.3333333333333333,0.9572953736654805,0.32265717674970346,1,11
gemma_2_9b_it,compiler::causal_mapping::causal_0100,causal_mapping,train,google/gemma-2-9b-it,middle__all__r16,0.0,0.0,0.3333333333333333,0.9893238434163701,0.3306642941874259,1,11
gemma_2_9b_it,compiler::causal_mapping::causal_0101,causal_mapping,test,google/gemma-2-9b-it,early__all__r16,0.06666666666666667,0.0,0.3333333333333333,0.9988137603795967,0.3497034400948992,3,11|22|33
gemma_2_9b_it,compiler::causal_mapping::causal_0101,causal_mapping,test,google/gemma-2-9b-it,full__all__r4,0.0,0.2222222222222222,0.27777777777777773,0.9905100830367735,0.37262752075919336,3,11|22|33
gemma_2_9b_it,compiler::causal_mapping::causal_0101,causal_mapping,test,google/gemma-2-9b-it,late__all__r16,0.0,0.0,0.3333333333333333,0.956109134045077,0.3223606168446026,3,11|22|33
gemma_2_9b_it,compiler::causal_mapping::causal_0101,causal_mapping,test,google/gemma-2-9b-it,middle__all__r16,0.0,0.0,0.2222222222222222,0.9952550415183867,0.30436931593515226,3,11|22|33
gemma_2_9b_it,compiler::causal_mapping::causal_0102,causal_mapping,train,google/gemma-2-9b-it,early__all__r16,0.0,0.16666666666666666,0.16666666666666666,1.0,0.3333333333333333,1,11
gemma_2_9b_it,compiler::causal_mapping::causal_0102,causal_mapping,train,google/gemma-2-9b-it,full__all__r4,0.0,0.16666666666666666,0.3333333333333333,0.99644128113879,0.3741103202846975,1,11
gemma_2_9b_it,compiler::causal_mapping::causal_0102,causal_mapping,train,google/gemma-2-9b-it,late__all__r16,0.0,0.5,0.16666666666666666,0.9608540925266904,0.4068801897983393,1,11
gemma_2_9b_it,compiler::causal_mapping::causal_0102,causal_mapping,train,google/gemma-2-9b-it,middle__all__r16,0.1,0.3333333333333333,0.3333333333333333,0.9928825622775801,0.4398873072360617,1,11
gemma_2_9b_it,compiler::causal_mapping::causal_0103,causal_mapping,train,google/gemma-2-9b-it,early__all__r16,0.0,0.3333333333333333,0.3333333333333333,0.99644128113879,0.41577698695136417,1,11
gemma_2_9b_it,compiler::causal_mapping::causal_0103,causal_mapping,train,google/gemma-2-9b-it,full__all__r4,0.0,0.3333333333333333,0.5,1.0,0.4583333333333333,1,11
gemma_2_9b_it,compiler::causal_mapping::causal_0103,causal_mapping,train,google/gemma-2-9b-it,late__all__r16,0.0,0.3333333333333333,0.3333333333333333,0.9430604982206405,0.4024317912218268,1,11
gemma_2_9b_it,compiler::causal_mapping::causal_0103,causal_mapping,train,google/gemma-2-9b-it,middle__all__r16,0.0,0.3333333333333333,0.5,1.0,0.4583333333333333,1,11
gemma_2_9b_it,compiler::causal_mapping::causal_0104,causal_mapping,train,google/gemma-2-9b-it,early__all__r16,0.0,0.0,0.3333333333333333,1.0,0.3333333333333333,1,11
gemma_2_9b_it,compiler::causal_mapping::causal_0104,causal_mapping,train,google/gemma-2-9b-it,full__all__r4,0.0,0.0,0.3333333333333333,0.99644128113879,0.33244365361803085,1,11
gemma_2_9b_it,compiler::causal_mapping::causal_0104,causal_mapping,train,google/gemma-2-9b-it,late__all__r16,0.0,0.3333333333333333,0.3333333333333333,0.9537366548042705,0.40510083036773425,1,11
gemma_2_9b_it,compiler::causal_mapping::causal_0104,causal_mapping,train,google/gemma-2-9b-it,middle__all__r16,0.0,0.16666666666666666,0.3333333333333333,0.99644128113879,0.3741103202846975,1,11
gemma_2_9b_it,compiler::causal_mapping::causal_0105,causal_mapping,train,google/gemma-2-9b-it,early__all__r16,0.0,0.0,0.5,0.9893238434163701,0.37233096085409256,1,11
gemma_2_9b_it,compiler::causal_mapping::causal_0105,causal_mapping,train,google/gemma-2-9b-it,full__all__r4,0.30000000000000004,0.3333333333333333,0.5,0.99644128113879,0.5324436536180308,1,11
gemma_2_9b_it,compiler::causal_mapping::causal_0105,causal_mapping,train,google/gemma-2-9b-it,late__all__r16,0.0,0.0,0.5,0.9501779359430605,0.3625444839857651,1,11
gemma_2_9b_it,compiler::causal_mapping::causal_0105,causal_mapping,train,google/gemma-2-9b-it,middle__all__r16,0.1,0.3333333333333333,0.5,0.9893238434163701,0.48066429418742584,1,11
gemma_2_9b_it,compiler::causal_mapping::causal_0106,causal_mapping,train,google/gemma-2-9b-it,early__all__r16,0.0,0.0,0.6666666666666666,1.0,0.41666666666666663,1,11
gemma_2_9b_it,compiler::causal_mapping::causal_0106,causal_mapping,train,google/gemma-2-9b-it,full__all__r4,0.2,0.16666666666666666,0.6666666666666666,0.9928825622775801,0.5065539739027284,1,11
gemma_2_9b_it,compiler::causal_mapping::causal_0106,causal_mapping,train,google/gemma-2-9b-it,late__all__r16,0.0,0.0,0.5,0.9501779359430605,0.3625444839857651,1,11
gemma_2_9b_it,compiler::causal_mapping::causal_0106,causal_mapping,train,google/gemma-2-9b-it,middle__all__r16,0.1,0.16666666666666666,0.6666666666666666,0.99644128113879,0.4824436536180308,1,11
gemma_2_9b_it,compiler::causal_mapping::causal_0107,causal_mapping,train,google/gemma-2-9b-it,early__all__r16,0.0,0.0,0.5,1.0,0.375,1,11
gemma_2_9b_it,compiler::causal_mapping::causal_0107,causal_mapping,train,google/gemma-2-9b-it,full__all__r4,0.0,0.0,0.3333333333333333,0.99644128113879,0.33244365361803085,1,11
gemma_2_9b_it,compiler::causal_mapping::causal_0107,causal_mapping,train,google/gemma-2-9b-it,late__all__r16,0.0,0.0,0.3333333333333333,0.9786476868327402,0.3279952550415184,1,11
gemma_2_9b_it,compiler::causal_mapping::causal_0107,causal_mapping,train,google/gemma-2-9b-it,middle__all__r16,0.1,0.0,0.3333333333333333,0.99644128113879,0.3574436536180308,1,11
gemma_2_9b_it,compiler::causal_mapping::causal_0108,causal_mapping,train,google/gemma-2-9b-it,early__all__r16,0.0,0.0,0.16666666666666666,0.9786476868327402,0.2863285883748517,1,11
gemma_2_9b_it,compiler::causal_mapping::causal_0108,causal_mapping,train,google/gemma-2-9b-it,full__all__r4,0.0,0.0,0.3333333333333333,0.9928825622775801,0.33155397390272834,1,11
gemma_2_9b_it,compiler::causal_mapping::causal_0108,causal_mapping,train,google/gemma-2-9b-it,late__all__r16,0.0,0.0,0.16666666666666666,0.9572953736654805,0.28099051008303677,1,11
gemma_2_9b_it,compiler::causal_mapping::causal_0108,causal_mapping,train,google/gemma-2-9b-it,middle__all__r16,0.0,0.0,0.3333333333333333,0.9857651245551602,0.32977461447212336,1,11
gemma_2_9b_it,compiler::causal_mapping::causal_0109,causal_mapping,train,google/gemma-2-9b-it,early__all__r16,0.0,0.0,0.3333333333333333,0.9928825622775801,0.33155397390272834,1,11
gemma_2_9b_it,compiler::causal_mapping::causal_0109,causal_mapping,train,google/gemma-2-9b-it,full__all__r4,0.0,0.16666666666666666,0.3333333333333333,0.9928825622775801,0.373220640569395,1,11
gemma_2_9b_it,compiler::causal_mapping::causal_0109,causal_mapping,train,google/gemma-2-9b-it,late__all__r16,0.0,0.0,0.3333333333333333,0.9608540925266904,0.3235468564650059,1,11
gemma_2_9b_it,compiler::causal_mapping::causal_0109,causal_mapping,train,google/gemma-2-9b-it,middle__all__r16,0.1,0.16666666666666666,0.3333333333333333,1.0,0.4,1,11
gemma_2_9b_it,compiler::causal_mapping::causal_0110,causal_mapping,train,google/gemma-2-9b-it,early__all__r16,0.0,0.0,0.3333333333333333,1.0,0.3333333333333333,1,11
gemma_2_9b_it,compiler::causal_mapping::causal_0110,causal_mapping,train,google/gemma-2-9b-it,full__all__r4,0.0,0.0,0.3333333333333333,0.99644128113879,0.33244365361803085,1,11
gemma_2_9b_it,compiler::causal_mapping::causal_0110,causal_mapping,train,google/gemma-2-9b-it,late__all__r16,0.0,0.0,0.3333333333333333,0.9608540925266904,0.3235468564650059,1,11
gemma_2_9b_it,compiler::causal_mapping::causal_0110,causal_mapping,train,google/gemma-2-9b-it,middle__all__r16,0.0,0.0,0.5,0.9928825622775801,0.373220640569395,1,11
gemma_2_9b_it,compiler::causal_mapping::causal_0111,causal_mapping,train,google/gemma-2-9b-it,early__all__r16,0.1,0.0,0.3333333333333333,1.0,0.35833333333333334,1,11
gemma_2_9b_it,compiler::causal_mapping::causal_0111,causal_mapping,train,google/gemma-2-9b-it,full__all__r4,0.1,0.16666666666666666,0.16666666666666666,0.99644128113879,0.3574436536180308,1,11
gemma_2_9b_it,compiler::causal_mapping::causal_0111,causal_mapping,train,google/gemma-2-9b-it,late__all__r16,0.0,0.0,0.3333333333333333,0.9572953736654805,0.32265717674970346,1,11
gemma_2_9b_it,compiler::causal_mapping::causal_0111,causal_mapping,train,google/gemma-2-9b-it,middle__all__r16,0.0,0.0,0.3333333333333333,0.99644128113879,0.33244365361803085,1,11
gemma_2_9b_it,compiler::causal_mapping::causal_0112,causal_mapping,validation,google/gemma-2-9b-it,early__all__r16,0.0,0.16666666666666666,0.3333333333333333,1.0,0.375,1,11
gemma_2_9b_it,compiler::causal_mapping::causal_0112,causal_mapping,validation,google/gemma-2-9b-it,full__all__r4,0.0,0.3333333333333333,0.3333333333333333,0.99644128113879,0.41577698695136417,1,11
gemma_2_9b_it,compiler::causal_mapping::causal_0112,causal_mapping,validation,google/gemma-2-9b-it,late__all__r16,0.0,0.5,0.16666666666666666,0.9644128113879004,0.40776986951364175,1,11
gemma_2_9b_it,compiler::causal_mapping::causal_0112,causal_mapping,validation,google/gemma-2-9b-it,middle__all__r16,0.1,0.16666666666666666,0.3333333333333333,1.0,0.4,1,11
gemma_2_9b_it,compiler::causal_mapping::causal_0113,causal_mapping,train,google/gemma-2-9b-it,early__all__r16,0.0,0.3333333333333333,0.5,1.0,0.4583333333333333,1,11
gemma_2_9b_it,compiler::causal_mapping::causal_0113,causal_mapping,train,google/gemma-2-9b-it,full__all__r4,0.0,0.3333333333333333,0.5,1.0,0.4583333333333333,1,11
gemma_2_9b_it,compiler::causal_mapping::causal_0113,causal_mapping,train,google/gemma-2-9b-it,late__all__r16,0.0,0.3333333333333333,0.3333333333333333,0.9537366548042705,0.40510083036773425,1,11
gemma_2_9b_it,compiler::causal_mapping::causal_0113,causal_mapping,train,google/gemma-2-9b-it,middle__all__r16,0.0,0.3333333333333333,0.5,1.0,0.4583333333333333,1,11
gemma_2_9b_it,compiler::causal_mapping::causal_0114,causal_mapping,test,google/gemma-2-9b-it,early__all__r16,0.0,0.0,0.3333333333333333,0.9988137603795967,0.3330367734282325,3,11|22|33
gemma_2_9b_it,compiler::causal_mapping::causal_0114,causal_mapping,test,google/gemma-2-9b-it,full__all__r4,0.0,0.0,0.38888888888888884,0.99644128113879,0.3463325425069197,3,11|22|33
gemma_2_9b_it,compiler::causal_mapping::causal_0114,causal_mapping,test,google/gemma-2-9b-it,late__all__r16,0.0,0.1111111111111111,0.3333333333333333,0.9596678529062871,0.3510280743376829,3,11|22|33
gemma_2_9b_it,compiler::causal_mapping::causal_0114,causal_mapping,test,google/gemma-2-9b-it,middle__all__r16,0.0,0.0,0.4444444444444444,1.0,0.3611111111111111,3,11|22|33
gemma_2_9b_it,compiler::causal_mapping::causal_0115,causal_mapping,train,google/gemma-2-9b-it,early__all__r16,0.0,0.16666666666666666,0.5,0.9857651245551602,0.41310794780545673,1,11
gemma_2_9b_it,compiler::causal_mapping::causal_0115,causal_mapping,train,google/gemma-2-9b-it,full__all__r4,0.1,0.3333333333333333,0.5,0.99644128113879,0.4824436536180308,1,11
gemma_2_9b_it,compiler::causal_mapping::causal_0115,causal_mapping,train,google/gemma-2-9b-it,late__all__r16,0.0,0.0,0.5,0.9430604982206405,0.36076512455516013,1,11
gemma_2_9b_it,compiler::causal_mapping::causal_0115,causal_mapping,train,google/gemma-2-9b-it,middle__all__r16,0.2,0.3333333333333333,0.5,0.9893238434163701,0.5056642941874259,1,11
gemma_2_9b_it,compiler::causal_mapping::causal_0116,causal_mapping,validation,google/gemma-2-9b-it,early__all__r16,0.0,0.0,0.6666666666666666,0.9715302491103203,0.4095492289442467,1,11
gemma_2_9b_it,compiler::causal_mapping::causal_0116,causal_mapping,validation,google/gemma-2-9b-it,full__all__r4,0.0,0.16666666666666666,0.8333333333333334,0.9893238434163701,0.49733096085409256,1,11
gemma_2_9b_it,compiler::causal_mapping::causal_0116,causal_mapping,validation,google/gemma-2-9b-it,late__all__r16,0.0,0.0,0.5,0.9537366548042705,0.3634341637010676,1,11
gemma_2_9b_it,compiler::causal_mapping::causal_0116,causal_mapping,validation,google/gemma-2-9b-it,middle__all__r16,0.1,0.0,0.5,0.9893238434163701,0.39733096085409253,1,11
gemma_2_9b_it,compiler::causal_mapping::causal_0117,causal_mapping,train,google/gemma-2-9b-it,early__all__r16,0.0,0.0,0.16666666666666666,0.9928825622775801,0.2898873072360617,1,11
gemma_2_9b_it,compiler::causal_mapping::causal_0117,causal_mapping,train,google/gemma-2-9b-it,full__all__r4,0.1,0.0,0.16666666666666666,0.99644128113879,0.3157769869513642,1,11
gemma_2_9b_it,compiler::causal_mapping::causal_0117,causal_mapping,train,google/gemma-2-9b-it,late__all__r16,0.0,0.0,0.3333333333333333,0.9750889679715302,0.32710557532621587,1,11
gemma_2_9b_it,compiler::causal_mapping::causal_0117,causal_mapping,train,google/gemma-2-9b-it,middle__all__r16,0.0,0.0,0.3333333333333333,0.99644128113879,0.33244365361803085,1,11
gemma_2_9b_it,compiler::causal_mapping::causal_0118,causal_mapping,train,google/gemma-2-9b-it,early__all__r16,0.0,0.0,0.16666666666666666,0.9893238434163701,0.2889976275207592,1,11
gemma_2_9b_it,compiler::causal_mapping::causal_0118,causal_mapping,train,google/gemma-2-9b-it,full__all__r4,0.0,0.0,0.3333333333333333,0.99644128113879,0.33244365361803085,1,11
gemma_2_9b_it,compiler::causal_mapping::causal_0118,causal_mapping,train,google/gemma-2-9b-it,late__all__r16,0.0,0.0,0.16666666666666666,0.9572953736654805,0.28099051008303677,1,11
gemma_2_9b_it,compiler::causal_mapping::causal_0118,causal_mapping,train,google/gemma-2-9b-it,middle__all__r16,0.0,0.0,0.3333333333333333,0.99644128113879,0.33244365361803085,1,11
gemma_2_9b_it,compiler::causal_mapping::causal_0119,causal_mapping,train,google/gemma-2-9b-it,early__all__r16,0.0,0.0,0.3333333333333333,0.9893238434163701,0.3306642941874259,1,11
gemma_2_9b_it,compiler::causal_mapping::causal_0119,causal_mapping,train,google/gemma-2-9b-it,full__all__r4,0.0,0.16666666666666666,0.3333333333333333,0.99644128113879,0.3741103202846975,1,11
gemma_2_9b_it,compiler::causal_mapping::causal_0119,causal_mapping,train,google/gemma-2-9b-it,late__all__r16,0.0,0.0,0.3333333333333333,0.9715302491103203,0.3262158956109134,1,11
gemma_2_9b_it,compiler::causal_mapping::causal_0119,causal_mapping,train,google/gemma-2-9b-it,middle__all__r16,0.1,0.3333333333333333,0.3333333333333333,1.0,0.44166666666666665,1,11
gemma_2_9b_it,compiler::factual_association::factual_0000,factual_association,train,google/gemma-2-9b-it,early__all__r16,0.2,0.16666666666666666,0.3333333333333333,1.0,0.425,1,11
gemma_2_9b_it,compiler::factual_association::factual_0000,factual_association,train,google/gemma-2-9b-it,full__all__r4,0.3,0.5,0.8333333333333334,1.0,0.6583333333333333,1,11
gemma_2_9b_it,compiler::factual_association::factual_0000,factual_association,train,google/gemma-2-9b-it,late__all__r16,0.5,0.5,0.5,0.9857651245551602,0.62144128113879,1,11
gemma_2_9b_it,compiler::factual_association::factual_0000,factual_association,train,google/gemma-2-9b-it,middle__all__r16,0.2,0.16666666666666666,0.5,1.0,0.4666666666666667,1,11
gemma_2_9b_it,compiler::factual_association::factual_0001,factual_association,train,google/gemma-2-9b-it,early__all__r16,0.0,0.16666666666666666,0.16666666666666666,0.99644128113879,0.33244365361803085,1,11
gemma_2_9b_it,compiler::factual_association::factual_0001,factual_association,train,google/gemma-2-9b-it,full__all__r4,0.7,0.6666666666666666,0.5,1.0,0.7166666666666667,1,11
gemma_2_9b_it,compiler::factual_association::factual_0001,factual_association,train,google/gemma-2-9b-it,late__all__r16,0.0,0.0,0.16666666666666666,0.99644128113879,0.29077698695136417,1,11
gemma_2_9b_it,compiler::factual_association::factual_0001,factual_association,train,google/gemma-2-9b-it,middle__all__r16,0.0,0.16666666666666666,0.6666666666666666,0.9928825622775801,0.45655397390272834,1,11
gemma_2_9b_it,compiler::factual_association::factual_0002,factual_association,train,google/gemma-2-9b-it,early__all__r16,0.0,0.16666666666666666,0.16666666666666666,1.0,0.3333333333333333,1,11
gemma_2_9b_it,compiler::factual_association::factual_0002,factual_association,train,google/gemma-2-9b-it,full__all__r4,0.2,0.3333333333333333,0.3333333333333333,0.9822064056939501,0.4622182680901542,1,11
gemma_2_9b_it,compiler::factual_association::factual_0002,factual_association,train,google/gemma-2-9b-it,late__all__r16,0.8,1.0,0.3333333333333333,0.9893238434163701,0.7806642941874259,1,11
gemma_2_9b_it,compiler::factual_association::factual_0002,factual_association,train,google/gemma-2-9b-it,middle__all__r16,0.0,0.16666666666666666,0.5,0.99644128113879,0.41577698695136417,1,11
gemma_2_9b_it,compiler::factual_association::factual_0003,factual_association,train,google/gemma-2-9b-it,early__all__r16,0.0,0.16666666666666666,0.6666666666666666,0.9928825622775801,0.45655397390272834,1,11
gemma_2_9b_it,compiler::factual_association::factual_0003,factual_association,train,google/gemma-2-9b-it,full__all__r4,0.3,0.5,0.5,0.9928825622775801,0.573220640569395,1,11
gemma_2_9b_it,compiler::factual_association::factual_0003,factual_association,train,google/gemma-2-9b-it,late__all__r16,0.5,0.6666666666666666,0.5,0.99644128113879,0.6657769869513641,1,11
gemma_2_9b_it,compiler::factual_association::factual_0003,factual_association,train,google/gemma-2-9b-it,middle__all__r16,0.0,0.16666666666666666,0.5,1.0,0.4166666666666667,1,11
gemma_2_9b_it,compiler::factual_association::factual_0004,factual_association,train,google/gemma-2-9b-it,early__all__r16,0.0,0.16666666666666666,0.16666666666666666,0.9928825622775801,0.33155397390272834,1,11
gemma_2_9b_it,compiler::factual_association::factual_0004,factual_association,train,google/gemma-2-9b-it,full__all__r4,0.0,0.16666666666666666,0.16666666666666666,0.9893238434163701,0.3306642941874259,1,11
gemma_2_9b_it,compiler::factual_association::factual_0004,factual_association,train,google/gemma-2-9b-it,late__all__r16,0.0,0.16666666666666666,0.16666666666666666,0.9928825622775801,0.33155397390272834,1,11
gemma_2_9b_it,compiler::factual_association::factual_0004,factual_association,train,google/gemma-2-9b-it,middle__all__r16,0.0,0.16666666666666666,0.6666666666666666,0.99644128113879,0.45744365361803085,1,11
gemma_2_9b_it,compiler::factual_association::factual_0005,factual_association,train,google/gemma-2-9b-it,early__all__r16,0.0,0.16666666666666666,0.3333333333333333,0.9928825622775801,0.373220640569395,1,11
gemma_2_9b_it,compiler::factual_association::factual_0005,factual_association,train,google/gemma-2-9b-it,full__all__r4,0.0,0.16666666666666666,0.3333333333333333,0.9893238434163701,0.3723309608540925,1,11
gemma_2_9b_it,compiler::factual_association::factual_0005,factual_association,train,google/gemma-2-9b-it,late__all__r16,0.0,0.16666666666666666,0.3333333333333333,0.99644128113879,0.3741103202846975,1,11
gemma_2_9b_it,compiler::factual_association::factual_0005,factual_association,train,google/gemma-2-9b-it,middle__all__r16,0.0,0.16666666666666666,0.3333333333333333,0.99644128113879,0.3741103202846975,1,11
gemma_2_9b_it,compiler::factual_association::factual_0006,factual_association,test,google/gemma-2-9b-it,early__all__r16,0.06666666666666667,0.16666666666666666,0.4444444444444444,0.9905100830367735,0.4170719652036378,3,11|22|33
gemma_2_9b_it,compiler::factual_association::factual_0006,factual_association,test,google/gemma-2-9b-it,full__all__r4,0.3333333333333333,0.3888888888888889,0.5,0.9905100830367735,0.553183076314749,3,11|22|33
gemma_2_9b_it,compiler::factual_association::factual_0006,factual_association,test,google/gemma-2-9b-it,late__all__r16,0.2333333333333333,0.3888888888888889,0.5,0.9928825622775802,0.5287761961249506,3,11|22|33
gemma_2_9b_it,compiler::factual_association::factual_0006,factual_association,test,google/gemma-2-9b-it,middle__all__r16,0.13333333333333333,0.16666666666666666,0.5555555555555556,1.0,0.4638888888888889,3,11|22|33
gemma_2_9b_it,compiler::factual_association::factual_0007,factual_association,validation,google/gemma-2-9b-it,early__all__r16,0.0,0.16666666666666666,0.16666666666666666,1.0,0.3333333333333333,1,11
gemma_2_9b_it,compiler::factual_association::factual_0007,factual_association,validation,google/gemma-2-9b-it,full__all__r4,0.0,0.16666666666666666,0.16666666666666666,0.9928825622775801,0.33155397390272834,1,11
gemma_2_9b_it,compiler::factual_association::factual_0007,factual_association,validation,google/gemma-2-9b-it,late__all__r16,0.0,0.16666666666666666,0.16666666666666666,0.9857651245551602,0.32977461447212336,1,11
gemma_2_9b_it,compiler::factual_association::factual_0007,factual_association,validation,google/gemma-2-9b-it,middle__all__r16,0.0,0.16666666666666666,0.16666666666666666,1.0,0.3333333333333333,1,11
gemma_2_9b_it,compiler::factual_association::factual_0008,factual_association,train,google/gemma-2-9b-it,early__all__r16,0.0,0.16666666666666666,0.3333333333333333,1.0,0.375,1,11
gemma_2_9b_it,compiler::factual_association::factual_0008,factual_association,train,google/gemma-2-9b-it,full__all__r4,0.2,0.0,0.3333333333333333,0.9857651245551602,0.37977461447212335,1,11
gemma_2_9b_it,compiler::factual_association::factual_0008,factual_association,train,google/gemma-2-9b-it,late__all__r16,0.2,0.0,0.3333333333333333,0.9786476868327402,0.3779952550415184,1,11
gemma_2_9b_it,compiler::factual_association::factual_0008,factual_association,train,google/gemma-2-9b-it,middle__all__r16,0.2,0.0,0.3333333333333333,0.9928825622775801,0.3815539739027284,1,11
gemma_2_9b_it,compiler::factual_association::factual_0009,factual_association,train,google/gemma-2-9b-it,early__all__r16,0.0,0.16666666666666666,0.5,0.99644128113879,0.41577698695136417,1,11
gemma_2_9b_it,compiler::factual_association::factual_0009,factual_association,train,google/gemma-2-9b-it,full__all__r4,0.0,0.16666666666666666,0.8333333333333334,0.99644128113879,0.49911032028469754,1,11
gemma_2_9b_it,compiler::factual_association::factual_0009,factual_association,train,google/gemma-2-9b-it,late__all__r16,0.8,0.6666666666666666,0.5,0.9928825622775801,0.7398873072360617,1,11
gemma_2_9b_it,compiler::factual_association::factual_0009,factual_association,train,google/gemma-2-9b-it,middle__all__r16,0.2,0.16666666666666666,0.5,0.99644128113879,0.46577698695136416,1,11
gemma_2_9b_it,compiler::factual_association::factual_0010,factual_association,train,google/gemma-2-9b-it,early__all__r16,0.0,0.16666666666666666,0.16666666666666666,0.99644128113879,0.33244365361803085,1,11
gemma_2_9b_it,compiler::factual_association::factual_0010,factual_association,train,google/gemma-2-9b-it,full__all__r4,0.2,0.16666666666666666,0.16666666666666666,1.0,0.3833333333333333,1,11
gemma_2_9b_it,compiler::factual_association::factual_0010,factual_association,train,google/gemma-2-9b-it,late__all__r16,0.0,0.16666666666666666,0.16666666666666666,0.9893238434163701,0.3306642941874259,1,11
gemma_2_9b_it,compiler::factual_association::factual_0010,factual_association,train,google/gemma-2-9b-it,middle__all__r16,0.2,0.16666666666666666,0.5,1.0,0.4666666666666667,1,11
gemma_2_9b_it,compiler::factual_association::factual_0011,factual_association,validation,google/gemma-2-9b-it,early__all__r16,0.0,0.16666666666666666,0.16666666666666666,1.0,0.3333333333333333,1,11
gemma_2_9b_it,compiler::factual_association::factual_0011,factual_association,validation,google/gemma-2-9b-it,full__all__r4,0.0,0.16666666666666666,0.3333333333333333,0.9822064056939501,0.37055160142348753,1,11
gemma_2_9b_it,compiler::factual_association::factual_0011,factual_association,validation,google/gemma-2-9b-it,late__all__r16,0.0,0.16666666666666666,0.3333333333333333,0.9857651245551602,0.37144128113879005,1,11
gemma_2_9b_it,compiler::factual_association::factual_0011,factual_association,validation,google/gemma-2-9b-it,middle__all__r16,0.0,0.16666666666666666,0.3333333333333333,0.9750889679715302,0.36877224199288255,1,11
gemma_2_9b_it,compiler::factual_association::factual_0012,factual_association,train,google/gemma-2-9b-it,early__all__r16,0.0,0.16666666666666666,0.3333333333333333,1.0,0.375,1,11
gemma_2_9b_it,compiler::factual_association::factual_0012,factual_association,train,google/gemma-2-9b-it,full__all__r4,0.2,0.5,0.6666666666666666,0.9928825622775801,0.5898873072360616,1,11
gemma_2_9b_it,compiler::factual_association::factual_0012,factual_association,train,google/gemma-2-9b-it,late__all__r16,0.5,0.5,0.5,0.99644128113879,0.6241103202846975,1,11
gemma_2_9b_it,compiler::factual_association::factual_0012,factual_association,train,google/gemma-2-9b-it,middle__all__r16,0.0,0.16666666666666666,0.6666666666666666,0.9928825622775801,0.45655397390272834,1,11
gemma_2_9b_it,compiler::factual_association::factual_0013,factual_association,train,google/gemma-2-9b-it,early__all__r16,0.2,0.16666666666666666,0.3333333333333333,1.0,0.425,1,11
gemma_2_9b_it,compiler::factual_association::factual_0013,factual_association,train,google/gemma-2-9b-it,full__all__r4,0.1,0.16666666666666666,0.16666666666666666,0.9822064056939501,0.35388493475682087,1,11
gemma_2_9b_it,compiler::factual_association::factual_0013,factual_association,train,google/gemma-2-9b-it,late__all__r16,0.4,0.6666666666666666,0.16666666666666666,0.9822064056939501,0.5538849347568209,1,11
gemma_2_9b_it,compiler::factual_association::factual_0013,factual_association,train,google/gemma-2-9b-it,middle__all__r16,0.0,0.16666666666666666,0.5,0.9679715302491103,0.40865954922894426,1,11
gemma_2_9b_it,compiler::factual_association::factual_0014,factual_association,validation,google/gemma-2-9b-it,early__all__r16,0.0,0.16666666666666666,0.3333333333333333,1.0,0.375,1,11
gemma_2_9b_it,compiler::factual_association::factual_0014,factual_association,validation,google/gemma-2-9b-it,full__all__r4,0.0,0.16666666666666666,0.3333333333333333,0.9928825622775801,0.373220640569395,1,11
gemma_2_9b_it,compiler::factual_association::factual_0014,factual_association,validation,google/gemma-2-9b-it,late__all__r16,0.0,0.16666666666666666,0.3333333333333333,0.9893238434163701,0.3723309608540925,1,11
gemma_2_9b_it,compiler::factual_association::factual_0014,factual_association,validation,google/gemma-2-9b-it,middle__all__r16,0.0,0.16666666666666666,0.3333333333333333,0.9822064056939501,0.37055160142348753,1,11
gemma_2_9b_it,compiler::factual_association::factual_0015,factual_association,train,google/gemma-2-9b-it,early__all__r16,0.0,0.16666666666666666,0.5,1.0,0.4166666666666667,1,11
gemma_2_9b_it,compiler::factual_association::factual_0015,factual_association,train,google/gemma-2-9b-it,full__all__r4,0.0,0.16666666666666666,0.5,1.0,0.4166666666666667,1,11
gemma_2_9b_it,compiler::factual_association::factual_0015,factual_association,train,google/gemma-2-9b-it,late__all__r16,0.0,0.16666666666666666,0.5,0.99644128113879,0.41577698695136417,1,11
gemma_2_9b_it,compiler::factual_association::factual_0015,factual_association,train,google/gemma-2-9b-it,middle__all__r16,0.0,0.16666666666666666,0.8333333333333334,1.0,0.5,1,11
gemma_2_9b_it,compiler::factual_association::factual_0016,factual_association,test,google/gemma-2-9b-it,early__all__r16,0.0,0.16666666666666666,0.16666666666666666,0.9988137603795967,0.3330367734282325,3,11|22|33
gemma_2_9b_it,compiler::factual_association::factual_0016,factual_association,test,google/gemma-2-9b-it,full__all__r4,0.3333333333333333,0.6666666666666666,0.16666666666666666,0.9845788849347569,0.5378113879003559,3,11|22|33
gemma_2_9b_it,compiler::factual_association::factual_0016,factual_association,test,google/gemma-2-9b-it,late__all__r16,0.26666666666666666,0.6666666666666666,0.16666666666666666,0.9928825622775802,0.523220640569395,3,11|22|33
gemma_2_9b_it,compiler::factual_association::factual_0016,factual_association,test,google/gemma-2-9b-it,middle__all__r16,0.06666666666666667,0.16666666666666666,0.611111111111111,0.9810201660735469,0.4563661526294978,3,11|22|33
gemma_2_9b_it,compiler::factual_association::factual_0017,factual_association,train,google/gemma-2-9b-it,early__all__r16,0.0,0.16666666666666666,0.16666666666666666,0.9928825622775801,0.33155397390272834,1,11
gemma_2_9b_it,compiler::factual_association::factual_0017,factual_association,train,google/gemma-2-9b-it,full__all__r4,0.0,0.16666666666666666,0.3333333333333333,0.9822064056939501,0.37055160142348753,1,11
gemma_2_9b_it,compiler::factual_association::factual_0017,factual_association,train,google/gemma-2-9b-it,late__all__r16,0.0,0.16666666666666666,0.3333333333333333,0.9893238434163701,0.3723309608540925,1,11
gemma_2_9b_it,compiler::factual_association::factual_0017,factual_association,train,google/gemma-2-9b-it,middle__all__r16,0.0,0.16666666666666666,0.3333333333333333,0.9750889679715302,0.36877224199288255,1,11
gemma_2_9b_it,compiler::factual_association::factual_0018,factual_association,test,google/gemma-2-9b-it,early__all__r16,0.0,0.16666666666666666,0.3333333333333333,0.99644128113879,0.3741103202846975,3,11|22|33
gemma_2_9b_it,compiler::factual_association::factual_0018,factual_association,test,google/gemma-2-9b-it,full__all__r4,0.16666666666666666,0.4444444444444444,0.5,0.9976275207591933,0.5271846579675761,3,11|22|33
gemma_2_9b_it,compiler::factual_association::factual_0018,factual_association,test,google/gemma-2-9b-it,late__all__r16,0.26666666666666666,0.5,0.4444444444444444,0.9857651245551602,0.5492190589165679,3,11|22|33
gemma_2_9b_it,compiler::factual_association::factual_0018,factual_association,test,google/gemma-2-9b-it,middle__all__r16,0.06666666666666667,0.16666666666666666,0.7222222222222222,0.9976275207591933,0.4882957690786872,3,11|22|33
gemma_2_9b_it,compiler::factual_association::factual_0019,factual_association,train,google/gemma-2-9b-it,early__all__r16,0.0,0.0,0.16666666666666666,0.99644128113879,0.29077698695136417,1,11
gemma_2_9b_it,compiler::factual_association::factual_0019,factual_association,train,google/gemma-2-9b-it,full__all__r4,0.8,0.8333333333333334,0.5,0.9928825622775801,0.7815539739027284,1,11
gemma_2_9b_it,compiler::factual_association::factual_0019,factual_association,train,google/gemma-2-9b-it,late__all__r16,0.2,0.3333333333333333,0.16666666666666666,0.9928825622775801,0.423220640569395,1,11
gemma_2_9b_it,compiler::factual_association::factual_0019,factual_association,train,google/gemma-2-9b-it,middle__all__r16,0.0,0.16666666666666666,0.3333333333333333,1.0,0.375,1,11
gemma_2_9b_it,compiler::factual_association::factual_0020,factual_association,train,google/gemma-2-9b-it,early__all__r16,0.0,0.16666666666666666,0.16666666666666666,1.0,0.3333333333333333,1,11
gemma_2_9b_it,compiler::factual_association::factual_0020,factual_association,train,google/gemma-2-9b-it,full__all__r4,0.0,0.16666666666666666,0.3333333333333333,0.9928825622775801,0.373220640569395,1,11
gemma_2_9b_it,compiler::factual_association::factual_0020,factual_association,train,google/gemma-2-9b-it,late__all__r16,0.0,0.16666666666666666,0.3333333333333333,0.9786476868327402,0.369661921708185,1,11
gemma_2_9b_it,compiler::factual_association::factual_0020,factual_association,train,google/gemma-2-9b-it,middle__all__r16,0.0,0.16666666666666666,0.3333333333333333,0.99644128113879,0.3741103202846975,1,11
gemma_2_9b_it,compiler::factual_association::factual_0021,factual_association,validation,google/gemma-2-9b-it,early__all__r16,0.0,0.16666666666666666,0.5,0.9928825622775801,0.4148873072360617,1,11
gemma_2_9b_it,compiler::factual_association::factual_0021,factual_association,validation,google/gemma-2-9b-it,full__all__r4,0.3,0.6666666666666666,0.6666666666666666,1.0,0.6583333333333333,1,11
gemma_2_9b_it,compiler::factual_association::factual_0021,factual_association,validation,google/gemma-2-9b-it,late__all__r16,0.3,0.5,0.5,0.9893238434163701,0.5723309608540925,1,11
gemma_2_9b_it,compiler::factual_association::factual_0021,factual_association,validation,google/gemma-2-9b-it,middle__all__r16,0.0,0.16666666666666666,1.0,1.0,0.5416666666666666,1,11
gemma_2_9b_it,compiler::factual_association::factual_0022,factual_association,test,google/gemma-2-9b-it,early__all__r16,0.06666666666666667,0.16666666666666666,0.27777777777777773,0.9916963226571768,0.37570185844207193,3,11|22|33
gemma_2_9b_it,compiler::factual_association::factual_0022,factual_association,test,google/gemma-2-9b-it,full__all__r4,0.0,0.16666666666666666,0.27777777777777773,0.99644128113879,0.3602214313958086,3,11|22|33
gemma_2_9b_it,compiler::factual_association::factual_0022,factual_association,test,google/gemma-2-9b-it,late__all__r16,0.0,0.16666666666666666,0.16666666666666666,0.9952550415183867,0.33214709371293,3,11|22|33
gemma_2_9b_it,compiler::factual_association::factual_0022,factual_association,test,google/gemma-2-9b-it,middle__all__r16,0.0,0.16666666666666666,0.611111111111111,0.9905100830367735,0.4420719652036378,3,11|22|33
gemma_2_9b_it,compiler::factual_association::factual_0023,factual_association,train,google/gemma-2-9b-it,early__all__r16,0.0,0.16666666666666666,0.3333333333333333,1.0,0.375,1,11
gemma_2_9b_it,compiler::factual_association::factual_0023,factual_association,train,google/gemma-2-9b-it,full__all__r4,0.0,0.0,0.3333333333333333,0.9822064056939501,0.32888493475682085,1,11
gemma_2_9b_it,compiler::factual_association::factual_0023,factual_association,train,google/gemma-2-9b-it,late__all__r16,0.0,0.16666666666666666,0.3333333333333333,0.9893238434163701,0.3723309608540925,1,11
gemma_2_9b_it,compiler::factual_association::factual_0023,factual_association,train,google/gemma-2-9b-it,middle__all__r16,0.0,0.16666666666666666,0.3333333333333333,0.9893238434163701,0.3723309608540925,1,11
gemma_2_9b_it,compiler::factual_association::factual_0024,factual_association,test,google/gemma-2-9b-it,early__all__r16,0.0,0.16666666666666666,0.3333333333333333,0.9952550415183867,0.3738137603795967,3,11|22|33
gemma_2_9b_it,compiler::factual_association::factual_0024,factual_association,test,google/gemma-2-9b-it,full__all__r4,0.09999999999999999,0.27777777777777773,0.5555555555555555,0.9905100830367735,0.48096085409252665,3,11|22|33
gemma_2_9b_it,compiler::factual_association::factual_0024,factual_association,test,google/gemma-2-9b-it,late__all__r16,0.19999999999999998,0.27777777777777773,0.4444444444444444,0.99644128113879,0.47966587584025305,3,11|22|33
gemma_2_9b_it,compiler::factual_association::factual_0024,factual_association,test,google/gemma-2-9b-it,middle__all__r16,0.0,0.16666666666666666,0.7222222222222222,0.99644128113879,0.47133254250691975,3,11|22|33
gemma_2_9b_it,compiler::factual_association::factual_0025,factual_association,train,google/gemma-2-9b-it,early__all__r16,0.0,0.16666666666666666,0.16666666666666666,1.0,0.3333333333333333,1,11
gemma_2_9b_it,compiler::factual_association::factual_0025,factual_association,train,google/gemma-2-9b-it,full__all__r4,0.7,1.0,0.3333333333333333,1.0,0.7583333333333333,1,11
gemma_2_9b_it,compiler::factual_association::factual_0025,factual_association,train,google/gemma-2-9b-it,late__all__r16,0.0,0.0,0.16666666666666666,0.99644128113879,0.29077698695136417,1,11
gemma_2_9b_it,compiler::factual_association::factual_0025,factual_association,train,google/gemma-2-9b-it,middle__all__r16,0.0,0.16666666666666666,0.5,0.99644128113879,0.41577698695136417,1,11
gemma_2_9b_it,compiler::factual_association::factual_0026,factual_association,validation,google/gemma-2-9b-it,early__all__r16,0.0,0.16666666666666666,0.3333333333333333,0.9928825622775801,0.373220640569395,1,11
gemma_2_9b_it,compiler::factual_association::factual_0026,factual_association,validation,google/gemma-2-9b-it,full__all__r4,0.0,0.16666666666666666,0.3333333333333333,0.9822064056939501,0.37055160142348753,1,11
gemma_2_9b_it,compiler::factual_association::factual_0026,factual_association,validation,google/gemma-2-9b-it,late__all__r16,0.0,0.3333333333333333,0.3333333333333333,0.99644128113879,0.41577698695136417,1,11
gemma_2_9b_it,compiler::factual_association::factual_0026,factual_association,validation,google/gemma-2-9b-it,middle__all__r16,0.0,0.16666666666666666,0.3333333333333333,0.9822064056939501,0.37055160142348753,1,11
gemma_2_9b_it,compiler::factual_association::factual_0027,factual_association,train,google/gemma-2-9b-it,early__all__r16,0.0,0.16666666666666666,0.3333333333333333,1.0,0.375,1,11
gemma_2_9b_it,compiler::factual_association::factual_0027,factual_association,train,google/gemma-2-9b-it,full__all__r4,0.3,0.5,0.6666666666666666,0.9928825622775801,0.6148873072360617,1,11
gemma_2_9b_it,compiler::factual_association::factual_0027,factual_association,train,google/gemma-2-9b-it,late__all__r16,0.7,0.6666666666666666,0.5,0.9857651245551602,0.7131079478054567,1,11
gemma_2_9b_it,compiler::factual_association::factual_0027,factual_association,train,google/gemma-2-9b-it,middle__all__r16,0.0,0.16666666666666666,0.6666666666666666,1.0,0.4583333333333333,1,11
gemma_2_9b_it,compiler::factual_association::factual_0028,factual_association,train,google/gemma-2-9b-it,early__all__r16,0.0,0.16666666666666666,0.16666666666666666,0.9928825622775801,0.33155397390272834,1,11
gemma_2_9b_it,compiler::factual_association::factual_0028,factual_association,train,google/gemma-2-9b-it,full__all__r4,0.0,0.16666666666666666,0.16666666666666666,0.9928825622775801,0.33155397390272834,1,11
gemma_2_9b_it,compiler::factual_association::factual_0028,factual_association,train,google/gemma-2-9b-it,late__all__r16,0.0,0.16666666666666666,0.16666666666666666,0.99644128113879,0.33244365361803085,1,11
gemma_2_9b_it,compiler::factual_association::factual_0028,factual_association,train,google/gemma-2-9b-it,middle__all__r16,0.0,0.0,0.3333333333333333,0.99644128113879,0.33244365361803085,1,11
gemma_2_9b_it,compiler::factual_association::factual_0029,factual_association,train,google/gemma-2-9b-it,early__all__r16,0.0,0.0,0.16666666666666666,1.0,0.2916666666666667,1,11
gemma_2_9b_it,compiler::factual_association::factual_0029,factual_association,train,google/gemma-2-9b-it,full__all__r4,0.0,0.16666666666666666,0.3333333333333333,0.9822064056939501,0.37055160142348753,1,11
gemma_2_9b_it,compiler::factual_association::factual_0029,factual_association,train,google/gemma-2-9b-it,late__all__r16,0.1,0.5,0.3333333333333333,0.9893238434163701,0.48066429418742584,1,11
gemma_2_9b_it,compiler::factual_association::factual_0029,factual_association,train,google/gemma-2-9b-it,middle__all__r16,0.0,0.16666666666666666,0.3333333333333333,0.9750889679715302,0.36877224199288255,1,11
gemma_2_9b_it,compiler::factual_association::factual_0030,factual_association,test,google/gemma-2-9b-it,early__all__r16,0.06666666666666667,0.16666666666666666,0.38888888888888884,1.0,0.40555555555555556,3,11|22|33
gemma_2_9b_it,compiler::factual_association::factual_0030,factual_association,test,google/gemma-2-9b-it,full__all__r4,0.4000000000000001,0.5,0.5555555555555555,0.99644128113879,0.6129992091735864,3,11|22|33
gemma_2_9b_it,compiler::factual_association::factual_0030,factual_association,test,google/gemma-2-9b-it,late__all__r16,0.43333333333333335,0.3888888888888889,0.5,0.9857651245551602,0.5769968366943456,3,11|22|33
gemma_2_9b_it,compiler::factual_association::factual_0030,factual_association,test,google/gemma-2-9b-it,middle__all__r16,0.13333333333333333,0.16666666666666666,0.5555555555555555,0.9988137603795967,0.46359232898378805,3,11|22|33
gemma_2_9b_it,compiler::factual_association::factual_0031,factual_association,train,google/gemma-2-9b-it,early__all__r16,0.0,0.16666666666666666,0.16666666666666666,1.0,0.3333333333333333,1,11
gemma_2_9b_it,compiler::factual_association::factual_0031,factual_association,train,google/gemma-2-9b-it,full__all__r4,0.0,0.16666666666666666,0.16666666666666666,0.9928825622775801,0.33155397390272834,1,11
gemma_2_9b_it,compiler::factual_association::factual_0031,factual_association,train,google/gemma-2-9b-it,late__all__r16,0.0,0.16666666666666666,0.16666666666666666,0.9893238434163701,0.3306642941874259,1,11
gemma_2_9b_it,compiler::factual_association::factual_0031,factual_association,train,google/gemma-2-9b-it,middle__all__r16,0.0,0.16666666666666666,0.3333333333333333,1.0,0.375,1,11
gemma_2_9b_it,compiler::factual_association::factual_0032,factual_association,test,google/gemma-2-9b-it,early__all__r16,0.0,0.16666666666666666,0.27777777777777773,0.9976275207591933,0.3605179913009094,3,11|22|33
gemma_2_9b_it,compiler::factual_association::factual_0032,factual_association,test,google/gemma-2-9b-it,full__all__r4,0.0,0.16666666666666666,0.3333333333333333,0.9905100830367735,0.37262752075919336,3,11|22|33
gemma_2_9b_it,compiler::factual_association::factual_0032,factual_association,test,google/gemma-2-9b-it,late__all__r16,0.13333333333333333,0.4444444444444444,0.3333333333333333,0.9905100830367735,0.4754052985369711,3,11|22|33
gemma_2_9b_it,compiler::factual_association::factual_0032,factual_association,test,google/gemma-2-9b-it,middle__all__r16,0.0,0.16666666666666666,0.3333333333333333,0.9798339264531434,0.3699584816132858,3,11|22|33
gemma_2_9b_it,compiler::factual_association::factual_0033,factual_association,validation,google/gemma-2-9b-it,early__all__r16,0.0,0.16666666666666666,0.3333333333333333,0.9928825622775801,0.373220640569395,1,11
gemma_2_9b_it,compiler::factual_association::factual_0033,factual_association,validation,google/gemma-2-9b-it,full__all__r4,0.0,0.16666666666666666,0.3333333333333333,0.9928825622775801,0.373220640569395,1,11
gemma_2_9b_it,compiler::factual_association::factual_0033,factual_association,validation,google/gemma-2-9b-it,late__all__r16,0.4,0.6666666666666666,0.3333333333333333,0.99644128113879,0.5991103202846975,1,11
gemma_2_9b_it,compiler::factual_association::factual_0033,factual_association,validation,google/gemma-2-9b-it,middle__all__r16,0.0,0.16666666666666666,0.5,1.0,0.4166666666666667,1,11
gemma_2_9b_it,compiler::factual_association::factual_0034,factual_association,train,google/gemma-2-9b-it,early__all__r16,0.0,0.16666666666666666,0.16666666666666666,0.99644128113879,0.33244365361803085,1,11
gemma_2_9b_it,compiler::factual_association::factual_0034,factual_association,train,google/gemma-2-9b-it,full__all__r4,0.2,0.16666666666666666,0.16666666666666666,1.0,0.3833333333333333,1,11
gemma_2_9b_it,compiler::factual_association::factual_0034,factual_association,train,google/gemma-2-9b-it,late__all__r16,0.0,0.16666666666666666,0.16666666666666666,0.9893238434163701,0.3306642941874259,1,11
gemma_2_9b_it,compiler::factual_association::factual_0034,factual_association,train,google/gemma-2-9b-it,middle__all__r16,0.2,0.16666666666666666,0.16666666666666666,1.0,0.3833333333333333,1,11
gemma_2_9b_it,compiler::factual_association::factual_0035,factual_association,train,google/gemma-2-9b-it,early__all__r16,0.0,0.16666666666666666,0.3333333333333333,1.0,0.375,1,11
gemma_2_9b_it,compiler::factual_association::factual_0035,factual_association,train,google/gemma-2-9b-it,full__all__r4,0.0,0.16666666666666666,0.3333333333333333,0.9857651245551602,0.37144128113879005,1,11
gemma_2_9b_it,compiler::factual_association::factual_0035,factual_association,train,google/gemma-2-9b-it,late__all__r16,0.0,0.16666666666666666,0.3333333333333333,0.9893238434163701,0.3723309608540925,1,11
gemma_2_9b_it,compiler::factual_association::factual_0035,factual_association,train,google/gemma-2-9b-it,middle__all__r16,0.0,0.16666666666666666,0.3333333333333333,1.0,0.375,1,11
gemma_2_9b_it,compiler::factual_association::factual_0036,factual_association,train,google/gemma-2-9b-it,early__all__r16,0.2,0.16666666666666666,0.5,1.0,0.4666666666666667,1,11
gemma_2_9b_it,compiler::factual_association::factual_0036,factual_association,train,google/gemma-2-9b-it,full__all__r4,0.5,0.5,0.5,0.9893238434163701,0.6223309608540926,1,11
gemma_2_9b_it,compiler::factual_association::factual_0036,factual_association,train,google/gemma-2-9b-it,late__all__r16,0.3,0.5,0.5,0.99644128113879,0.5741103202846976,1,11
gemma_2_9b_it,compiler::factual_association::factual_0036,factual_association,train,google/gemma-2-9b-it,middle__all__r16,0.2,0.16666666666666666,1.0,1.0,0.5916666666666667,1,11
gemma_2_9b_it,compiler::factual_association::factual_0037,factual_association,train,google/gemma-2-9b-it,early__all__r16,0.2,0.16666666666666666,0.3333333333333333,1.0,0.425,1,11
gemma_2_9b_it,compiler::factual_association::factual_0037,factual_association,train,google/gemma-2-9b-it,full__all__r4,0.1,0.16666666666666666,0.16666666666666666,0.9893238434163701,0.35566429418742584,1,11
gemma_2_9b_it,compiler::factual_association::factual_0037,factual_association,train,google/gemma-2-9b-it,late__all__r16,0.4,0.6666666666666666,0.3333333333333333,0.9786476868327402,0.594661921708185,1,11
gemma_2_9b_it,compiler::factual_association::factual_0037,factual_association,train,google/gemma-2-9b-it,middle__all__r16,0.0,0.16666666666666666,0.16666666666666666,0.9786476868327402,0.3279952550415184,1,11
gemma_2_9b_it,compiler::factual_association::factual_0038,factual_association,train,google/gemma-2-9b-it,early__all__r16,0.2,0.16666666666666666,0.16666666666666666,0.9928825622775801,0.3815539739027284,1,11
gemma_2_9b_it,compiler::factual_association::factual_0038,factual_association,train,google/gemma-2-9b-it,full__all__r4,0.0,0.16666666666666666,0.3333333333333333,0.99644128113879,0.3741103202846975,1,11
gemma_2_9b_it,compiler::factual_association::factual_0038,factual_association,train,google/gemma-2-9b-it,late__all__r16,0.0,0.3333333333333333,0.3333333333333333,0.99644128113879,0.41577698695136417,1,11
gemma_2_9b_it,compiler::factual_association::factual_0038,factual_association,train,google/gemma-2-9b-it,middle__all__r16,0.0,0.16666666666666666,0.3333333333333333,1.0,0.375,1,11
gemma_2_9b_it,compiler::factual_association::factual_0039,factual_association,train,google/gemma-2-9b-it,early__all__r16,0.0,0.16666666666666666,0.8333333333333334,1.0,0.5,1,11
gemma_2_9b_it,compiler::factual_association::factual_0039,factual_association,train,google/gemma-2-9b-it,full__all__r4,0.3,0.5,0.6666666666666666,0.9928825622775801,0.6148873072360617,1,11
gemma_2_9b_it,compiler::factual_association::factual_0039,factual_association,train,google/gemma-2-9b-it,late__all__r16,0.6,0.6666666666666666,0.6666666666666666,0.9928825622775801,0.7315539739027284,1,11
gemma_2_9b_it,compiler::factual_association::factual_0039,factual_association,train,google/gemma-2-9b-it,middle__all__r16,0.0,0.16666666666666666,0.6666666666666666,0.99644128113879,0.45744365361803085,1,11
gemma_2_9b_it,compiler::factual_association::factual_0040,factual_association,validation,google/gemma-2-9b-it,early__all__r16,0.0,0.16666666666666666,0.16666666666666666,1.0,0.3333333333333333,1,11
gemma_2_9b_it,compiler::factual_association::factual_0040,factual_association,validation,google/gemma-2-9b-it,full__all__r4,0.7,0.6666666666666666,0.16666666666666666,0.9928825622775801,0.6315539739027284,1,11
gemma_2_9b_it,compiler::factual_association::factual_0040,factual_association,validation,google/gemma-2-9b-it,late__all__r16,0.2,0.6666666666666666,0.16666666666666666,0.9928825622775801,0.5065539739027284,1,11
gemma_2_9b_it,compiler::factual_association::factual_0040,factual_association,validation,google/gemma-2-9b-it,middle__all__r16,0.2,0.16666666666666666,0.3333333333333333,0.99644128113879,0.42411032028469753,1,11
gemma_2_9b_it,compiler::factual_association::factual_0041,factual_association,train,google/gemma-2-9b-it,early__all__r16,0.2,0.16666666666666666,0.3333333333333333,0.9893238434163701,0.42233096085409255,1,11
gemma_2_9b_it,compiler::factual_association::factual_0041,factual_association,train,google/gemma-2-9b-it,full__all__r4,0.0,0.16666666666666666,0.3333333333333333,0.9822064056939501,0.37055160142348753,1,11
gemma_2_9b_it,compiler::factual_association::factual_0041,factual_association,train,google/gemma-2-9b-it,late__all__r16,0.0,0.16666666666666666,0.3333333333333333,0.9928825622775801,0.373220640569395,1,11
gemma_2_9b_it,compiler::factual_association::factual_0041,factual_association,train,google/gemma-2-9b-it,middle__all__r16,0.0,0.16666666666666666,0.3333333333333333,0.9786476868327402,0.369661921708185,1,11
gemma_2_9b_it,compiler::factual_association::factual_0042,factual_association,train,google/gemma-2-9b-it,early__all__r16,0.0,0.16666666666666666,0.5,1.0,0.4166666666666667,1,11
gemma_2_9b_it,compiler::factual_association::factual_0042,factual_association,train,google/gemma-2-9b-it,full__all__r4,0.2,0.5,0.8333333333333334,0.99644128113879,0.6324436536180309,1,11
gemma_2_9b_it,compiler::factual_association::factual_0042,factual_association,train,google/gemma-2-9b-it,late__all__r16,0.5,0.5,0.6666666666666666,0.99644128113879,0.6657769869513641,1,11
gemma_2_9b_it,compiler::factual_association::factual_0042,factual_association,train,google/gemma-2-9b-it,middle__all__r16,0.0,0.16666666666666666,1.0,0.9928825622775801,0.5398873072360617,1,11
gemma_2_9b_it,compiler::factual_association::factual_0043,factual_association,train,google/gemma-2-9b-it,early__all__r16,0.0,0.16666666666666666,0.16666666666666666,1.0,0.3333333333333333,1,11
gemma_2_9b_it,compiler::factual_association::factual_0043,factual_association,train,google/gemma-2-9b-it,full__all__r4,0.8,0.8333333333333334,0.16666666666666666,0.9928825622775801,0.698220640569395,1,11
gemma_2_9b_it,compiler::factual_association::factual_0043,factual_association,train,google/gemma-2-9b-it,late__all__r16,0.2,0.3333333333333333,0.16666666666666666,0.9893238434163701,0.42233096085409255,1,11
gemma_2_9b_it,compiler::factual_association::factual_0043,factual_association,train,google/gemma-2-9b-it,middle__all__r16,0.0,0.16666666666666666,0.16666666666666666,1.0,0.3333333333333333,1,11
gemma_2_9b_it,compiler::factual_association::factual_0044,factual_association,test,google/gemma-2-9b-it,early__all__r16,0.0,0.16666666666666666,0.16666666666666666,0.9976275207591933,0.33274021352313166,3,11|22|33
gemma_2_9b_it,compiler::factual_association::factual_0044,factual_association,test,google/gemma-2-9b-it,full__all__r4,0.0,0.16666666666666666,0.3333333333333333,0.9893238434163701,0.3723309608540925,3,11|22|33
gemma_2_9b_it,compiler::factual_association::factual_0044,factual_association,test,google/gemma-2-9b-it,late__all__r16,0.0,0.16666666666666666,0.3333333333333333,0.9916963226571768,0.37292408066429417,3,11|22|33
gemma_2_9b_it,compiler::factual_association::factual_0044,factual_association,test,google/gemma-2-9b-it,middle__all__r16,0.0,0.16666666666666666,0.3333333333333333,0.9798339264531434,0.3699584816132858,3,11|22|33
gemma_2_9b_it,compiler::factual_association::factual_0045,factual_association,train,google/gemma-2-9b-it,early__all__r16,0.0,0.16666666666666666,0.5,1.0,0.4166666666666667,1,11
gemma_2_9b_it,compiler::factual_association::factual_0045,factual_association,train,google/gemma-2-9b-it,full__all__r4,0.0,0.16666666666666666,0.5,1.0,0.4166666666666667,1,11
gemma_2_9b_it,compiler::factual_association::factual_0045,factual_association,train,google/gemma-2-9b-it,late__all__r16,0.0,0.16666666666666666,0.5,0.99644128113879,0.41577698695136417,1,11
gemma_2_9b_it,compiler::factual_association::factual_0045,factual_association,train,google/gemma-2-9b-it,middle__all__r16,0.0,0.16666666666666666,0.8333333333333334,1.0,0.5,1,11
gemma_2_9b_it,compiler::factual_association::factual_0046,factual_association,train,google/gemma-2-9b-it,early__all__r16,0.0,0.16666666666666666,0.16666666666666666,0.99644128113879,0.33244365361803085,1,11
gemma_2_9b_it,compiler::factual_association::factual_0046,factual_association,train,google/gemma-2-9b-it,full__all__r4,0.0,0.16666666666666666,0.5,0.99644128113879,0.41577698695136417,1,11
gemma_2_9b_it,compiler::factual_association::factual_0046,factual_association,train,google/gemma-2-9b-it,late__all__r16,0.0,0.16666666666666666,0.16666666666666666,0.99644128113879,0.33244365361803085,1,11
gemma_2_9b_it,compiler::factual_association::factual_0046,factual_association,train,google/gemma-2-9b-it,middle__all__r16,0.0,0.16666666666666666,0.8333333333333334,0.9893238434163701,0.49733096085409256,1,11
gemma_2_9b_it,compiler::factual_association::factual_0047,factual_association,train,google/gemma-2-9b-it,early__all__r16,0.0,0.16666666666666666,0.3333333333333333,1.0,0.375,1,11
gemma_2_9b_it,compiler::factual_association::factual_0047,factual_association,train,google/gemma-2-9b-it,full__all__r4,0.0,0.16666666666666666,0.3333333333333333,0.9928825622775801,0.373220640569395,1,11
gemma_2_9b_it,compiler::factual_association::factual_0047,factual_association,train,google/gemma-2-9b-it,late__all__r16,0.0,0.16666666666666666,0.3333333333333333,0.9928825622775801,0.373220640569395,1,11
gemma_2_9b_it,compiler::factual_association::factual_0047,factual_association,train,google/gemma-2-9b-it,middle__all__r16,0.0,0.16666666666666666,0.3333333333333333,0.9857651245551602,0.37144128113879005,1,11
gemma_2_9b_it,compiler::factual_association::factual_0048,factual_association,test,google/gemma-2-9b-it,early__all__r16,0.0,0.16666666666666666,0.3333333333333333,0.9916963226571767,0.37292408066429417,3,11|22|33
gemma_2_9b_it,compiler::factual_association::factual_0048,factual_association,test,google/gemma-2-9b-it,full__all__r4,0.16666666666666666,0.3888888888888889,0.5555555555555555,0.99644128113879,0.5268880980624753,3,11|22|33
gemma_2_9b_it,compiler::factual_association::factual_0048,factual_association,test,google/gemma-2-9b-it,late__all__r16,0.26666666666666666,0.5,0.4444444444444444,0.9857651245551602,0.5492190589165679,3,11|22|33
gemma_2_9b_it,compiler::factual_association::factual_0048,factual_association,test,google/gemma-2-9b-it,middle__all__r16,0.06666666666666667,0.16666666666666666,0.7222222222222222,0.9976275207591933,0.4882957690786872,3,11|22|33
gemma_2_9b_it,compiler::factual_association::factual_0049,factual_association,train,google/gemma-2-9b-it,early__all__r16,0.0,0.16666666666666666,0.16666666666666666,1.0,0.3333333333333333,1,11
gemma_2_9b_it,compiler::factual_association::factual_0049,factual_association,train,google/gemma-2-9b-it,full__all__r4,0.7,1.0,0.6666666666666666,1.0,0.8416666666666667,1,11
gemma_2_9b_it,compiler::factual_association::factual_0049,factual_association,train,google/gemma-2-9b-it,late__all__r16,0.0,0.0,0.3333333333333333,0.99644128113879,0.33244365361803085,1,11
gemma_2_9b_it,compiler::factual_association::factual_0049,factual_association,train,google/gemma-2-9b-it,middle__all__r16,0.0,0.16666666666666666,0.8333333333333334,0.99644128113879,0.49911032028469754,1,11
gemma_2_9b_it,compiler::factual_association::factual_0050,factual_association,train,google/gemma-2-9b-it,early__all__r16,0.0,0.16666666666666666,0.3333333333333333,0.9928825622775801,0.373220640569395,1,11
gemma_2_9b_it,compiler::factual_association::factual_0050,factual_association,train,google/gemma-2-9b-it,full__all__r4,0.2,0.16666666666666666,0.3333333333333333,0.9822064056939501,0.4205516014234875,1,11
gemma_2_9b_it,compiler::factual_association::factual_0050,factual_association,train,google/gemma-2-9b-it,late__all__r16,0.0,0.16666666666666666,0.3333333333333333,0.9928825622775801,0.373220640569395,1,11
gemma_2_9b_it,compiler::factual_association::factual_0050,factual_association,train,google/gemma-2-9b-it,middle__all__r16,0.2,0.16666666666666666,0.3333333333333333,0.9750889679715302,0.41877224199288254,1,11
gemma_2_9b_it,compiler::factual_association::factual_0051,factual_association,train,google/gemma-2-9b-it,early__all__r16,0.0,0.16666666666666666,0.5,1.0,0.4166666666666667,1,11
gemma_2_9b_it,compiler::factual_association::factual_0051,factual_association,train,google/gemma-2-9b-it,full__all__r4,0.3,0.6666666666666666,0.6666666666666666,0.9928825622775801,0.6565539739027283,1,11
gemma_2_9b_it,compiler::factual_association::factual_0051,factual_association,train,google/gemma-2-9b-it,late__all__r16,0.3,0.5,0.5,0.9857651245551602,0.57144128113879,1,11
gemma_2_9b_it,compiler::factual_association::factual_0051,factual_association,train,google/gemma-2-9b-it,middle__all__r16,0.0,0.16666666666666666,1.0,1.0,0.5416666666666666,1,11
gemma_2_9b_it,compiler::factual_association::factual_0052,factual_association,train,google/gemma-2-9b-it,early__all__r16,0.0,0.16666666666666666,0.16666666666666666,0.9893238434163701,0.3306642941874259,1,11
gemma_2_9b_it,compiler::factual_association::factual_0052,factual_association,train,google/gemma-2-9b-it,full__all__r4,0.0,0.16666666666666666,0.16666666666666666,0.9928825622775801,0.33155397390272834,1,11
gemma_2_9b_it,compiler::factual_association::factual_0052,factual_association,train,google/gemma-2-9b-it,late__all__r16,0.0,0.16666666666666666,0.16666666666666666,0.99644128113879,0.33244365361803085,1,11
gemma_2_9b_it,compiler::factual_association::factual_0052,factual_association,train,google/gemma-2-9b-it,middle__all__r16,0.0,0.0,0.6666666666666666,1.0,0.41666666666666663,1,11
gemma_2_9b_it,compiler::factual_association::factual_0053,factual_association,train,google/gemma-2-9b-it,early__all__r16,0.0,0.16666666666666666,0.3333333333333333,1.0,0.375,1,11
gemma_2_9b_it,compiler::factual_association::factual_0053,factual_association,train,google/gemma-2-9b-it,full__all__r4,0.0,0.16666666666666666,0.3333333333333333,0.9857651245551602,0.37144128113879005,1,11
gemma_2_9b_it,compiler::factual_association::factual_0053,factual_association,train,google/gemma-2-9b-it,late__all__r16,0.0,0.16666666666666666,0.3333333333333333,0.99644128113879,0.3741103202846975,1,11
gemma_2_9b_it,compiler::factual_association::factual_0053,factual_association,train,google/gemma-2-9b-it,middle__all__r16,0.0,0.16666666666666666,0.3333333333333333,0.9750889679715302,0.36877224199288255,1,11
gemma_2_9b_it,compiler::factual_association::factual_0054,factual_association,train,google/gemma-2-9b-it,early__all__r16,0.0,0.16666666666666666,0.3333333333333333,0.99644128113879,0.3741103202846975,1,11
gemma_2_9b_it,compiler::factual_association::factual_0054,factual_association,train,google/gemma-2-9b-it,full__all__r4,0.0,0.16666666666666666,0.5,0.99644128113879,0.41577698695136417,1,11
gemma_2_9b_it,compiler::factual_association::factual_0054,factual_association,train,google/gemma-2-9b-it,late__all__r16,0.2,0.16666666666666666,0.5,0.99644128113879,0.46577698695136416,1,11
gemma_2_9b_it,compiler::factual_association::factual_0054,factual_association,train,google/gemma-2-9b-it,middle__all__r16,0.0,0.16666666666666666,0.8333333333333334,0.9928825622775801,0.498220640569395,1,11
gemma_2_9b_it,compiler::factual_association::factual_0055,factual_association,train,google/gemma-2-9b-it,early__all__r16,0.0,0.16666666666666666,0.16666666666666666,0.99644128113879,0.33244365361803085,1,11
gemma_2_9b_it,compiler::factual_association::factual_0055,factual_association,train,google/gemma-2-9b-it,full__all__r4,0.0,0.16666666666666666,0.16666666666666666,0.99644128113879,0.33244365361803085,1,11
gemma_2_9b_it,compiler::factual_association::factual_0055,factual_association,train,google/gemma-2-9b-it,late__all__r16,0.0,0.16666666666666666,0.16666666666666666,0.9857651245551602,0.32977461447212336,1,11
gemma_2_9b_it,compiler::factual_association::factual_0055,factual_association,train,google/gemma-2-9b-it,middle__all__r16,0.0,0.16666666666666666,0.16666666666666666,0.99644128113879,0.33244365361803085,1,11
gemma_2_9b_it,compiler::factual_association::factual_0056,factual_association,test,google/gemma-2-9b-it,early__all__r16,0.06666666666666667,0.16666666666666666,0.27777777777777773,0.9976275207591933,0.37718465796757605,3,11|22|33
gemma_2_9b_it,compiler::factual_association::factual_0056,factual_association,test,google/gemma-2-9b-it,full__all__r4,0.0,0.16666666666666666,0.3333333333333333,0.9810201660735468,0.3702550415183867,3,11|22|33
gemma_2_9b_it,compiler::factual_association::factual_0056,factual_association,test,google/gemma-2-9b-it,late__all__r16,0.13333333333333333,0.3333333333333333,0.3333333333333333,0.9786476868327402,0.444661921708185,3,11|22|33
gemma_2_9b_it,compiler::factual_association::factual_0056,factual_association,test,google/gemma-2-9b-it,middle__all__r16,0.0,0.16666666666666666,0.3333333333333333,0.9798339264531436,0.36995848161328587,3,11|22|33
gemma_2_9b_it,compiler::factual_association::factual_0057,factual_association,train,google/gemma-2-9b-it,early__all__r16,0.2,0.16666666666666666,0.5,1.0,0.4666666666666667,1,11
gemma_2_9b_it,compiler::factual_association::factual_0057,factual_association,train,google/gemma-2-9b-it,full__all__r4,0.4,0.5,0.5,0.9928825622775801,0.5982206405693951,1,11
gemma_2_9b_it,compiler::factual_association::factual_0057,factual_association,train,google/gemma-2-9b-it,late__all__r16,0.6,0.6666666666666666,0.5,0.9857651245551602,0.6881079478054567,1,11
gemma_2_9b_it,compiler::factual_association::factual_0057,factual_association,train,google/gemma-2-9b-it,middle__all__r16,0.0,0.16666666666666666,0.6666666666666666,1.0,0.4583333333333333,1,11
gemma_2_9b_it,compiler::factual_association::factual_0058,factual_association,train,google/gemma-2-9b-it,early__all__r16,0.0,0.16666666666666666,0.16666666666666666,1.0,0.3333333333333333,1,11
gemma_2_9b_it,compiler::factual_association::factual_0058,factual_association,train,google/gemma-2-9b-it,full__all__r4,0.2,0.16666666666666666,0.16666666666666666,1.0,0.3833333333333333,1,11
gemma_2_9b_it,compiler::factual_association::factual_0058,factual_association,train,google/gemma-2-9b-it,late__all__r16,0.0,0.16666666666666666,0.16666666666666666,0.9893238434163701,0.3306642941874259,1,11
gemma_2_9b_it,compiler::factual_association::factual_0058,factual_association,train,google/gemma-2-9b-it,middle__all__r16,0.2,0.16666666666666666,0.5,1.0,0.4666666666666667,1,11
gemma_2_9b_it,compiler::factual_association::factual_0059,factual_association,validation,google/gemma-2-9b-it,early__all__r16,0.2,0.16666666666666666,0.3333333333333333,1.0,0.425,1,11
gemma_2_9b_it,compiler::factual_association::factual_0059,factual_association,validation,google/gemma-2-9b-it,full__all__r4,0.0,0.16666666666666666,0.3333333333333333,0.9822064056939501,0.37055160142348753,1,11
gemma_2_9b_it,compiler::factual_association::factual_0059,factual_association,validation,google/gemma-2-9b-it,late__all__r16,0.0,0.16666666666666666,0.3333333333333333,1.0,0.375,1,11
gemma_2_9b_it,compiler::factual_association::factual_0059,factual_association,validation,google/gemma-2-9b-it,middle__all__r16,0.0,0.16666666666666666,0.3333333333333333,0.9750889679715302,0.36877224199288255,1,11
gemma_2_9b_it,compiler::factual_association::factual_0060,factual_association,train,google/gemma-2-9b-it,early__all__r16,0.2,0.16666666666666666,0.3333333333333333,1.0,0.425,1,11
gemma_2_9b_it,compiler::factual_association::factual_0060,factual_association,train,google/gemma-2-9b-it,full__all__r4,0.4,0.5,0.8333333333333334,0.99644128113879,0.6824436536180308,1,11
gemma_2_9b_it,compiler::factual_association::factual_0060,factual_association,train,google/gemma-2-9b-it,late__all__r16,0.5,0.5,0.8333333333333334,0.9857651245551602,0.7047746144721234,1,11
gemma_2_9b_it,compiler::factual_association::factual_0060,factual_association,train,google/gemma-2-9b-it,middle__all__r16,0.2,0.16666666666666666,0.8333333333333334,1.0,0.55,1,11
gemma_2_9b_it,compiler::factual_association::factual_0061,factual_association,train,google/gemma-2-9b-it,early__all__r16,0.2,0.0,0.16666666666666666,1.0,0.3416666666666667,1,11
gemma_2_9b_it,compiler::factual_association::factual_0061,factual_association,train,google/gemma-2-9b-it,full__all__r4,0.1,0.16666666666666666,0.16666666666666666,0.9822064056939501,0.35388493475682087,1,11
gemma_2_9b_it,compiler::factual_association::factual_0061,factual_association,train,google/gemma-2-9b-it,late__all__r16,0.4,0.6666666666666666,0.16666666666666666,0.9786476868327402,0.5529952550415184,1,11
gemma_2_9b_it,compiler::factual_association::factual_0061,factual_association,train,google/gemma-2-9b-it,middle__all__r16,0.0,0.16666666666666666,0.5,0.9786476868327402,0.4113285883748517,1,11
gemma_2_9b_it,compiler::factual_association::factual_0062,factual_association,train,google/gemma-2-9b-it,early__all__r16,0.0,0.16666666666666666,0.3333333333333333,1.0,0.375,1,11
gemma_2_9b_it,compiler::factual_association::factual_0062,factual_association,train,google/gemma-2-9b-it,full__all__r4,0.0,0.3333333333333333,0.3333333333333333,0.9928825622775801,0.4148873072360617,1,11
gemma_2_9b_it,compiler::factual_association::factual_0062,factual_association,train,google/gemma-2-9b-it,late__all__r16,0.0,0.3333333333333333,0.3333333333333333,0.9822064056939501,0.41221826809015416,1,11
gemma_2_9b_it,compiler::factual_association::factual_0062,factual_association,train,google/gemma-2-9b-it,middle__all__r16,0.0,0.16666666666666666,0.3333333333333333,0.99644128113879,0.3741103202846975,1,11
gemma_2_9b_it,compiler::factual_association::factual_0063,factual_association,train,google/gemma-2-9b-it,early__all__r16,0.0,0.16666666666666666,0.3333333333333333,0.99644128113879,0.3741103202846975,1,11
gemma_2_9b_it,compiler::factual_association::factual_0063,factual_association,train,google/gemma-2-9b-it,full__all__r4,0.3,0.5,0.5,0.9928825622775801,0.573220640569395,1,11
gemma_2_9b_it,compiler::factual_association::factual_0063,factual_association,train,google/gemma-2-9b-it,late__all__r16,0.4,0.6666666666666666,0.5,0.99644128113879,0.6407769869513642,1,11
gemma_2_9b_it,compiler::factual_association::factual_0063,factual_association,train,google/gemma-2-9b-it,middle__all__r16,0.0,0.16666666666666666,0.5,1.0,0.4166666666666667,1,11
gemma_2_9b_it,compiler::factual_association::factual_0064,factual_association,train,google/gemma-2-9b-it,early__all__r16,0.0,0.16666666666666666,0.16666666666666666,1.0,0.3333333333333333,1,11
gemma_2_9b_it,compiler::factual_association::factual_0064,factual_association,train,google/gemma-2-9b-it,full__all__r4,0.7,0.6666666666666666,0.3333333333333333,0.99644128113879,0.6741103202846975,1,11
gemma_2_9b_it,compiler::factual_association::factual_0064,factual_association,train,google/gemma-2-9b-it,late__all__r16,0.2,0.6666666666666666,0.16666666666666666,0.9928825622775801,0.5065539739027284,1,11
gemma_2_9b_it,compiler::factual_association::factual_0064,factual_association,train,google/gemma-2-9b-it,middle__all__r16,0.0,0.16666666666666666,0.5,0.9893238434163701,0.4139976275207592,1,11
gemma_2_9b_it,compiler::factual_association::factual_0065,factual_association,validation,google/gemma-2-9b-it,early__all__r16,0.0,0.16666666666666666,0.16666666666666666,0.99644128113879,0.33244365361803085,1,11
gemma_2_9b_it,compiler::factual_association::factual_0065,factual_association,validation,google/gemma-2-9b-it,full__all__r4,0.0,0.16666666666666666,0.3333333333333333,0.9928825622775801,0.373220640569395,1,11
gemma_2_9b_it,compiler::factual_association::factual_0065,factual_association,validation,google/gemma-2-9b-it,late__all__r16,0.0,0.16666666666666666,0.3333333333333333,1.0,0.375,1,11
gemma_2_9b_it,compiler::factual_association::factual_0065,factual_association,validation,google/gemma-2-9b-it,middle__all__r16,0.0,0.16666666666666666,0.3333333333333333,0.9822064056939501,0.37055160142348753,1,11
gemma_2_9b_it,compiler::factual_association::factual_0066,factual_association,train,google/gemma-2-9b-it,early__all__r16,0.0,0.16666666666666666,0.5,0.9928825622775801,0.4148873072360617,1,11
gemma_2_9b_it,compiler::factual_association::factual_0066,factual_association,train,google/gemma-2-9b-it,full__all__r4,0.5,0.5,0.6666666666666666,0.99644128113879,0.6657769869513641,1,11
gemma_2_9b_it,compiler::factual_association::factual_0066,factual_association,train,google/gemma-2-9b-it,late__all__r16,0.3,0.5,0.5,0.9928825622775801,0.573220640569395,1,11
gemma_2_9b_it,compiler::factual_association::factual_0066,factual_association,train,google/gemma-2-9b-it,middle__all__r16,0.0,0.16666666666666666,1.0,1.0,0.5416666666666666,1,11
gemma_2_9b_it,compiler::factual_association::factual_0067,factual_association,train,google/gemma-2-9b-it,early__all__r16,0.0,0.16666666666666666,0.16666666666666666,1.0,0.3333333333333333,1,11
gemma_2_9b_it,compiler::factual_association::factual_0067,factual_association,train,google/gemma-2-9b-it,full__all__r4,0.8,0.8333333333333334,0.16666666666666666,0.9928825622775801,0.698220640569395,1,11
gemma_2_9b_it,compiler::factual_association::factual_0067,factual_association,train,google/gemma-2-9b-it,late__all__r16,0.2,0.3333333333333333,0.16666666666666666,0.9893238434163701,0.42233096085409255,1,11
gemma_2_9b_it,compiler::factual_association::factual_0067,factual_association,train,google/gemma-2-9b-it,middle__all__r16,0.0,0.16666666666666666,0.3333333333333333,1.0,0.375,1,11
gemma_2_9b_it,compiler::factual_association::factual_0068,factual_association,train,google/gemma-2-9b-it,early__all__r16,0.0,0.0,0.16666666666666666,1.0,0.2916666666666667,1,11
gemma_2_9b_it,compiler::factual_association::factual_0068,factual_association,train,google/gemma-2-9b-it,full__all__r4,0.2,0.0,0.3333333333333333,0.9893238434163701,0.38066429418742587,1,11
gemma_2_9b_it,compiler::factual_association::factual_0068,factual_association,train,google/gemma-2-9b-it,late__all__r16,0.2,0.0,0.3333333333333333,0.9928825622775801,0.3815539739027284,1,11
gemma_2_9b_it,compiler::factual_association::factual_0068,factual_association,train,google/gemma-2-9b-it,middle__all__r16,0.2,0.0,0.3333333333333333,0.9928825622775801,0.3815539739027284,1,11
gemma_2_9b_it,compiler::factual_association::factual_0069,factual_association,train,google/gemma-2-9b-it,early__all__r16,0.0,0.16666666666666666,0.5,1.0,0.4166666666666667,1,11
gemma_2_9b_it,compiler::factual_association::factual_0069,factual_association,train,google/gemma-2-9b-it,full__all__r4,0.0,0.16666666666666666,0.8333333333333334,1.0,0.5,1,11
gemma_2_9b_it,compiler::factual_association::factual_0069,factual_association,train,google/gemma-2-9b-it,late__all__r16,0.6,0.6666666666666666,0.5,0.9928825622775801,0.6898873072360616,1,11
gemma_2_9b_it,compiler::factual_association::factual_0069,factual_association,train,google/gemma-2-9b-it,middle__all__r16,0.2,0.16666666666666666,0.5,1.0,0.4666666666666667,1,11
gemma_2_9b_it,compiler::factual_association::factual_0070,factual_association,validation,google/gemma-2-9b-it,early__all__r16,0.0,0.16666666666666666,0.16666666666666666,0.99644128113879,0.33244365361803085,1,11
gemma_2_9b_it,compiler::factual_association::factual_0070,factual_association,validation,google/gemma-2-9b-it,full__all__r4,0.0,0.16666666666666666,0.16666666666666666,0.9928825622775801,0.33155397390272834,1,11
gemma_2_9b_it,compiler::factual_association::factual_0070,factual_association,validation,google/gemma-2-9b-it,late__all__r16,0.0,0.16666666666666666,0.16666666666666666,0.99644128113879,0.33244365361803085,1,11
gemma_2_9b_it,compiler::factual_association::factual_0070,factual_association,validation,google/gemma-2-9b-it,middle__all__r16,0.0,0.16666666666666666,0.8333333333333334,0.9928825622775801,0.498220640569395,1,11
gemma_2_9b_it,compiler::factual_association::factual_0071,factual_association,train,google/gemma-2-9b-it,early__all__r16,0.0,0.16666666666666666,0.3333333333333333,1.0,0.375,1,11
gemma_2_9b_it,compiler::factual_association::factual_0071,factual_association,train,google/gemma-2-9b-it,full__all__r4,0.0,0.16666666666666666,0.3333333333333333,0.9857651245551602,0.37144128113879005,1,11
gemma_2_9b_it,compiler::factual_association::factual_0071,factual_association,train,google/gemma-2-9b-it,late__all__r16,0.0,0.16666666666666666,0.3333333333333333,0.9893238434163701,0.3723309608540925,1,11
gemma_2_9b_it,compiler::factual_association::factual_0071,factual_association,train,google/gemma-2-9b-it,middle__all__r16,0.0,0.16666666666666666,0.3333333333333333,0.9928825622775801,0.373220640569395,1,11
gemma_2_9b_it,compiler::factual_association::factual_0072,factual_association,validation,google/gemma-2-9b-it,early__all__r16,0.0,0.16666666666666666,0.5,0.99644128113879,0.41577698695136417,1,11
gemma_2_9b_it,compiler::factual_association::factual_0072,factual_association,validation,google/gemma-2-9b-it,full__all__r4,0.2,0.16666666666666666,0.6666666666666666,0.99644128113879,0.5074436536180308,1,11
gemma_2_9b_it,compiler::factual_association::factual_0072,factual_association,validation,google/gemma-2-9b-it,late__all__r16,0.1,0.16666666666666666,0.5,1.0,0.44166666666666665,1,11
gemma_2_9b_it,compiler::factual_association::factual_0072,factual_association,validation,google/gemma-2-9b-it,middle__all__r16,0.0,0.16666666666666666,1.0,1.0,0.5416666666666666,1,11
gemma_2_9b_it,compiler::factual_association::factual_0073,factual_association,train,google/gemma-2-9b-it,early__all__r16,0.0,0.16666666666666666,0.16666666666666666,1.0,0.3333333333333333,1,11
gemma_2_9b_it,compiler::factual_association::factual_0073,factual_association,train,google/gemma-2-9b-it,full__all__r4,0.6,0.8333333333333334,0.3333333333333333,1.0,0.6916666666666667,1,11
gemma_2_9b_it,compiler::factual_association::factual_0073,factual_association,train,google/gemma-2-9b-it,late__all__r16,0.0,0.0,0.16666666666666666,0.9928825622775801,0.2898873072360617,1,11
gemma_2_9b_it,compiler::factual_association::factual_0073,factual_association,train,google/gemma-2-9b-it,middle__all__r16,0.0,0.16666666666666666,0.6666666666666666,0.9928825622775801,0.45655397390272834,1,11
gemma_2_9b_it,compiler::factual_association::factual_0074,factual_association,train,google/gemma-2-9b-it,early__all__r16,0.2,0.16666666666666666,0.3333333333333333,1.0,0.425,1,11
gemma_2_9b_it,compiler::factual_association::factual_0074,factual_association,train,google/gemma-2-9b-it,full__all__r4,0.2,0.16666666666666666,0.3333333333333333,0.9928825622775801,0.423220640569395,1,11
gemma_2_9b_it,compiler::factual_association::factual_0074,factual_association,train,google/gemma-2-9b-it,late__all__r16,0.0,0.16666666666666666,0.3333333333333333,0.9893238434163701,0.3723309608540925,1,11
gemma_2_9b_it,compiler::factual_association::factual_0074,factual_association,train,google/gemma-2-9b-it,middle__all__r16,0.0,0.16666666666666666,0.3333333333333333,0.9857651245551602,0.37144128113879005,1,11
gemma_2_9b_it,compiler::factual_association::factual_0075,factual_association,train,google/gemma-2-9b-it,early__all__r16,0.0,0.16666666666666666,0.5,1.0,0.4166666666666667,1,11
gemma_2_9b_it,compiler::factual_association::factual_0075,factual_association,train,google/gemma-2-9b-it,full__all__r4,0.0,0.3333333333333333,0.5,1.0,0.4583333333333333,1,11
gemma_2_9b_it,compiler::factual_association::factual_0075,factual_association,train,google/gemma-2-9b-it,late__all__r16,0.0,0.16666666666666666,0.5,0.99644128113879,0.41577698695136417,1,11
gemma_2_9b_it,compiler::factual_association::factual_0075,factual_association,train,google/gemma-2-9b-it,middle__all__r16,0.0,0.16666666666666666,0.8333333333333334,1.0,0.5,1,11
gemma_2_9b_it,compiler::factual_association::factual_0076,factual_association,validation,google/gemma-2-9b-it,early__all__r16,0.0,0.16666666666666666,0.16666666666666666,0.9928825622775801,0.33155397390272834,1,11
gemma_2_9b_it,compiler::factual_association::factual_0076,factual_association,validation,google/gemma-2-9b-it,full__all__r4,0.0,0.16666666666666666,0.16666666666666666,0.9928825622775801,0.33155397390272834,1,11
gemma_2_9b_it,compiler::factual_association::factual_0076,factual_association,validation,google/gemma-2-9b-it,late__all__r16,0.0,0.16666666666666666,0.16666666666666666,0.99644128113879,0.33244365361803085,1,11
gemma_2_9b_it,compiler::factual_association::factual_0076,factual_association,validation,google/gemma-2-9b-it,middle__all__r16,0.0,0.16666666666666666,0.5,0.99644128113879,0.41577698695136417,1,11
gemma_2_9b_it,compiler::factual_association::factual_0077,factual_association,train,google/gemma-2-9b-it,early__all__r16,0.2,0.16666666666666666,0.3333333333333333,0.99644128113879,0.42411032028469753,1,11
gemma_2_9b_it,compiler::factual_association::factual_0077,factual_association,train,google/gemma-2-9b-it,full__all__r4,0.0,0.16666666666666666,0.3333333333333333,0.9822064056939501,0.37055160142348753,1,11
gemma_2_9b_it,compiler::factual_association::factual_0077,factual_association,train,google/gemma-2-9b-it,late__all__r16,0.6,0.8333333333333334,0.3333333333333333,0.9928825622775801,0.6898873072360617,1,11
gemma_2_9b_it,compiler::factual_association::factual_0077,factual_association,train,google/gemma-2-9b-it,middle__all__r16,0.0,0.16666666666666666,0.3333333333333333,0.9750889679715302,0.36877224199288255,1,11
gemma_2_9b_it,compiler::factual_association::factual_0078,factual_association,test,google/gemma-2-9b-it,early__all__r16,0.0,0.16666666666666666,0.3333333333333333,0.9916963226571767,0.37292408066429417,3,11|22|33
gemma_2_9b_it,compiler::factual_association::factual_0078,factual_association,test,google/gemma-2-9b-it,full__all__r4,0.16666666666666666,0.3888888888888889,0.5555555555555555,0.99644128113879,0.5268880980624753,3,11|22|33
gemma_2_9b_it,compiler::factual_association::factual_0078,factual_association,test,google/gemma-2-9b-it,late__all__r16,0.26666666666666666,0.5,0.4444444444444444,0.9857651245551602,0.5492190589165679,3,11|22|33
gemma_2_9b_it,compiler::factual_association::factual_0078,factual_association,test,google/gemma-2-9b-it,middle__all__r16,0.06666666666666667,0.16666666666666666,0.6666666666666666,0.9976275207591933,0.4744068801897983,3,11|22|33
gemma_2_9b_it,compiler::factual_association::factual_0079,factual_association,train,google/gemma-2-9b-it,early__all__r16,0.0,0.16666666666666666,0.16666666666666666,0.99644128113879,0.33244365361803085,1,11
gemma_2_9b_it,compiler::factual_association::factual_0079,factual_association,train,google/gemma-2-9b-it,full__all__r4,0.0,0.16666666666666666,0.16666666666666666,0.99644128113879,0.33244365361803085,1,11
gemma_2_9b_it,compiler::factual_association::factual_0079,factual_association,train,google/gemma-2-9b-it,late__all__r16,0.0,0.16666666666666666,0.16666666666666666,0.9857651245551602,0.32977461447212336,1,11
gemma_2_9b_it,compiler::factual_association::factual_0079,factual_association,train,google/gemma-2-9b-it,middle__all__r16,0.0,0.16666666666666666,0.16666666666666666,0.99644128113879,0.33244365361803085,1,11
gemma_2_9b_it,compiler::factual_association::factual_0080,factual_association,train,google/gemma-2-9b-it,early__all__r16,0.0,0.16666666666666666,0.3333333333333333,0.99644128113879,0.3741103202846975,1,11
gemma_2_9b_it,compiler::factual_association::factual_0080,factual_association,train,google/gemma-2-9b-it,full__all__r4,0.3,0.6666666666666666,0.3333333333333333,0.9857651245551602,0.57144128113879,1,11
gemma_2_9b_it,compiler::factual_association::factual_0080,factual_association,train,google/gemma-2-9b-it,late__all__r16,0.0,0.16666666666666666,0.3333333333333333,0.9786476868327402,0.369661921708185,1,11
gemma_2_9b_it,compiler::factual_association::factual_0080,factual_association,train,google/gemma-2-9b-it,middle__all__r16,0.0,0.16666666666666666,0.3333333333333333,1.0,0.375,1,11
gemma_2_9b_it,compiler::factual_association::factual_0081,factual_association,train,google/gemma-2-9b-it,early__all__r16,0.0,0.16666666666666666,0.3333333333333333,1.0,0.375,1,11
gemma_2_9b_it,compiler::factual_association::factual_0081,factual_association,train,google/gemma-2-9b-it,full__all__r4,0.3,0.6666666666666666,0.6666666666666666,0.99644128113879,0.6574436536180308,1,11
gemma_2_9b_it,compiler::factual_association::factual_0081,factual_association,train,google/gemma-2-9b-it,late__all__r16,0.3,0.5,0.3333333333333333,0.9893238434163701,0.5306642941874259,1,11
gemma_2_9b_it,compiler::factual_association::factual_0081,factual_association,train,google/gemma-2-9b-it,middle__all__r16,0.0,0.16666666666666666,0.8333333333333334,1.0,0.5,1,11
gemma_2_9b_it,compiler::factual_association::factual_0082,factual_association,train,google/gemma-2-9b-it,early__all__r16,0.0,0.16666666666666666,0.16666666666666666,0.99644128113879,0.33244365361803085,1,11
gemma_2_9b_it,compiler::factual_association::factual_0082,factual_association,train,google/gemma-2-9b-it,full__all__r4,0.2,0.16666666666666666,0.16666666666666666,1.0,0.3833333333333333,1,11
gemma_2_9b_it,compiler::factual_association::factual_0082,factual_association,train,google/gemma-2-9b-it,late__all__r16,0.0,0.16666666666666666,0.16666666666666666,0.9893238434163701,0.3306642941874259,1,11
gemma_2_9b_it,compiler::factual_association::factual_0082,factual_association,train,google/gemma-2-9b-it,middle__all__r16,0.2,0.16666666666666666,0.5,1.0,0.4666666666666667,1,11
gemma_2_9b_it,compiler::factual_association::factual_0083,factual_association,train,google/gemma-2-9b-it,early__all__r16,0.0,0.16666666666666666,0.16666666666666666,1.0,0.3333333333333333,1,11
gemma_2_9b_it,compiler::factual_association::factual_0083,factual_association,train,google/gemma-2-9b-it,full__all__r4,0.0,0.16666666666666666,0.3333333333333333,0.9822064056939501,0.37055160142348753,1,11
gemma_2_9b_it,compiler::factual_association::factual_0083,factual_association,train,google/gemma-2-9b-it,late__all__r16,0.0,0.16666666666666666,0.3333333333333333,0.9857651245551602,0.37144128113879005,1,11
gemma_2_9b_it,compiler::factual_association::factual_0083,factual_association,train,google/gemma-2-9b-it,middle__all__r16,0.0,0.16666666666666666,0.3333333333333333,0.9822064056939501,0.37055160142348753,1,11
gemma_2_9b_it,compiler::factual_association::factual_0084,factual_association,train,google/gemma-2-9b-it,early__all__r16,0.0,0.16666666666666666,0.3333333333333333,1.0,0.375,1,11
gemma_2_9b_it,compiler::factual_association::factual_0084,factual_association,train,google/gemma-2-9b-it,full__all__r4,0.0,0.16666666666666666,0.5,0.99644128113879,0.41577698695136417,1,11
gemma_2_9b_it,compiler::factual_association::factual_0084,factual_association,train,google/gemma-2-9b-it,late__all__r16,0.2,0.16666666666666666,0.5,0.99644128113879,0.46577698695136416,1,11
gemma_2_9b_it,compiler::factual_association::factual_0084,factual_association,train,google/gemma-2-9b-it,middle__all__r16,0.0,0.16666666666666666,0.6666666666666666,0.9928825622775801,0.45655397390272834,1,11
gemma_2_9b_it,compiler::factual_association::factual_0085,factual_association,train,google/gemma-2-9b-it,early__all__r16,0.2,0.16666666666666666,0.16666666666666666,1.0,0.3833333333333333,1,11
gemma_2_9b_it,compiler::factual_association::factual_0085,factual_association,train,google/gemma-2-9b-it,full__all__r4,0.1,0.16666666666666666,0.16666666666666666,0.9893238434163701,0.35566429418742584,1,11
gemma_2_9b_it,compiler::factual_association::factual_0085,factual_association,train,google/gemma-2-9b-it,late__all__r16,0.4,0.6666666666666666,0.16666666666666666,0.9786476868327402,0.5529952550415184,1,11
gemma_2_9b_it,compiler::factual_association::factual_0085,factual_association,train,google/gemma-2-9b-it,middle__all__r16,0.0,0.16666666666666666,0.16666666666666666,0.9786476868327402,0.3279952550415184,1,11
gemma_2_9b_it,compiler::factual_association::factual_0086,factual_association,test,google/gemma-2-9b-it,early__all__r16,0.0,0.1111111111111111,0.2222222222222222,0.9916963226571768,0.33125741399762754,3,11|22|33
gemma_2_9b_it,compiler::factual_association::factual_0086,factual_association,test,google/gemma-2-9b-it,full__all__r4,0.0,0.16666666666666666,0.3333333333333333,0.9928825622775802,0.373220640569395,3,11|22|33
gemma_2_9b_it,compiler::factual_association::factual_0086,factual_association,test,google/gemma-2-9b-it,late__all__r16,0.0,0.16666666666666666,0.3333333333333333,0.99644128113879,0.3741103202846975,3,11|22|33
gemma_2_9b_it,compiler::factual_association::factual_0086,factual_association,test,google/gemma-2-9b-it,middle__all__r16,0.0,0.16666666666666666,0.3333333333333333,0.99288256227758,0.37322064056939497,3,11|22|33
gemma_2_9b_it,compiler::factual_association::factual_0087,factual_association,test,google/gemma-2-9b-it,early__all__r16,0.0,0.16666666666666666,0.38888888888888884,0.9976275207591933,0.3882957690786872,3,11|22|33
gemma_2_9b_it,compiler::factual_association::factual_0087,factual_association,test,google/gemma-2-9b-it,full__all__r4,0.43333333333333335,0.611111111111111,0.5,0.9916963226571768,0.6340351917754052,3,11|22|33
gemma_2_9b_it,compiler::factual_association::factual_0087,factual_association,test,google/gemma-2-9b-it,late__all__r16,0.6,0.5555555555555555,0.38888888888888884,0.9857651245551602,0.6325523922499011,3,11|22|33
gemma_2_9b_it,compiler::factual_association::factual_0087,factual_association,test,google/gemma-2-9b-it,middle__all__r16,0.06666666666666667,0.16666666666666666,0.5555555555555555,1.0,0.4472222222222222,3,11|22|33
gemma_2_9b_it,compiler::factual_association::factual_0088,factual_association,train,google/gemma-2-9b-it,early__all__r16,0.0,0.16666666666666666,0.16666666666666666,1.0,0.3333333333333333,1,11
gemma_2_9b_it,compiler::factual_association::factual_0088,factual_association,train,google/gemma-2-9b-it,full__all__r4,0.7,0.6666666666666666,0.16666666666666666,0.9928825622775801,0.6315539739027284,1,11
gemma_2_9b_it,compiler::factual_association::factual_0088,factual_association,train,google/gemma-2-9b-it,late__all__r16,0.2,0.6666666666666666,0.16666666666666666,0.9928825622775801,0.5065539739027284,1,11
gemma_2_9b_it,compiler::factual_association::factual_0088,factual_association,train,google/gemma-2-9b-it,middle__all__r16,0.0,0.16666666666666666,0.5,1.0,0.4166666666666667,1,11
gemma_2_9b_it,compiler::factual_association::factual_0089,factual_association,validation,google/gemma-2-9b-it,early__all__r16,0.0,0.16666666666666666,0.16666666666666666,0.99644128113879,0.33244365361803085,1,11
gemma_2_9b_it,compiler::factual_association::factual_0089,factual_association,validation,google/gemma-2-9b-it,full__all__r4,0.0,0.16666666666666666,0.3333333333333333,0.9857651245551602,0.37144128113879005,1,11
gemma_2_9b_it,compiler::factual_association::factual_0089,factual_association,validation,google/gemma-2-9b-it,late__all__r16,0.0,0.16666666666666666,0.16666666666666666,0.9893238434163701,0.3306642941874259,1,11
gemma_2_9b_it,compiler::factual_association::factual_0089,factual_association,validation,google/gemma-2-9b-it,middle__all__r16,0.0,0.16666666666666666,0.3333333333333333,0.9750889679715302,0.36877224199288255,1,11
gemma_2_9b_it,compiler::factual_association::factual_0090,factual_association,validation,google/gemma-2-9b-it,early__all__r16,0.2,0.16666666666666666,0.3333333333333333,0.99644128113879,0.42411032028469753,1,11
gemma_2_9b_it,compiler::factual_association::factual_0090,factual_association,validation,google/gemma-2-9b-it,full__all__r4,0.3,0.5,0.5,1.0,0.575,1,11
gemma_2_9b_it,compiler::factual_association::factual_0090,factual_association,validation,google/gemma-2-9b-it,late__all__r16,0.5,0.5,0.5,0.9928825622775801,0.623220640569395,1,11
gemma_2_9b_it,compiler::factual_association::factual_0090,factual_association,validation,google/gemma-2-9b-it,middle__all__r16,0.2,0.16666666666666666,0.5,1.0,0.4666666666666667,1,11
gemma_2_9b_it,compiler::factual_association::factual_0091,factual_association,test,google/gemma-2-9b-it,early__all__r16,0.13333333333333333,0.05555555555555555,0.2222222222222222,1.0,0.35277777777777775,3,11|22|33
gemma_2_9b_it,compiler::factual_association::factual_0091,factual_association,test,google/gemma-2-9b-it,full__all__r4,0.13333333333333333,0.3888888888888889,0.27777777777777773,0.9916963226571768,0.4479240806642942,3,11|22|33
gemma_2_9b_it,compiler::factual_association::factual_0091,factual_association,test,google/gemma-2-9b-it,late__all__r16,0.20000000000000004,0.3333333333333333,0.16666666666666666,0.9893238434163701,0.42233096085409255,3,11|22|33
gemma_2_9b_it,compiler::factual_association::factual_0091,factual_association,test,google/gemma-2-9b-it,middle__all__r16,0.0,0.16666666666666666,0.16666666666666666,0.9952550415183867,0.33214709371293,3,11|22|33
gemma_2_9b_it,compiler::factual_association::factual_0092,factual_association,train,google/gemma-2-9b-it,early__all__r16,0.2,0.16666666666666666,0.3333333333333333,1.0,0.425,1,11
gemma_2_9b_it,compiler::factual_association::factual_0092,factual_association,train,google/gemma-2-9b-it,full__all__r4,0.0,0.16666666666666666,0.3333333333333333,0.9893238434163701,0.3723309608540925,1,11
gemma_2_9b_it,compiler::factual_association::factual_0092,factual_association,train,google/gemma-2-9b-it,late__all__r16,0.0,0.16666666666666666,0.3333333333333333,0.9857651245551602,0.37144128113879005,1,11
gemma_2_9b_it,compiler::factual_association::factual_0092,factual_association,train,google/gemma-2-9b-it,middle__all__r16,0.0,0.16666666666666666,0.3333333333333333,0.9786476868327402,0.369661921708185,1,11
gemma_2_9b_it,compiler::factual_association::factual_0093,factual_association,train,google/gemma-2-9b-it,early__all__r16,0.0,0.16666666666666666,0.6666666666666666,0.9928825622775801,0.45655397390272834,1,11
gemma_2_9b_it,compiler::factual_association::factual_0093,factual_association,train,google/gemma-2-9b-it,full__all__r4,0.3,0.5,0.5,0.99644128113879,0.5741103202846976,1,11
gemma_2_9b_it,compiler::factual_association::factual_0093,factual_association,train,google/gemma-2-9b-it,late__all__r16,0.5,0.6666666666666666,0.5,0.99644128113879,0.6657769869513641,1,11
gemma_2_9b_it,compiler::factual_association::factual_0093,factual_association,train,google/gemma-2-9b-it,middle__all__r16,0.0,0.16666666666666666,0.5,1.0,0.4166666666666667,1,11
gemma_2_9b_it,compiler::factual_association::factual_0094,factual_association,test,google/gemma-2-9b-it,early__all__r16,0.0,0.1111111111111111,0.16666666666666666,0.9916963226571768,0.31736852510873864,3,11|22|33
gemma_2_9b_it,compiler::factual_association::factual_0094,factual_association,test,google/gemma-2-9b-it,full__all__r4,0.0,0.16666666666666666,0.2222222222222222,0.9940688018979834,0.3457394226967181,3,11|22|33
gemma_2_9b_it,compiler::factual_association::factual_0094,factual_association,test,google/gemma-2-9b-it,late__all__r16,0.0,0.16666666666666666,0.16666666666666666,0.9952550415183867,0.33214709371293,3,11|22|33
gemma_2_9b_it,compiler::factual_association::factual_0094,factual_association,test,google/gemma-2-9b-it,middle__all__r16,0.06666666666666667,0.16666666666666666,0.38888888888888884,0.9976275207591933,0.40496243574535384,3,11|22|33
gemma_2_9b_it,compiler::factual_association::factual_0095,factual_association,train,google/gemma-2-9b-it,early__all__r16,0.0,0.16666666666666666,0.3333333333333333,1.0,0.375,1,11
gemma_2_9b_it,compiler::factual_association::factual_0095,factual_association,train,google/gemma-2-9b-it,full__all__r4,0.0,0.16666666666666666,0.3333333333333333,0.9857651245551602,0.37144128113879005,1,11
gemma_2_9b_it,compiler::factual_association::factual_0095,factual_association,train,google/gemma-2-9b-it,late__all__r16,0.0,0.16666666666666666,0.3333333333333333,0.9928825622775801,0.373220640569395,1,11
gemma_2_9b_it,compiler::factual_association::factual_0095,factual_association,train,google/gemma-2-9b-it,middle__all__r16,0.0,0.16666666666666666,0.3333333333333333,1.0,0.375,1,11
gemma_2_9b_it,compiler::factual_association::factual_0096,factual_association,train,google/gemma-2-9b-it,early__all__r16,0.2,0.16666666666666666,0.5,0.99644128113879,0.46577698695136416,1,11
gemma_2_9b_it,compiler::factual_association::factual_0096,factual_association,train,google/gemma-2-9b-it,full__all__r4,0.5,0.5,0.5,0.99644128113879,0.6241103202846975,1,11
gemma_2_9b_it,compiler::factual_association::factual_0096,factual_association,train,google/gemma-2-9b-it,late__all__r16,0.3,0.5,0.5,0.99644128113879,0.5741103202846976,1,11
gemma_2_9b_it,compiler::factual_association::factual_0096,factual_association,train,google/gemma-2-9b-it,middle__all__r16,0.0,0.16666666666666666,1.0,1.0,0.5416666666666666,1,11
gemma_2_9b_it,compiler::factual_association::factual_0097,factual_association,train,google/gemma-2-9b-it,early__all__r16,0.0,0.16666666666666666,0.16666666666666666,1.0,0.3333333333333333,1,11
gemma_2_9b_it,compiler::factual_association::factual_0097,factual_association,train,google/gemma-2-9b-it,full__all__r4,0.6,1.0,0.3333333333333333,1.0,0.7333333333333333,1,11
gemma_2_9b_it,compiler::factual_association::factual_0097,factual_association,train,google/gemma-2-9b-it,late__all__r16,0.0,0.16666666666666666,0.16666666666666666,0.99644128113879,0.33244365361803085,1,11
gemma_2_9b_it,compiler::factual_association::factual_0097,factual_association,train,google/gemma-2-9b-it,middle__all__r16,0.0,0.16666666666666666,0.5,0.9928825622775801,0.4148873072360617,1,11
gemma_2_9b_it,compiler::factual_association::factual_0098,factual_association,train,google/gemma-2-9b-it,early__all__r16,0.2,0.16666666666666666,0.3333333333333333,0.9893238434163701,0.42233096085409255,1,11
gemma_2_9b_it,compiler::factual_association::factual_0098,factual_association,train,google/gemma-2-9b-it,full__all__r4,0.2,0.16666666666666666,0.3333333333333333,0.9928825622775801,0.423220640569395,1,11
gemma_2_9b_it,compiler::factual_association::factual_0098,factual_association,train,google/gemma-2-9b-it,late__all__r16,0.0,0.16666666666666666,0.3333333333333333,1.0,0.375,1,11
gemma_2_9b_it,compiler::factual_association::factual_0098,factual_association,train,google/gemma-2-9b-it,middle__all__r16,0.0,0.16666666666666666,0.3333333333333333,0.9928825622775801,0.373220640569395,1,11
gemma_2_9b_it,compiler::factual_association::factual_0099,factual_association,train,google/gemma-2-9b-it,early__all__r16,0.0,0.16666666666666666,0.5,0.9928825622775801,0.4148873072360617,1,11
gemma_2_9b_it,compiler::factual_association::factual_0099,factual_association,train,google/gemma-2-9b-it,full__all__r4,0.0,0.16666666666666666,0.5,0.99644128113879,0.41577698695136417,1,11
gemma_2_9b_it,compiler::factual_association::factual_0099,factual_association,train,google/gemma-2-9b-it,late__all__r16,0.8,0.6666666666666666,0.5,0.9928825622775801,0.7398873072360617,1,11
gemma_2_9b_it,compiler::factual_association::factual_0099,factual_association,train,google/gemma-2-9b-it,middle__all__r16,0.0,0.16666666666666666,0.6666666666666666,1.0,0.4583333333333333,1,11
gemma_2_9b_it,compiler::factual_association::factual_0100,factual_association,validation,google/gemma-2-9b-it,early__all__r16,0.0,0.0,0.16666666666666666,0.9928825622775801,0.2898873072360617,1,11
gemma_2_9b_it,compiler::factual_association::factual_0100,factual_association,validation,google/gemma-2-9b-it,full__all__r4,0.0,0.16666666666666666,0.3333333333333333,0.9893238434163701,0.3723309608540925,1,11
gemma_2_9b_it,compiler::factual_association::factual_0100,factual_association,validation,google/gemma-2-9b-it,late__all__r16,0.0,0.16666666666666666,0.16666666666666666,0.99644128113879,0.33244365361803085,1,11
gemma_2_9b_it,compiler::factual_association::factual_0100,factual_association,validation,google/gemma-2-9b-it,middle__all__r16,0.0,0.0,0.5,0.99644128113879,0.3741103202846975,1,11
gemma_2_9b_it,compiler::factual_association::factual_0101,factual_association,train,google/gemma-2-9b-it,early__all__r16,0.2,0.16666666666666666,0.3333333333333333,1.0,0.425,1,11
gemma_2_9b_it,compiler::factual_association::factual_0101,factual_association,train,google/gemma-2-9b-it,full__all__r4,0.0,0.16666666666666666,0.3333333333333333,0.9822064056939501,0.37055160142348753,1,11
gemma_2_9b_it,compiler::factual_association::factual_0101,factual_association,train,google/gemma-2-9b-it,late__all__r16,0.2,0.3333333333333333,0.3333333333333333,0.9893238434163701,0.4639976275207592,1,11
gemma_2_9b_it,compiler::factual_association::factual_0101,factual_association,train,google/gemma-2-9b-it,middle__all__r16,0.0,0.16666666666666666,0.3333333333333333,0.9715302491103203,0.36788256227758004,1,11
gemma_2_9b_it,compiler::factual_association::factual_0102,factual_association,train,google/gemma-2-9b-it,early__all__r16,0.0,0.16666666666666666,0.5,0.99644128113879,0.41577698695136417,1,11
gemma_2_9b_it,compiler::factual_association::factual_0102,factual_association,train,google/gemma-2-9b-it,full__all__r4,0.2,0.16666666666666666,0.8333333333333334,1.0,0.55,1,11
gemma_2_9b_it,compiler::factual_association::factual_0102,factual_association,train,google/gemma-2-9b-it,late__all__r16,0.1,0.16666666666666666,0.5,1.0,0.44166666666666665,1,11
gemma_2_9b_it,compiler::factual_association::factual_0102,factual_association,train,google/gemma-2-9b-it,middle__all__r16,0.0,0.16666666666666666,1.0,1.0,0.5416666666666666,1,11
gemma_2_9b_it,compiler::factual_association::factual_0103,factual_association,test,google/gemma-2-9b-it,early__all__r16,0.0,0.1111111111111111,0.16666666666666666,0.9976275207591933,0.31885132463424276,3,11|22|33
gemma_2_9b_it,compiler::factual_association::factual_0103,factual_association,test,google/gemma-2-9b-it,full__all__r4,0.0,0.16666666666666666,0.16666666666666666,0.9940688018979834,0.3318505338078292,3,11|22|33
gemma_2_9b_it,compiler::factual_association::factual_0103,factual_association,test,google/gemma-2-9b-it,late__all__r16,0.0,0.16666666666666666,0.16666666666666666,0.9905100830367735,0.3309608540925267,3,11|22|33
gemma_2_9b_it,compiler::factual_association::factual_0103,factual_association,test,google/gemma-2-9b-it,middle__all__r16,0.06666666666666667,0.16666666666666666,0.38888888888888884,0.9952550415183867,0.40436931593515224,3,11|22|33
gemma_2_9b_it,compiler::factual_association::factual_0104,factual_association,validation,google/gemma-2-9b-it,early__all__r16,0.2,0.16666666666666666,0.3333333333333333,0.9893238434163701,0.42233096085409255,1,11
gemma_2_9b_it,compiler::factual_association::factual_0104,factual_association,validation,google/gemma-2-9b-it,full__all__r4,0.0,0.16666666666666666,0.3333333333333333,0.9822064056939501,0.37055160142348753,1,11
gemma_2_9b_it,compiler::factual_association::factual_0104,factual_association,validation,google/gemma-2-9b-it,late__all__r16,0.0,0.16666666666666666,0.3333333333333333,0.9822064056939501,0.37055160142348753,1,11
gemma_2_9b_it,compiler::factual_association::factual_0104,factual_association,validation,google/gemma-2-9b-it,middle__all__r16,0.0,0.16666666666666666,0.3333333333333333,0.9786476868327402,0.369661921708185,1,11
gemma_2_9b_it,compiler::factual_association::factual_0105,factual_association,train,google/gemma-2-9b-it,early__all__r16,0.0,0.16666666666666666,0.5,1.0,0.4166666666666667,1,11
gemma_2_9b_it,compiler::factual_association::factual_0105,factual_association,train,google/gemma-2-9b-it,full__all__r4,0.0,0.16666666666666666,0.5,1.0,0.4166666666666667,1,11
gemma_2_9b_it,compiler::factual_association::factual_0105,factual_association,train,google/gemma-2-9b-it,late__all__r16,0.0,0.16666666666666666,0.5,0.99644128113879,0.41577698695136417,1,11
gemma_2_9b_it,compiler::factual_association::factual_0105,factual_association,train,google/gemma-2-9b-it,middle__all__r16,0.0,0.16666666666666666,1.0,1.0,0.5416666666666666,1,11
gemma_2_9b_it,compiler::factual_association::factual_0106,factual_association,test,google/gemma-2-9b-it,early__all__r16,0.0,0.1111111111111111,0.16666666666666666,0.9905100830367735,0.3170719652036378,3,11|22|33
gemma_2_9b_it,compiler::factual_association::factual_0106,factual_association,test,google/gemma-2-9b-it,full__all__r4,0.10000000000000002,0.16666666666666666,0.16666666666666666,0.9976275207591933,0.3577402135231316,3,11|22|33
gemma_2_9b_it,compiler::factual_association::factual_0106,factual_association,test,google/gemma-2-9b-it,late__all__r16,0.0,0.2222222222222222,0.16666666666666666,0.9881376037959667,0.3442566231712139,3,11|22|33
gemma_2_9b_it,compiler::factual_association::factual_0106,factual_association,test,google/gemma-2-9b-it,middle__all__r16,0.20000000000000004,0.16666666666666666,0.3333333333333333,0.9988137603795967,0.4247034400948992,3,11|22|33
gemma_2_9b_it,compiler::factual_association::factual_0107,factual_association,train,google/gemma-2-9b-it,early__all__r16,0.0,0.16666666666666666,0.3333333333333333,0.9893238434163701,0.3723309608540925,1,11
gemma_2_9b_it,compiler::factual_association::factual_0107,factual_association,train,google/gemma-2-9b-it,full__all__r4,0.0,0.0,0.3333333333333333,0.9822064056939501,0.32888493475682085,1,11
gemma_2_9b_it,compiler::factual_association::factual_0107,factual_association,train,google/gemma-2-9b-it,late__all__r16,0.0,0.16666666666666666,0.3333333333333333,0.9928825622775801,0.373220640569395,1,11
gemma_2_9b_it,compiler::factual_association::factual_0107,factual_association,train,google/gemma-2-9b-it,middle__all__r16,0.0,0.16666666666666666,0.3333333333333333,0.9822064056939501,0.37055160142348753,1,11
gemma_2_9b_it,compiler::factual_association::factual_0108,factual_association,test,google/gemma-2-9b-it,early__all__r16,0.0,0.16666666666666666,0.3333333333333333,0.99644128113879,0.3741103202846975,3,11|22|33
gemma_2_9b_it,compiler::factual_association::factual_0108,factual_association,test,google/gemma-2-9b-it,full__all__r4,0.16666666666666666,0.3888888888888889,0.5555555555555555,0.9988137603795967,0.5274812178726769,3,11|22|33
gemma_2_9b_it,compiler::factual_association::factual_0108,factual_association,test,google/gemma-2-9b-it,late__all__r16,0.26666666666666666,0.5,0.4444444444444444,0.9857651245551602,0.5492190589165679,3,11|22|33
gemma_2_9b_it,compiler::factual_association::factual_0108,factual_association,test,google/gemma-2-9b-it,middle__all__r16,0.06666666666666667,0.16666666666666666,0.7222222222222222,0.9988137603795967,0.48859232898378807,3,11|22|33
gemma_2_9b_it,compiler::factual_association::factual_0109,factual_association,test,google/gemma-2-9b-it,early__all__r16,0.06666666666666667,0.16666666666666666,0.2222222222222222,0.9940688018979834,0.36240608936338475,3,11|22|33
gemma_2_9b_it,compiler::factual_association::factual_0109,factual_association,test,google/gemma-2-9b-it,full__all__r4,0.03333333333333333,0.16666666666666666,0.16666666666666666,0.9798339264531436,0.33662514827995255,3,11|22|33
gemma_2_9b_it,compiler::factual_association::factual_0109,factual_association,test,google/gemma-2-9b-it,late__all__r16,0.43333333333333335,0.611111111111111,0.16666666666666666,0.9786476868327402,0.5474396994859628,3,11|22|33
gemma_2_9b_it,compiler::factual_association::factual_0109,factual_association,test,google/gemma-2-9b-it,middle__all__r16,0.0,0.16666666666666666,0.27777777777777773,0.9750889679715303,0.35488335310399366,3,11|22|33
gemma_2_9b_it,compiler::factual_association::factual_0110,factual_association,validation,google/gemma-2-9b-it,early__all__r16,0.2,0.16666666666666666,0.3333333333333333,0.9928825622775801,0.423220640569395,1,11
gemma_2_9b_it,compiler::factual_association::factual_0110,factual_association,validation,google/gemma-2-9b-it,full__all__r4,0.0,0.16666666666666666,0.3333333333333333,0.9857651245551602,0.37144128113879005,1,11
gemma_2_9b_it,compiler::factual_association::factual_0110,factual_association,validation,google/gemma-2-9b-it,late__all__r16,0.0,0.16666666666666666,0.3333333333333333,1.0,0.375,1,11
gemma_2_9b_it,compiler::factual_association::factual_0110,factual_association,validation,google/gemma-2-9b-it,middle__all__r16,0.0,0.16666666666666666,0.3333333333333333,0.9750889679715302,0.36877224199288255,1,11
gemma_2_9b_it,compiler::factual_association::factual_0111,factual_association,train,google/gemma-2-9b-it,early__all__r16,0.0,0.16666666666666666,0.5,0.99644128113879,0.41577698695136417,1,11
gemma_2_9b_it,compiler::factual_association::factual_0111,factual_association,train,google/gemma-2-9b-it,full__all__r4,0.3,0.6666666666666666,0.5,0.99644128113879,0.6157769869513642,1,11
gemma_2_9b_it,compiler::factual_association::factual_0111,factual_association,train,google/gemma-2-9b-it,late__all__r16,0.3,0.5,0.5,0.9857651245551602,0.57144128113879,1,11
gemma_2_9b_it,compiler::factual_association::factual_0111,factual_association,train,google/gemma-2-9b-it,middle__all__r16,0.0,0.16666666666666666,1.0,1.0,0.5416666666666666,1,11
gemma_2_9b_it,compiler::factual_association::factual_0112,factual_association,validation,google/gemma-2-9b-it,early__all__r16,0.0,0.16666666666666666,0.16666666666666666,1.0,0.3333333333333333,1,11
gemma_2_9b_it,compiler::factual_association::factual_0112,factual_association,validation,google/gemma-2-9b-it,full__all__r4,0.7,0.6666666666666666,0.16666666666666666,0.9893238434163701,0.6306642941874259,1,11
gemma_2_9b_it,compiler::factual_association::factual_0112,factual_association,validation,google/gemma-2-9b-it,late__all__r16,0.2,0.6666666666666666,0.16666666666666666,0.9928825622775801,0.5065539739027284,1,11
gemma_2_9b_it,compiler::factual_association::factual_0112,factual_association,validation,google/gemma-2-9b-it,middle__all__r16,0.0,0.16666666666666666,0.5,0.99644128113879,0.41577698695136417,1,11
gemma_2_9b_it,compiler::factual_association::factual_0113,factual_association,train,google/gemma-2-9b-it,early__all__r16,0.0,0.16666666666666666,0.3333333333333333,0.9928825622775801,0.373220640569395,1,11
gemma_2_9b_it,compiler::factual_association::factual_0113,factual_association,train,google/gemma-2-9b-it,full__all__r4,0.0,0.16666666666666666,0.3333333333333333,0.9822064056939501,0.37055160142348753,1,11
gemma_2_9b_it,compiler::factual_association::factual_0113,factual_association,train,google/gemma-2-9b-it,late__all__r16,0.0,0.16666666666666666,0.3333333333333333,0.9928825622775801,0.373220640569395,1,11
gemma_2_9b_it,compiler::factual_association::factual_0113,factual_association,train,google/gemma-2-9b-it,middle__all__r16,0.0,0.16666666666666666,0.3333333333333333,0.9822064056939501,0.37055160142348753,1,11
gemma_2_9b_it,compiler::factual_association::factual_0114,factual_association,train,google/gemma-2-9b-it,early__all__r16,0.0,0.16666666666666666,0.3333333333333333,0.9893238434163701,0.3723309608540925,1,11
gemma_2_9b_it,compiler::factual_association::factual_0114,factual_association,train,google/gemma-2-9b-it,full__all__r4,0.3,0.5,0.5,0.9893238434163701,0.5723309608540925,1,11
gemma_2_9b_it,compiler::factual_association::factual_0114,factual_association,train,google/gemma-2-9b-it,late__all__r16,0.2,0.16666666666666666,0.5,0.99644128113879,0.46577698695136416,1,11
gemma_2_9b_it,compiler::factual_association::factual_0114,factual_association,train,google/gemma-2-9b-it,middle__all__r16,0.0,0.16666666666666666,0.5,0.99644128113879,0.41577698695136417,1,11
gemma_2_9b_it,compiler::factual_association::factual_0115,factual_association,test,google/gemma-2-9b-it,early__all__r16,0.06666666666666667,0.16666666666666666,0.16666666666666666,0.9988137603795967,0.3497034400948992,3,11|22|33
gemma_2_9b_it,compiler::factual_association::factual_0115,factual_association,test,google/gemma-2-9b-it,full__all__r4,0.3,0.3888888888888889,0.2222222222222222,0.9976275207591933,0.4771846579675761,3,11|22|33
gemma_2_9b_it,compiler::factual_association::factual_0115,factual_association,test,google/gemma-2-9b-it,late__all__r16,0.20000000000000004,0.3333333333333333,0.16666666666666666,0.9916963226571768,0.4229240806642942,3,11|22|33
gemma_2_9b_it,compiler::factual_association::factual_0115,factual_association,test,google/gemma-2-9b-it,middle__all__r16,0.0,0.16666666666666666,0.2222222222222222,0.9988137603795967,0.3469256623171214,3,11|22|33
gemma_2_9b_it,compiler::factual_association::factual_0116,factual_association,train,google/gemma-2-9b-it,early__all__r16,0.0,0.16666666666666666,0.3333333333333333,1.0,0.375,1,11
gemma_2_9b_it,compiler::factual_association::factual_0116,factual_association,train,google/gemma-2-9b-it,full__all__r4,0.2,0.6666666666666666,0.3333333333333333,0.9786476868327402,0.5446619217081851,1,11
gemma_2_9b_it,compiler::factual_association::factual_0116,factual_association,train,google/gemma-2-9b-it,late__all__r16,0.0,0.16666666666666666,0.3333333333333333,0.9857651245551602,0.37144128113879005,1,11
gemma_2_9b_it,compiler::factual_association::factual_0116,factual_association,train,google/gemma-2-9b-it,middle__all__r16,0.0,0.16666666666666666,0.3333333333333333,0.9715302491103203,0.36788256227758004,1,11
gemma_2_9b_it,compiler::factual_association::factual_0117,factual_association,validation,google/gemma-2-9b-it,early__all__r16,0.0,0.16666666666666666,0.5,1.0,0.4166666666666667,1,11
gemma_2_9b_it,compiler::factual_association::factual_0117,factual_association,validation,google/gemma-2-9b-it,full__all__r4,0.4,0.5,0.5,0.9893238434163701,0.5973309608540925,1,11
gemma_2_9b_it,compiler::factual_association::factual_0117,factual_association,validation,google/gemma-2-9b-it,late__all__r16,0.6,0.6666666666666666,0.3333333333333333,0.9893238434163701,0.6473309608540925,1,11
gemma_2_9b_it,compiler::factual_association::factual_0117,factual_association,validation,google/gemma-2-9b-it,middle__all__r16,0.0,0.16666666666666666,0.5,1.0,0.4166666666666667,1,11
gemma_2_9b_it,compiler::factual_association::factual_0118,factual_association,train,google/gemma-2-9b-it,early__all__r16,0.0,0.16666666666666666,0.16666666666666666,1.0,0.3333333333333333,1,11
gemma_2_9b_it,compiler::factual_association::factual_0118,factual_association,train,google/gemma-2-9b-it,full__all__r4,0.0,0.16666666666666666,0.5,0.99644128113879,0.41577698695136417,1,11
gemma_2_9b_it,compiler::factual_association::factual_0118,factual_association,train,google/gemma-2-9b-it,late__all__r16,0.0,0.16666666666666666,0.16666666666666666,0.99644128113879,0.33244365361803085,1,11
gemma_2_9b_it,compiler::factual_association::factual_0118,factual_association,train,google/gemma-2-9b-it,middle__all__r16,0.0,0.16666666666666666,0.8333333333333334,0.9893238434163701,0.49733096085409256,1,11
gemma_2_9b_it,compiler::factual_association::factual_0119,factual_association,validation,google/gemma-2-9b-it,early__all__r16,0.0,0.16666666666666666,0.3333333333333333,1.0,0.375,1,11
gemma_2_9b_it,compiler::factual_association::factual_0119,factual_association,validation,google/gemma-2-9b-it,full__all__r4,0.0,0.16666666666666666,0.3333333333333333,0.9893238434163701,0.3723309608540925,1,11
gemma_2_9b_it,compiler::factual_association::factual_0119,factual_association,validation,google/gemma-2-9b-it,late__all__r16,0.0,0.16666666666666666,0.3333333333333333,0.99644128113879,0.3741103202846975,1,11
gemma_2_9b_it,compiler::factual_association::factual_0119,factual_association,validation,google/gemma-2-9b-it,middle__all__r16,0.0,0.16666666666666666,0.3333333333333333,0.9893238434163701,0.3723309608540925,1,11
gemma_2_9b_it,compiler::lexical_binding::lexical_0000,lexical_binding,train,google/gemma-2-9b-it,early__all__r16,0.1,0.3333333333333333,0.6666666666666666,0.9679715302491103,0.5169928825622776,1,11
gemma_2_9b_it,compiler::lexical_binding::lexical_0000,lexical_binding,train,google/gemma-2-9b-it,full__all__r4,0.4,0.3333333333333333,1.0,1.0,0.6833333333333333,1,11
gemma_2_9b_it,compiler::lexical_binding::lexical_0000,lexical_binding,train,google/gemma-2-9b-it,late__all__r16,0.5,0.3333333333333333,1.0,0.9822064056939501,0.7038849347568209,1,11
gemma_2_9b_it,compiler::lexical_binding::lexical_0000,lexical_binding,train,google/gemma-2-9b-it,middle__all__r16,0.2,0.3333333333333333,1.0,1.0,0.6333333333333333,1,11
gemma_2_9b_it,compiler::lexical_binding::lexical_0001,lexical_binding,validation,google/gemma-2-9b-it,early__all__r16,0.0,0.0,0.5,0.9928825622775801,0.373220640569395,1,11
gemma_2_9b_it,compiler::lexical_binding::lexical_0001,lexical_binding,validation,google/gemma-2-9b-it,full__all__r4,0.1,0.16666666666666666,0.8333333333333334,1.0,0.525,1,11
gemma_2_9b_it,compiler::lexical_binding::lexical_0001,lexical_binding,validation,google/gemma-2-9b-it,late__all__r16,0.2,0.16666666666666666,0.8333333333333334,0.9822064056939501,0.5455516014234876,1,11
gemma_2_9b_it,compiler::lexical_binding::lexical_0001,lexical_binding,validation,google/gemma-2-9b-it,middle__all__r16,0.0,0.16666666666666666,1.0,1.0,0.5416666666666666,1,11
gemma_2_9b_it,compiler::lexical_binding::lexical_0002,lexical_binding,test,google/gemma-2-9b-it,early__all__r16,0.0,0.3333333333333333,0.7777777777777777,0.9857651245551602,0.5242190589165678,3,11|22|33
gemma_2_9b_it,compiler::lexical_binding::lexical_0002,lexical_binding,test,google/gemma-2-9b-it,full__all__r4,0.06666666666666667,0.3333333333333333,0.7777777777777778,0.9988137603795967,0.5441478845393436,3,11|22|33
gemma_2_9b_it,compiler::lexical_binding::lexical_0002,lexical_binding,test,google/gemma-2-9b-it,late__all__r16,0.3666666666666667,0.3333333333333333,0.6666666666666666,0.9916963226571768,0.5895907473309608,3,11|22|33
gemma_2_9b_it,compiler::lexical_binding::lexical_0002,lexical_binding,test,google/gemma-2-9b-it,middle__all__r16,0.13333333333333333,0.3333333333333333,0.6666666666666666,0.9940688018979834,0.5318505338078292,3,11|22|33
gemma_2_9b_it,compiler::lexical_binding::lexical_0003,lexical_binding,test,google/gemma-2-9b-it,early__all__r16,0.20000000000000004,0.16666666666666666,0.8888888888888888,0.9893238434163701,0.5612198497429814,3,11|22|33
gemma_2_9b_it,compiler::lexical_binding::lexical_0003,lexical_binding,test,google/gemma-2-9b-it,full__all__r4,0.0,0.3333333333333333,0.9444444444444445,0.9952550415183867,0.5682582048240411,3,11|22|33
gemma_2_9b_it,compiler::lexical_binding::lexical_0003,lexical_binding,test,google/gemma-2-9b-it,late__all__r16,0.10000000000000002,0.3333333333333333,0.888888888888889,0.9786476868327402,0.5752174772637406,3,11|22|33
gemma_2_9b_it,compiler::lexical_binding::lexical_0003,lexical_binding,test,google/gemma-2-9b-it,middle__all__r16,0.0,0.2222222222222222,1.0,1.0,0.5555555555555556,3,11|22|33
gemma_2_9b_it,compiler::lexical_binding::lexical_0004,lexical_binding,test,google/gemma-2-9b-it,early__all__r16,0.0,0.3333333333333333,0.7222222222222222,1.0,0.5138888888888888,3,11|22|33
gemma_2_9b_it,compiler::lexical_binding::lexical_0004,lexical_binding,test,google/gemma-2-9b-it,full__all__r4,0.13333333333333333,0.3333333333333333,0.888888888888889,0.9940688018979834,0.5874060893633848,3,11|22|33
gemma_2_9b_it,compiler::lexical_binding::lexical_0004,lexical_binding,test,google/gemma-2-9b-it,late__all__r16,0.23333333333333336,0.3333333333333333,0.8333333333333334,0.9857651245551602,0.59644128113879,3,11|22|33
gemma_2_9b_it,compiler::lexical_binding::lexical_0004,lexical_binding,test,google/gemma-2-9b-it,middle__all__r16,0.20000000000000004,0.3333333333333333,1.0,0.99644128113879,0.6324436536180309,3,11|22|33
gemma_2_9b_it,compiler::lexical_binding::lexical_0005,lexical_binding,train,google/gemma-2-9b-it,early__all__r16,0.0,0.16666666666666666,0.6666666666666666,0.9893238434163701,0.4556642941874259,1,11
gemma_2_9b_it,compiler::lexical_binding::lexical_0005,lexical_binding,train,google/gemma-2-9b-it,full__all__r4,0.1,0.16666666666666666,0.6666666666666666,0.9893238434163701,0.48066429418742584,1,11
gemma_2_9b_it,compiler::lexical_binding::lexical_0005,lexical_binding,train,google/gemma-2-9b-it,late__all__r16,0.30000000000000004,0.3333333333333333,0.6666666666666666,0.9786476868327402,0.5696619217081851,1,11
gemma_2_9b_it,compiler::lexical_binding::lexical_0005,lexical_binding,train,google/gemma-2-9b-it,middle__all__r16,0.0,0.16666666666666666,0.6666666666666666,1.0,0.4583333333333333,1,11
gemma_2_9b_it,compiler::lexical_binding::lexical_0006,lexical_binding,test,google/gemma-2-9b-it,early__all__r16,0.06666666666666667,0.27777777777777773,0.6666666666666666,0.9952550415183867,0.5015915381573745,3,11|22|33
gemma_2_9b_it,compiler::lexical_binding::lexical_0006,lexical_binding,test,google/gemma-2-9b-it,full__all__r4,0.20000000000000004,0.3333333333333333,1.0,0.9976275207591933,0.6327402135231317,3,11|22|33
gemma_2_9b_it,compiler::lexical_binding::lexical_0006,lexical_binding,test,google/gemma-2-9b-it,late__all__r16,0.23333333333333336,0.3333333333333333,0.888888888888889,0.9810201660735469,0.6091439304072757,3,11|22|33
gemma_2_9b_it,compiler::lexical_binding::lexical_0006,lexical_binding,test,google/gemma-2-9b-it,middle__all__r16,0.3333333333333333,0.38888888888888884,0.8888888888888888,0.9976275207591933,0.6521846579675761,3,11|22|33
gemma_2_9b_it,compiler::lexical_binding::lexical_0007,lexical_binding,train,google/gemma-2-9b-it,early__all__r16,0.0,0.16666666666666666,0.3333333333333333,1.0,0.375,1,11
gemma_2_9b_it,compiler::lexical_binding::lexical_0007,lexical_binding,train,google/gemma-2-9b-it,full__all__r4,0.0,0.16666666666666666,0.6666666666666666,1.0,0.4583333333333333,1,11
gemma_2_9b_it,compiler::lexical_binding::lexical_0007,lexical_binding,train,google/gemma-2-9b-it,late__all__r16,0.2,0.16666666666666666,0.6666666666666666,0.9822064056939501,0.5038849347568208,1,11
gemma_2_9b_it,compiler::lexical_binding::lexical_0007,lexical_binding,train,google/gemma-2-9b-it,middle__all__r16,0.0,0.16666666666666666,0.6666666666666666,0.9857651245551602,0.45477461447212336,1,11
gemma_2_9b_it,compiler::lexical_binding::lexical_0008,lexical_binding,train,google/gemma-2-9b-it,early__all__r16,0.0,0.16666666666666666,0.6666666666666666,0.99644128113879,0.45744365361803085,1,11
gemma_2_9b_it,compiler::lexical_binding::lexical_0008,lexical_binding,train,google/gemma-2-9b-it,full__all__r4,0.30000000000000004,0.3333333333333333,0.6666666666666666,1.0,0.575,1,11
gemma_2_9b_it,compiler::lexical_binding::lexical_0008,lexical_binding,train,google/gemma-2-9b-it,late__all__r16,0.30000000000000004,0.3333333333333333,0.6666666666666666,0.9857651245551602,0.57144128113879,1,11
gemma_2_9b_it,compiler::lexical_binding::lexical_0008,lexical_binding,train,google/gemma-2-9b-it,middle__all__r16,0.1,0.3333333333333333,0.8333333333333334,0.99644128113879,0.5657769869513641,1,11
gemma_2_9b_it,compiler::lexical_binding::lexical_0009,lexical_binding,train,google/gemma-2-9b-it,early__all__r16,0.0,0.0,0.8333333333333334,1.0,0.45833333333333337,1,11
gemma_2_9b_it,compiler::lexical_binding::lexical_0009,lexical_binding,train,google/gemma-2-9b-it,full__all__r4,0.30000000000000004,0.3333333333333333,1.0,0.9928825622775801,0.6565539739027284,1,11
gemma_2_9b_it,compiler::lexical_binding::lexical_0009,lexical_binding,train,google/gemma-2-9b-it,late__all__r16,0.4,0.0,1.0,0.9786476868327402,0.594661921708185,1,11
gemma_2_9b_it,compiler::lexical_binding::lexical_0009,lexical_binding,train,google/gemma-2-9b-it,middle__all__r16,0.2,0.5,1.0,1.0,0.675,1,11
gemma_2_9b_it,compiler::lexical_binding::lexical_0010,lexical_binding,train,google/gemma-2-9b-it,early__all__r16,0.0,0.0,0.6666666666666666,1.0,0.41666666666666663,1,11
gemma_2_9b_it,compiler::lexical_binding::lexical_0010,lexical_binding,train,google/gemma-2-9b-it,full__all__r4,0.2,0.0,0.6666666666666666,1.0,0.4666666666666667,1,11
gemma_2_9b_it,compiler::lexical_binding::lexical_0010,lexical_binding,train,google/gemma-2-9b-it,late__all__r16,0.2,0.0,0.6666666666666666,0.9928825622775801,0.4648873072360617,1,11
gemma_2_9b_it,compiler::lexical_binding::lexical_0010,lexical_binding,train,google/gemma-2-9b-it,middle__all__r16,0.1,0.0,0.6666666666666666,0.9928825622775801,0.4398873072360617,1,11
gemma_2_9b_it,compiler::lexical_binding::lexical_0011,lexical_binding,validation,google/gemma-2-9b-it,early__all__r16,0.0,0.0,0.8333333333333334,1.0,0.45833333333333337,1,11
gemma_2_9b_it,compiler::lexical_binding::lexical_0011,lexical_binding,validation,google/gemma-2-9b-it,full__all__r4,0.1,0.5,1.0,0.9928825622775801,0.648220640569395,1,11
gemma_2_9b_it,compiler::lexical_binding::lexical_0011,lexical_binding,validation,google/gemma-2-9b-it,late__all__r16,0.1,0.5,1.0,0.9786476868327402,0.644661921708185,1,11
gemma_2_9b_it,compiler::lexical_binding::lexical_0011,lexical_binding,validation,google/gemma-2-9b-it,middle__all__r16,0.1,0.5,1.0,1.0,0.65,1,11
gemma_2_9b_it,compiler::lexical_binding::lexical_0012,lexical_binding,validation,google/gemma-2-9b-it,early__all__r16,0.0,0.5,1.0,0.9750889679715302,0.6187722419928825,1,11
gemma_2_9b_it,compiler::lexical_binding::lexical_0012,lexical_binding,validation,google/gemma-2-9b-it,full__all__r4,0.1,0.16666666666666666,1.0,0.9893238434163701,0.5639976275207592,1,11
gemma_2_9b_it,compiler::lexical_binding::lexical_0012,lexical_binding,validation,google/gemma-2-9b-it,late__all__r16,0.1,0.16666666666666666,1.0,0.9893238434163701,0.5639976275207592,1,11
gemma_2_9b_it,compiler::lexical_binding::lexical_0012,lexical_binding,validation,google/gemma-2-9b-it,middle__all__r16,0.0,0.16666666666666666,1.0,1.0,0.5416666666666666,1,11
gemma_2_9b_it,compiler::lexical_binding::lexical_0013,lexical_binding,validation,google/gemma-2-9b-it,early__all__r16,0.0,0.16666666666666666,0.8333333333333334,0.9893238434163701,0.49733096085409256,1,11
gemma_2_9b_it,compiler::lexical_binding::lexical_0013,lexical_binding,validation,google/gemma-2-9b-it,full__all__r4,0.4,0.3333333333333333,1.0,0.99644128113879,0.6824436536180308,1,11
gemma_2_9b_it,compiler::lexical_binding::lexical_0013,lexical_binding,validation,google/gemma-2-9b-it,late__all__r16,0.1,0.3333333333333333,0.8333333333333334,0.9893238434163701,0.5639976275207592,1,11
gemma_2_9b_it,compiler::lexical_binding::lexical_0013,lexical_binding,validation,google/gemma-2-9b-it,middle__all__r16,0.8,0.3333333333333333,1.0,0.99644128113879,0.7824436536180308,1,11
gemma_2_9b_it,compiler::lexical_binding::lexical_0014,lexical_binding,test,google/gemma-2-9b-it,early__all__r16,0.3,0.3333333333333333,0.9444444444444445,0.9940688018979834,0.6429616449189404,3,11|22|33
gemma_2_9b_it,compiler::lexical_binding::lexical_0014,lexical_binding,test,google/gemma-2-9b-it,full__all__r4,0.16666666666666666,0.0,1.0,0.9869513641755634,0.5384045077105575,3,11|22|33
gemma_2_9b_it,compiler::lexical_binding::lexical_0014,lexical_binding,test,google/gemma-2-9b-it,late__all__r16,0.10000000000000002,0.0,1.0,0.9833926453143534,0.5208481613285884,3,11|22|33
gemma_2_9b_it,compiler::lexical_binding::lexical_0014,lexical_binding,test,google/gemma-2-9b-it,middle__all__r16,0.20000000000000004,0.0,1.0,0.9988137603795967,0.5497034400948991,3,11|22|33
gemma_2_9b_it,compiler::lexical_binding::lexical_0015,lexical_binding,train,google/gemma-2-9b-it,early__all__r16,0.0,0.3333333333333333,0.5,1.0,0.4583333333333333,1,11
gemma_2_9b_it,compiler::lexical_binding::lexical_0015,lexical_binding,train,google/gemma-2-9b-it,full__all__r4,0.30000000000000004,0.3333333333333333,0.6666666666666666,1.0,0.575,1,11
gemma_2_9b_it,compiler::lexical_binding::lexical_0015,lexical_binding,train,google/gemma-2-9b-it,late__all__r16,0.30000000000000004,0.3333333333333333,0.6666666666666666,0.9786476868327402,0.5696619217081851,1,11
gemma_2_9b_it,compiler::lexical_binding::lexical_0015,lexical_binding,train,google/gemma-2-9b-it,middle__all__r16,0.30000000000000004,0.3333333333333333,0.6666666666666666,1.0,0.575,1,11
gemma_2_9b_it,compiler::lexical_binding::lexical_0016,lexical_binding,train,google/gemma-2-9b-it,early__all__r16,0.0,0.0,0.8333333333333334,0.9928825622775801,0.45655397390272834,1,11
gemma_2_9b_it,compiler::lexical_binding::lexical_0016,lexical_binding,train,google/gemma-2-9b-it,full__all__r4,0.0,0.16666666666666666,1.0,0.99644128113879,0.5407769869513642,1,11
gemma_2_9b_it,compiler::lexical_binding::lexical_0016,lexical_binding,train,google/gemma-2-9b-it,late__all__r16,0.2,0.16666666666666666,0.8333333333333334,0.9786476868327402,0.5446619217081851,1,11
gemma_2_9b_it,compiler::lexical_binding::lexical_0016,lexical_binding,train,google/gemma-2-9b-it,middle__all__r16,0.0,0.16666666666666666,1.0,1.0,0.5416666666666666,1,11
gemma_2_9b_it,compiler::lexical_binding::lexical_0017,lexical_binding,train,google/gemma-2-9b-it,early__all__r16,0.0,0.16666666666666666,0.8333333333333334,1.0,0.5,1,11
gemma_2_9b_it,compiler::lexical_binding::lexical_0017,lexical_binding,train,google/gemma-2-9b-it,full__all__r4,0.4,0.5,1.0,1.0,0.725,1,11
gemma_2_9b_it,compiler::lexical_binding::lexical_0017,lexical_binding,train,google/gemma-2-9b-it,late__all__r16,0.5,0.3333333333333333,0.8333333333333334,0.9715302491103203,0.6595492289442467,1,11
gemma_2_9b_it,compiler::lexical_binding::lexical_0017,lexical_binding,train,google/gemma-2-9b-it,middle__all__r16,0.2,0.16666666666666666,1.0,1.0,0.5916666666666667,1,11
gemma_2_9b_it,compiler::lexical_binding::lexical_0018,lexical_binding,validation,google/gemma-2-9b-it,early__all__r16,0.0,0.16666666666666666,0.8333333333333334,1.0,0.5,1,11
gemma_2_9b_it,compiler::lexical_binding::lexical_0018,lexical_binding,validation,google/gemma-2-9b-it,full__all__r4,0.1,0.16666666666666666,0.8333333333333334,1.0,0.525,1,11
gemma_2_9b_it,compiler::lexical_binding::lexical_0018,lexical_binding,validation,google/gemma-2-9b-it,late__all__r16,0.2,0.16666666666666666,0.8333333333333334,0.9750889679715302,0.5437722419928825,1,11
gemma_2_9b_it,compiler::lexical_binding::lexical_0018,lexical_binding,validation,google/gemma-2-9b-it,middle__all__r16,0.0,0.16666666666666666,1.0,1.0,0.5416666666666666,1,11
gemma_2_9b_it,compiler::lexical_binding::lexical_0019,lexical_binding,train,google/gemma-2-9b-it,early__all__r16,0.1,0.16666666666666666,0.6666666666666666,1.0,0.48333333333333334,1,11
gemma_2_9b_it,compiler::lexical_binding::lexical_0019,lexical_binding,train,google/gemma-2-9b-it,full__all__r4,0.30000000000000004,0.16666666666666666,0.8333333333333334,1.0,0.5750000000000001,1,11
gemma_2_9b_it,compiler::lexical_binding::lexical_0019,lexical_binding,train,google/gemma-2-9b-it,late__all__r16,0.2,0.0,0.8333333333333334,0.9822064056939501,0.5038849347568208,1,11
gemma_2_9b_it,compiler::lexical_binding::lexical_0019,lexical_binding,train,google/gemma-2-9b-it,middle__all__r16,0.2,0.16666666666666666,1.0,1.0,0.5916666666666667,1,11
gemma_2_9b_it,compiler::lexical_binding::lexical_0020,lexical_binding,train,google/gemma-2-9b-it,early__all__r16,0.2,0.3333333333333333,0.8333333333333334,1.0,0.5916666666666667,1,11
gemma_2_9b_it,compiler::lexical_binding::lexical_0020,lexical_binding,train,google/gemma-2-9b-it,full__all__r4,0.5,0.3333333333333333,1.0,1.0,0.7083333333333334,1,11
gemma_2_9b_it,compiler::lexical_binding::lexical_0020,lexical_binding,train,google/gemma-2-9b-it,late__all__r16,0.5,0.3333333333333333,0.8333333333333334,0.9893238434163701,0.6639976275207592,1,11
gemma_2_9b_it,compiler::lexical_binding::lexical_0020,lexical_binding,train,google/gemma-2-9b-it,middle__all__r16,0.6000000000000001,0.5,1.0,0.9928825622775801,0.7732206405693951,1,11
gemma_2_9b_it,compiler::lexical_binding::lexical_0021,lexical_binding,train,google/gemma-2-9b-it,early__all__r16,0.0,0.0,0.6666666666666666,0.99644128113879,0.41577698695136417,1,11
gemma_2_9b_it,compiler::lexical_binding::lexical_0021,lexical_binding,train,google/gemma-2-9b-it,full__all__r4,0.1,0.16666666666666666,0.8333333333333334,0.9928825622775801,0.523220640569395,1,11
gemma_2_9b_it,compiler::lexical_binding::lexical_0021,lexical_binding,train,google/gemma-2-9b-it,late__all__r16,0.0,0.16666666666666666,0.8333333333333334,0.9857651245551602,0.49644128113879005,1,11
gemma_2_9b_it,compiler::lexical_binding::lexical_0021,lexical_binding,train,google/gemma-2-9b-it,middle__all__r16,0.0,0.16666666666666666,1.0,0.99644128113879,0.5407769869513642,1,11
gemma_2_9b_it,compiler::lexical_binding::lexical_0022,lexical_binding,validation,google/gemma-2-9b-it,early__all__r16,0.0,0.0,0.8333333333333334,0.99644128113879,0.45744365361803085,1,11
gemma_2_9b_it,compiler::lexical_binding::lexical_0022,lexical_binding,validation,google/gemma-2-9b-it,full__all__r4,0.30000000000000004,0.3333333333333333,1.0,0.99644128113879,0.6574436536180308,1,11
gemma_2_9b_it,compiler::lexical_binding::lexical_0022,lexical_binding,validation,google/gemma-2-9b-it,late__all__r16,0.30000000000000004,0.16666666666666666,1.0,0.9928825622775801,0.6148873072360617,1,11
gemma_2_9b_it,compiler::lexical_binding::lexical_0022,lexical_binding,validation,google/gemma-2-9b-it,middle__all__r16,0.2,0.5,1.0,1.0,0.675,1,11
gemma_2_9b_it,compiler::lexical_binding::lexical_0023,lexical_binding,train,google/gemma-2-9b-it,early__all__r16,0.0,0.0,0.6666666666666666,0.9893238434163701,0.4139976275207592,1,11
gemma_2_9b_it,compiler::lexical_binding::lexical_0023,lexical_binding,train,google/gemma-2-9b-it,full__all__r4,0.0,0.3333333333333333,0.6666666666666666,0.99644128113879,0.4991103202846975,1,11
gemma_2_9b_it,compiler::lexical_binding::lexical_0023,lexical_binding,train,google/gemma-2-9b-it,late__all__r16,0.2,0.3333333333333333,0.6666666666666666,0.9857651245551602,0.54644128113879,1,11
gemma_2_9b_it,compiler::lexical_binding::lexical_0023,lexical_binding,train,google/gemma-2-9b-it,middle__all__r16,0.0,0.3333333333333333,0.6666666666666666,1.0,0.5,1,11
gemma_2_9b_it,compiler::lexical_binding::lexical_0024,lexical_binding,train,google/gemma-2-9b-it,early__all__r16,0.0,0.3333333333333333,0.8333333333333334,0.9644128113879004,0.5327698695136418,1,11
gemma_2_9b_it,compiler::lexical_binding::lexical_0024,lexical_binding,train,google/gemma-2-9b-it,full__all__r4,0.0,0.0,0.8333333333333334,0.9857651245551602,0.4547746144721234,1,11
gemma_2_9b_it,compiler::lexical_binding::lexical_0024,lexical_binding,train,google/gemma-2-9b-it,late__all__r16,0.1,0.0,0.8333333333333334,0.9786476868327402,0.4779952550415184,1,11
gemma_2_9b_it,compiler::lexical_binding::lexical_0024,lexical_binding,train,google/gemma-2-9b-it,middle__all__r16,0.0,0.0,0.8333333333333334,1.0,0.45833333333333337,1,11
gemma_2_9b_it,compiler::lexical_binding::lexical_0025,lexical_binding,validation,google/gemma-2-9b-it,early__all__r16,0.0,0.16666666666666666,0.6666666666666666,0.9893238434163701,0.4556642941874259,1,11
gemma_2_9b_it,compiler::lexical_binding::lexical_0025,lexical_binding,validation,google/gemma-2-9b-it,full__all__r4,0.0,0.3333333333333333,0.6666666666666666,0.9928825622775801,0.498220640569395,1,11
gemma_2_9b_it,compiler::lexical_binding::lexical_0025,lexical_binding,validation,google/gemma-2-9b-it,late__all__r16,0.6000000000000001,0.3333333333333333,0.6666666666666666,0.9786476868327402,0.644661921708185,1,11
gemma_2_9b_it,compiler::lexical_binding::lexical_0025,lexical_binding,validation,google/gemma-2-9b-it,middle__all__r16,0.0,0.3333333333333333,0.6666666666666666,1.0,0.5,1,11
gemma_2_9b_it,compiler::lexical_binding::lexical_0026,lexical_binding,train,google/gemma-2-9b-it,early__all__r16,0.0,0.16666666666666666,0.5,0.9893238434163701,0.4139976275207592,1,11
gemma_2_9b_it,compiler::lexical_binding::lexical_0026,lexical_binding,train,google/gemma-2-9b-it,full__all__r4,0.0,0.16666666666666666,0.6666666666666666,0.99644128113879,0.45744365361803085,1,11
gemma_2_9b_it,compiler::lexical_binding::lexical_0026,lexical_binding,train,google/gemma-2-9b-it,late__all__r16,0.2,0.16666666666666666,0.5,0.9857651245551602,0.4631079478054567,1,11
gemma_2_9b_it,compiler::lexical_binding::lexical_0026,lexical_binding,train,google/gemma-2-9b-it,middle__all__r16,0.0,0.16666666666666666,0.6666666666666666,1.0,0.4583333333333333,1,11
gemma_2_9b_it,compiler::lexical_binding::lexical_0027,lexical_binding,train,google/gemma-2-9b-it,early__all__r16,0.6,0.3333333333333333,0.8333333333333334,0.99644128113879,0.6907769869513641,1,11
gemma_2_9b_it,compiler::lexical_binding::lexical_0027,lexical_binding,train,google/gemma-2-9b-it,full__all__r4,0.0,0.16666666666666666,0.8333333333333334,0.9928825622775801,0.498220640569395,1,11
gemma_2_9b_it,compiler::lexical_binding::lexical_0027,lexical_binding,train,google/gemma-2-9b-it,late__all__r16,0.2,0.16666666666666666,1.0,0.9822064056939501,0.5872182680901542,1,11
gemma_2_9b_it,compiler::lexical_binding::lexical_0027,lexical_binding,train,google/gemma-2-9b-it,middle__all__r16,0.0,0.16666666666666666,1.0,1.0,0.5416666666666666,1,11
gemma_2_9b_it,compiler::lexical_binding::lexical_0028,lexical_binding,train,google/gemma-2-9b-it,early__all__r16,0.2,0.3333333333333333,1.0,0.99644128113879,0.6324436536180309,1,11
gemma_2_9b_it,compiler::lexical_binding::lexical_0028,lexical_binding,train,google/gemma-2-9b-it,full__all__r4,0.30000000000000004,0.3333333333333333,0.8333333333333334,0.99644128113879,0.6157769869513642,1,11
gemma_2_9b_it,compiler::lexical_binding::lexical_0028,lexical_binding,train,google/gemma-2-9b-it,late__all__r16,0.6,0.3333333333333333,0.8333333333333334,0.9786476868327402,0.6863285883748517,1,11
gemma_2_9b_it,compiler::lexical_binding::lexical_0028,lexical_binding,train,google/gemma-2-9b-it,middle__all__r16,0.6000000000000001,0.3333333333333333,1.0,1.0,0.7333333333333334,1,11
gemma_2_9b_it,compiler::lexical_binding::lexical_0029,lexical_binding,train,google/gemma-2-9b-it,early__all__r16,0.5,0.3333333333333333,1.0,1.0,0.7083333333333334,1,11
gemma_2_9b_it,compiler::lexical_binding::lexical_0029,lexical_binding,train,google/gemma-2-9b-it,full__all__r4,0.2,0.16666666666666666,1.0,0.99644128113879,0.5907769869513642,1,11
gemma_2_9b_it,compiler::lexical_binding::lexical_0029,lexical_binding,train,google/gemma-2-9b-it,late__all__r16,0.2,0.16666666666666666,1.0,0.9928825622775801,0.5898873072360616,1,11
gemma_2_9b_it,compiler::lexical_binding::lexical_0029,lexical_binding,train,google/gemma-2-9b-it,middle__all__r16,0.2,0.16666666666666666,1.0,1.0,0.5916666666666667,1,11
gemma_2_9b_it,compiler::lexical_binding::lexical_0030,lexical_binding,train,google/gemma-2-9b-it,early__all__r16,0.0,0.16666666666666666,0.5,1.0,0.4166666666666667,1,11
gemma_2_9b_it,compiler::lexical_binding::lexical_0030,lexical_binding,train,google/gemma-2-9b-it,full__all__r4,0.2,0.16666666666666666,0.6666666666666666,1.0,0.5083333333333333,1,11
gemma_2_9b_it,compiler::lexical_binding::lexical_0030,lexical_binding,train,google/gemma-2-9b-it,late__all__r16,0.5,0.16666666666666666,0.6666666666666666,0.9893238434163701,0.5806642941874258,1,11
gemma_2_9b_it,compiler::lexical_binding::lexical_0030,lexical_binding,train,google/gemma-2-9b-it,middle__all__r16,0.0,0.16666666666666666,0.6666666666666666,0.99644128113879,0.45744365361803085,1,11
gemma_2_9b_it,compiler::lexical_binding::lexical_0031,lexical_binding,train,google/gemma-2-9b-it,early__all__r16,0.0,0.16666666666666666,0.8333333333333334,1.0,0.5,1,11
gemma_2_9b_it,compiler::lexical_binding::lexical_0031,lexical_binding,train,google/gemma-2-9b-it,full__all__r4,0.0,0.16666666666666666,0.8333333333333334,0.99644128113879,0.49911032028469754,1,11
gemma_2_9b_it,compiler::lexical_binding::lexical_0031,lexical_binding,train,google/gemma-2-9b-it,late__all__r16,0.0,0.16666666666666666,0.8333333333333334,0.9822064056939501,0.49555160142348753,1,11
gemma_2_9b_it,compiler::lexical_binding::lexical_0031,lexical_binding,train,google/gemma-2-9b-it,middle__all__r16,0.30000000000000004,0.16666666666666666,1.0,1.0,0.6166666666666667,1,11
gemma_2_9b_it,compiler::lexical_binding::lexical_0032,lexical_binding,test,google/gemma-2-9b-it,early__all__r16,0.0,0.0,0.6666666666666666,1.0,0.41666666666666663,3,11|22|33
gemma_2_9b_it,compiler::lexical_binding::lexical_0032,lexical_binding,test,google/gemma-2-9b-it,full__all__r4,0.0,0.0,0.6666666666666666,0.9940688018979834,0.4151838671411625,3,11|22|33
gemma_2_9b_it,compiler::lexical_binding::lexical_0032,lexical_binding,test,google/gemma-2-9b-it,late__all__r16,0.10000000000000002,0.0,0.6666666666666666,0.9857651245551601,0.4381079478054567,3,11|22|33
gemma_2_9b_it,compiler::lexical_binding::lexical_0032,lexical_binding,test,google/gemma-2-9b-it,middle__all__r16,0.0,0.0,0.6666666666666666,1.0,0.41666666666666663,3,11|22|33
gemma_2_9b_it,compiler::lexical_binding::lexical_0033,lexical_binding,train,google/gemma-2-9b-it,early__all__r16,0.5,0.6666666666666666,1.0,1.0,0.7916666666666666,1,11
gemma_2_9b_it,compiler::lexical_binding::lexical_0033,lexical_binding,train,google/gemma-2-9b-it,full__all__r4,0.30000000000000004,0.3333333333333333,0.8333333333333334,0.9928825622775801,0.6148873072360617,1,11
gemma_2_9b_it,compiler::lexical_binding::lexical_0033,lexical_binding,train,google/gemma-2-9b-it,late__all__r16,0.1,0.16666666666666666,0.8333333333333334,0.9822064056939501,0.5205516014234876,1,11
gemma_2_9b_it,compiler::lexical_binding::lexical_0033,lexical_binding,train,google/gemma-2-9b-it,middle__all__r16,0.1,0.3333333333333333,1.0,1.0,0.6083333333333333,1,11
gemma_2_9b_it,compiler::lexical_binding::lexical_0034,lexical_binding,train,google/gemma-2-9b-it,early__all__r16,0.0,0.0,0.8333333333333334,1.0,0.45833333333333337,1,11
gemma_2_9b_it,compiler::lexical_binding::lexical_0034,lexical_binding,train,google/gemma-2-9b-it,full__all__r4,0.0,0.0,1.0,0.9822064056939501,0.49555160142348753,1,11
gemma_2_9b_it,compiler::lexical_binding::lexical_0034,lexical_binding,train,google/gemma-2-9b-it,late__all__r16,0.1,0.0,1.0,0.9786476868327402,0.519661921708185,1,11
gemma_2_9b_it,compiler::lexical_binding::lexical_0034,lexical_binding,train,google/gemma-2-9b-it,middle__all__r16,0.0,0.0,1.0,0.9928825622775801,0.498220640569395,1,11
gemma_2_9b_it,compiler::lexical_binding::lexical_0035,lexical_binding,validation,google/gemma-2-9b-it,early__all__r16,0.0,0.16666666666666666,1.0,0.99644128113879,0.5407769869513642,1,11
gemma_2_9b_it,compiler::lexical_binding::lexical_0035,lexical_binding,validation,google/gemma-2-9b-it,full__all__r4,0.30000000000000004,0.16666666666666666,1.0,0.9893238434163701,0.6139976275207593,1,11
gemma_2_9b_it,compiler::lexical_binding::lexical_0035,lexical_binding,validation,google/gemma-2-9b-it,late__all__r16,0.4,0.16666666666666666,1.0,0.9750889679715302,0.6354389086595492,1,11
gemma_2_9b_it,compiler::lexical_binding::lexical_0035,lexical_binding,validation,google/gemma-2-9b-it,middle__all__r16,0.0,0.16666666666666666,1.0,0.9928825622775801,0.5398873072360617,1,11
gemma_2_9b_it,compiler::lexical_binding::lexical_0036,lexical_binding,train,google/gemma-2-9b-it,early__all__r16,0.1,0.16666666666666666,0.8333333333333334,0.99644128113879,0.5241103202846975,1,11
gemma_2_9b_it,compiler::lexical_binding::lexical_0036,lexical_binding,train,google/gemma-2-9b-it,full__all__r4,0.0,0.16666666666666666,1.0,1.0,0.5416666666666666,1,11
gemma_2_9b_it,compiler::lexical_binding::lexical_0036,lexical_binding,train,google/gemma-2-9b-it,late__all__r16,0.2,0.16666666666666666,1.0,0.9822064056939501,0.5872182680901542,1,11
gemma_2_9b_it,compiler::lexical_binding::lexical_0036,lexical_binding,train,google/gemma-2-9b-it,middle__all__r16,0.0,0.16666666666666666,1.0,0.99644128113879,0.5407769869513642,1,11
gemma_2_9b_it,compiler::lexical_binding::lexical_0037,lexical_binding,validation,google/gemma-2-9b-it,early__all__r16,0.30000000000000004,0.16666666666666666,0.6666666666666666,1.0,0.5333333333333333,1,11
gemma_2_9b_it,compiler::lexical_binding::lexical_0037,lexical_binding,validation,google/gemma-2-9b-it,full__all__r4,0.2,0.16666666666666666,0.6666666666666666,1.0,0.5083333333333333,1,11
gemma_2_9b_it,compiler::lexical_binding::lexical_0037,lexical_binding,validation,google/gemma-2-9b-it,late__all__r16,0.5,0.16666666666666666,0.6666666666666666,0.9750889679715302,0.5771055753262159,1,11
gemma_2_9b_it,compiler::lexical_binding::lexical_0037,lexical_binding,validation,google/gemma-2-9b-it,middle__all__r16,0.2,0.16666666666666666,0.6666666666666666,1.0,0.5083333333333333,1,11
gemma_2_9b_it,compiler::lexical_binding::lexical_0038,lexical_binding,test,google/gemma-2-9b-it,early__all__r16,0.0,0.0,0.8333333333333334,0.9976275207591933,0.45774021352313166,3,11|22|33
gemma_2_9b_it,compiler::lexical_binding::lexical_0038,lexical_binding,test,google/gemma-2-9b-it,full__all__r4,0.13333333333333333,0.16666666666666666,0.9444444444444445,0.9976275207591933,0.5605179913009094,3,11|22|33
gemma_2_9b_it,compiler::lexical_binding::lexical_0038,lexical_binding,test,google/gemma-2-9b-it,late__all__r16,0.20000000000000004,0.1111111111111111,0.8333333333333334,0.9845788849347569,0.5322558323448003,3,11|22|33
gemma_2_9b_it,compiler::lexical_binding::lexical_0038,lexical_binding,test,google/gemma-2-9b-it,middle__all__r16,0.3333333333333333,0.3333333333333333,0.8333333333333334,0.9988137603795967,0.6247034400948992,3,11|22|33
gemma_2_9b_it,compiler::lexical_binding::lexical_0039,lexical_binding,train,google/gemma-2-9b-it,early__all__r16,0.0,0.0,0.6666666666666666,1.0,0.41666666666666663,1,11
gemma_2_9b_it,compiler::lexical_binding::lexical_0039,lexical_binding,train,google/gemma-2-9b-it,full__all__r4,0.30000000000000004,0.16666666666666666,1.0,1.0,0.6166666666666667,1,11
gemma_2_9b_it,compiler::lexical_binding::lexical_0039,lexical_binding,train,google/gemma-2-9b-it,late__all__r16,0.2,0.16666666666666666,1.0,0.9822064056939501,0.5872182680901542,1,11
gemma_2_9b_it,compiler::lexical_binding::lexical_0039,lexical_binding,train,google/gemma-2-9b-it,middle__all__r16,0.2,0.16666666666666666,1.0,1.0,0.5916666666666667,1,11
gemma_2_9b_it,compiler::lexical_binding::lexical_0040,lexical_binding,test,google/gemma-2-9b-it,early__all__r16,0.03333333333333333,0.3333333333333333,0.7222222222222222,0.99644128113879,0.5213325425069197,3,11|22|33
gemma_2_9b_it,compiler::lexical_binding::lexical_0040,lexical_binding,test,google/gemma-2-9b-it,full__all__r4,0.23333333333333336,0.3333333333333333,0.6666666666666666,1.0,0.5583333333333333,3,11|22|33
gemma_2_9b_it,compiler::lexical_binding::lexical_0040,lexical_binding,test,google/gemma-2-9b-it,late__all__r16,0.4000000000000001,0.3333333333333333,0.6666666666666666,0.9881376037959667,0.5970344009489916,3,11|22|33
gemma_2_9b_it,compiler::lexical_binding::lexical_0040,lexical_binding,test,google/gemma-2-9b-it,middle__all__r16,0.26666666666666666,0.3333333333333333,0.6666666666666666,0.9976275207591933,0.5660735468564649,3,11|22|33
gemma_2_9b_it,compiler::lexical_binding::lexical_0041,lexical_binding,train,google/gemma-2-9b-it,early__all__r16,0.2,0.0,1.0,0.9857651245551602,0.5464412811387901,1,11
gemma_2_9b_it,compiler::lexical_binding::lexical_0041,lexical_binding,train,google/gemma-2-9b-it,full__all__r4,0.2,0.0,1.0,1.0,0.55,1,11
gemma_2_9b_it,compiler::lexical_binding::lexical_0041,lexical_binding,train,google/gemma-2-9b-it,late__all__r16,0.2,0.0,0.8333333333333334,0.9822064056939501,0.5038849347568208,1,11
gemma_2_9b_it,compiler::lexical_binding::lexical_0041,lexical_binding,train,google/gemma-2-9b-it,middle__all__r16,0.4,0.0,1.0,0.99644128113879,0.5991103202846975,1,11
gemma_2_9b_it,compiler::lexical_binding::lexical_0042,lexical_binding,validation,google/gemma-2-9b-it,early__all__r16,0.0,0.0,1.0,0.99644128113879,0.4991103202846975,1,11
gemma_2_9b_it,compiler::lexical_binding::lexical_0042,lexical_binding,validation,google/gemma-2-9b-it,full__all__r4,0.2,0.3333333333333333,0.6666666666666666,0.9928825622775801,0.548220640569395,1,11
gemma_2_9b_it,compiler::lexical_binding::lexical_0042,lexical_binding,validation,google/gemma-2-9b-it,late__all__r16,0.5,0.3333333333333333,0.6666666666666666,1.0,0.625,1,11
gemma_2_9b_it,compiler::lexical_binding::lexical_0042,lexical_binding,validation,google/gemma-2-9b-it,middle__all__r16,0.4,0.3333333333333333,0.6666666666666666,0.99644128113879,0.5991103202846975,1,11
gemma_2_9b_it,compiler::lexical_binding::lexical_0043,lexical_binding,train,google/gemma-2-9b-it,early__all__r16,0.0,0.0,0.6666666666666666,0.9893238434163701,0.4139976275207592,1,11
gemma_2_9b_it,compiler::lexical_binding::lexical_0043,lexical_binding,train,google/gemma-2-9b-it,full__all__r4,0.0,0.0,0.6666666666666666,0.9928825622775801,0.4148873072360617,1,11
gemma_2_9b_it,compiler::lexical_binding::lexical_0043,lexical_binding,train,google/gemma-2-9b-it,late__all__r16,0.0,0.0,0.6666666666666666,0.9822064056939501,0.41221826809015416,1,11
gemma_2_9b_it,compiler::lexical_binding::lexical_0043,lexical_binding,train,google/gemma-2-9b-it,middle__all__r16,0.0,0.0,0.6666666666666666,1.0,0.41666666666666663,1,11
gemma_2_9b_it,compiler::lexical_binding::lexical_0044,lexical_binding,train,google/gemma-2-9b-it,early__all__r16,0.0,0.3333333333333333,0.3333333333333333,0.9750889679715302,0.41043890865954924,1,11
gemma_2_9b_it,compiler::lexical_binding::lexical_0044,lexical_binding,train,google/gemma-2-9b-it,full__all__r4,0.1,0.3333333333333333,0.6666666666666666,0.9928825622775801,0.523220640569395,1,11
gemma_2_9b_it,compiler::lexical_binding::lexical_0044,lexical_binding,train,google/gemma-2-9b-it,late__all__r16,0.1,0.3333333333333333,0.5,0.9822064056939501,0.47888493475682087,1,11
gemma_2_9b_it,compiler::lexical_binding::lexical_0044,lexical_binding,train,google/gemma-2-9b-it,middle__all__r16,0.0,0.3333333333333333,0.6666666666666666,1.0,0.5,1,11
gemma_2_9b_it,compiler::lexical_binding::lexical_0045,lexical_binding,train,google/gemma-2-9b-it,early__all__r16,0.0,0.0,0.8333333333333334,0.9928825622775801,0.45655397390272834,1,11
gemma_2_9b_it,compiler::lexical_binding::lexical_0045,lexical_binding,train,google/gemma-2-9b-it,full__all__r4,0.30000000000000004,0.16666666666666666,1.0,0.9857651245551602,0.6131079478054567,1,11
gemma_2_9b_it,compiler::lexical_binding::lexical_0045,lexical_binding,train,google/gemma-2-9b-it,late__all__r16,0.30000000000000004,0.16666666666666666,1.0,0.9750889679715302,0.6104389086595492,1,11
gemma_2_9b_it,compiler::lexical_binding::lexical_0045,lexical_binding,train,google/gemma-2-9b-it,middle__all__r16,0.30000000000000004,0.3333333333333333,1.0,1.0,0.6583333333333333,1,11
gemma_2_9b_it,compiler::lexical_binding::lexical_0046,lexical_binding,train,google/gemma-2-9b-it,early__all__r16,0.1,0.0,0.8333333333333334,0.9857651245551602,0.4797746144721234,1,11
gemma_2_9b_it,compiler::lexical_binding::lexical_0046,lexical_binding,train,google/gemma-2-9b-it,full__all__r4,0.30000000000000004,0.0,0.8333333333333334,0.9893238434163701,0.5306642941874259,1,11
gemma_2_9b_it,compiler::lexical_binding::lexical_0046,lexical_binding,train,google/gemma-2-9b-it,late__all__r16,0.30000000000000004,0.0,0.8333333333333334,0.9750889679715302,0.5271055753262159,1,11
gemma_2_9b_it,compiler::lexical_binding::lexical_0046,lexical_binding,train,google/gemma-2-9b-it,middle__all__r16,0.4,0.3333333333333333,0.8333333333333334,1.0,0.6416666666666667,1,11
gemma_2_9b_it,compiler::lexical_binding::lexical_0047,lexical_binding,train,google/gemma-2-9b-it,early__all__r16,0.4,0.3333333333333333,0.6666666666666666,0.9893238434163701,0.5973309608540925,1,11
gemma_2_9b_it,compiler::lexical_binding::lexical_0047,lexical_binding,train,google/gemma-2-9b-it,full__all__r4,0.1,0.3333333333333333,1.0,0.9893238434163701,0.6056642941874258,1,11
gemma_2_9b_it,compiler::lexical_binding::lexical_0047,lexical_binding,train,google/gemma-2-9b-it,late__all__r16,0.1,0.16666666666666666,0.8333333333333334,0.9822064056939501,0.5205516014234876,1,11
gemma_2_9b_it,compiler::lexical_binding::lexical_0047,lexical_binding,train,google/gemma-2-9b-it,middle__all__r16,0.2,0.3333333333333333,0.8333333333333334,1.0,0.5916666666666667,1,11
gemma_2_9b_it,compiler::lexical_binding::lexical_0048,lexical_binding,train,google/gemma-2-9b-it,early__all__r16,0.0,0.0,0.5,1.0,0.375,1,11
gemma_2_9b_it,compiler::lexical_binding::lexical_0048,lexical_binding,train,google/gemma-2-9b-it,full__all__r4,0.1,0.3333333333333333,0.6666666666666666,1.0,0.525,1,11
gemma_2_9b_it,compiler::lexical_binding::lexical_0048,lexical_binding,train,google/gemma-2-9b-it,late__all__r16,0.6000000000000001,0.3333333333333333,0.6666666666666666,0.9928825622775801,0.648220640569395,1,11
gemma_2_9b_it,compiler::lexical_binding::lexical_0048,lexical_binding,train,google/gemma-2-9b-it,middle__all__r16,0.0,0.3333333333333333,0.6666666666666666,1.0,0.5,1,11
gemma_2_9b_it,compiler::lexical_binding::lexical_0049,lexical_binding,train,google/gemma-2-9b-it,early__all__r16,0.0,0.3333333333333333,0.6666666666666666,0.99644128113879,0.4991103202846975,1,11
gemma_2_9b_it,compiler::lexical_binding::lexical_0049,lexical_binding,train,google/gemma-2-9b-it,full__all__r4,0.0,0.3333333333333333,1.0,0.9893238434163701,0.5806642941874258,1,11
gemma_2_9b_it,compiler::lexical_binding::lexical_0049,lexical_binding,train,google/gemma-2-9b-it,late__all__r16,0.2,0.3333333333333333,1.0,0.9715302491103203,0.6262158956109134,1,11
gemma_2_9b_it,compiler::lexical_binding::lexical_0049,lexical_binding,train,google/gemma-2-9b-it,middle__all__r16,0.0,0.3333333333333333,1.0,1.0,0.5833333333333334,1,11
gemma_2_9b_it,compiler::lexical_binding::lexical_0050,lexical_binding,test,google/gemma-2-9b-it,early__all__r16,0.0,0.0,0.5,0.9916963226571768,0.37292408066429417,3,11|22|33
gemma_2_9b_it,compiler::lexical_binding::lexical_0050,lexical_binding,test,google/gemma-2-9b-it,full__all__r4,0.13333333333333333,0.0,0.6666666666666666,1.0,0.45,3,11|22|33
gemma_2_9b_it,compiler::lexical_binding::lexical_0050,lexical_binding,test,google/gemma-2-9b-it,late__all__r16,0.30000000000000004,0.0,0.6666666666666666,0.9928825622775802,0.4898873072360617,3,11|22|33
gemma_2_9b_it,compiler::lexical_binding::lexical_0050,lexical_binding,test,google/gemma-2-9b-it,middle__all__r16,0.10000000000000002,0.0,0.6666666666666666,0.9940688018979834,0.44018386714116253,3,11|22|33
gemma_2_9b_it,compiler::lexical_binding::lexical_0051,lexical_binding,validation,google/gemma-2-9b-it,early__all__r16,0.7,0.5,1.0,1.0,0.8,1,11
gemma_2_9b_it,compiler::lexical_binding::lexical_0051,lexical_binding,validation,google/gemma-2-9b-it,full__all__r4,0.30000000000000004,0.16666666666666666,1.0,1.0,0.6166666666666667,1,11
gemma_2_9b_it,compiler::lexical_binding::lexical_0051,lexical_binding,validation,google/gemma-2-9b-it,late__all__r16,0.1,0.16666666666666666,1.0,0.9786476868327402,0.5613285883748517,1,11
gemma_2_9b_it,compiler::lexical_binding::lexical_0051,lexical_binding,validation,google/gemma-2-9b-it,middle__all__r16,0.30000000000000004,0.16666666666666666,1.0,1.0,0.6166666666666667,1,11
gemma_2_9b_it,compiler::lexical_binding::lexical_0052,lexical_binding,train,google/gemma-2-9b-it,early__all__r16,0.8,0.3333333333333333,1.0,0.99644128113879,0.7824436536180308,1,11
gemma_2_9b_it,compiler::lexical_binding::lexical_0052,lexical_binding,train,google/gemma-2-9b-it,full__all__r4,0.30000000000000004,0.3333333333333333,1.0,0.99644128113879,0.6574436536180308,1,11
gemma_2_9b_it,compiler::lexical_binding::lexical_0052,lexical_binding,train,google/gemma-2-9b-it,late__all__r16,0.0,0.3333333333333333,0.8333333333333334,0.9857651245551602,0.5381079478054567,1,11
gemma_2_9b_it,compiler::lexical_binding::lexical_0052,lexical_binding,train,google/gemma-2-9b-it,middle__all__r16,0.4,0.3333333333333333,1.0,1.0,0.6833333333333333,1,11
gemma_2_9b_it,compiler::lexical_binding::lexical_0053,lexical_binding,train,google/gemma-2-9b-it,early__all__r16,0.0,0.16666666666666666,0.8333333333333334,1.0,0.5,1,11
gemma_2_9b_it,compiler::lexical_binding::lexical_0053,lexical_binding,train,google/gemma-2-9b-it,full__all__r4,0.30000000000000004,0.16666666666666666,1.0,1.0,0.6166666666666667,1,11
gemma_2_9b_it,compiler::lexical_binding::lexical_0053,lexical_binding,train,google/gemma-2-9b-it,late__all__r16,0.30000000000000004,0.0,0.8333333333333334,0.9822064056939501,0.5288849347568209,1,11
gemma_2_9b_it,compiler::lexical_binding::lexical_0053,lexical_binding,train,google/gemma-2-9b-it,middle__all__r16,0.30000000000000004,0.3333333333333333,1.0,0.99644128113879,0.6574436536180308,1,11
gemma_2_9b_it,compiler::lexical_binding::lexical_0054,lexical_binding,train,google/gemma-2-9b-it,early__all__r16,0.0,0.16666666666666666,1.0,0.9644128113879004,0.5327698695136418,1,11
gemma_2_9b_it,compiler::lexical_binding::lexical_0054,lexical_binding,train,google/gemma-2-9b-it,full__all__r4,0.0,0.16666666666666666,1.0,0.9822064056939501,0.5372182680901542,1,11
gemma_2_9b_it,compiler::lexical_binding::lexical_0054,lexical_binding,train,google/gemma-2-9b-it,late__all__r16,0.0,0.16666666666666666,1.0,0.9786476868327402,0.5363285883748518,1,11
gemma_2_9b_it,compiler::lexical_binding::lexical_0054,lexical_binding,train,google/gemma-2-9b-it,middle__all__r16,0.0,0.16666666666666666,1.0,1.0,0.5416666666666666,1,11
gemma_2_9b_it,compiler::lexical_binding::lexical_0055,lexical_binding,train,google/gemma-2-9b-it,early__all__r16,1.0,0.8333333333333334,0.5,1.0,0.8333333333333334,1,11
gemma_2_9b_it,compiler::lexical_binding::lexical_0055,lexical_binding,train,google/gemma-2-9b-it,full__all__r4,0.30000000000000004,0.16666666666666666,0.8333333333333334,1.0,0.5750000000000001,1,11
gemma_2_9b_it,compiler::lexical_binding::lexical_0055,lexical_binding,train,google/gemma-2-9b-it,late__all__r16,0.30000000000000004,0.16666666666666666,0.8333333333333334,0.9822064056939501,0.5705516014234876,1,11
gemma_2_9b_it,compiler::lexical_binding::lexical_0055,lexical_binding,train,google/gemma-2-9b-it,middle__all__r16,0.5,0.3333333333333333,1.0,0.9928825622775801,0.7065539739027283,1,11
gemma_2_9b_it,compiler::lexical_binding::lexical_0056,lexical_binding,test,google/gemma-2-9b-it,early__all__r16,0.0,0.16666666666666666,0.5,0.9928825622775802,0.4148873072360617,3,11|22|33
gemma_2_9b_it,compiler::lexical_binding::lexical_0056,lexical_binding,test,google/gemma-2-9b-it,full__all__r4,0.0,0.16666666666666666,0.6666666666666666,1.0,0.4583333333333333,3,11|22|33
gemma_2_9b_it,compiler::lexical_binding::lexical_0056,lexical_binding,test,google/gemma-2-9b-it,late__all__r16,0.23333333333333336,0.16666666666666666,0.6666666666666666,0.9869513641755635,0.5134045077105576,3,11|22|33
gemma_2_9b_it,compiler::lexical_binding::lexical_0056,lexical_binding,test,google/gemma-2-9b-it,middle__all__r16,0.0,0.16666666666666666,0.7777777777777777,0.9988137603795967,0.48581455120601025,3,11|22|33
gemma_2_9b_it,compiler::lexical_binding::lexical_0057,lexical_binding,train,google/gemma-2-9b-it,early__all__r16,0.0,0.0,1.0,0.99644128113879,0.4991103202846975,1,11
gemma_2_9b_it,compiler::lexical_binding::lexical_0057,lexical_binding,train,google/gemma-2-9b-it,full__all__r4,0.5,0.16666666666666666,1.0,0.99644128113879,0.6657769869513642,1,11
gemma_2_9b_it,compiler::lexical_binding::lexical_0057,lexical_binding,train,google/gemma-2-9b-it,late__all__r16,0.5,0.5,1.0,0.9786476868327402,0.744661921708185,1,11
gemma_2_9b_it,compiler::lexical_binding::lexical_0057,lexical_binding,train,google/gemma-2-9b-it,middle__all__r16,0.5,0.3333333333333333,1.0,1.0,0.7083333333333334,1,11
gemma_2_9b_it,compiler::lexical_binding::lexical_0058,lexical_binding,train,google/gemma-2-9b-it,early__all__r16,0.0,0.0,0.3333333333333333,0.99644128113879,0.33244365361803085,1,11
gemma_2_9b_it,compiler::lexical_binding::lexical_0058,lexical_binding,train,google/gemma-2-9b-it,full__all__r4,0.2,0.3333333333333333,0.6666666666666666,0.9893238434163701,0.5473309608540925,1,11
gemma_2_9b_it,compiler::lexical_binding::lexical_0058,lexical_binding,train,google/gemma-2-9b-it,late__all__r16,0.2,0.16666666666666666,0.6666666666666666,0.9857651245551602,0.5047746144721234,1,11
gemma_2_9b_it,compiler::lexical_binding::lexical_0058,lexical_binding,train,google/gemma-2-9b-it,middle__all__r16,0.0,0.16666666666666666,0.6666666666666666,1.0,0.4583333333333333,1,11
gemma_2_9b_it,compiler::lexical_binding::lexical_0059,lexical_binding,train,google/gemma-2-9b-it,early__all__r16,0.0,0.16666666666666666,0.6666666666666666,0.9893238434163701,0.4556642941874259,1,11
gemma_2_9b_it,compiler::lexical_binding::lexical_0059,lexical_binding,train,google/gemma-2-9b-it,full__all__r4,0.0,0.16666666666666666,0.6666666666666666,0.99644128113879,0.45744365361803085,1,11
gemma_2_9b_it,compiler::lexical_binding::lexical_0059,lexical_binding,train,google/gemma-2-9b-it,late__all__r16,0.4,0.16666666666666666,0.6666666666666666,0.9786476868327402,0.5529952550415184,1,11
gemma_2_9b_it,compiler::lexical_binding::lexical_0059,lexical_binding,train,google/gemma-2-9b-it,middle__all__r16,0.0,0.16666666666666666,0.6666666666666666,0.99644128113879,0.45744365361803085,1,11
gemma_2_9b_it,compiler::lexical_binding::lexical_0060,lexical_binding,train,google/gemma-2-9b-it,early__all__r16,1.0,0.6666666666666666,1.0,1.0,0.9166666666666666,1,11
gemma_2_9b_it,compiler::lexical_binding::lexical_0060,lexical_binding,train,google/gemma-2-9b-it,full__all__r4,0.4,0.3333333333333333,1.0,0.99644128113879,0.6824436536180308,1,11
gemma_2_9b_it,compiler::lexical_binding::lexical_0060,lexical_binding,train,google/gemma-2-9b-it,late__all__r16,0.4,0.3333333333333333,1.0,0.9928825622775801,0.6815539739027283,1,11
gemma_2_9b_it,compiler::lexical_binding::lexical_0060,lexical_binding,train,google/gemma-2-9b-it,middle__all__r16,0.30000000000000004,0.3333333333333333,1.0,1.0,0.6583333333333333,1,11
gemma_2_9b_it,compiler::lexical_binding::lexical_0061,lexical_binding,train,google/gemma-2-9b-it,early__all__r16,0.0,0.0,0.3333333333333333,0.9928825622775801,0.33155397390272834,1,11
gemma_2_9b_it,compiler::lexical_binding::lexical_0061,lexical_binding,train,google/gemma-2-9b-it,full__all__r4,0.2,0.3333333333333333,0.6666666666666666,0.9928825622775801,0.548220640569395,1,11
gemma_2_9b_it,compiler::lexical_binding::lexical_0061,lexical_binding,train,google/gemma-2-9b-it,late__all__r16,0.2,0.16666666666666666,0.6666666666666666,0.9857651245551602,0.5047746144721234,1,11
gemma_2_9b_it,compiler::lexical_binding::lexical_0061,lexical_binding,train,google/gemma-2-9b-it,middle__all__r16,0.0,0.3333333333333333,0.8333333333333334,1.0,0.5416666666666666,1,11
gemma_2_9b_it,compiler::lexical_binding::lexical_0062,lexical_binding,test,google/gemma-2-9b-it,early__all__r16,0.03333333333333333,0.27777777777777773,0.8888888888888888,0.9940688018979834,0.5485172004744958,3,11|22|33
gemma_2_9b_it,compiler::lexical_binding::lexical_0062,lexical_binding,test,google/gemma-2-9b-it,full__all__r4,0.10000000000000002,0.27777777777777773,0.8333333333333334,0.9916963226571768,0.550701858442072,3,11|22|33
gemma_2_9b_it,compiler::lexical_binding::lexical_0062,lexical_binding,test,google/gemma-2-9b-it,late__all__r16,0.16666666666666666,0.3333333333333333,0.8333333333333334,0.9905100830367735,0.5809608540925267,3,11|22|33
gemma_2_9b_it,compiler::lexical_binding::lexical_0062,lexical_binding,test,google/gemma-2-9b-it,middle__all__r16,0.13333333333333333,0.5,1.0,0.99644128113879,0.6574436536180308,3,11|22|33
gemma_2_9b_it,compiler::lexical_binding::lexical_0063,lexical_binding,validation,google/gemma-2-9b-it,early__all__r16,0.2,0.0,1.0,0.9928825622775801,0.548220640569395,1,11
gemma_2_9b_it,compiler::lexical_binding::lexical_0063,lexical_binding,validation,google/gemma-2-9b-it,full__all__r4,0.4,0.3333333333333333,1.0,0.99644128113879,0.6824436536180308,1,11
gemma_2_9b_it,compiler::lexical_binding::lexical_0063,lexical_binding,validation,google/gemma-2-9b-it,late__all__r16,0.4,0.3333333333333333,1.0,0.9750889679715302,0.6771055753262158,1,11
gemma_2_9b_it,compiler::lexical_binding::lexical_0063,lexical_binding,validation,google/gemma-2-9b-it,middle__all__r16,0.6000000000000001,0.3333333333333333,1.0,1.0,0.7333333333333334,1,11
gemma_2_9b_it,compiler::lexical_binding::lexical_0064,lexical_binding,train,google/gemma-2-9b-it,early__all__r16,0.1,0.3333333333333333,1.0,1.0,0.6083333333333333,1,11
gemma_2_9b_it,compiler::lexical_binding::lexical_0064,lexical_binding,train,google/gemma-2-9b-it,full__all__r4,0.2,0.5,1.0,0.9893238434163701,0.6723309608540925,1,11
gemma_2_9b_it,compiler::lexical_binding::lexical_0064,lexical_binding,train,google/gemma-2-9b-it,late__all__r16,0.4,0.3333333333333333,1.0,0.9786476868327402,0.6779952550415184,1,11
gemma_2_9b_it,compiler::lexical_binding::lexical_0064,lexical_binding,train,google/gemma-2-9b-it,middle__all__r16,0.0,0.5,1.0,0.99644128113879,0.6241103202846975,1,11
gemma_2_9b_it,compiler::lexical_binding::lexical_0065,lexical_binding,validation,google/gemma-2-9b-it,early__all__r16,0.4,0.5,0.8333333333333334,1.0,0.6833333333333333,1,11
gemma_2_9b_it,compiler::lexical_binding::lexical_0065,lexical_binding,validation,google/gemma-2-9b-it,full__all__r4,0.2,0.5,1.0,0.9928825622775801,0.673220640569395,1,11
gemma_2_9b_it,compiler::lexical_binding::lexical_0065,lexical_binding,validation,google/gemma-2-9b-it,late__all__r16,0.30000000000000004,0.5,1.0,0.9786476868327402,0.6946619217081851,1,11
gemma_2_9b_it,compiler::lexical_binding::lexical_0065,lexical_binding,validation,google/gemma-2-9b-it,middle__all__r16,0.30000000000000004,0.5,1.0,1.0,0.7,1,11
gemma_2_9b_it,compiler::lexical_binding::lexical_0066,lexical_binding,validation,google/gemma-2-9b-it,early__all__r16,1.0,0.5,1.0,0.99644128113879,0.8741103202846975,1,11
gemma_2_9b_it,compiler::lexical_binding::lexical_0066,lexical_binding,validation,google/gemma-2-9b-it,full__all__r4,0.2,0.0,1.0,1.0,0.55,1,11
gemma_2_9b_it,compiler::lexical_binding::lexical_0066,lexical_binding,validation,google/gemma-2-9b-it,late__all__r16,0.4,0.3333333333333333,1.0,0.9893238434163701,0.6806642941874259,1,11
gemma_2_9b_it,compiler::lexical_binding::lexical_0066,lexical_binding,validation,google/gemma-2-9b-it,middle__all__r16,0.1,0.0,1.0,1.0,0.525,1,11
gemma_2_9b_it,compiler::lexical_binding::lexical_0067,lexical_binding,train,google/gemma-2-9b-it,early__all__r16,0.0,0.16666666666666666,0.8333333333333334,1.0,0.5,1,11
gemma_2_9b_it,compiler::lexical_binding::lexical_0067,lexical_binding,train,google/gemma-2-9b-it,full__all__r4,0.0,0.0,0.8333333333333334,0.9928825622775801,0.45655397390272834,1,11
gemma_2_9b_it,compiler::lexical_binding::lexical_0067,lexical_binding,train,google/gemma-2-9b-it,late__all__r16,0.2,0.0,0.8333333333333334,0.9786476868327402,0.5029952550415184,1,11
gemma_2_9b_it,compiler::lexical_binding::lexical_0067,lexical_binding,train,google/gemma-2-9b-it,middle__all__r16,0.0,0.0,0.8333333333333334,1.0,0.45833333333333337,1,11
gemma_2_9b_it,compiler::lexical_binding::lexical_0068,lexical_binding,train,google/gemma-2-9b-it,early__all__r16,0.0,0.3333333333333333,0.8333333333333334,1.0,0.5416666666666666,1,11
gemma_2_9b_it,compiler::lexical_binding::lexical_0068,lexical_binding,train,google/gemma-2-9b-it,full__all__r4,0.4,0.5,1.0,1.0,0.725,1,11
gemma_2_9b_it,compiler::lexical_binding::lexical_0068,lexical_binding,train,google/gemma-2-9b-it,late__all__r16,0.30000000000000004,0.3333333333333333,0.8333333333333334,0.9750889679715302,0.6104389086595492,1,11
gemma_2_9b_it,compiler::lexical_binding::lexical_0068,lexical_binding,train,google/gemma-2-9b-it,middle__all__r16,0.0,0.3333333333333333,1.0,0.99644128113879,0.5824436536180309,1,11
gemma_2_9b_it,compiler::lexical_binding::lexical_0069,lexical_binding,train,google/gemma-2-9b-it,early__all__r16,0.1,0.3333333333333333,0.8333333333333334,1.0,0.5666666666666667,1,11
gemma_2_9b_it,compiler::lexical_binding::lexical_0069,lexical_binding,train,google/gemma-2-9b-it,full__all__r4,0.30000000000000004,0.3333333333333333,1.0,0.9893238434163701,0.6556642941874259,1,11
gemma_2_9b_it,compiler::lexical_binding::lexical_0069,lexical_binding,train,google/gemma-2-9b-it,late__all__r16,0.7,0.3333333333333333,0.8333333333333334,0.9822064056939501,0.7122182680901542,1,11
gemma_2_9b_it,compiler::lexical_binding::lexical_0069,lexical_binding,train,google/gemma-2-9b-it,middle__all__r16,0.0,0.16666666666666666,1.0,1.0,0.5416666666666666,1,11
gemma_2_9b_it,compiler::lexical_binding::lexical_0070,lexical_binding,train,google/gemma-2-9b-it,early__all__r16,0.0,0.16666666666666666,0.8333333333333334,1.0,0.5,1,11
gemma_2_9b_it,compiler::lexical_binding::lexical_0070,lexical_binding,train,google/gemma-2-9b-it,full__all__r4,0.4,0.16666666666666666,0.8333333333333334,0.9822064056939501,0.5955516014234875,1,11
gemma_2_9b_it,compiler::lexical_binding::lexical_0070,lexical_binding,train,google/gemma-2-9b-it,late__all__r16,0.4,0.16666666666666666,0.8333333333333334,0.9822064056939501,0.5955516014234875,1,11
gemma_2_9b_it,compiler::lexical_binding::lexical_0070,lexical_binding,train,google/gemma-2-9b-it,middle__all__r16,0.4,0.16666666666666666,1.0,0.99644128113879,0.6407769869513642,1,11
gemma_2_9b_it,compiler::lexical_binding::lexical_0071,lexical_binding,validation,google/gemma-2-9b-it,early__all__r16,0.1,0.0,0.5,0.99644128113879,0.3991103202846975,1,11
gemma_2_9b_it,compiler::lexical_binding::lexical_0071,lexical_binding,validation,google/gemma-2-9b-it,full__all__r4,0.2,0.0,0.8333333333333334,0.99644128113879,0.5074436536180309,1,11
gemma_2_9b_it,compiler::lexical_binding::lexical_0071,lexical_binding,validation,google/gemma-2-9b-it,late__all__r16,0.1,0.0,0.6666666666666666,0.9822064056939501,0.4372182680901542,1,11
gemma_2_9b_it,compiler::lexical_binding::lexical_0071,lexical_binding,validation,google/gemma-2-9b-it,middle__all__r16,0.1,0.0,0.8333333333333334,0.9928825622775801,0.48155397390272836,1,11
gemma_2_9b_it,compiler::lexical_binding::lexical_0072,lexical_binding,train,google/gemma-2-9b-it,early__all__r16,0.2,0.16666666666666666,0.6666666666666666,1.0,0.5083333333333333,1,11
gemma_2_9b_it,compiler::lexical_binding::lexical_0072,lexical_binding,train,google/gemma-2-9b-it,full__all__r4,0.2,0.0,0.6666666666666666,1.0,0.4666666666666667,1,11
gemma_2_9b_it,compiler::lexical_binding::lexical_0072,lexical_binding,train,google/gemma-2-9b-it,late__all__r16,0.2,0.0,0.6666666666666666,0.9857651245551602,0.4631079478054567,1,11
gemma_2_9b_it,compiler::lexical_binding::lexical_0072,lexical_binding,train,google/gemma-2-9b-it,middle__all__r16,0.30000000000000004,0.0,0.6666666666666666,0.9928825622775801,0.48988730723606166,1,11
gemma_2_9b_it,compiler::lexical_binding::lexical_0073,lexical_binding,test,google/gemma-2-9b-it,early__all__r16,0.6,0.5,1.0,0.9893238434163701,0.7723309608540925,3,11|22|33
gemma_2_9b_it,compiler::lexical_binding::lexical_0073,lexical_binding,test,google/gemma-2-9b-it,full__all__r4,0.20000000000000004,0.27777777777777773,0.8333333333333334,0.9928825622775802,0.5759984183471728,3,11|22|33
gemma_2_9b_it,compiler::lexical_binding::lexical_0073,lexical_binding,test,google/gemma-2-9b-it,late__all__r16,0.13333333333333333,0.16666666666666666,0.888888888888889,0.9798339264531436,0.5421807038355081,3,11|22|33
gemma_2_9b_it,compiler::lexical_binding::lexical_0073,lexical_binding,test,google/gemma-2-9b-it,middle__all__r16,0.13333333333333333,0.3333333333333333,1.0,1.0,0.6166666666666667,3,11|22|33
gemma_2_9b_it,compiler::lexical_binding::lexical_0074,lexical_binding,train,google/gemma-2-9b-it,early__all__r16,0.0,0.3333333333333333,0.6666666666666666,0.99644128113879,0.4991103202846975,1,11
gemma_2_9b_it,compiler::lexical_binding::lexical_0074,lexical_binding,train,google/gemma-2-9b-it,full__all__r4,0.0,0.3333333333333333,0.8333333333333334,0.9893238434163701,0.5389976275207592,1,11
gemma_2_9b_it,compiler::lexical_binding::lexical_0074,lexical_binding,train,google/gemma-2-9b-it,late__all__r16,0.2,0.3333333333333333,0.8333333333333334,0.9786476868327402,0.5863285883748517,1,11
gemma_2_9b_it,compiler::lexical_binding::lexical_0074,lexical_binding,train,google/gemma-2-9b-it,middle__all__r16,0.0,0.3333333333333333,1.0,0.9857651245551602,0.5797746144721234,1,11
gemma_2_9b_it,compiler::lexical_binding::lexical_0075,lexical_binding,train,google/gemma-2-9b-it,early__all__r16,0.0,0.3333333333333333,0.6666666666666666,1.0,0.5,1,11
gemma_2_9b_it,compiler::lexical_binding::lexical_0075,lexical_binding,train,google/gemma-2-9b-it,full__all__r4,0.4,0.3333333333333333,0.6666666666666666,0.99644128113879,0.5991103202846975,1,11
gemma_2_9b_it,compiler::lexical_binding::lexical_0075,lexical_binding,train,google/gemma-2-9b-it,late__all__r16,0.5,0.3333333333333333,0.6666666666666666,0.9786476868327402,0.619661921708185,1,11
gemma_2_9b_it,compiler::lexical_binding::lexical_0075,lexical_binding,train,google/gemma-2-9b-it,middle__all__r16,0.4,0.3333333333333333,0.6666666666666666,1.0,0.6,1,11
gemma_2_9b_it,compiler::lexical_binding::lexical_0076,lexical_binding,train,google/gemma-2-9b-it,early__all__r16,0.0,0.0,0.6666666666666666,1.0,0.41666666666666663,1,11
gemma_2_9b_it,compiler::lexical_binding::lexical_0076,lexical_binding,train,google/gemma-2-9b-it,full__all__r4,0.2,0.0,0.6666666666666666,1.0,0.4666666666666667,1,11
gemma_2_9b_it,compiler::lexical_binding::lexical_0076,lexical_binding,train,google/gemma-2-9b-it,late__all__r16,0.2,0.0,0.6666666666666666,0.9822064056939501,0.4622182680901542,1,11
gemma_2_9b_it,compiler::lexical_binding::lexical_0076,lexical_binding,train,google/gemma-2-9b-it,middle__all__r16,0.1,0.0,0.6666666666666666,0.99644128113879,0.4407769869513642,1,11
gemma_2_9b_it,compiler::lexical_binding::lexical_0077,lexical_binding,test,google/gemma-2-9b-it,early__all__r16,0.0,0.0,0.16666666666666666,0.9893238434163701,0.2889976275207592,3,11|22|33
gemma_2_9b_it,compiler::lexical_binding::lexical_0077,lexical_binding,test,google/gemma-2-9b-it,full__all__r4,0.20000000000000004,0.0,0.5,0.9952550415183867,0.42381376037959667,3,11|22|33
gemma_2_9b_it,compiler::lexical_binding::lexical_0077,lexical_binding,test,google/gemma-2-9b-it,late__all__r16,0.30000000000000004,0.0,0.5,0.9750889679715303,0.44377224199288257,3,11|22|33
gemma_2_9b_it,compiler::lexical_binding::lexical_0077,lexical_binding,test,google/gemma-2-9b-it,middle__all__r16,0.23333333333333336,0.1111111111111111,0.5555555555555555,0.9952550415183867,0.47381376037959666,3,11|22|33
gemma_2_9b_it,compiler::lexical_binding::lexical_0078,lexical_binding,train,google/gemma-2-9b-it,early__all__r16,0.4,0.6666666666666666,1.0,1.0,0.7666666666666666,1,11
gemma_2_9b_it,compiler::lexical_binding::lexical_0078,lexical_binding,train,google/gemma-2-9b-it,full__all__r4,0.4,0.3333333333333333,1.0,0.9928825622775801,0.6815539739027283,1,11
gemma_2_9b_it,compiler::lexical_binding::lexical_0078,lexical_binding,train,google/gemma-2-9b-it,late__all__r16,0.2,0.3333333333333333,1.0,0.9715302491103203,0.6262158956109134,1,11
gemma_2_9b_it,compiler::lexical_binding::lexical_0078,lexical_binding,train,google/gemma-2-9b-it,middle__all__r16,0.2,0.3333333333333333,1.0,1.0,0.6333333333333333,1,11
gemma_2_9b_it,compiler::lexical_binding::lexical_0079,lexical_binding,train,google/gemma-2-9b-it,early__all__r16,0.1,0.3333333333333333,0.8333333333333334,1.0,0.5666666666666667,1,11
gemma_2_9b_it,compiler::lexical_binding::lexical_0079,lexical_binding,train,google/gemma-2-9b-it,full__all__r4,0.4,0.3333333333333333,1.0,1.0,0.6833333333333333,1,11
gemma_2_9b_it,compiler::lexical_binding::lexical_0079,lexical_binding,train,google/gemma-2-9b-it,late__all__r16,0.4,0.3333333333333333,1.0,0.9786476868327402,0.6779952550415184,1,11
gemma_2_9b_it,compiler::lexical_binding::lexical_0079,lexical_binding,train,google/gemma-2-9b-it,middle__all__r16,0.0,0.3333333333333333,1.0,1.0,0.5833333333333334,1,11
gemma_2_9b_it,compiler::lexical_binding::lexical_0080,lexical_binding,train,google/gemma-2-9b-it,early__all__r16,0.0,0.3333333333333333,0.8333333333333334,0.99644128113879,0.5407769869513642,1,11
gemma_2_9b_it,compiler::lexical_binding::lexical_0080,lexical_binding,train,google/gemma-2-9b-it,full__all__r4,0.2,0.3333333333333333,1.0,1.0,0.6333333333333333,1,11
gemma_2_9b_it,compiler::lexical_binding::lexical_0080,lexical_binding,train,google/gemma-2-9b-it,late__all__r16,0.2,0.3333333333333333,0.8333333333333334,0.9928825622775801,0.5898873072360618,1,11
gemma_2_9b_it,compiler::lexical_binding::lexical_0080,lexical_binding,train,google/gemma-2-9b-it,middle__all__r16,0.2,0.3333333333333333,1.0,1.0,0.6333333333333333,1,11
gemma_2_9b_it,compiler::lexical_binding::lexical_0081,lexical_binding,train,google/gemma-2-9b-it,early__all__r16,0.0,0.0,0.8333333333333334,0.99644128113879,0.45744365361803085,1,11
gemma_2_9b_it,compiler::lexical_binding::lexical_0081,lexical_binding,train,google/gemma-2-9b-it,full__all__r4,0.2,0.16666666666666666,1.0,0.9893238434163701,0.5889976275207592,1,11
gemma_2_9b_it,compiler::lexical_binding::lexical_0081,lexical_binding,train,google/gemma-2-9b-it,late__all__r16,0.30000000000000004,0.16666666666666666,1.0,0.9822064056939501,0.6122182680901542,1,11
gemma_2_9b_it,compiler::lexical_binding::lexical_0081,lexical_binding,train,google/gemma-2-9b-it,middle__all__r16,0.2,0.0,1.0,1.0,0.55,1,11
gemma_2_9b_it,compiler::lexical_binding::lexical_0082,lexical_binding,train,google/gemma-2-9b-it,early__all__r16,0.1,0.3333333333333333,0.5,1.0,0.48333333333333334,1,11
gemma_2_9b_it,compiler::lexical_binding::lexical_0082,lexical_binding,train,google/gemma-2-9b-it,full__all__r4,0.30000000000000004,0.3333333333333333,0.6666666666666666,0.99644128113879,0.5741103202846976,1,11
gemma_2_9b_it,compiler::lexical_binding::lexical_0082,lexical_binding,train,google/gemma-2-9b-it,late__all__r16,0.5,0.0,0.6666666666666666,0.9893238434163701,0.5389976275207592,1,11
gemma_2_9b_it,compiler::lexical_binding::lexical_0082,lexical_binding,train,google/gemma-2-9b-it,middle__all__r16,0.5,0.3333333333333333,0.8333333333333334,0.99644128113879,0.6657769869513642,1,11
gemma_2_9b_it,compiler::lexical_binding::lexical_0083,lexical_binding,train,google/gemma-2-9b-it,early__all__r16,0.2,0.0,1.0,1.0,0.55,1,11
gemma_2_9b_it,compiler::lexical_binding::lexical_0083,lexical_binding,train,google/gemma-2-9b-it,full__all__r4,0.5,0.16666666666666666,1.0,1.0,0.6666666666666666,1,11
gemma_2_9b_it,compiler::lexical_binding::lexical_0083,lexical_binding,train,google/gemma-2-9b-it,late__all__r16,0.2,0.16666666666666666,0.8333333333333334,0.9715302491103203,0.54288256227758,1,11
gemma_2_9b_it,compiler::lexical_binding::lexical_0083,lexical_binding,train,google/gemma-2-9b-it,middle__all__r16,0.2,0.3333333333333333,1.0,1.0,0.6333333333333333,1,11
gemma_2_9b_it,compiler::lexical_binding::lexical_0084,lexical_binding,train,google/gemma-2-9b-it,early__all__r16,0.2,0.16666666666666666,1.0,0.99644128113879,0.5907769869513642,1,11
gemma_2_9b_it,compiler::lexical_binding::lexical_0084,lexical_binding,train,google/gemma-2-9b-it,full__all__r4,0.2,0.16666666666666666,1.0,1.0,0.5916666666666667,1,11
gemma_2_9b_it,compiler::lexical_binding::lexical_0084,lexical_binding,train,google/gemma-2-9b-it,late__all__r16,0.2,0.16666666666666666,1.0,0.9786476868327402,0.5863285883748517,1,11
gemma_2_9b_it,compiler::lexical_binding::lexical_0084,lexical_binding,train,google/gemma-2-9b-it,middle__all__r16,0.2,0.16666666666666666,1.0,0.9893238434163701,0.5889976275207592,1,11
gemma_2_9b_it,compiler::lexical_binding::lexical_0085,lexical_binding,validation,google/gemma-2-9b-it,early__all__r16,0.5,0.3333333333333333,1.0,0.99644128113879,0.7074436536180309,1,11
gemma_2_9b_it,compiler::lexical_binding::lexical_0085,lexical_binding,validation,google/gemma-2-9b-it,full__all__r4,0.3,0.3333333333333333,1.0,0.9857651245551602,0.6547746144721234,1,11
gemma_2_9b_it,compiler::lexical_binding::lexical_0085,lexical_binding,validation,google/gemma-2-9b-it,late__all__r16,0.30000000000000004,0.16666666666666666,1.0,0.9786476868327402,0.6113285883748517,1,11
gemma_2_9b_it,compiler::lexical_binding::lexical_0085,lexical_binding,validation,google/gemma-2-9b-it,middle__all__r16,0.5,0.3333333333333333,1.0,0.99644128113879,0.7074436536180309,1,11
gemma_2_9b_it,compiler::lexical_binding::lexical_0086,lexical_binding,train,google/gemma-2-9b-it,early__all__r16,0.0,0.16666666666666666,0.5,1.0,0.4166666666666667,1,11
gemma_2_9b_it,compiler::lexical_binding::lexical_0086,lexical_binding,train,google/gemma-2-9b-it,full__all__r4,0.0,0.16666666666666666,0.6666666666666666,0.99644128113879,0.45744365361803085,1,11
gemma_2_9b_it,compiler::lexical_binding::lexical_0086,lexical_binding,train,google/gemma-2-9b-it,late__all__r16,0.1,0.16666666666666666,0.6666666666666666,0.9822064056939501,0.47888493475682087,1,11
gemma_2_9b_it,compiler::lexical_binding::lexical_0086,lexical_binding,train,google/gemma-2-9b-it,middle__all__r16,0.0,0.16666666666666666,0.6666666666666666,1.0,0.4583333333333333,1,11
gemma_2_9b_it,compiler::lexical_binding::lexical_0087,lexical_binding,validation,google/gemma-2-9b-it,early__all__r16,0.0,0.0,0.6666666666666666,1.0,0.41666666666666663,1,11
gemma_2_9b_it,compiler::lexical_binding::lexical_0087,lexical_binding,validation,google/gemma-2-9b-it,full__all__r4,0.0,0.0,0.6666666666666666,0.9928825622775801,0.4148873072360617,1,11
gemma_2_9b_it,compiler::lexical_binding::lexical_0087,lexical_binding,validation,google/gemma-2-9b-it,late__all__r16,0.1,0.0,0.6666666666666666,0.9822064056939501,0.4372182680901542,1,11
gemma_2_9b_it,compiler::lexical_binding::lexical_0087,lexical_binding,validation,google/gemma-2-9b-it,middle__all__r16,0.0,0.0,0.6666666666666666,0.9928825622775801,0.4148873072360617,1,11
gemma_2_9b_it,compiler::lexical_binding::lexical_0088,lexical_binding,train,google/gemma-2-9b-it,early__all__r16,0.0,0.3333333333333333,0.8333333333333334,1.0,0.5416666666666666,1,11
gemma_2_9b_it,compiler::lexical_binding::lexical_0088,lexical_binding,train,google/gemma-2-9b-it,full__all__r4,0.4,0.3333333333333333,1.0,0.99644128113879,0.6824436536180308,1,11
gemma_2_9b_it,compiler::lexical_binding::lexical_0088,lexical_binding,train,google/gemma-2-9b-it,late__all__r16,0.7,0.3333333333333333,1.0,0.9786476868327402,0.7529952550415183,1,11
gemma_2_9b_it,compiler::lexical_binding::lexical_0088,lexical_binding,train,google/gemma-2-9b-it,middle__all__r16,0.6,0.3333333333333333,0.8333333333333334,1.0,0.6916666666666667,1,11
gemma_2_9b_it,compiler::lexical_binding::lexical_0089,lexical_binding,train,google/gemma-2-9b-it,early__all__r16,0.1,0.5,1.0,0.9857651245551602,0.6464412811387901,1,11
gemma_2_9b_it,compiler::lexical_binding::lexical_0089,lexical_binding,train,google/gemma-2-9b-it,full__all__r4,0.30000000000000004,0.5,1.0,0.9928825622775801,0.698220640569395,1,11
gemma_2_9b_it,compiler::lexical_binding::lexical_0089,lexical_binding,train,google/gemma-2-9b-it,late__all__r16,0.5,0.3333333333333333,0.8333333333333334,0.9786476868327402,0.6613285883748518,1,11
gemma_2_9b_it,compiler::lexical_binding::lexical_0089,lexical_binding,train,google/gemma-2-9b-it,middle__all__r16,0.0,0.3333333333333333,1.0,1.0,0.5833333333333334,1,11
gemma_2_9b_it,compiler::lexical_binding::lexical_0090,lexical_binding,train,google/gemma-2-9b-it,early__all__r16,0.2,0.6666666666666666,0.8333333333333334,1.0,0.675,1,11
gemma_2_9b_it,compiler::lexical_binding::lexical_0090,lexical_binding,train,google/gemma-2-9b-it,full__all__r4,0.4,0.3333333333333333,1.0,0.9928825622775801,0.6815539739027283,1,11
gemma_2_9b_it,compiler::lexical_binding::lexical_0090,lexical_binding,train,google/gemma-2-9b-it,late__all__r16,0.6,0.5,1.0,0.9928825622775801,0.773220640569395,1,11
gemma_2_9b_it,compiler::lexical_binding::lexical_0090,lexical_binding,train,google/gemma-2-9b-it,middle__all__r16,0.30000000000000004,0.3333333333333333,1.0,0.9928825622775801,0.6565539739027284,1,11
gemma_2_9b_it,compiler::lexical_binding::lexical_0091,lexical_binding,test,google/gemma-2-9b-it,early__all__r16,0.0,0.0,0.611111111111111,1.0,0.4027777777777778,3,11|22|33
gemma_2_9b_it,compiler::lexical_binding::lexical_0091,lexical_binding,test,google/gemma-2-9b-it,full__all__r4,0.03333333333333333,0.05555555555555555,0.6666666666666666,0.9940688018979834,0.4374060893633847,3,11|22|33
gemma_2_9b_it,compiler::lexical_binding::lexical_0091,lexical_binding,test,google/gemma-2-9b-it,late__all__r16,0.06666666666666667,0.0,0.6666666666666666,0.9893238434163701,0.43066429418742586,3,11|22|33
gemma_2_9b_it,compiler::lexical_binding::lexical_0091,lexical_binding,test,google/gemma-2-9b-it,middle__all__r16,0.06666666666666667,0.0,0.7777777777777777,1.0,0.4611111111111111,3,11|22|33
gemma_2_9b_it,compiler::lexical_binding::lexical_0092,lexical_binding,train,google/gemma-2-9b-it,early__all__r16,0.0,0.16666666666666666,1.0,1.0,0.5416666666666666,1,11
gemma_2_9b_it,compiler::lexical_binding::lexical_0092,lexical_binding,train,google/gemma-2-9b-it,full__all__r4,0.30000000000000004,0.3333333333333333,1.0,0.99644128113879,0.6574436536180308,1,11
gemma_2_9b_it,compiler::lexical_binding::lexical_0092,lexical_binding,train,google/gemma-2-9b-it,late__all__r16,0.4,0.16666666666666666,1.0,0.9857651245551602,0.6381079478054568,1,11
gemma_2_9b_it,compiler::lexical_binding::lexical_0092,lexical_binding,train,google/gemma-2-9b-it,middle__all__r16,0.4,0.3333333333333333,1.0,0.99644128113879,0.6824436536180308,1,11
gemma_2_9b_it,compiler::lexical_binding::lexical_0093,lexical_binding,train,google/gemma-2-9b-it,early__all__r16,0.2,0.0,0.8333333333333334,1.0,0.5083333333333333,1,11
gemma_2_9b_it,compiler::lexical_binding::lexical_0093,lexical_binding,train,google/gemma-2-9b-it,full__all__r4,0.30000000000000004,0.0,1.0,0.9928825622775801,0.573220640569395,1,11
gemma_2_9b_it,compiler::lexical_binding::lexical_0093,lexical_binding,train,google/gemma-2-9b-it,late__all__r16,0.30000000000000004,0.5,1.0,0.9928825622775801,0.698220640569395,1,11
gemma_2_9b_it,compiler::lexical_binding::lexical_0093,lexical_binding,train,google/gemma-2-9b-it,middle__all__r16,0.30000000000000004,0.16666666666666666,1.0,1.0,0.6166666666666667,1,11
gemma_2_9b_it,compiler::lexical_binding::lexical_0094,lexical_binding,train,google/gemma-2-9b-it,early__all__r16,0.1,0.0,1.0,0.9928825622775801,0.523220640569395,1,11
gemma_2_9b_it,compiler::lexical_binding::lexical_0094,lexical_binding,train,google/gemma-2-9b-it,full__all__r4,0.0,0.0,1.0,0.9822064056939501,0.49555160142348753,1,11
gemma_2_9b_it,compiler::lexical_binding::lexical_0094,lexical_binding,train,google/gemma-2-9b-it,late__all__r16,0.1,0.0,1.0,0.9893238434163701,0.5223309608540926,1,11
gemma_2_9b_it,compiler::lexical_binding::lexical_0094,lexical_binding,train,google/gemma-2-9b-it,middle__all__r16,0.0,0.0,1.0,0.9928825622775801,0.498220640569395,1,11
gemma_2_9b_it,compiler::lexical_binding::lexical_0095,lexical_binding,train,google/gemma-2-9b-it,early__all__r16,0.0,0.0,0.8333333333333334,1.0,0.45833333333333337,1,11
gemma_2_9b_it,compiler::lexical_binding::lexical_0095,lexical_binding,train,google/gemma-2-9b-it,full__all__r4,0.30000000000000004,0.0,1.0,0.9893238434163701,0.5723309608540925,1,11
gemma_2_9b_it,compiler::lexical_binding::lexical_0095,lexical_binding,train,google/gemma-2-9b-it,late__all__r16,0.2,0.0,1.0,0.9786476868327402,0.5446619217081851,1,11
gemma_2_9b_it,compiler::lexical_binding::lexical_0095,lexical_binding,train,google/gemma-2-9b-it,middle__all__r16,0.4,0.16666666666666666,1.0,0.99644128113879,0.6407769869513642,1,11
gemma_2_9b_it,compiler::lexical_binding::lexical_0096,lexical_binding,train,google/gemma-2-9b-it,early__all__r16,0.30000000000000004,0.3333333333333333,0.8333333333333334,1.0,0.6166666666666667,1,11
gemma_2_9b_it,compiler::lexical_binding::lexical_0096,lexical_binding,train,google/gemma-2-9b-it,full__all__r4,0.2,0.16666666666666666,1.0,1.0,0.5916666666666667,1,11
gemma_2_9b_it,compiler::lexical_binding::lexical_0096,lexical_binding,train,google/gemma-2-9b-it,late__all__r16,0.30000000000000004,0.16666666666666666,1.0,0.9786476868327402,0.6113285883748517,1,11
gemma_2_9b_it,compiler::lexical_binding::lexical_0096,lexical_binding,train,google/gemma-2-9b-it,middle__all__r16,0.0,0.16666666666666666,1.0,1.0,0.5416666666666666,1,11
gemma_2_9b_it,compiler::lexical_binding::lexical_0097,lexical_binding,test,google/gemma-2-9b-it,early__all__r16,0.03333333333333333,0.0,0.6666666666666666,0.9928825622775802,0.42322064056939507,3,11|22|33
gemma_2_9b_it,compiler::lexical_binding::lexical_0097,lexical_binding,test,google/gemma-2-9b-it,full__all__r4,0.10000000000000002,0.1111111111111111,0.6666666666666666,0.9940688018979834,0.46796164491894027,3,11|22|33
gemma_2_9b_it,compiler::lexical_binding::lexical_0097,lexical_binding,test,google/gemma-2-9b-it,late__all__r16,0.26666666666666666,0.16666666666666666,0.6666666666666666,0.9798339264531434,0.5199584816132858,3,11|22|33
gemma_2_9b_it,compiler::lexical_binding::lexical_0097,lexical_binding,test,google/gemma-2-9b-it,middle__all__r16,0.10000000000000002,0.27777777777777773,0.6666666666666666,0.9976275207591933,0.5105179913009094,3,11|22|33
gemma_2_9b_it,compiler::lexical_binding::lexical_0098,lexical_binding,test,google/gemma-2-9b-it,early__all__r16,0.0,0.0,0.611111111111111,0.9952550415183867,0.4015915381573745,3,11|22|33
gemma_2_9b_it,compiler::lexical_binding::lexical_0098,lexical_binding,test,google/gemma-2-9b-it,full__all__r4,0.0,0.0,0.6666666666666666,0.9916963226571768,0.41459074733096085,3,11|22|33
gemma_2_9b_it,compiler::lexical_binding::lexical_0098,lexical_binding,test,google/gemma-2-9b-it,late__all__r16,0.10000000000000002,0.0,0.6666666666666666,0.9869513641755635,0.43840450771055756,3,11|22|33
gemma_2_9b_it,compiler::lexical_binding::lexical_0098,lexical_binding,test,google/gemma-2-9b-it,middle__all__r16,0.0,0.0,0.6666666666666666,0.9976275207591933,0.41607354685646497,3,11|22|33
gemma_2_9b_it,compiler::lexical_binding::lexical_0099,lexical_binding,train,google/gemma-2-9b-it,early__all__r16,0.0,0.3333333333333333,0.8333333333333334,1.0,0.5416666666666666,1,11
gemma_2_9b_it,compiler::lexical_binding::lexical_0099,lexical_binding,train,google/gemma-2-9b-it,full__all__r4,0.30000000000000004,0.3333333333333333,1.0,0.9928825622775801,0.6565539739027284,1,11
gemma_2_9b_it,compiler::lexical_binding::lexical_0099,lexical_binding,train,google/gemma-2-9b-it,late__all__r16,0.30000000000000004,0.0,0.8333333333333334,0.9786476868327402,0.5279952550415183,1,11
gemma_2_9b_it,compiler::lexical_binding::lexical_0099,lexical_binding,train,google/gemma-2-9b-it,middle__all__r16,0.4,0.3333333333333333,1.0,0.99644128113879,0.6824436536180308,1,11
gemma_2_9b_it,compiler::lexical_binding::lexical_0100,lexical_binding,train,google/gemma-2-9b-it,early__all__r16,0.0,0.3333333333333333,0.5,0.9893238434163701,0.4556642941874259,1,11
gemma_2_9b_it,compiler::lexical_binding::lexical_0100,lexical_binding,train,google/gemma-2-9b-it,full__all__r4,0.1,0.3333333333333333,0.5,0.99644128113879,0.4824436536180308,1,11
gemma_2_9b_it,compiler::lexical_binding::lexical_0100,lexical_binding,train,google/gemma-2-9b-it,late__all__r16,0.30000000000000004,0.5,0.5,0.9893238434163701,0.5723309608540925,1,11
gemma_2_9b_it,compiler::lexical_binding::lexical_0100,lexical_binding,train,google/gemma-2-9b-it,middle__all__r16,0.2,0.3333333333333333,0.5,1.0,0.5083333333333333,1,11
gemma_2_9b_it,compiler::lexical_binding::lexical_0101,lexical_binding,test,google/gemma-2-9b-it,early__all__r16,0.0,0.0,0.9444444444444445,0.9976275207591933,0.48551799130090945,3,11|22|33
gemma_2_9b_it,compiler::lexical_binding::lexical_0101,lexical_binding,test,google/gemma-2-9b-it,full__all__r4,0.26666666666666666,0.1111111111111111,1.0,0.9928825622775802,0.5926650850138395,3,11|22|33
gemma_2_9b_it,compiler::lexical_binding::lexical_0101,lexical_binding,test,google/gemma-2-9b-it,late__all__r16,0.23333333333333336,0.0,1.0,0.9857651245551601,0.5547746144721234,3,11|22|33
gemma_2_9b_it,compiler::lexical_binding::lexical_0101,lexical_binding,test,google/gemma-2-9b-it,middle__all__r16,0.20000000000000004,0.16666666666666666,1.0,0.99644128113879,0.5907769869513642,3,11|22|33
gemma_2_9b_it,compiler::lexical_binding::lexical_0102,lexical_binding,validation,google/gemma-2-9b-it,early__all__r16,0.0,0.0,0.5,0.99644128113879,0.3741103202846975,1,11
gemma_2_9b_it,compiler::lexical_binding::lexical_0102,lexical_binding,validation,google/gemma-2-9b-it,full__all__r4,0.1,0.5,0.6666666666666666,1.0,0.5666666666666667,1,11
gemma_2_9b_it,compiler::lexical_binding::lexical_0102,lexical_binding,validation,google/gemma-2-9b-it,late__all__r16,0.4,0.6666666666666666,0.6666666666666666,1.0,0.6833333333333333,1,11
gemma_2_9b_it,compiler::lexical_binding::lexical_0102,lexical_binding,validation,google/gemma-2-9b-it,middle__all__r16,0.4,0.3333333333333333,0.6666666666666666,1.0,0.6,1,11
gemma_2_9b_it,compiler::lexical_binding::lexical_0103,lexical_binding,train,google/gemma-2-9b-it,early__all__r16,0.4,0.3333333333333333,0.8333333333333334,0.99644128113879,0.6407769869513642,1,11
gemma_2_9b_it,compiler::lexical_binding::lexical_0103,lexical_binding,train,google/gemma-2-9b-it,full__all__r4,0.3,0.0,1.0,1.0,0.575,1,11
gemma_2_9b_it,compiler::lexical_binding::lexical_0103,lexical_binding,train,google/gemma-2-9b-it,late__all__r16,0.30000000000000004,0.3333333333333333,1.0,0.9786476868327402,0.6529952550415183,1,11
gemma_2_9b_it,compiler::lexical_binding::lexical_0103,lexical_binding,train,google/gemma-2-9b-it,middle__all__r16,0.2,0.3333333333333333,1.0,1.0,0.6333333333333333,1,11
gemma_2_9b_it,compiler::lexical_binding::lexical_0104,lexical_binding,train,google/gemma-2-9b-it,early__all__r16,0.5,0.16666666666666666,0.8333333333333334,0.9786476868327402,0.619661921708185,1,11
gemma_2_9b_it,compiler::lexical_binding::lexical_0104,lexical_binding,train,google/gemma-2-9b-it,full__all__r4,0.4,0.3333333333333333,1.0,0.9857651245551602,0.6797746144721234,1,11
gemma_2_9b_it,compiler::lexical_binding::lexical_0104,lexical_binding,train,google/gemma-2-9b-it,late__all__r16,0.2,0.0,0.8333333333333334,0.9857651245551602,0.5047746144721234,1,11
gemma_2_9b_it,compiler::lexical_binding::lexical_0104,lexical_binding,train,google/gemma-2-9b-it,middle__all__r16,0.6000000000000001,0.3333333333333333,1.0,0.99644128113879,0.7324436536180309,1,11
gemma_2_9b_it,compiler::lexical_binding::lexical_0105,lexical_binding,train,google/gemma-2-9b-it,early__all__r16,0.0,0.0,0.6666666666666666,0.9857651245551602,0.4131079478054567,1,11
gemma_2_9b_it,compiler::lexical_binding::lexical_0105,lexical_binding,train,google/gemma-2-9b-it,full__all__r4,0.2,0.3333333333333333,0.6666666666666666,0.9822064056939501,0.5455516014234876,1,11
gemma_2_9b_it,compiler::lexical_binding::lexical_0105,lexical_binding,train,google/gemma-2-9b-it,late__all__r16,0.5,0.0,0.6666666666666666,0.9822064056939501,0.5372182680901542,1,11
gemma_2_9b_it,compiler::lexical_binding::lexical_0105,lexical_binding,train,google/gemma-2-9b-it,middle__all__r16,0.2,0.3333333333333333,0.6666666666666666,0.9928825622775801,0.548220640569395,1,11
gemma_2_9b_it,compiler::lexical_binding::lexical_0106,lexical_binding,train,google/gemma-2-9b-it,early__all__r16,0.0,0.3333333333333333,0.6666666666666666,1.0,0.5,1,11
gemma_2_9b_it,compiler::lexical_binding::lexical_0106,lexical_binding,train,google/gemma-2-9b-it,full__all__r4,0.1,0.3333333333333333,1.0,0.99644128113879,0.6074436536180309,1,11
gemma_2_9b_it,compiler::lexical_binding::lexical_0106,lexical_binding,train,google/gemma-2-9b-it,late__all__r16,0.1,0.3333333333333333,1.0,0.9786476868327402,0.6029952550415184,1,11
gemma_2_9b_it,compiler::lexical_binding::lexical_0106,lexical_binding,train,google/gemma-2-9b-it,middle__all__r16,0.2,0.3333333333333333,1.0,1.0,0.6333333333333333,1,11
gemma_2_9b_it,compiler::lexical_binding::lexical_0107,lexical_binding,train,google/gemma-2-9b-it,early__all__r16,0.0,0.3333333333333333,0.6666666666666666,1.0,0.5,1,11
gemma_2_9b_it,compiler::lexical_binding::lexical_0107,lexical_binding,train,google/gemma-2-9b-it,full__all__r4,0.0,0.3333333333333333,0.6666666666666666,0.99644128113879,0.4991103202846975,1,11
gemma_2_9b_it,compiler::lexical_binding::lexical_0107,lexical_binding,train,google/gemma-2-9b-it,late__all__r16,0.2,0.3333333333333333,0.6666666666666666,0.9893238434163701,0.5473309608540925,1,11
gemma_2_9b_it,compiler::lexical_binding::lexical_0107,lexical_binding,train,google/gemma-2-9b-it,middle__all__r16,0.2,0.3333333333333333,0.6666666666666666,0.99644128113879,0.5491103202846975,1,11
gemma_2_9b_it,compiler::lexical_binding::lexical_0108,lexical_binding,test,google/gemma-2-9b-it,early__all__r16,0.0,0.2222222222222222,0.9444444444444445,0.9976275207591933,0.541073546856465,3,11|22|33
gemma_2_9b_it,compiler::lexical_binding::lexical_0108,lexical_binding,test,google/gemma-2-9b-it,full__all__r4,0.20000000000000004,0.3333333333333333,1.0,0.9976275207591933,0.6327402135231317,3,11|22|33
gemma_2_9b_it,compiler::lexical_binding::lexical_0108,lexical_binding,test,google/gemma-2-9b-it,late__all__r16,0.30000000000000004,0.3333333333333333,1.0,0.9845788849347569,0.6544780545670226,3,11|22|33
gemma_2_9b_it,compiler::lexical_binding::lexical_0108,lexical_binding,test,google/gemma-2-9b-it,middle__all__r16,0.20000000000000004,0.3333333333333333,1.0,0.9988137603795967,0.6330367734282325,3,11|22|33
gemma_2_9b_it,compiler::lexical_binding::lexical_0109,lexical_binding,train,google/gemma-2-9b-it,early__all__r16,0.1,0.3333333333333333,0.8333333333333334,0.9893238434163701,0.5639976275207592,1,11
gemma_2_9b_it,compiler::lexical_binding::lexical_0109,lexical_binding,train,google/gemma-2-9b-it,full__all__r4,0.1,0.3333333333333333,1.0,0.9928825622775801,0.6065539739027284,1,11
gemma_2_9b_it,compiler::lexical_binding::lexical_0109,lexical_binding,train,google/gemma-2-9b-it,late__all__r16,0.2,0.3333333333333333,1.0,0.9893238434163701,0.6306642941874259,1,11
gemma_2_9b_it,compiler::lexical_binding::lexical_0109,lexical_binding,train,google/gemma-2-9b-it,middle__all__r16,0.1,0.3333333333333333,1.0,1.0,0.6083333333333333,1,11
gemma_2_9b_it,compiler::lexical_binding::lexical_0110,lexical_binding,train,google/gemma-2-9b-it,early__all__r16,0.0,0.0,0.6666666666666666,0.99644128113879,0.41577698695136417,1,11
gemma_2_9b_it,compiler::lexical_binding::lexical_0110,lexical_binding,train,google/gemma-2-9b-it,full__all__r4,0.2,0.16666666666666666,0.6666666666666666,0.9928825622775801,0.5065539739027284,1,11
gemma_2_9b_it,compiler::lexical_binding::lexical_0110,lexical_binding,train,google/gemma-2-9b-it,late__all__r16,0.7,0.16666666666666666,0.6666666666666666,0.9928825622775801,0.6315539739027284,1,11
gemma_2_9b_it,compiler::lexical_binding::lexical_0110,lexical_binding,train,google/gemma-2-9b-it,middle__all__r16,0.1,0.16666666666666666,0.6666666666666666,0.9893238434163701,0.48066429418742584,1,11
gemma_2_9b_it,compiler::lexical_binding::lexical_0111,lexical_binding,train,google/gemma-2-9b-it,early__all__r16,0.0,0.16666666666666666,0.5,1.0,0.4166666666666667,1,11
gemma_2_9b_it,compiler::lexical_binding::lexical_0111,lexical_binding,train,google/gemma-2-9b-it,full__all__r4,0.1,0.3333333333333333,0.6666666666666666,0.99644128113879,0.5241103202846975,1,11
gemma_2_9b_it,compiler::lexical_binding::lexical_0111,lexical_binding,train,google/gemma-2-9b-it,late__all__r16,0.0,0.3333333333333333,0.6666666666666666,0.9786476868327402,0.494661921708185,1,11
gemma_2_9b_it,compiler::lexical_binding::lexical_0111,lexical_binding,train,google/gemma-2-9b-it,middle__all__r16,0.2,0.16666666666666666,0.6666666666666666,0.99644128113879,0.5074436536180308,1,11
gemma_2_9b_it,compiler::lexical_binding::lexical_0112,lexical_binding,validation,google/gemma-2-9b-it,early__all__r16,0.9,0.3333333333333333,1.0,1.0,0.8083333333333333,1,11
gemma_2_9b_it,compiler::lexical_binding::lexical_0112,lexical_binding,validation,google/gemma-2-9b-it,full__all__r4,0.30000000000000004,0.0,1.0,1.0,0.575,1,11
gemma_2_9b_it,compiler::lexical_binding::lexical_0112,lexical_binding,validation,google/gemma-2-9b-it,late__all__r16,0.2,0.0,0.8333333333333334,0.9928825622775801,0.5065539739027284,1,11
gemma_2_9b_it,compiler::lexical_binding::lexical_0112,lexical_binding,validation,google/gemma-2-9b-it,middle__all__r16,0.0,0.0,1.0,1.0,0.5,1,11
gemma_2_9b_it,compiler::lexical_binding::lexical_0113,lexical_binding,train,google/gemma-2-9b-it,early__all__r16,0.0,0.0,1.0,1.0,0.5,1,11
gemma_2_9b_it,compiler::lexical_binding::lexical_0113,lexical_binding,train,google/gemma-2-9b-it,full__all__r4,0.30000000000000004,0.3333333333333333,1.0,0.99644128113879,0.6574436536180308,1,11
gemma_2_9b_it,compiler::lexical_binding::lexical_0113,lexical_binding,train,google/gemma-2-9b-it,late__all__r16,0.2,0.16666666666666666,1.0,0.99644128113879,0.5907769869513642,1,11
gemma_2_9b_it,compiler::lexical_binding::lexical_0113,lexical_binding,train,google/gemma-2-9b-it,middle__all__r16,0.0,0.3333333333333333,1.0,1.0,0.5833333333333334,1,11
gemma_2_9b_it,compiler::lexical_binding::lexical_0114,lexical_binding,test,google/gemma-2-9b-it,early__all__r16,0.0,0.0,0.5,0.9905100830367735,0.37262752075919336,3,11|22|33
gemma_2_9b_it,compiler::lexical_binding::lexical_0114,lexical_binding,test,google/gemma-2-9b-it,full__all__r4,0.0,0.0,0.6666666666666666,0.9952550415183867,0.4154804270462633,3,11|22|33
gemma_2_9b_it,compiler::lexical_binding::lexical_0114,lexical_binding,test,google/gemma-2-9b-it,late__all__r16,0.20000000000000004,0.0,0.6666666666666666,0.9881376037959667,0.4637010676156583,3,11|22|33
gemma_2_9b_it,compiler::lexical_binding::lexical_0114,lexical_binding,test,google/gemma-2-9b-it,middle__all__r16,0.0,0.0,0.6666666666666666,1.0,0.41666666666666663,3,11|22|33
gemma_2_9b_it,compiler::lexical_binding::lexical_0115,lexical_binding,train,google/gemma-2-9b-it,early__all__r16,0.0,0.3333333333333333,0.5,0.9928825622775801,0.45655397390272834,1,11
gemma_2_9b_it,compiler::lexical_binding::lexical_0115,lexical_binding,train,google/gemma-2-9b-it,full__all__r4,0.1,0.3333333333333333,0.6666666666666666,1.0,0.525,1,11
gemma_2_9b_it,compiler::lexical_binding::lexical_0115,lexical_binding,train,google/gemma-2-9b-it,late__all__r16,0.6000000000000001,0.16666666666666666,0.6666666666666666,0.9786476868327402,0.6029952550415184,1,11
gemma_2_9b_it,compiler::lexical_binding::lexical_0115,lexical_binding,train,google/gemma-2-9b-it,middle__all__r16,0.1,0.0,0.6666666666666666,0.99644128113879,0.4407769869513642,1,11
gemma_2_9b_it,compiler::lexical_binding::lexical_0116,lexical_binding,test,google/gemma-2-9b-it,early__all__r16,0.0,0.0,1.0,0.9976275207591933,0.4994068801897983,3,11|22|33
gemma_2_9b_it,compiler::lexical_binding::lexical_0116,lexical_binding,test,google/gemma-2-9b-it,full__all__r4,0.26666666666666666,0.3333333333333333,1.0,0.9905100830367735,0.6476275207591934,3,11|22|33
gemma_2_9b_it,compiler::lexical_binding::lexical_0116,lexical_binding,test,google/gemma-2-9b-it,late__all__r16,0.3666666666666667,0.16666666666666666,1.0,0.9881376037959667,0.6303677342823251,3,11|22|33
gemma_2_9b_it,compiler::lexical_binding::lexical_0116,lexical_binding,test,google/gemma-2-9b-it,middle__all__r16,0.13333333333333333,0.38888888888888884,1.0,0.99644128113879,0.629665875840253,3,11|22|33
gemma_2_9b_it,compiler::lexical_binding::lexical_0117,lexical_binding,train,google/gemma-2-9b-it,early__all__r16,0.2,0.0,1.0,0.9893238434163701,0.5473309608540925,1,11
gemma_2_9b_it,compiler::lexical_binding::lexical_0117,lexical_binding,train,google/gemma-2-9b-it,full__all__r4,0.6,0.3333333333333333,1.0,1.0,0.7333333333333333,1,11
gemma_2_9b_it,compiler::lexical_binding::lexical_0117,lexical_binding,train,google/gemma-2-9b-it,late__all__r16,0.30000000000000004,0.3333333333333333,1.0,0.9715302491103203,0.6512158956109134,1,11
gemma_2_9b_it,compiler::lexical_binding::lexical_0117,lexical_binding,train,google/gemma-2-9b-it,middle__all__r16,0.30000000000000004,0.3333333333333333,1.0,1.0,0.6583333333333333,1,11
gemma_2_9b_it,compiler::lexical_binding::lexical_0118,lexical_binding,validation,google/gemma-2-9b-it,early__all__r16,0.0,0.0,1.0,0.99644128113879,0.4991103202846975,1,11
gemma_2_9b_it,compiler::lexical_binding::lexical_0118,lexical_binding,validation,google/gemma-2-9b-it,full__all__r4,0.0,0.0,1.0,1.0,0.5,1,11
gemma_2_9b_it,compiler::lexical_binding::lexical_0118,lexical_binding,validation,google/gemma-2-9b-it,late__all__r16,0.2,0.0,1.0,0.9893238434163701,0.5473309608540925,1,11
gemma_2_9b_it,compiler::lexical_binding::lexical_0118,lexical_binding,validation,google/gemma-2-9b-it,middle__all__r16,0.0,0.0,1.0,1.0,0.5,1,11
gemma_2_9b_it,compiler::lexical_binding::lexical_0119,lexical_binding,train,google/gemma-2-9b-it,early__all__r16,0.0,0.16666666666666666,0.6666666666666666,0.9786476868327402,0.4529952550415184,1,11
gemma_2_9b_it,compiler::lexical_binding::lexical_0119,lexical_binding,train,google/gemma-2-9b-it,full__all__r4,0.2,0.16666666666666666,0.6666666666666666,1.0,0.5083333333333333,1,11
gemma_2_9b_it,compiler::lexical_binding::lexical_0119,lexical_binding,train,google/gemma-2-9b-it,late__all__r16,0.4,0.16666666666666666,0.6666666666666666,0.9822064056939501,0.5538849347568209,1,11
gemma_2_9b_it,compiler::lexical_binding::lexical_0119,lexical_binding,train,google/gemma-2-9b-it,middle__all__r16,0.2,0.3333333333333333,0.8333333333333334,0.9928825622775801,0.5898873072360618,1,11
gemma_2_9b_it,compiler::procedural_reasoning::procedural_0000,procedural_reasoning,train,google/gemma-2-9b-it,early__all__r16,0.0,0.0,0.0,0.99644128113879,0.2491103202846975,1,11
gemma_2_9b_it,compiler::procedural_reasoning::procedural_0000,procedural_reasoning,train,google/gemma-2-9b-it,full__all__r4,0.0,0.0,0.16666666666666666,0.9928825622775801,0.2898873072360617,1,11
gemma_2_9b_it,compiler::procedural_reasoning::procedural_0000,procedural_reasoning,train,google/gemma-2-9b-it,late__all__r16,0.0,0.0,0.16666666666666666,0.9644128113879004,0.28276986951364175,1,11
gemma_2_9b_it,compiler::procedural_reasoning::procedural_0000,procedural_reasoning,train,google/gemma-2-9b-it,middle__all__r16,0.0,0.0,0.16666666666666666,0.99644128113879,0.29077698695136417,1,11
gemma_2_9b_it,compiler::procedural_reasoning::procedural_0001,procedural_reasoning,train,google/gemma-2-9b-it,early__all__r16,0.0,0.0,0.0,0.9893238434163701,0.24733096085409254,1,11
gemma_2_9b_it,compiler::procedural_reasoning::procedural_0001,procedural_reasoning,train,google/gemma-2-9b-it,full__all__r4,0.0,0.0,0.0,0.9857651245551602,0.24644128113879005,1,11
gemma_2_9b_it,compiler::procedural_reasoning::procedural_0001,procedural_reasoning,train,google/gemma-2-9b-it,late__all__r16,0.1,0.0,0.5,0.9608540925266904,0.3902135231316726,1,11
gemma_2_9b_it,compiler::procedural_reasoning::procedural_0001,procedural_reasoning,train,google/gemma-2-9b-it,middle__all__r16,0.1,0.0,0.16666666666666666,0.9893238434163701,0.3139976275207592,1,11
gemma_2_9b_it,compiler::procedural_reasoning::procedural_0002,procedural_reasoning,train,google/gemma-2-9b-it,early__all__r16,0.0,0.0,0.0,1.0,0.25,1,11
gemma_2_9b_it,compiler::procedural_reasoning::procedural_0002,procedural_reasoning,train,google/gemma-2-9b-it,full__all__r4,0.0,0.0,0.0,0.9928825622775801,0.24822064056939502,1,11
gemma_2_9b_it,compiler::procedural_reasoning::procedural_0002,procedural_reasoning,train,google/gemma-2-9b-it,late__all__r16,0.0,0.0,0.0,0.9679715302491103,0.24199288256227758,1,11
gemma_2_9b_it,compiler::procedural_reasoning::procedural_0002,procedural_reasoning,train,google/gemma-2-9b-it,middle__all__r16,0.0,0.0,0.0,0.9928825622775801,0.24822064056939502,1,11
gemma_2_9b_it,compiler::procedural_reasoning::procedural_0003,procedural_reasoning,train,google/gemma-2-9b-it,early__all__r16,0.0,0.0,0.0,1.0,0.25,1,11
gemma_2_9b_it,compiler::procedural_reasoning::procedural_0003,procedural_reasoning,train,google/gemma-2-9b-it,full__all__r4,0.0,0.0,0.5,0.99644128113879,0.3741103202846975,1,11
gemma_2_9b_it,compiler::procedural_reasoning::procedural_0003,procedural_reasoning,train,google/gemma-2-9b-it,late__all__r16,0.0,0.0,0.5,0.9679715302491103,0.3669928825622776,1,11
gemma_2_9b_it,compiler::procedural_reasoning::procedural_0003,procedural_reasoning,train,google/gemma-2-9b-it,middle__all__r16,0.0,0.0,0.0,0.99644128113879,0.2491103202846975,1,11
gemma_2_9b_it,compiler::procedural_reasoning::procedural_0004,procedural_reasoning,train,google/gemma-2-9b-it,early__all__r16,0.0,0.0,0.0,1.0,0.25,1,11
gemma_2_9b_it,compiler::procedural_reasoning::procedural_0004,procedural_reasoning,train,google/gemma-2-9b-it,full__all__r4,0.0,0.0,0.16666666666666666,0.9928825622775801,0.2898873072360617,1,11
gemma_2_9b_it,compiler::procedural_reasoning::procedural_0004,procedural_reasoning,train,google/gemma-2-9b-it,late__all__r16,0.0,0.0,0.0,0.9644128113879004,0.2411032028469751,1,11
gemma_2_9b_it,compiler::procedural_reasoning::procedural_0004,procedural_reasoning,train,google/gemma-2-9b-it,middle__all__r16,0.0,0.0,0.0,0.9928825622775801,0.24822064056939502,1,11
gemma_2_9b_it,compiler::procedural_reasoning::procedural_0005,procedural_reasoning,train,google/gemma-2-9b-it,early__all__r16,0.0,0.0,0.0,1.0,0.25,1,11
gemma_2_9b_it,compiler::procedural_reasoning::procedural_0005,procedural_reasoning,train,google/gemma-2-9b-it,full__all__r4,0.0,0.0,0.3333333333333333,0.9928825622775801,0.33155397390272834,1,11
gemma_2_9b_it,compiler::procedural_reasoning::procedural_0005,procedural_reasoning,train,google/gemma-2-9b-it,late__all__r16,0.0,0.0,0.0,0.9644128113879004,0.2411032028469751,1,11
gemma_2_9b_it,compiler::procedural_reasoning::procedural_0005,procedural_reasoning,train,google/gemma-2-9b-it,middle__all__r16,0.1,0.0,0.16666666666666666,0.9928825622775801,0.3148873072360617,1,11
gemma_2_9b_it,compiler::procedural_reasoning::procedural_0006,procedural_reasoning,train,google/gemma-2-9b-it,early__all__r16,0.0,0.0,0.0,1.0,0.25,1,11
gemma_2_9b_it,compiler::procedural_reasoning::procedural_0006,procedural_reasoning,train,google/gemma-2-9b-it,full__all__r4,0.0,0.0,0.0,0.9928825622775801,0.24822064056939502,1,11
gemma_2_9b_it,compiler::procedural_reasoning::procedural_0006,procedural_reasoning,train,google/gemma-2-9b-it,late__all__r16,0.0,0.0,0.5,0.9679715302491103,0.3669928825622776,1,11
gemma_2_9b_it,compiler::procedural_reasoning::procedural_0006,procedural_reasoning,train,google/gemma-2-9b-it,middle__all__r16,0.0,0.0,0.0,0.9822064056939501,0.24555160142348753,1,11
gemma_2_9b_it,compiler::procedural_reasoning::procedural_0007,procedural_reasoning,test,google/gemma-2-9b-it,early__all__r16,0.0,0.0,0.0,0.9905100830367735,0.24762752075919336,3,11|22|33
gemma_2_9b_it,compiler::procedural_reasoning::procedural_0007,procedural_reasoning,test,google/gemma-2-9b-it,full__all__r4,0.0,0.0,0.1111111111111111,0.9952550415183867,0.2765915381573745,3,11|22|33
gemma_2_9b_it,compiler::procedural_reasoning::procedural_0007,procedural_reasoning,test,google/gemma-2-9b-it,late__all__r16,0.03333333333333333,0.05555555555555555,0.16666666666666666,0.9644128113879004,0.304992091735864,3,11|22|33
gemma_2_9b_it,compiler::procedural_reasoning::procedural_0007,procedural_reasoning,test,google/gemma-2-9b-it,middle__all__r16,0.10000000000000002,0.0,0.27777777777777773,0.9988137603795967,0.3441478845393436,3,11|22|33
gemma_2_9b_it,compiler::procedural_reasoning::procedural_0008,procedural_reasoning,validation,google/gemma-2-9b-it,early__all__r16,0.0,0.0,0.0,1.0,0.25,1,11
gemma_2_9b_it,compiler::procedural_reasoning::procedural_0008,procedural_reasoning,validation,google/gemma-2-9b-it,full__all__r4,0.0,0.0,0.0,0.9928825622775801,0.24822064056939502,1,11
gemma_2_9b_it,compiler::procedural_reasoning::procedural_0008,procedural_reasoning,validation,google/gemma-2-9b-it,late__all__r16,0.0,0.0,0.16666666666666666,0.9644128113879004,0.28276986951364175,1,11
gemma_2_9b_it,compiler::procedural_reasoning::procedural_0008,procedural_reasoning,validation,google/gemma-2-9b-it,middle__all__r16,0.1,0.0,0.3333333333333333,0.99644128113879,0.3574436536180308,1,11
gemma_2_9b_it,compiler::procedural_reasoning::procedural_0009,procedural_reasoning,train,google/gemma-2-9b-it,early__all__r16,0.0,0.0,0.0,1.0,0.25,1,11
gemma_2_9b_it,compiler::procedural_reasoning::procedural_0009,procedural_reasoning,train,google/gemma-2-9b-it,full__all__r4,0.0,0.0,0.16666666666666666,0.9928825622775801,0.2898873072360617,1,11
gemma_2_9b_it,compiler::procedural_reasoning::procedural_0009,procedural_reasoning,train,google/gemma-2-9b-it,late__all__r16,0.0,0.0,0.0,0.9715302491103203,0.24288256227758007,1,11
gemma_2_9b_it,compiler::procedural_reasoning::procedural_0009,procedural_reasoning,train,google/gemma-2-9b-it,middle__all__r16,0.1,0.0,0.16666666666666666,0.9822064056939501,0.3122182680901542,1,11
gemma_2_9b_it,compiler::procedural_reasoning::procedural_0010,procedural_reasoning,train,google/gemma-2-9b-it,early__all__r16,0.0,0.0,0.0,1.0,0.25,1,11
gemma_2_9b_it,compiler::procedural_reasoning::procedural_0010,procedural_reasoning,train,google/gemma-2-9b-it,full__all__r4,0.0,0.0,0.16666666666666666,0.99644128113879,0.29077698695136417,1,11
gemma_2_9b_it,compiler::procedural_reasoning::procedural_0010,procedural_reasoning,train,google/gemma-2-9b-it,late__all__r16,0.0,0.0,0.16666666666666666,0.9644128113879004,0.28276986951364175,1,11
gemma_2_9b_it,compiler::procedural_reasoning::procedural_0010,procedural_reasoning,train,google/gemma-2-9b-it,middle__all__r16,0.0,0.0,0.0,0.99644128113879,0.2491103202846975,1,11
gemma_2_9b_it,compiler::procedural_reasoning::procedural_0011,procedural_reasoning,test,google/gemma-2-9b-it,early__all__r16,0.0,0.0,0.0,0.9988137603795967,0.24970344009489917,3,11|22|33
gemma_2_9b_it,compiler::procedural_reasoning::procedural_0011,procedural_reasoning,test,google/gemma-2-9b-it,full__all__r4,0.0,0.0,0.2222222222222222,0.9940688018979834,0.3040727560300514,3,11|22|33
gemma_2_9b_it,compiler::procedural_reasoning::procedural_0011,procedural_reasoning,test,google/gemma-2-9b-it,late__all__r16,0.03333333333333333,0.0,0.3333333333333333,0.944246737841044,0.32772835112692766,3,11|22|33
gemma_2_9b_it,compiler::procedural_reasoning::procedural_0011,procedural_reasoning,test,google/gemma-2-9b-it,middle__all__r16,0.06666666666666667,0.0,0.38888888888888884,0.9976275207591933,0.3632957690786872,3,11|22|33
gemma_2_9b_it,compiler::procedural_reasoning::procedural_0012,procedural_reasoning,train,google/gemma-2-9b-it,early__all__r16,0.0,0.0,0.0,0.99644128113879,0.2491103202846975,1,11
gemma_2_9b_it,compiler::procedural_reasoning::procedural_0012,procedural_reasoning,train,google/gemma-2-9b-it,full__all__r4,0.1,0.0,0.0,0.9893238434163701,0.27233096085409253,1,11
gemma_2_9b_it,compiler::procedural_reasoning::procedural_0012,procedural_reasoning,train,google/gemma-2-9b-it,late__all__r16,0.2,0.0,0.16666666666666666,0.9715302491103203,0.3345492289442467,1,11
gemma_2_9b_it,compiler::procedural_reasoning::procedural_0012,procedural_reasoning,train,google/gemma-2-9b-it,middle__all__r16,0.1,0.0,0.0,0.99644128113879,0.2741103202846975,1,11
gemma_2_9b_it,compiler::procedural_reasoning::procedural_0013,procedural_reasoning,train,google/gemma-2-9b-it,early__all__r16,0.0,0.0,0.0,1.0,0.25,1,11
gemma_2_9b_it,compiler::procedural_reasoning::procedural_0013,procedural_reasoning,train,google/gemma-2-9b-it,full__all__r4,0.1,0.0,0.16666666666666666,0.99644128113879,0.3157769869513642,1,11
gemma_2_9b_it,compiler::procedural_reasoning::procedural_0013,procedural_reasoning,train,google/gemma-2-9b-it,late__all__r16,0.0,0.0,0.0,0.9644128113879004,0.2411032028469751,1,11
gemma_2_9b_it,compiler::procedural_reasoning::procedural_0013,procedural_reasoning,train,google/gemma-2-9b-it,middle__all__r16,0.0,0.0,0.0,0.99644128113879,0.2491103202846975,1,11
gemma_2_9b_it,compiler::procedural_reasoning::procedural_0014,procedural_reasoning,test,google/gemma-2-9b-it,early__all__r16,0.0,0.0,0.0,0.9940688018979834,0.24851720047449585,3,11|22|33
gemma_2_9b_it,compiler::procedural_reasoning::procedural_0014,procedural_reasoning,test,google/gemma-2-9b-it,full__all__r4,0.0,0.0,0.2222222222222222,0.9905100830367735,0.30318307631474894,3,11|22|33
gemma_2_9b_it,compiler::procedural_reasoning::procedural_0014,procedural_reasoning,test,google/gemma-2-9b-it,late__all__r16,0.0,0.0,0.16666666666666666,0.9584816132858838,0.28128706998813763,3,11|22|33
gemma_2_9b_it,compiler::procedural_reasoning::procedural_0014,procedural_reasoning,test,google/gemma-2-9b-it,middle__all__r16,0.06666666666666667,0.0,0.05555555555555555,0.9976275207591933,0.27996243574535384,3,11|22|33
gemma_2_9b_it,compiler::procedural_reasoning::procedural_0015,procedural_reasoning,test,google/gemma-2-9b-it,early__all__r16,0.0,0.0,0.0,0.9988137603795967,0.24970344009489917,3,11|22|33
gemma_2_9b_it,compiler::procedural_reasoning::procedural_0015,procedural_reasoning,test,google/gemma-2-9b-it,full__all__r4,0.0,0.0,0.27777777777777773,0.9928825622775802,0.3176650850138395,3,11|22|33
gemma_2_9b_it,compiler::procedural_reasoning::procedural_0015,procedural_reasoning,test,google/gemma-2-9b-it,late__all__r16,0.0,0.05555555555555555,0.0,0.9454329774614472,0.2502471332542507,3,11|22|33
gemma_2_9b_it,compiler::procedural_reasoning::procedural_0015,procedural_reasoning,test,google/gemma-2-9b-it,middle__all__r16,0.0,0.0,0.38888888888888884,0.9893238434163701,0.3445531830763148,3,11|22|33
gemma_2_9b_it,compiler::procedural_reasoning::procedural_0016,procedural_reasoning,train,google/gemma-2-9b-it,early__all__r16,0.0,0.0,0.0,0.99644128113879,0.2491103202846975,1,11
gemma_2_9b_it,compiler::procedural_reasoning::procedural_0016,procedural_reasoning,train,google/gemma-2-9b-it,full__all__r4,0.0,0.0,0.16666666666666666,0.99644128113879,0.29077698695136417,1,11
gemma_2_9b_it,compiler::procedural_reasoning::procedural_0016,procedural_reasoning,train,google/gemma-2-9b-it,late__all__r16,0.0,0.0,0.16666666666666666,0.9679715302491103,0.28365954922894426,1,11
gemma_2_9b_it,compiler::procedural_reasoning::procedural_0016,procedural_reasoning,train,google/gemma-2-9b-it,middle__all__r16,0.0,0.0,0.16666666666666666,0.99644128113879,0.29077698695136417,1,11
gemma_2_9b_it,compiler::procedural_reasoning::procedural_0017,procedural_reasoning,train,google/gemma-2-9b-it,early__all__r16,0.0,0.0,0.0,0.9928825622775801,0.24822064056939502,1,11
gemma_2_9b_it,compiler::procedural_reasoning::procedural_0017,procedural_reasoning,train,google/gemma-2-9b-it,full__all__r4,0.0,0.0,0.16666666666666666,0.9928825622775801,0.2898873072360617,1,11
gemma_2_9b_it,compiler::procedural_reasoning::procedural_0017,procedural_reasoning,train,google/gemma-2-9b-it,late__all__r16,0.0,0.0,0.0,0.9750889679715302,0.24377224199288255,1,11
gemma_2_9b_it,compiler::procedural_reasoning::procedural_0017,procedural_reasoning,train,google/gemma-2-9b-it,middle__all__r16,0.1,0.0,0.16666666666666666,0.99644128113879,0.3157769869513642,1,11
gemma_2_9b_it,compiler::procedural_reasoning::procedural_0018,procedural_reasoning,train,google/gemma-2-9b-it,early__all__r16,0.0,0.0,0.0,1.0,0.25,1,11
gemma_2_9b_it,compiler::procedural_reasoning::procedural_0018,procedural_reasoning,train,google/gemma-2-9b-it,full__all__r4,0.0,0.0,0.16666666666666666,0.9786476868327402,0.2863285883748517,1,11
gemma_2_9b_it,compiler::procedural_reasoning::procedural_0018,procedural_reasoning,train,google/gemma-2-9b-it,late__all__r16,0.0,0.0,0.16666666666666666,0.9679715302491103,0.28365954922894426,1,11
gemma_2_9b_it,compiler::procedural_reasoning::procedural_0018,procedural_reasoning,train,google/gemma-2-9b-it,middle__all__r16,0.0,0.0,0.3333333333333333,0.9928825622775801,0.33155397390272834,1,11
gemma_2_9b_it,compiler::procedural_reasoning::procedural_0019,procedural_reasoning,validation,google/gemma-2-9b-it,early__all__r16,0.0,0.0,0.16666666666666666,0.99644128113879,0.29077698695136417,1,11
gemma_2_9b_it,compiler::procedural_reasoning::procedural_0019,procedural_reasoning,validation,google/gemma-2-9b-it,full__all__r4,0.1,0.0,0.0,0.9928825622775801,0.27322064056939505,1,11
gemma_2_9b_it,compiler::procedural_reasoning::procedural_0019,procedural_reasoning,validation,google/gemma-2-9b-it,late__all__r16,0.1,0.0,0.16666666666666666,0.9715302491103203,0.30954922894424675,1,11
gemma_2_9b_it,compiler::procedural_reasoning::procedural_0019,procedural_reasoning,validation,google/gemma-2-9b-it,middle__all__r16,0.1,0.0,0.0,0.9857651245551602,0.27144128113879007,1,11
gemma_2_9b_it,compiler::procedural_reasoning::procedural_0020,procedural_reasoning,train,google/gemma-2-9b-it,early__all__r16,0.0,0.0,0.0,1.0,0.25,1,11
gemma_2_9b_it,compiler::procedural_reasoning::procedural_0020,procedural_reasoning,train,google/gemma-2-9b-it,full__all__r4,0.0,0.0,0.0,0.99644128113879,0.2491103202846975,1,11
gemma_2_9b_it,compiler::procedural_reasoning::procedural_0020,procedural_reasoning,train,google/gemma-2-9b-it,late__all__r16,0.0,0.0,0.16666666666666666,0.9679715302491103,0.28365954922894426,1,11
gemma_2_9b_it,compiler::procedural_reasoning::procedural_0020,procedural_reasoning,train,google/gemma-2-9b-it,middle__all__r16,0.0,0.0,0.16666666666666666,1.0,0.2916666666666667,1,11
gemma_2_9b_it,compiler::procedural_reasoning::procedural_0021,procedural_reasoning,validation,google/gemma-2-9b-it,early__all__r16,0.0,0.0,0.0,0.99644128113879,0.2491103202846975,1,11
gemma_2_9b_it,compiler::procedural_reasoning::procedural_0021,procedural_reasoning,validation,google/gemma-2-9b-it,full__all__r4,0.0,0.0,0.5,0.9928825622775801,0.373220640569395,1,11
gemma_2_9b_it,compiler::procedural_reasoning::procedural_0021,procedural_reasoning,validation,google/gemma-2-9b-it,late__all__r16,0.0,0.0,0.6666666666666666,0.9608540925266904,0.4068801897983393,1,11
gemma_2_9b_it,compiler::procedural_reasoning::procedural_0021,procedural_reasoning,validation,google/gemma-2-9b-it,middle__all__r16,0.0,0.0,0.5,0.9928825622775801,0.373220640569395,1,11
gemma_2_9b_it,compiler::procedural_reasoning::procedural_0022,procedural_reasoning,train,google/gemma-2-9b-it,early__all__r16,0.0,0.0,0.0,1.0,0.25,1,11
gemma_2_9b_it,compiler::procedural_reasoning::procedural_0022,procedural_reasoning,train,google/gemma-2-9b-it,full__all__r4,0.0,0.0,0.16666666666666666,0.99644128113879,0.29077698695136417,1,11
gemma_2_9b_it,compiler::procedural_reasoning::procedural_0022,procedural_reasoning,train,google/gemma-2-9b-it,late__all__r16,0.0,0.0,0.3333333333333333,0.9679715302491103,0.3253262158956109,1,11
gemma_2_9b_it,compiler::procedural_reasoning::procedural_0022,procedural_reasoning,train,google/gemma-2-9b-it,middle__all__r16,0.0,0.0,0.0,1.0,0.25,1,11
gemma_2_9b_it,compiler::procedural_reasoning::procedural_0023,procedural_reasoning,train,google/gemma-2-9b-it,early__all__r16,0.0,0.0,0.0,1.0,0.25,1,11
gemma_2_9b_it,compiler::procedural_reasoning::procedural_0023,procedural_reasoning,train,google/gemma-2-9b-it,full__all__r4,0.0,0.0,0.6666666666666666,0.9928825622775801,0.4148873072360617,1,11
gemma_2_9b_it,compiler::procedural_reasoning::procedural_0023,procedural_reasoning,train,google/gemma-2-9b-it,late__all__r16,0.0,0.0,0.16666666666666666,0.9572953736654805,0.28099051008303677,1,11
gemma_2_9b_it,compiler::procedural_reasoning::procedural_0023,procedural_reasoning,train,google/gemma-2-9b-it,middle__all__r16,0.0,0.0,0.0,0.99644128113879,0.2491103202846975,1,11
gemma_2_9b_it,compiler::procedural_reasoning::procedural_0024,procedural_reasoning,train,google/gemma-2-9b-it,early__all__r16,0.0,0.0,0.0,1.0,0.25,1,11
gemma_2_9b_it,compiler::procedural_reasoning::procedural_0024,procedural_reasoning,train,google/gemma-2-9b-it,full__all__r4,0.0,0.0,0.3333333333333333,0.9857651245551602,0.32977461447212336,1,11
gemma_2_9b_it,compiler::procedural_reasoning::procedural_0024,procedural_reasoning,train,google/gemma-2-9b-it,late__all__r16,0.0,0.0,0.0,0.9715302491103203,0.24288256227758007,1,11
gemma_2_9b_it,compiler::procedural_reasoning::procedural_0024,procedural_reasoning,train,google/gemma-2-9b-it,middle__all__r16,0.0,0.0,0.0,0.9928825622775801,0.24822064056939502,1,11
gemma_2_9b_it,compiler::procedural_reasoning::procedural_0025,procedural_reasoning,train,google/gemma-2-9b-it,early__all__r16,0.0,0.0,0.0,1.0,0.25,1,11
gemma_2_9b_it,compiler::procedural_reasoning::procedural_0025,procedural_reasoning,train,google/gemma-2-9b-it,full__all__r4,0.0,0.0,0.0,0.9928825622775801,0.24822064056939502,1,11
gemma_2_9b_it,compiler::procedural_reasoning::procedural_0025,procedural_reasoning,train,google/gemma-2-9b-it,late__all__r16,0.0,0.0,0.0,0.9608540925266904,0.2402135231316726,1,11
gemma_2_9b_it,compiler::procedural_reasoning::procedural_0025,procedural_reasoning,train,google/gemma-2-9b-it,middle__all__r16,0.1,0.0,0.0,0.99644128113879,0.2741103202846975,1,11
gemma_2_9b_it,compiler::procedural_reasoning::procedural_0026,procedural_reasoning,train,google/gemma-2-9b-it,early__all__r16,0.0,0.0,0.0,0.9928825622775801,0.24822064056939502,1,11
gemma_2_9b_it,compiler::procedural_reasoning::procedural_0026,procedural_reasoning,train,google/gemma-2-9b-it,full__all__r4,0.0,0.0,0.16666666666666666,0.9786476868327402,0.2863285883748517,1,11
gemma_2_9b_it,compiler::procedural_reasoning::procedural_0026,procedural_reasoning,train,google/gemma-2-9b-it,late__all__r16,0.0,0.0,0.16666666666666666,0.9679715302491103,0.28365954922894426,1,11
gemma_2_9b_it,compiler::procedural_reasoning::procedural_0026,procedural_reasoning,train,google/gemma-2-9b-it,middle__all__r16,0.1,0.0,0.3333333333333333,0.9893238434163701,0.35566429418742584,1,11
gemma_2_9b_it,compiler::procedural_reasoning::procedural_0027,procedural_reasoning,validation,google/gemma-2-9b-it,early__all__r16,0.0,0.0,0.0,1.0,0.25,1,11
gemma_2_9b_it,compiler::procedural_reasoning::procedural_0027,procedural_reasoning,validation,google/gemma-2-9b-it,full__all__r4,0.0,0.0,0.0,0.99644128113879,0.2491103202846975,1,11
gemma_2_9b_it,compiler::procedural_reasoning::procedural_0027,procedural_reasoning,validation,google/gemma-2-9b-it,late__all__r16,0.0,0.0,0.0,0.9715302491103203,0.24288256227758007,1,11
gemma_2_9b_it,compiler::procedural_reasoning::procedural_0027,procedural_reasoning,validation,google/gemma-2-9b-it,middle__all__r16,0.0,0.0,0.16666666666666666,0.99644128113879,0.29077698695136417,1,11
gemma_2_9b_it,compiler::procedural_reasoning::procedural_0028,procedural_reasoning,train,google/gemma-2-9b-it,early__all__r16,0.0,0.0,0.0,1.0,0.25,1,11
gemma_2_9b_it,compiler::procedural_reasoning::procedural_0028,procedural_reasoning,train,google/gemma-2-9b-it,full__all__r4,0.0,0.0,0.3333333333333333,0.9822064056939501,0.32888493475682085,1,11
gemma_2_9b_it,compiler::procedural_reasoning::procedural_0028,procedural_reasoning,train,google/gemma-2-9b-it,late__all__r16,0.0,0.0,0.16666666666666666,0.9537366548042705,0.2801008303677343,1,11
gemma_2_9b_it,compiler::procedural_reasoning::procedural_0028,procedural_reasoning,train,google/gemma-2-9b-it,middle__all__r16,0.0,0.0,0.16666666666666666,0.9928825622775801,0.2898873072360617,1,11
gemma_2_9b_it,compiler::procedural_reasoning::procedural_0029,procedural_reasoning,train,google/gemma-2-9b-it,early__all__r16,0.0,0.0,0.0,1.0,0.25,1,11
gemma_2_9b_it,compiler::procedural_reasoning::procedural_0029,procedural_reasoning,train,google/gemma-2-9b-it,full__all__r4,0.0,0.0,0.0,0.9893238434163701,0.24733096085409254,1,11
gemma_2_9b_it,compiler::procedural_reasoning::procedural_0029,procedural_reasoning,train,google/gemma-2-9b-it,late__all__r16,0.1,0.0,0.0,0.9750889679715302,0.2687722419928826,1,11
gemma_2_9b_it,compiler::procedural_reasoning::procedural_0029,procedural_reasoning,train,google/gemma-2-9b-it,middle__all__r16,0.0,0.0,0.16666666666666666,0.9822064056939501,0.2872182680901542,1,11
gemma_2_9b_it,compiler::procedural_reasoning::procedural_0030,procedural_reasoning,train,google/gemma-2-9b-it,early__all__r16,0.0,0.0,0.0,0.99644128113879,0.2491103202846975,1,11
gemma_2_9b_it,compiler::procedural_reasoning::procedural_0030,procedural_reasoning,train,google/gemma-2-9b-it,full__all__r4,0.0,0.0,0.0,0.99644128113879,0.2491103202846975,1,11
gemma_2_9b_it,compiler::procedural_reasoning::procedural_0030,procedural_reasoning,train,google/gemma-2-9b-it,late__all__r16,0.0,0.0,0.16666666666666666,0.9644128113879004,0.28276986951364175,1,11
gemma_2_9b_it,compiler::procedural_reasoning::procedural_0030,procedural_reasoning,train,google/gemma-2-9b-it,middle__all__r16,0.0,0.0,0.0,0.9928825622775801,0.24822064056939502,1,11
gemma_2_9b_it,compiler::procedural_reasoning::procedural_0031,procedural_reasoning,validation,google/gemma-2-9b-it,early__all__r16,0.0,0.0,0.0,1.0,0.25,1,11
gemma_2_9b_it,compiler::procedural_reasoning::procedural_0031,procedural_reasoning,validation,google/gemma-2-9b-it,full__all__r4,0.1,0.0,0.0,0.9893238434163701,0.27233096085409253,1,11
gemma_2_9b_it,compiler::procedural_reasoning::procedural_0031,procedural_reasoning,validation,google/gemma-2-9b-it,late__all__r16,0.0,0.0,0.3333333333333333,0.9608540925266904,0.3235468564650059,1,11
gemma_2_9b_it,compiler::procedural_reasoning::procedural_0031,procedural_reasoning,validation,google/gemma-2-9b-it,middle__all__r16,0.0,0.0,0.0,0.99644128113879,0.2491103202846975,1,11
gemma_2_9b_it,compiler::procedural_reasoning::procedural_0032,procedural_reasoning,test,google/gemma-2-9b-it,early__all__r16,0.0,0.0,0.0,1.0,0.25,3,11|22|33
gemma_2_9b_it,compiler::procedural_reasoning::procedural_0032,procedural_reasoning,test,google/gemma-2-9b-it,full__all__r4,0.0,0.0,0.2222222222222222,0.9952550415183867,0.30436931593515226,3,11|22|33
gemma_2_9b_it,compiler::procedural_reasoning::procedural_0032,procedural_reasoning,test,google/gemma-2-9b-it,late__all__r16,0.0,0.05555555555555555,0.05555555555555555,0.9584816132858838,0.26739818109924873,3,11|22|33
gemma_2_9b_it,compiler::procedural_reasoning::procedural_0032,procedural_reasoning,test,google/gemma-2-9b-it,middle__all__r16,0.06666666666666667,0.0,0.16666666666666666,0.9976275207591933,0.30774021352313163,3,11|22|33
gemma_2_9b_it,compiler::procedural_reasoning::procedural_0033,procedural_reasoning,train,google/gemma-2-9b-it,early__all__r16,0.0,0.0,0.0,1.0,0.25,1,11
gemma_2_9b_it,compiler::procedural_reasoning::procedural_0033,procedural_reasoning,train,google/gemma-2-9b-it,full__all__r4,0.1,0.0,0.3333333333333333,0.99644128113879,0.3574436536180308,1,11
gemma_2_9b_it,compiler::procedural_reasoning::procedural_0033,procedural_reasoning,train,google/gemma-2-9b-it,late__all__r16,0.1,0.0,0.16666666666666666,0.9608540925266904,0.30688018979833925,1,11
gemma_2_9b_it,compiler::procedural_reasoning::procedural_0033,procedural_reasoning,train,google/gemma-2-9b-it,middle__all__r16,0.1,0.0,0.0,0.99644128113879,0.2741103202846975,1,11
gemma_2_9b_it,compiler::procedural_reasoning::procedural_0034,procedural_reasoning,train,google/gemma-2-9b-it,early__all__r16,0.0,0.0,0.0,1.0,0.25,1,11
gemma_2_9b_it,compiler::procedural_reasoning::procedural_0034,procedural_reasoning,train,google/gemma-2-9b-it,full__all__r4,0.0,0.0,0.0,0.99644128113879,0.2491103202846975,1,11
gemma_2_9b_it,compiler::procedural_reasoning::procedural_0034,procedural_reasoning,train,google/gemma-2-9b-it,late__all__r16,0.0,0.0,0.0,0.9644128113879004,0.2411032028469751,1,11
gemma_2_9b_it,compiler::procedural_reasoning::procedural_0034,procedural_reasoning,train,google/gemma-2-9b-it,middle__all__r16,0.1,0.0,0.0,0.9857651245551602,0.27144128113879007,1,11
gemma_2_9b_it,compiler::procedural_reasoning::procedural_0035,procedural_reasoning,train,google/gemma-2-9b-it,early__all__r16,0.0,0.0,0.0,1.0,0.25,1,11
gemma_2_9b_it,compiler::procedural_reasoning::procedural_0035,procedural_reasoning,train,google/gemma-2-9b-it,full__all__r4,0.0,0.0,0.3333333333333333,0.9928825622775801,0.33155397390272834,1,11
gemma_2_9b_it,compiler::procedural_reasoning::procedural_0035,procedural_reasoning,train,google/gemma-2-9b-it,late__all__r16,0.0,0.0,0.16666666666666666,0.9466192170818505,0.2783214709371293,1,11
gemma_2_9b_it,compiler::procedural_reasoning::procedural_0035,procedural_reasoning,train,google/gemma-2-9b-it,middle__all__r16,0.1,0.0,0.16666666666666666,0.9893238434163701,0.3139976275207592,1,11
gemma_2_9b_it,compiler::procedural_reasoning::procedural_0036,procedural_reasoning,validation,google/gemma-2-9b-it,early__all__r16,0.0,0.0,0.0,0.99644128113879,0.2491103202846975,1,11
gemma_2_9b_it,compiler::procedural_reasoning::procedural_0036,procedural_reasoning,validation,google/gemma-2-9b-it,full__all__r4,0.0,0.0,0.16666666666666666,0.9822064056939501,0.2872182680901542,1,11
gemma_2_9b_it,compiler::procedural_reasoning::procedural_0036,procedural_reasoning,validation,google/gemma-2-9b-it,late__all__r16,0.0,0.0,0.16666666666666666,0.9679715302491103,0.28365954922894426,1,11
gemma_2_9b_it,compiler::procedural_reasoning::procedural_0036,procedural_reasoning,validation,google/gemma-2-9b-it,middle__all__r16,0.1,0.0,0.0,0.9822064056939501,0.27055160142348755,1,11
gemma_2_9b_it,compiler::procedural_reasoning::procedural_0037,procedural_reasoning,validation,google/gemma-2-9b-it,early__all__r16,0.0,0.0,0.0,0.9750889679715302,0.24377224199288255,1,11
gemma_2_9b_it,compiler::procedural_reasoning::procedural_0037,procedural_reasoning,validation,google/gemma-2-9b-it,full__all__r4,0.0,0.0,0.0,0.99644128113879,0.2491103202846975,1,11
gemma_2_9b_it,compiler::procedural_reasoning::procedural_0037,procedural_reasoning,validation,google/gemma-2-9b-it,late__all__r16,0.0,0.0,0.16666666666666666,0.9715302491103203,0.2845492289442467,1,11
gemma_2_9b_it,compiler::procedural_reasoning::procedural_0037,procedural_reasoning,validation,google/gemma-2-9b-it,middle__all__r16,0.0,0.0,0.0,0.9928825622775801,0.24822064056939502,1,11
gemma_2_9b_it,compiler::procedural_reasoning::procedural_0038,procedural_reasoning,validation,google/gemma-2-9b-it,early__all__r16,0.0,0.0,0.0,0.99644128113879,0.2491103202846975,1,11
gemma_2_9b_it,compiler::procedural_reasoning::procedural_0038,procedural_reasoning,validation,google/gemma-2-9b-it,full__all__r4,0.0,0.0,0.16666666666666666,0.9893238434163701,0.2889976275207592,1,11
gemma_2_9b_it,compiler::procedural_reasoning::procedural_0038,procedural_reasoning,validation,google/gemma-2-9b-it,late__all__r16,0.0,0.0,0.3333333333333333,0.9608540925266904,0.3235468564650059,1,11
gemma_2_9b_it,compiler::procedural_reasoning::procedural_0038,procedural_reasoning,validation,google/gemma-2-9b-it,middle__all__r16,0.1,0.0,0.3333333333333333,0.99644128113879,0.3574436536180308,1,11
gemma_2_9b_it,compiler::procedural_reasoning::procedural_0039,procedural_reasoning,train,google/gemma-2-9b-it,early__all__r16,0.0,0.0,0.0,1.0,0.25,1,11
gemma_2_9b_it,compiler::procedural_reasoning::procedural_0039,procedural_reasoning,train,google/gemma-2-9b-it,full__all__r4,0.0,0.0,0.3333333333333333,0.9928825622775801,0.33155397390272834,1,11
gemma_2_9b_it,compiler::procedural_reasoning::procedural_0039,procedural_reasoning,train,google/gemma-2-9b-it,late__all__r16,0.0,0.0,0.3333333333333333,0.9715302491103203,0.3262158956109134,1,11
gemma_2_9b_it,compiler::procedural_reasoning::procedural_0039,procedural_reasoning,train,google/gemma-2-9b-it,middle__all__r16,0.0,0.0,0.16666666666666666,0.9786476868327402,0.2863285883748517,1,11
gemma_2_9b_it,compiler::procedural_reasoning::procedural_0040,procedural_reasoning,test,google/gemma-2-9b-it,early__all__r16,0.0,0.0,0.0,1.0,0.25,3,11|22|33
gemma_2_9b_it,compiler::procedural_reasoning::procedural_0040,procedural_reasoning,test,google/gemma-2-9b-it,full__all__r4,0.0,0.0,0.3333333333333333,0.9940688018979834,0.3318505338078292,3,11|22|33
gemma_2_9b_it,compiler::procedural_reasoning::procedural_0040,procedural_reasoning,test,google/gemma-2-9b-it,late__all__r16,0.0,0.0,0.0,0.9525504151838672,0.2381376037959668,3,11|22|33
gemma_2_9b_it,compiler::procedural_reasoning::procedural_0040,procedural_reasoning,test,google/gemma-2-9b-it,middle__all__r16,0.06666666666666667,0.0,0.05555555555555555,0.9940688018979834,0.2790727560300514,3,11|22|33
gemma_2_9b_it,compiler::procedural_reasoning::procedural_0041,procedural_reasoning,validation,google/gemma-2-9b-it,early__all__r16,0.0,0.0,0.0,0.9750889679715302,0.24377224199288255,1,11
gemma_2_9b_it,compiler::procedural_reasoning::procedural_0041,procedural_reasoning,validation,google/gemma-2-9b-it,full__all__r4,0.1,0.0,0.3333333333333333,0.9928825622775801,0.35655397390272836,1,11
gemma_2_9b_it,compiler::procedural_reasoning::procedural_0041,procedural_reasoning,validation,google/gemma-2-9b-it,late__all__r16,0.2,0.0,0.0,0.9572953736654805,0.28932384341637013,1,11
gemma_2_9b_it,compiler::procedural_reasoning::procedural_0041,procedural_reasoning,validation,google/gemma-2-9b-it,middle__all__r16,0.1,0.0,0.16666666666666666,1.0,0.31666666666666665,1,11
gemma_2_9b_it,compiler::procedural_reasoning::procedural_0042,procedural_reasoning,train,google/gemma-2-9b-it,early__all__r16,0.0,0.0,0.0,1.0,0.25,1,11
gemma_2_9b_it,compiler::procedural_reasoning::procedural_0042,procedural_reasoning,train,google/gemma-2-9b-it,full__all__r4,0.1,0.0,0.3333333333333333,0.9893238434163701,0.35566429418742584,1,11
gemma_2_9b_it,compiler::procedural_reasoning::procedural_0042,procedural_reasoning,train,google/gemma-2-9b-it,late__all__r16,0.0,0.0,0.3333333333333333,0.9679715302491103,0.3253262158956109,1,11
gemma_2_9b_it,compiler::procedural_reasoning::procedural_0042,procedural_reasoning,train,google/gemma-2-9b-it,middle__all__r16,0.1,0.0,0.0,1.0,0.275,1,11
gemma_2_9b_it,compiler::procedural_reasoning::procedural_0043,procedural_reasoning,test,google/gemma-2-9b-it,early__all__r16,0.0,0.0,0.0,0.9988137603795967,0.24970344009489917,3,11|22|33
gemma_2_9b_it,compiler::procedural_reasoning::procedural_0043,procedural_reasoning,test,google/gemma-2-9b-it,full__all__r4,0.0,0.0,0.2222222222222222,0.9940688018979834,0.3040727560300514,3,11|22|33
gemma_2_9b_it,compiler::procedural_reasoning::procedural_0043,procedural_reasoning,test,google/gemma-2-9b-it,late__all__r16,0.0,0.05555555555555555,0.27777777777777773,0.9525504151838672,0.32147093712930014,3,11|22|33
gemma_2_9b_it,compiler::procedural_reasoning::procedural_0043,procedural_reasoning,test,google/gemma-2-9b-it,middle__all__r16,0.0,0.0,0.05555555555555555,0.9928825622775802,0.2621095294582839,3,11|22|33
gemma_2_9b_it,compiler::procedural_reasoning::procedural_0044,procedural_reasoning,train,google/gemma-2-9b-it,early__all__r16,0.0,0.0,0.0,0.99644128113879,0.2491103202846975,1,11
gemma_2_9b_it,compiler::procedural_reasoning::procedural_0044,procedural_reasoning,train,google/gemma-2-9b-it,full__all__r4,0.0,0.0,0.3333333333333333,0.9893238434163701,0.3306642941874259,1,11
gemma_2_9b_it,compiler::procedural_reasoning::procedural_0044,procedural_reasoning,train,google/gemma-2-9b-it,late__all__r16,0.0,0.0,0.0,0.9644128113879004,0.2411032028469751,1,11
gemma_2_9b_it,compiler::procedural_reasoning::procedural_0044,procedural_reasoning,train,google/gemma-2-9b-it,middle__all__r16,0.0,0.0,0.16666666666666666,0.9893238434163701,0.2889976275207592,1,11
gemma_2_9b_it,compiler::procedural_reasoning::procedural_0045,procedural_reasoning,train,google/gemma-2-9b-it,early__all__r16,0.0,0.0,0.0,1.0,0.25,1,11
gemma_2_9b_it,compiler::procedural_reasoning::procedural_0045,procedural_reasoning,train,google/gemma-2-9b-it,full__all__r4,0.1,0.0,0.3333333333333333,0.9928825622775801,0.35655397390272836,1,11
gemma_2_9b_it,compiler::procedural_reasoning::procedural_0045,procedural_reasoning,train,google/gemma-2-9b-it,late__all__r16,0.0,0.0,0.3333333333333333,0.9572953736654805,0.32265717674970346,1,11
gemma_2_9b_it,compiler::procedural_reasoning::procedural_0045,procedural_reasoning,train,google/gemma-2-9b-it,middle__all__r16,0.1,0.0,0.16666666666666666,0.9928825622775801,0.3148873072360617,1,11
gemma_2_9b_it,compiler::procedural_reasoning::procedural_0046,procedural_reasoning,train,google/gemma-2-9b-it,early__all__r16,0.0,0.0,0.0,0.99644128113879,0.2491103202846975,1,11
gemma_2_9b_it,compiler::procedural_reasoning::procedural_0046,procedural_reasoning,train,google/gemma-2-9b-it,full__all__r4,0.0,0.0,0.3333333333333333,0.9928825622775801,0.33155397390272834,1,11
gemma_2_9b_it,compiler::procedural_reasoning::procedural_0046,procedural_reasoning,train,google/gemma-2-9b-it,late__all__r16,0.0,0.0,0.3333333333333333,0.9679715302491103,0.3253262158956109,1,11
gemma_2_9b_it,compiler::procedural_reasoning::procedural_0046,procedural_reasoning,train,google/gemma-2-9b-it,middle__all__r16,0.0,0.0,0.6666666666666666,0.9822064056939501,0.41221826809015416,1,11
gemma_2_9b_it,compiler::procedural_reasoning::procedural_0047,procedural_reasoning,test,google/gemma-2-9b-it,early__all__r16,0.0,0.0,0.0,0.99644128113879,0.2491103202846975,3,11|22|33
gemma_2_9b_it,compiler::procedural_reasoning::procedural_0047,procedural_reasoning,test,google/gemma-2-9b-it,full__all__r4,0.03333333333333333,0.0,0.1111111111111111,0.99644128113879,0.28522143139580863,3,11|22|33
gemma_2_9b_it,compiler::procedural_reasoning::procedural_0047,procedural_reasoning,test,google/gemma-2-9b-it,late__all__r16,0.06666666666666667,0.1111111111111111,0.16666666666666666,0.9644128113879004,0.3272143139580862,3,11|22|33
gemma_2_9b_it,compiler::procedural_reasoning::procedural_0047,procedural_reasoning,test,google/gemma-2-9b-it,middle__all__r16,0.0,0.0,0.0,0.9988137603795967,0.24970344009489917,3,11|22|33
gemma_2_9b_it,compiler::procedural_reasoning::procedural_0048,procedural_reasoning,train,google/gemma-2-9b-it,early__all__r16,0.0,0.0,0.0,1.0,0.25,1,11
gemma_2_9b_it,compiler::procedural_reasoning::procedural_0048,procedural_reasoning,train,google/gemma-2-9b-it,full__all__r4,0.0,0.0,0.0,0.9857651245551602,0.24644128113879005,1,11
gemma_2_9b_it,compiler::procedural_reasoning::procedural_0048,procedural_reasoning,train,google/gemma-2-9b-it,late__all__r16,0.0,0.0,0.0,0.9644128113879004,0.2411032028469751,1,11
gemma_2_9b_it,compiler::procedural_reasoning::procedural_0048,procedural_reasoning,train,google/gemma-2-9b-it,middle__all__r16,0.1,0.0,0.16666666666666666,0.9928825622775801,0.3148873072360617,1,11
gemma_2_9b_it,compiler::procedural_reasoning::procedural_0049,procedural_reasoning,train,google/gemma-2-9b-it,early__all__r16,0.0,0.0,0.0,1.0,0.25,1,11
gemma_2_9b_it,compiler::procedural_reasoning::procedural_0049,procedural_reasoning,train,google/gemma-2-9b-it,full__all__r4,0.0,0.0,0.16666666666666666,0.9928825622775801,0.2898873072360617,1,11
gemma_2_9b_it,compiler::procedural_reasoning::procedural_0049,procedural_reasoning,train,google/gemma-2-9b-it,late__all__r16,0.0,0.0,0.16666666666666666,0.9679715302491103,0.28365954922894426,1,11
gemma_2_9b_it,compiler::procedural_reasoning::procedural_0049,procedural_reasoning,train,google/gemma-2-9b-it,middle__all__r16,0.0,0.0,0.0,0.99644128113879,0.2491103202846975,1,11
gemma_2_9b_it,compiler::procedural_reasoning::procedural_0050,procedural_reasoning,test,google/gemma-2-9b-it,early__all__r16,0.0,0.0,0.0,1.0,0.25,3,11|22|33
gemma_2_9b_it,compiler::procedural_reasoning::procedural_0050,procedural_reasoning,test,google/gemma-2-9b-it,full__all__r4,0.0,0.0,0.3333333333333333,0.9952550415183867,0.33214709371293,3,11|22|33
gemma_2_9b_it,compiler::procedural_reasoning::procedural_0050,procedural_reasoning,test,google/gemma-2-9b-it,late__all__r16,0.0,0.0,0.1111111111111111,0.956109134045077,0.266805061289047,3,11|22|33
gemma_2_9b_it,compiler::procedural_reasoning::procedural_0050,procedural_reasoning,test,google/gemma-2-9b-it,middle__all__r16,0.0,0.0,0.0,0.9952550415183867,0.24881376037959668,3,11|22|33
gemma_2_9b_it,compiler::procedural_reasoning::procedural_0051,procedural_reasoning,train,google/gemma-2-9b-it,early__all__r16,0.0,0.0,0.0,0.99644128113879,0.2491103202846975,1,11
gemma_2_9b_it,compiler::procedural_reasoning::procedural_0051,procedural_reasoning,train,google/gemma-2-9b-it,full__all__r4,0.1,0.0,0.0,0.9893238434163701,0.27233096085409253,1,11
gemma_2_9b_it,compiler::procedural_reasoning::procedural_0051,procedural_reasoning,train,google/gemma-2-9b-it,late__all__r16,0.0,0.0,0.5,0.9537366548042705,0.3634341637010676,1,11
gemma_2_9b_it,compiler::procedural_reasoning::procedural_0051,procedural_reasoning,train,google/gemma-2-9b-it,middle__all__r16,0.1,0.0,0.16666666666666666,0.9928825622775801,0.3148873072360617,1,11
gemma_2_9b_it,compiler::procedural_reasoning::procedural_0052,procedural_reasoning,train,google/gemma-2-9b-it,early__all__r16,0.0,0.0,0.0,1.0,0.25,1,11
gemma_2_9b_it,compiler::procedural_reasoning::procedural_0052,procedural_reasoning,train,google/gemma-2-9b-it,full__all__r4,0.0,0.0,0.16666666666666666,0.9928825622775801,0.2898873072360617,1,11
gemma_2_9b_it,compiler::procedural_reasoning::procedural_0052,procedural_reasoning,train,google/gemma-2-9b-it,late__all__r16,0.0,0.0,0.16666666666666666,0.9679715302491103,0.28365954922894426,1,11
gemma_2_9b_it,compiler::procedural_reasoning::procedural_0052,procedural_reasoning,train,google/gemma-2-9b-it,middle__all__r16,0.1,0.0,0.0,0.99644128113879,0.2741103202846975,1,11
gemma_2_9b_it,compiler::procedural_reasoning::procedural_0053,procedural_reasoning,train,google/gemma-2-9b-it,early__all__r16,0.0,0.0,0.0,1.0,0.25,1,11
gemma_2_9b_it,compiler::procedural_reasoning::procedural_0053,procedural_reasoning,train,google/gemma-2-9b-it,full__all__r4,0.1,0.0,0.3333333333333333,0.99644128113879,0.3574436536180308,1,11
gemma_2_9b_it,compiler::procedural_reasoning::procedural_0053,procedural_reasoning,train,google/gemma-2-9b-it,late__all__r16,0.0,0.0,0.3333333333333333,0.9572953736654805,0.32265717674970346,1,11
gemma_2_9b_it,compiler::procedural_reasoning::procedural_0053,procedural_reasoning,train,google/gemma-2-9b-it,middle__all__r16,0.0,0.0,0.0,0.99644128113879,0.2491103202846975,1,11
gemma_2_9b_it,compiler::procedural_reasoning::procedural_0054,procedural_reasoning,train,google/gemma-2-9b-it,early__all__r16,0.0,0.0,0.0,1.0,0.25,1,11
gemma_2_9b_it,compiler::procedural_reasoning::procedural_0054,procedural_reasoning,train,google/gemma-2-9b-it,full__all__r4,0.0,0.0,0.16666666666666666,0.9857651245551602,0.28810794780545673,1,11
gemma_2_9b_it,compiler::procedural_reasoning::procedural_0054,procedural_reasoning,train,google/gemma-2-9b-it,late__all__r16,0.0,0.0,0.0,0.9715302491103203,0.24288256227758007,1,11
gemma_2_9b_it,compiler::procedural_reasoning::procedural_0054,procedural_reasoning,train,google/gemma-2-9b-it,middle__all__r16,0.0,0.0,0.0,0.99644128113879,0.2491103202846975,1,11
gemma_2_9b_it,compiler::procedural_reasoning::procedural_0055,procedural_reasoning,validation,google/gemma-2-9b-it,early__all__r16,0.0,0.0,0.0,0.99644128113879,0.2491103202846975,1,11
gemma_2_9b_it,compiler::procedural_reasoning::procedural_0055,procedural_reasoning,validation,google/gemma-2-9b-it,full__all__r4,0.0,0.0,0.16666666666666666,0.9893238434163701,0.2889976275207592,1,11
gemma_2_9b_it,compiler::procedural_reasoning::procedural_0055,procedural_reasoning,validation,google/gemma-2-9b-it,late__all__r16,0.0,0.0,0.0,0.9608540925266904,0.2402135231316726,1,11
gemma_2_9b_it,compiler::procedural_reasoning::procedural_0055,procedural_reasoning,validation,google/gemma-2-9b-it,middle__all__r16,0.0,0.0,0.16666666666666666,0.9928825622775801,0.2898873072360617,1,11
gemma_2_9b_it,compiler::procedural_reasoning::procedural_0056,procedural_reasoning,train,google/gemma-2-9b-it,early__all__r16,0.0,0.0,0.0,0.9893238434163701,0.24733096085409254,1,11
gemma_2_9b_it,compiler::procedural_reasoning::procedural_0056,procedural_reasoning,train,google/gemma-2-9b-it,full__all__r4,0.0,0.0,0.5,0.9893238434163701,0.37233096085409256,1,11
gemma_2_9b_it,compiler::procedural_reasoning::procedural_0056,procedural_reasoning,train,google/gemma-2-9b-it,late__all__r16,0.0,0.0,0.0,0.9679715302491103,0.24199288256227758,1,11
gemma_2_9b_it,compiler::procedural_reasoning::procedural_0056,procedural_reasoning,train,google/gemma-2-9b-it,middle__all__r16,0.0,0.0,0.0,0.9822064056939501,0.24555160142348753,1,11
gemma_2_9b_it,compiler::procedural_reasoning::procedural_0057,procedural_reasoning,test,google/gemma-2-9b-it,early__all__r16,0.0,0.0,0.0,0.9940688018979834,0.24851720047449585,3,11|22|33
gemma_2_9b_it,compiler::procedural_reasoning::procedural_0057,procedural_reasoning,test,google/gemma-2-9b-it,full__all__r4,0.0,0.0,0.16666666666666666,0.9952550415183867,0.29048042704626337,3,11|22|33
gemma_2_9b_it,compiler::procedural_reasoning::procedural_0057,procedural_reasoning,test,google/gemma-2-9b-it,late__all__r16,0.0,0.05555555555555555,0.0,0.9644128113879004,0.25499209173586396,3,11|22|33
gemma_2_9b_it,compiler::procedural_reasoning::procedural_0057,procedural_reasoning,test,google/gemma-2-9b-it,middle__all__r16,0.03333333333333333,0.0,0.05555555555555555,0.99644128113879,0.27133254250691974,3,11|22|33
gemma_2_9b_it,compiler::procedural_reasoning::procedural_0058,procedural_reasoning,train,google/gemma-2-9b-it,early__all__r16,0.0,0.0,0.0,1.0,0.25,1,11
gemma_2_9b_it,compiler::procedural_reasoning::procedural_0058,procedural_reasoning,train,google/gemma-2-9b-it,full__all__r4,0.1,0.0,0.3333333333333333,0.9857651245551602,0.3547746144721234,1,11
gemma_2_9b_it,compiler::procedural_reasoning::procedural_0058,procedural_reasoning,train,google/gemma-2-9b-it,late__all__r16,0.0,0.0,0.16666666666666666,0.9572953736654805,0.28099051008303677,1,11
gemma_2_9b_it,compiler::procedural_reasoning::procedural_0058,procedural_reasoning,train,google/gemma-2-9b-it,middle__all__r16,0.0,0.0,0.16666666666666666,0.9893238434163701,0.2889976275207592,1,11
gemma_2_9b_it,compiler::procedural_reasoning::procedural_0059,procedural_reasoning,train,google/gemma-2-9b-it,early__all__r16,0.0,0.0,0.0,1.0,0.25,1,11
gemma_2_9b_it,compiler::procedural_reasoning::procedural_0059,procedural_reasoning,train,google/gemma-2-9b-it,full__all__r4,0.0,0.0,0.16666666666666666,0.9893238434163701,0.2889976275207592,1,11
gemma_2_9b_it,compiler::procedural_reasoning::procedural_0059,procedural_reasoning,train,google/gemma-2-9b-it,late__all__r16,0.0,0.0,0.16666666666666666,0.9679715302491103,0.28365954922894426,1,11
gemma_2_9b_it,compiler::procedural_reasoning::procedural_0059,procedural_reasoning,train,google/gemma-2-9b-it,middle__all__r16,0.0,0.0,0.0,0.9822064056939501,0.24555160142348753,1,11
gemma_2_9b_it,compiler::procedural_reasoning::procedural_0060,procedural_reasoning,train,google/gemma-2-9b-it,early__all__r16,0.0,0.0,0.0,1.0,0.25,1,11
gemma_2_9b_it,compiler::procedural_reasoning::procedural_0060,procedural_reasoning,train,google/gemma-2-9b-it,full__all__r4,0.0,0.0,0.0,0.99644128113879,0.2491103202846975,1,11
gemma_2_9b_it,compiler::procedural_reasoning::procedural_0060,procedural_reasoning,train,google/gemma-2-9b-it,late__all__r16,0.0,0.0,0.16666666666666666,0.9679715302491103,0.28365954922894426,1,11
gemma_2_9b_it,compiler::procedural_reasoning::procedural_0060,procedural_reasoning,train,google/gemma-2-9b-it,middle__all__r16,0.1,0.0,0.0,0.9928825622775801,0.27322064056939505,1,11
gemma_2_9b_it,compiler::procedural_reasoning::procedural_0061,procedural_reasoning,train,google/gemma-2-9b-it,early__all__r16,0.0,0.0,0.0,1.0,0.25,1,11
gemma_2_9b_it,compiler::procedural_reasoning::procedural_0061,procedural_reasoning,train,google/gemma-2-9b-it,full__all__r4,0.0,0.0,0.0,0.9893238434163701,0.24733096085409254,1,11
gemma_2_9b_it,compiler::procedural_reasoning::procedural_0061,procedural_reasoning,train,google/gemma-2-9b-it,late__all__r16,0.0,0.0,0.5,0.9608540925266904,0.3652135231316726,1,11
gemma_2_9b_it,compiler::procedural_reasoning::procedural_0061,procedural_reasoning,train,google/gemma-2-9b-it,middle__all__r16,0.1,0.0,0.0,0.9893238434163701,0.27233096085409253,1,11
gemma_2_9b_it,compiler::procedural_reasoning::procedural_0062,procedural_reasoning,validation,google/gemma-2-9b-it,early__all__r16,0.0,0.0,0.0,1.0,0.25,1,11
gemma_2_9b_it,compiler::procedural_reasoning::procedural_0062,procedural_reasoning,validation,google/gemma-2-9b-it,full__all__r4,0.0,0.0,0.0,0.9893238434163701,0.24733096085409254,1,11
gemma_2_9b_it,compiler::procedural_reasoning::procedural_0062,procedural_reasoning,validation,google/gemma-2-9b-it,late__all__r16,0.0,0.0,0.0,0.9679715302491103,0.24199288256227758,1,11
gemma_2_9b_it,compiler::procedural_reasoning::procedural_0062,procedural_reasoning,validation,google/gemma-2-9b-it,middle__all__r16,0.0,0.0,0.0,0.9928825622775801,0.24822064056939502,1,11
gemma_2_9b_it,compiler::procedural_reasoning::procedural_0063,procedural_reasoning,test,google/gemma-2-9b-it,early__all__r16,0.0,0.0,0.0,0.9988137603795967,0.24970344009489917,3,11|22|33
gemma_2_9b_it,compiler::procedural_reasoning::procedural_0063,procedural_reasoning,test,google/gemma-2-9b-it,full__all__r4,0.10000000000000002,0.0,0.38888888888888884,0.9952550415183867,0.3710359826018189,3,11|22|33
gemma_2_9b_it,compiler::procedural_reasoning::procedural_0063,procedural_reasoning,test,google/gemma-2-9b-it,late__all__r16,0.0,0.05555555555555555,0.0,0.9537366548042705,0.2523230525899565,3,11|22|33
gemma_2_9b_it,compiler::procedural_reasoning::procedural_0063,procedural_reasoning,test,google/gemma-2-9b-it,middle__all__r16,0.06666666666666667,0.0,0.0,0.99644128113879,0.2657769869513642,3,11|22|33
gemma_2_9b_it,compiler::procedural_reasoning::procedural_0064,procedural_reasoning,test,google/gemma-2-9b-it,early__all__r16,0.06666666666666667,0.0,0.0,0.9952550415183867,0.26548042704626335,3,11|22|33
gemma_2_9b_it,compiler::procedural_reasoning::procedural_0064,procedural_reasoning,test,google/gemma-2-9b-it,full__all__r4,0.0,0.0,0.05555555555555555,0.9952550415183867,0.2627026492684856,3,11|22|33
gemma_2_9b_it,compiler::procedural_reasoning::procedural_0064,procedural_reasoning,test,google/gemma-2-9b-it,late__all__r16,0.0,0.0,0.0,0.9596678529062871,0.23991696322657177,3,11|22|33
gemma_2_9b_it,compiler::procedural_reasoning::procedural_0064,procedural_reasoning,test,google/gemma-2-9b-it,middle__all__r16,0.0,0.0,0.0,0.9928825622775802,0.24822064056939505,3,11|22|33
gemma_2_9b_it,compiler::procedural_reasoning::procedural_0065,procedural_reasoning,train,google/gemma-2-9b-it,early__all__r16,0.0,0.0,0.0,1.0,0.25,1,11
gemma_2_9b_it,compiler::procedural_reasoning::procedural_0065,procedural_reasoning,train,google/gemma-2-9b-it,full__all__r4,0.1,0.0,0.16666666666666666,0.9928825622775801,0.3148873072360617,1,11
gemma_2_9b_it,compiler::procedural_reasoning::procedural_0065,procedural_reasoning,train,google/gemma-2-9b-it,late__all__r16,0.0,0.0,0.16666666666666666,0.9537366548042705,0.2801008303677343,1,11
gemma_2_9b_it,compiler::procedural_reasoning::procedural_0065,procedural_reasoning,train,google/gemma-2-9b-it,middle__all__r16,0.1,0.0,0.0,0.9857651245551602,0.27144128113879007,1,11
gemma_2_9b_it,compiler::procedural_reasoning::procedural_0066,procedural_reasoning,train,google/gemma-2-9b-it,early__all__r16,0.0,0.0,0.0,1.0,0.25,1,11
gemma_2_9b_it,compiler::procedural_reasoning::procedural_0066,procedural_reasoning,train,google/gemma-2-9b-it,full__all__r4,0.1,0.0,0.0,0.9857651245551602,0.27144128113879007,1,11
gemma_2_9b_it,compiler::procedural_reasoning::procedural_0066,procedural_reasoning,train,google/gemma-2-9b-it,late__all__r16,0.1,0.0,0.3333333333333333,0.9679715302491103,0.3503262158956109,1,11
gemma_2_9b_it,compiler::procedural_reasoning::procedural_0066,procedural_reasoning,train,google/gemma-2-9b-it,middle__all__r16,0.1,0.0,0.0,0.9822064056939501,0.27055160142348755,1,11
gemma_2_9b_it,compiler::procedural_reasoning::procedural_0067,procedural_reasoning,validation,google/gemma-2-9b-it,early__all__r16,0.0,0.0,0.0,1.0,0.25,1,11
gemma_2_9b_it,compiler::procedural_reasoning::procedural_0067,procedural_reasoning,validation,google/gemma-2-9b-it,full__all__r4,0.0,0.0,0.16666666666666666,0.99644128113879,0.29077698695136417,1,11
gemma_2_9b_it,compiler::procedural_reasoning::procedural_0067,procedural_reasoning,validation,google/gemma-2-9b-it,late__all__r16,0.0,0.0,0.0,0.9679715302491103,0.24199288256227758,1,11
gemma_2_9b_it,compiler::procedural_reasoning::procedural_0067,procedural_reasoning,validation,google/gemma-2-9b-it,middle__all__r16,0.1,0.0,0.0,0.99644128113879,0.2741103202846975,1,11
gemma_2_9b_it,compiler::procedural_reasoning::procedural_0068,procedural_reasoning,test,google/gemma-2-9b-it,early__all__r16,0.0,0.0,0.0,1.0,0.25,3,11|22|33
gemma_2_9b_it,compiler::procedural_reasoning::procedural_0068,procedural_reasoning,test,google/gemma-2-9b-it,full__all__r4,0.10000000000000002,0.0,0.2222222222222222,0.9916963226571768,0.32847963621984977,3,11|22|33
gemma_2_9b_it,compiler::procedural_reasoning::procedural_0068,procedural_reasoning,test,google/gemma-2-9b-it,late__all__r16,0.06666666666666667,0.1111111111111111,0.2222222222222222,0.9572953736654805,0.3393238434163701,3,11|22|33
gemma_2_9b_it,compiler::procedural_reasoning::procedural_0068,procedural_reasoning,test,google/gemma-2-9b-it,middle__all__r16,0.06666666666666667,0.0,0.16666666666666666,0.9952550415183867,0.30714709371293003,3,11|22|33
gemma_2_9b_it,compiler::procedural_reasoning::procedural_0069,procedural_reasoning,train,google/gemma-2-9b-it,early__all__r16,0.0,0.0,0.0,1.0,0.25,1,11
gemma_2_9b_it,compiler::procedural_reasoning::procedural_0069,procedural_reasoning,train,google/gemma-2-9b-it,full__all__r4,0.0,0.0,0.3333333333333333,0.9893238434163701,0.3306642941874259,1,11
gemma_2_9b_it,compiler::procedural_reasoning::procedural_0069,procedural_reasoning,train,google/gemma-2-9b-it,late__all__r16,0.0,0.0,0.16666666666666666,0.9679715302491103,0.28365954922894426,1,11
gemma_2_9b_it,compiler::procedural_reasoning::procedural_0069,procedural_reasoning,train,google/gemma-2-9b-it,middle__all__r16,0.0,0.0,0.0,0.9893238434163701,0.24733096085409254,1,11
gemma_2_9b_it,compiler::procedural_reasoning::procedural_0070,procedural_reasoning,train,google/gemma-2-9b-it,early__all__r16,0.0,0.0,0.0,0.9928825622775801,0.24822064056939502,1,11
gemma_2_9b_it,compiler::procedural_reasoning::procedural_0070,procedural_reasoning,train,google/gemma-2-9b-it,full__all__r4,0.1,0.0,0.16666666666666666,0.99644128113879,0.3157769869513642,1,11
gemma_2_9b_it,compiler::procedural_reasoning::procedural_0070,procedural_reasoning,train,google/gemma-2-9b-it,late__all__r16,0.0,0.0,0.0,0.9608540925266904,0.2402135231316726,1,11
gemma_2_9b_it,compiler::procedural_reasoning::procedural_0070,procedural_reasoning,train,google/gemma-2-9b-it,middle__all__r16,0.1,0.0,0.0,0.99644128113879,0.2741103202846975,1,11
gemma_2_9b_it,compiler::procedural_reasoning::procedural_0071,procedural_reasoning,train,google/gemma-2-9b-it,early__all__r16,0.0,0.0,0.0,1.0,0.25,1,11
gemma_2_9b_it,compiler::procedural_reasoning::procedural_0071,procedural_reasoning,train,google/gemma-2-9b-it,full__all__r4,0.0,0.0,0.0,0.9928825622775801,0.24822064056939502,1,11
gemma_2_9b_it,compiler::procedural_reasoning::procedural_0071,procedural_reasoning,train,google/gemma-2-9b-it,late__all__r16,0.0,0.0,0.5,0.9644128113879004,0.36610320284697506,1,11
gemma_2_9b_it,compiler::procedural_reasoning::procedural_0071,procedural_reasoning,train,google/gemma-2-9b-it,middle__all__r16,0.0,0.0,0.5,0.99644128113879,0.3741103202846975,1,11
gemma_2_9b_it,compiler::procedural_reasoning::procedural_0072,procedural_reasoning,train,google/gemma-2-9b-it,early__all__r16,0.0,0.0,0.0,1.0,0.25,1,11
gemma_2_9b_it,compiler::procedural_reasoning::procedural_0072,procedural_reasoning,train,google/gemma-2-9b-it,full__all__r4,0.0,0.0,0.0,0.9857651245551602,0.24644128113879005,1,11
gemma_2_9b_it,compiler::procedural_reasoning::procedural_0072,procedural_reasoning,train,google/gemma-2-9b-it,late__all__r16,0.0,0.0,0.3333333333333333,0.9644128113879004,0.32443653618030843,1,11
gemma_2_9b_it,compiler::procedural_reasoning::procedural_0072,procedural_reasoning,train,google/gemma-2-9b-it,middle__all__r16,0.1,0.0,0.0,0.99644128113879,0.2741103202846975,1,11
gemma_2_9b_it,compiler::procedural_reasoning::procedural_0073,procedural_reasoning,train,google/gemma-2-9b-it,early__all__r16,0.0,0.0,0.0,1.0,0.25,1,11
gemma_2_9b_it,compiler::procedural_reasoning::procedural_0073,procedural_reasoning,train,google/gemma-2-9b-it,full__all__r4,0.0,0.0,0.3333333333333333,0.99644128113879,0.33244365361803085,1,11
gemma_2_9b_it,compiler::procedural_reasoning::procedural_0073,procedural_reasoning,train,google/gemma-2-9b-it,late__all__r16,0.0,0.0,0.16666666666666666,0.9679715302491103,0.28365954922894426,1,11
gemma_2_9b_it,compiler::procedural_reasoning::procedural_0073,procedural_reasoning,train,google/gemma-2-9b-it,middle__all__r16,0.0,0.0,0.0,0.99644128113879,0.2491103202846975,1,11
gemma_2_9b_it,compiler::procedural_reasoning::procedural_0074,procedural_reasoning,train,google/gemma-2-9b-it,early__all__r16,0.0,0.0,0.0,1.0,0.25,1,11
gemma_2_9b_it,compiler::procedural_reasoning::procedural_0074,procedural_reasoning,train,google/gemma-2-9b-it,full__all__r4,0.0,0.0,0.16666666666666666,0.9857651245551602,0.28810794780545673,1,11
gemma_2_9b_it,compiler::procedural_reasoning::procedural_0074,procedural_reasoning,train,google/gemma-2-9b-it,late__all__r16,0.0,0.0,0.16666666666666666,0.9679715302491103,0.28365954922894426,1,11
gemma_2_9b_it,compiler::procedural_reasoning::procedural_0074,procedural_reasoning,train,google/gemma-2-9b-it,middle__all__r16,0.0,0.0,0.0,0.9857651245551602,0.24644128113879005,1,11
gemma_2_9b_it,compiler::procedural_reasoning::procedural_0075,procedural_reasoning,test,google/gemma-2-9b-it,early__all__r16,0.0,0.0,0.0,0.9988137603795967,0.24970344009489917,3,11|22|33
gemma_2_9b_it,compiler::procedural_reasoning::procedural_0075,procedural_reasoning,test,google/gemma-2-9b-it,full__all__r4,0.06666666666666667,0.0,0.05555555555555555,0.9952550415183867,0.27936931593515224,3,11|22|33
gemma_2_9b_it,compiler::procedural_reasoning::procedural_0075,procedural_reasoning,test,google/gemma-2-9b-it,late__all__r16,0.10000000000000002,0.05555555555555555,0.0,0.944246737841044,0.2749505733491499,3,11|22|33
gemma_2_9b_it,compiler::procedural_reasoning::procedural_0075,procedural_reasoning,test,google/gemma-2-9b-it,middle__all__r16,0.03333333333333333,0.0,0.1111111111111111,0.99644128113879,0.28522143139580863,3,11|22|33
gemma_2_9b_it,compiler::procedural_reasoning::procedural_0076,procedural_reasoning,train,google/gemma-2-9b-it,early__all__r16,0.0,0.0,0.0,0.99644128113879,0.2491103202846975,1,11
gemma_2_9b_it,compiler::procedural_reasoning::procedural_0076,procedural_reasoning,train,google/gemma-2-9b-it,full__all__r4,0.1,0.0,0.16666666666666666,0.9893238434163701,0.3139976275207592,1,11
gemma_2_9b_it,compiler::procedural_reasoning::procedural_0076,procedural_reasoning,train,google/gemma-2-9b-it,late__all__r16,0.0,0.0,0.5,0.9679715302491103,0.3669928825622776,1,11
gemma_2_9b_it,compiler::procedural_reasoning::procedural_0076,procedural_reasoning,train,google/gemma-2-9b-it,middle__all__r16,0.1,0.0,0.16666666666666666,0.9893238434163701,0.3139976275207592,1,11
gemma_2_9b_it,compiler::procedural_reasoning::procedural_0077,procedural_reasoning,test,google/gemma-2-9b-it,early__all__r16,0.0,0.0,0.0,0.9952550415183867,0.24881376037959668,3,11|22|33
gemma_2_9b_it,compiler::procedural_reasoning::procedural_0077,procedural_reasoning,test,google/gemma-2-9b-it,full__all__r4,0.0,0.0,0.2222222222222222,0.9952550415183867,0.30436931593515226,3,11|22|33
gemma_2_9b_it,compiler::procedural_reasoning::procedural_0077,procedural_reasoning,test,google/gemma-2-9b-it,late__all__r16,0.0,0.16666666666666666,0.0,0.9620403321470937,0.2821767497034401,3,11|22|33
gemma_2_9b_it,compiler::procedural_reasoning::procedural_0077,procedural_reasoning,test,google/gemma-2-9b-it,middle__all__r16,0.06666666666666667,0.0,0.05555555555555555,0.9988137603795967,0.2802589956504547,3,11|22|33
gemma_2_9b_it,compiler::procedural_reasoning::procedural_0078,procedural_reasoning,train,google/gemma-2-9b-it,early__all__r16,0.0,0.0,0.0,1.0,0.25,1,11
gemma_2_9b_it,compiler::procedural_reasoning::procedural_0078,procedural_reasoning,train,google/gemma-2-9b-it,full__all__r4,0.1,0.0,0.16666666666666666,0.9857651245551602,0.3131079478054567,1,11
gemma_2_9b_it,compiler::procedural_reasoning::procedural_0078,procedural_reasoning,train,google/gemma-2-9b-it,late__all__r16,0.0,0.0,0.3333333333333333,0.9608540925266904,0.3235468564650059,1,11
gemma_2_9b_it,compiler::procedural_reasoning::procedural_0078,procedural_reasoning,train,google/gemma-2-9b-it,middle__all__r16,0.1,0.0,0.16666666666666666,1.0,0.31666666666666665,1,11
gemma_2_9b_it,compiler::procedural_reasoning::procedural_0079,procedural_reasoning,train,google/gemma-2-9b-it,early__all__r16,0.0,0.0,0.0,0.9928825622775801,0.24822064056939502,1,11
gemma_2_9b_it,compiler::procedural_reasoning::procedural_0079,procedural_reasoning,train,google/gemma-2-9b-it,full__all__r4,0.1,0.0,0.3333333333333333,0.99644128113879,0.3574436536180308,1,11
gemma_2_9b_it,compiler::procedural_reasoning::procedural_0079,procedural_reasoning,train,google/gemma-2-9b-it,late__all__r16,0.1,0.0,0.0,0.9750889679715302,0.2687722419928826,1,11
gemma_2_9b_it,compiler::procedural_reasoning::procedural_0079,procedural_reasoning,train,google/gemma-2-9b-it,middle__all__r16,0.0,0.0,0.16666666666666666,0.9822064056939501,0.2872182680901542,1,11
gemma_2_9b_it,compiler::procedural_reasoning::procedural_0080,procedural_reasoning,test,google/gemma-2-9b-it,early__all__r16,0.0,0.0,0.0,0.99644128113879,0.2491103202846975,3,11|22|33
gemma_2_9b_it,compiler::procedural_reasoning::procedural_0080,procedural_reasoning,test,google/gemma-2-9b-it,full__all__r4,0.0,0.0,0.05555555555555555,0.9952550415183867,0.2627026492684856,3,11|22|33
gemma_2_9b_it,compiler::procedural_reasoning::procedural_0080,procedural_reasoning,test,google/gemma-2-9b-it,late__all__r16,0.0,0.0,0.05555555555555555,0.9549228944246737,0.2526196124950573,3,11|22|33
gemma_2_9b_it,compiler::procedural_reasoning::procedural_0080,procedural_reasoning,test,google/gemma-2-9b-it,middle__all__r16,0.10000000000000002,0.0,0.05555555555555555,0.99644128113879,0.2879992091735864,3,11|22|33
gemma_2_9b_it,compiler::procedural_reasoning::procedural_0081,procedural_reasoning,train,google/gemma-2-9b-it,early__all__r16,0.0,0.0,0.0,0.9857651245551602,0.24644128113879005,1,11
gemma_2_9b_it,compiler::procedural_reasoning::procedural_0081,procedural_reasoning,train,google/gemma-2-9b-it,full__all__r4,0.0,0.0,0.3333333333333333,0.9857651245551602,0.32977461447212336,1,11
gemma_2_9b_it,compiler::procedural_reasoning::procedural_0081,procedural_reasoning,train,google/gemma-2-9b-it,late__all__r16,0.1,0.0,0.16666666666666666,0.9608540925266904,0.30688018979833925,1,11
gemma_2_9b_it,compiler::procedural_reasoning::procedural_0081,procedural_reasoning,train,google/gemma-2-9b-it,middle__all__r16,0.0,0.0,0.6666666666666666,0.9893238434163701,0.4139976275207592,1,11
gemma_2_9b_it,compiler::procedural_reasoning::procedural_0082,procedural_reasoning,train,google/gemma-2-9b-it,early__all__r16,0.0,0.0,0.0,1.0,0.25,1,11
gemma_2_9b_it,compiler::procedural_reasoning::procedural_0082,procedural_reasoning,train,google/gemma-2-9b-it,full__all__r4,0.0,0.0,0.16666666666666666,0.9928825622775801,0.2898873072360617,1,11
gemma_2_9b_it,compiler::procedural_reasoning::procedural_0082,procedural_reasoning,train,google/gemma-2-9b-it,late__all__r16,0.0,0.0,0.3333333333333333,0.9679715302491103,0.3253262158956109,1,11
gemma_2_9b_it,compiler::procedural_reasoning::procedural_0082,procedural_reasoning,train,google/gemma-2-9b-it,middle__all__r16,0.1,0.0,0.0,1.0,0.275,1,11
gemma_2_9b_it,compiler::procedural_reasoning::procedural_0083,procedural_reasoning,train,google/gemma-2-9b-it,early__all__r16,0.0,0.0,0.0,0.99644128113879,0.2491103202846975,1,11
gemma_2_9b_it,compiler::procedural_reasoning::procedural_0083,procedural_reasoning,train,google/gemma-2-9b-it,full__all__r4,0.1,0.0,0.5,0.99644128113879,0.3991103202846975,1,11
gemma_2_9b_it,compiler::procedural_reasoning::procedural_0083,procedural_reasoning,train,google/gemma-2-9b-it,late__all__r16,0.0,0.16666666666666666,0.3333333333333333,0.9572953736654805,0.3643238434163701,1,11
gemma_2_9b_it,compiler::procedural_reasoning::procedural_0083,procedural_reasoning,train,google/gemma-2-9b-it,middle__all__r16,0.1,0.0,0.0,0.99644128113879,0.2741103202846975,1,11
gemma_2_9b_it,compiler::procedural_reasoning::procedural_0084,procedural_reasoning,validation,google/gemma-2-9b-it,early__all__r16,0.0,0.0,0.0,0.99644128113879,0.2491103202846975,1,11
gemma_2_9b_it,compiler::procedural_reasoning::procedural_0084,procedural_reasoning,validation,google/gemma-2-9b-it,full__all__r4,0.1,0.0,0.16666666666666666,0.9893238434163701,0.3139976275207592,1,11
gemma_2_9b_it,compiler::procedural_reasoning::procedural_0084,procedural_reasoning,validation,google/gemma-2-9b-it,late__all__r16,0.0,0.0,0.0,0.9644128113879004,0.2411032028469751,1,11
gemma_2_9b_it,compiler::procedural_reasoning::procedural_0084,procedural_reasoning,validation,google/gemma-2-9b-it,middle__all__r16,0.1,0.0,0.0,0.99644128113879,0.2741103202846975,1,11
gemma_2_9b_it,compiler::procedural_reasoning::procedural_0085,procedural_reasoning,train,google/gemma-2-9b-it,early__all__r16,0.0,0.0,0.0,0.99644128113879,0.2491103202846975,1,11
gemma_2_9b_it,compiler::procedural_reasoning::procedural_0085,procedural_reasoning,train,google/gemma-2-9b-it,full__all__r4,0.0,0.0,0.16666666666666666,0.9857651245551602,0.28810794780545673,1,11
gemma_2_9b_it,compiler::procedural_reasoning::procedural_0085,procedural_reasoning,train,google/gemma-2-9b-it,late__all__r16,0.0,0.0,0.16666666666666666,0.9644128113879004,0.28276986951364175,1,11
gemma_2_9b_it,compiler::procedural_reasoning::procedural_0085,procedural_reasoning,train,google/gemma-2-9b-it,middle__all__r16,0.1,0.0,0.0,0.9928825622775801,0.27322064056939505,1,11
gemma_2_9b_it,compiler::procedural_reasoning::procedural_0086,procedural_reasoning,train,google/gemma-2-9b-it,early__all__r16,0.0,0.0,0.0,0.9928825622775801,0.24822064056939502,1,11
gemma_2_9b_it,compiler::procedural_reasoning::procedural_0086,procedural_reasoning,train,google/gemma-2-9b-it,full__all__r4,0.1,0.0,0.0,0.99644128113879,0.2741103202846975,1,11
gemma_2_9b_it,compiler::procedural_reasoning::procedural_0086,procedural_reasoning,train,google/gemma-2-9b-it,late__all__r16,0.0,0.0,0.16666666666666666,0.9679715302491103,0.28365954922894426,1,11
gemma_2_9b_it,compiler::procedural_reasoning::procedural_0086,procedural_reasoning,train,google/gemma-2-9b-it,middle__all__r16,0.1,0.0,0.16666666666666666,0.9893238434163701,0.3139976275207592,1,11
gemma_2_9b_it,compiler::procedural_reasoning::procedural_0087,procedural_reasoning,train,google/gemma-2-9b-it,early__all__r16,0.0,0.0,0.0,0.9857651245551602,0.24644128113879005,1,11
gemma_2_9b_it,compiler::procedural_reasoning::procedural_0087,procedural_reasoning,train,google/gemma-2-9b-it,full__all__r4,0.0,0.0,0.0,0.9857651245551602,0.24644128113879005,1,11
gemma_2_9b_it,compiler::procedural_reasoning::procedural_0087,procedural_reasoning,train,google/gemma-2-9b-it,late__all__r16,0.1,0.16666666666666666,0.16666666666666666,0.9679715302491103,0.3503262158956109,1,11
gemma_2_9b_it,compiler::procedural_reasoning::procedural_0087,procedural_reasoning,train,google/gemma-2-9b-it,middle__all__r16,0.0,0.0,0.0,0.99644128113879,0.2491103202846975,1,11
gemma_2_9b_it,compiler::procedural_reasoning::procedural_0088,procedural_reasoning,train,google/gemma-2-9b-it,early__all__r16,0.0,0.0,0.0,1.0,0.25,1,11
gemma_2_9b_it,compiler::procedural_reasoning::procedural_0088,procedural_reasoning,train,google/gemma-2-9b-it,full__all__r4,0.0,0.0,0.3333333333333333,0.9893238434163701,0.3306642941874259,1,11
gemma_2_9b_it,compiler::procedural_reasoning::procedural_0088,procedural_reasoning,train,google/gemma-2-9b-it,late__all__r16,0.0,0.16666666666666666,0.0,0.9679715302491103,0.28365954922894426,1,11
gemma_2_9b_it,compiler::procedural_reasoning::procedural_0088,procedural_reasoning,train,google/gemma-2-9b-it,middle__all__r16,0.0,0.0,0.0,0.9928825622775801,0.24822064056939502,1,11
gemma_2_9b_it,compiler::procedural_reasoning::procedural_0089,procedural_reasoning,validation,google/gemma-2-9b-it,early__all__r16,0.0,0.0,0.0,1.0,0.25,1,11
gemma_2_9b_it,compiler::procedural_reasoning::procedural_0089,procedural_reasoning,validation,google/gemma-2-9b-it,full__all__r4,0.0,0.0,0.3333333333333333,0.9822064056939501,0.32888493475682085,1,11
gemma_2_9b_it,compiler::procedural_reasoning::procedural_0089,procedural_reasoning,validation,google/gemma-2-9b-it,late__all__r16,0.0,0.0,0.16666666666666666,0.9644128113879004,0.28276986951364175,1,11
gemma_2_9b_it,compiler::procedural_reasoning::procedural_0089,procedural_reasoning,validation,google/gemma-2-9b-it,middle__all__r16,0.0,0.0,0.0,0.9893238434163701,0.24733096085409254,1,11
gemma_2_9b_it,compiler::procedural_reasoning::procedural_0090,procedural_reasoning,test,google/gemma-2-9b-it,early__all__r16,0.0,0.0,0.0,1.0,0.25,3,11|22|33
gemma_2_9b_it,compiler::procedural_reasoning::procedural_0090,procedural_reasoning,test,google/gemma-2-9b-it,full__all__r4,0.0,0.0,0.16666666666666666,0.9952550415183867,0.29048042704626337,3,11|22|33
gemma_2_9b_it,compiler::procedural_reasoning::procedural_0090,procedural_reasoning,test,google/gemma-2-9b-it,late__all__r16,0.0,0.0,0.1111111111111111,0.9572953736654805,0.2671016211941479,3,11|22|33
gemma_2_9b_it,compiler::procedural_reasoning::procedural_0090,procedural_reasoning,test,google/gemma-2-9b-it,middle__all__r16,0.06666666666666667,0.0,0.0,0.99644128113879,0.2657769869513642,3,11|22|33
gemma_2_9b_it,compiler::procedural_reasoning::procedural_0091,procedural_reasoning,test,google/gemma-2-9b-it,early__all__r16,0.0,0.0,0.0,0.9916963226571768,0.2479240806642942,3,11|22|33
gemma_2_9b_it,compiler::procedural_reasoning::procedural_0091,procedural_reasoning,test,google/gemma-2-9b-it,full__all__r4,0.06666666666666667,0.0,0.3333333333333333,0.9940688018979834,0.34851720047449586,3,11|22|33
gemma_2_9b_it,compiler::procedural_reasoning::procedural_0091,procedural_reasoning,test,google/gemma-2-9b-it,late__all__r16,0.0,0.05555555555555555,0.3333333333333333,0.9418742586002372,0.33269078687228154,3,11|22|33
gemma_2_9b_it,compiler::procedural_reasoning::procedural_0091,procedural_reasoning,test,google/gemma-2-9b-it,middle__all__r16,0.10000000000000002,0.0,0.16666666666666666,0.99644128113879,0.3157769869513642,3,11|22|33
gemma_2_9b_it,compiler::procedural_reasoning::procedural_0092,procedural_reasoning,train,google/gemma-2-9b-it,early__all__r16,0.0,0.0,0.0,1.0,0.25,1,11
gemma_2_9b_it,compiler::procedural_reasoning::procedural_0092,procedural_reasoning,train,google/gemma-2-9b-it,full__all__r4,0.0,0.0,0.0,0.9928825622775801,0.24822064056939502,1,11
gemma_2_9b_it,compiler::procedural_reasoning::procedural_0092,procedural_reasoning,train,google/gemma-2-9b-it,late__all__r16,0.0,0.0,0.16666666666666666,0.9679715302491103,0.28365954922894426,1,11
gemma_2_9b_it,compiler::procedural_reasoning::procedural_0092,procedural_reasoning,train,google/gemma-2-9b-it,middle__all__r16,0.1,0.0,0.0,1.0,0.275,1,11
gemma_2_9b_it,compiler::procedural_reasoning::procedural_0093,procedural_reasoning,validation,google/gemma-2-9b-it,early__all__r16,0.0,0.0,0.0,0.9893238434163701,0.24733096085409254,1,11
gemma_2_9b_it,compiler::procedural_reasoning::procedural_0093,procedural_reasoning,validation,google/gemma-2-9b-it,full__all__r4,0.1,0.0,0.6666666666666666,0.99644128113879,0.4407769869513642,1,11
gemma_2_9b_it,compiler::procedural_reasoning::procedural_0093,procedural_reasoning,validation,google/gemma-2-9b-it,late__all__r16,0.0,0.0,0.3333333333333333,0.9572953736654805,0.32265717674970346,1,11
gemma_2_9b_it,compiler::procedural_reasoning::procedural_0093,procedural_reasoning,validation,google/gemma-2-9b-it,middle__all__r16,0.1,0.0,0.0,0.99644128113879,0.2741103202846975,1,11
gemma_2_9b_it,compiler::procedural_reasoning::procedural_0094,procedural_reasoning,train,google/gemma-2-9b-it,early__all__r16,0.0,0.0,0.0,1.0,0.25,1,11
gemma_2_9b_it,compiler::procedural_reasoning::procedural_0094,procedural_reasoning,train,google/gemma-2-9b-it,full__all__r4,0.0,0.0,0.0,0.9928825622775801,0.24822064056939502,1,11
gemma_2_9b_it,compiler::procedural_reasoning::procedural_0094,procedural_reasoning,train,google/gemma-2-9b-it,late__all__r16,0.0,0.0,0.0,0.9750889679715302,0.24377224199288255,1,11
gemma_2_9b_it,compiler::procedural_reasoning::procedural_0094,procedural_reasoning,train,google/gemma-2-9b-it,middle__all__r16,0.1,0.0,0.0,0.99644128113879,0.2741103202846975,1,11
gemma_2_9b_it,compiler::procedural_reasoning::procedural_0095,procedural_reasoning,validation,google/gemma-2-9b-it,early__all__r16,0.0,0.0,0.0,0.9928825622775801,0.24822064056939502,1,11
gemma_2_9b_it,compiler::procedural_reasoning::procedural_0095,procedural_reasoning,validation,google/gemma-2-9b-it,full__all__r4,0.0,0.0,0.0,0.9928825622775801,0.24822064056939502,1,11
gemma_2_9b_it,compiler::procedural_reasoning::procedural_0095,procedural_reasoning,validation,google/gemma-2-9b-it,late__all__r16,0.0,0.0,0.0,0.9572953736654805,0.2393238434163701,1,11
gemma_2_9b_it,compiler::procedural_reasoning::procedural_0095,procedural_reasoning,validation,google/gemma-2-9b-it,middle__all__r16,0.1,0.0,0.0,0.99644128113879,0.2741103202846975,1,11
gemma_2_9b_it,compiler::procedural_reasoning::procedural_0096,procedural_reasoning,validation,google/gemma-2-9b-it,early__all__r16,0.0,0.0,0.0,1.0,0.25,1,11
gemma_2_9b_it,compiler::procedural_reasoning::procedural_0096,procedural_reasoning,validation,google/gemma-2-9b-it,full__all__r4,0.0,0.0,0.0,0.9893238434163701,0.24733096085409254,1,11
gemma_2_9b_it,compiler::procedural_reasoning::procedural_0096,procedural_reasoning,validation,google/gemma-2-9b-it,late__all__r16,0.0,0.0,0.16666666666666666,0.9786476868327402,0.2863285883748517,1,11
gemma_2_9b_it,compiler::procedural_reasoning::procedural_0096,procedural_reasoning,validation,google/gemma-2-9b-it,middle__all__r16,0.0,0.0,0.0,0.99644128113879,0.2491103202846975,1,11
gemma_2_9b_it,compiler::procedural_reasoning::procedural_0097,procedural_reasoning,train,google/gemma-2-9b-it,early__all__r16,0.0,0.0,0.0,0.9608540925266904,0.2402135231316726,1,11
gemma_2_9b_it,compiler::procedural_reasoning::procedural_0097,procedural_reasoning,train,google/gemma-2-9b-it,full__all__r4,0.0,0.0,0.16666666666666666,0.99644128113879,0.29077698695136417,1,11
gemma_2_9b_it,compiler::procedural_reasoning::procedural_0097,procedural_reasoning,train,google/gemma-2-9b-it,late__all__r16,0.0,0.0,0.0,0.9750889679715302,0.24377224199288255,1,11
gemma_2_9b_it,compiler::procedural_reasoning::procedural_0097,procedural_reasoning,train,google/gemma-2-9b-it,middle__all__r16,0.1,0.0,0.16666666666666666,1.0,0.31666666666666665,1,11
gemma_2_9b_it,compiler::procedural_reasoning::procedural_0098,procedural_reasoning,train,google/gemma-2-9b-it,early__all__r16,0.0,0.0,0.0,1.0,0.25,1,11
gemma_2_9b_it,compiler::procedural_reasoning::procedural_0098,procedural_reasoning,train,google/gemma-2-9b-it,full__all__r4,0.0,0.0,0.0,0.9786476868327402,0.24466192170818504,1,11
gemma_2_9b_it,compiler::procedural_reasoning::procedural_0098,procedural_reasoning,train,google/gemma-2-9b-it,late__all__r16,0.0,0.0,0.16666666666666666,0.9608540925266904,0.2818801897983393,1,11
gemma_2_9b_it,compiler::procedural_reasoning::procedural_0098,procedural_reasoning,train,google/gemma-2-9b-it,middle__all__r16,0.0,0.0,0.3333333333333333,0.99644128113879,0.33244365361803085,1,11
gemma_2_9b_it,compiler::procedural_reasoning::procedural_0099,procedural_reasoning,train,google/gemma-2-9b-it,early__all__r16,0.0,0.0,0.0,0.99644128113879,0.2491103202846975,1,11
gemma_2_9b_it,compiler::procedural_reasoning::procedural_0099,procedural_reasoning,train,google/gemma-2-9b-it,full__all__r4,0.0,0.0,0.16666666666666666,0.9928825622775801,0.2898873072360617,1,11
gemma_2_9b_it,compiler::procedural_reasoning::procedural_0099,procedural_reasoning,train,google/gemma-2-9b-it,late__all__r16,0.0,0.0,0.16666666666666666,0.9715302491103203,0.2845492289442467,1,11
gemma_2_9b_it,compiler::procedural_reasoning::procedural_0099,procedural_reasoning,train,google/gemma-2-9b-it,middle__all__r16,0.0,0.0,0.16666666666666666,0.9822064056939501,0.2872182680901542,1,11
gemma_2_9b_it,compiler::procedural_reasoning::procedural_0100,procedural_reasoning,validation,google/gemma-2-9b-it,early__all__r16,0.0,0.0,0.0,1.0,0.25,1,11
gemma_2_9b_it,compiler::procedural_reasoning::procedural_0100,procedural_reasoning,validation,google/gemma-2-9b-it,full__all__r4,0.0,0.0,0.0,1.0,0.25,1,11
gemma_2_9b_it,compiler::procedural_reasoning::procedural_0100,procedural_reasoning,validation,google/gemma-2-9b-it,late__all__r16,0.0,0.16666666666666666,0.16666666666666666,0.9679715302491103,0.3253262158956109,1,11
gemma_2_9b_it,compiler::procedural_reasoning::procedural_0100,procedural_reasoning,validation,google/gemma-2-9b-it,middle__all__r16,0.0,0.0,0.0,0.99644128113879,0.2491103202846975,1,11
gemma_2_9b_it,compiler::procedural_reasoning::procedural_0101,procedural_reasoning,train,google/gemma-2-9b-it,early__all__r16,0.0,0.0,0.0,0.99644128113879,0.2491103202846975,1,11
gemma_2_9b_it,compiler::procedural_reasoning::procedural_0101,procedural_reasoning,train,google/gemma-2-9b-it,full__all__r4,0.1,0.0,0.16666666666666666,0.9822064056939501,0.3122182680901542,1,11
gemma_2_9b_it,compiler::procedural_reasoning::procedural_0101,procedural_reasoning,train,google/gemma-2-9b-it,late__all__r16,0.0,0.0,0.3333333333333333,0.9466192170818505,0.31998813760379596,1,11
gemma_2_9b_it,compiler::procedural_reasoning::procedural_0101,procedural_reasoning,train,google/gemma-2-9b-it,middle__all__r16,0.1,0.0,0.0,0.99644128113879,0.2741103202846975,1,11
gemma_2_9b_it,compiler::procedural_reasoning::procedural_0102,procedural_reasoning,train,google/gemma-2-9b-it,early__all__r16,0.0,0.0,0.0,1.0,0.25,1,11
gemma_2_9b_it,compiler::procedural_reasoning::procedural_0102,procedural_reasoning,train,google/gemma-2-9b-it,full__all__r4,0.0,0.0,0.3333333333333333,0.9893238434163701,0.3306642941874259,1,11
gemma_2_9b_it,compiler::procedural_reasoning::procedural_0102,procedural_reasoning,train,google/gemma-2-9b-it,late__all__r16,0.0,0.0,0.16666666666666666,0.9679715302491103,0.28365954922894426,1,11
gemma_2_9b_it,compiler::procedural_reasoning::procedural_0102,procedural_reasoning,train,google/gemma-2-9b-it,middle__all__r16,0.0,0.0,0.0,0.99644128113879,0.2491103202846975,1,11
gemma_2_9b_it,compiler::procedural_reasoning::procedural_0103,procedural_reasoning,test,google/gemma-2-9b-it,early__all__r16,0.0,0.0,0.0,0.9952550415183867,0.24881376037959668,3,11|22|33
gemma_2_9b_it,compiler::procedural_reasoning::procedural_0103,procedural_reasoning,test,google/gemma-2-9b-it,full__all__r4,0.10000000000000002,0.0,0.3888888888888889,0.9940688018979834,0.37073942269671806,3,11|22|33
gemma_2_9b_it,compiler::procedural_reasoning::procedural_0103,procedural_reasoning,test,google/gemma-2-9b-it,late__all__r16,0.0,0.0,0.05555555555555555,0.9537366548042705,0.2523230525899565,3,11|22|33
gemma_2_9b_it,compiler::procedural_reasoning::procedural_0103,procedural_reasoning,test,google/gemma-2-9b-it,middle__all__r16,0.06666666666666667,0.0,0.0,0.9976275207591933,0.266073546856465,3,11|22|33
gemma_2_9b_it,compiler::procedural_reasoning::procedural_0104,procedural_reasoning,train,google/gemma-2-9b-it,early__all__r16,0.0,0.0,0.0,1.0,0.25,1,11
gemma_2_9b_it,compiler::procedural_reasoning::procedural_0104,procedural_reasoning,train,google/gemma-2-9b-it,full__all__r4,0.0,0.0,0.3333333333333333,0.9928825622775801,0.33155397390272834,1,11
gemma_2_9b_it,compiler::procedural_reasoning::procedural_0104,procedural_reasoning,train,google/gemma-2-9b-it,late__all__r16,0.0,0.0,0.16666666666666666,0.9644128113879004,0.28276986951364175,1,11
gemma_2_9b_it,compiler::procedural_reasoning::procedural_0104,procedural_reasoning,train,google/gemma-2-9b-it,middle__all__r16,0.1,0.0,0.0,0.9893238434163701,0.27233096085409253,1,11
gemma_2_9b_it,compiler::procedural_reasoning::procedural_0105,procedural_reasoning,train,google/gemma-2-9b-it,early__all__r16,0.0,0.0,0.0,1.0,0.25,1,11
gemma_2_9b_it,compiler::procedural_reasoning::procedural_0105,procedural_reasoning,train,google/gemma-2-9b-it,full__all__r4,0.0,0.0,0.16666666666666666,0.99644128113879,0.29077698695136417,1,11
gemma_2_9b_it,compiler::procedural_reasoning::procedural_0105,procedural_reasoning,train,google/gemma-2-9b-it,late__all__r16,0.0,0.0,0.16666666666666666,0.9644128113879004,0.28276986951364175,1,11
gemma_2_9b_it,compiler::procedural_reasoning::procedural_0105,procedural_reasoning,train,google/gemma-2-9b-it,middle__all__r16,0.0,0.0,0.3333333333333333,0.9928825622775801,0.33155397390272834,1,11
gemma_2_9b_it,compiler::procedural_reasoning::procedural_0106,procedural_reasoning,train,google/gemma-2-9b-it,early__all__r16,0.0,0.0,0.0,1.0,0.25,1,11
gemma_2_9b_it,compiler::procedural_reasoning::procedural_0106,procedural_reasoning,train,google/gemma-2-9b-it,full__all__r4,0.0,0.0,0.3333333333333333,0.9893238434163701,0.3306642941874259,1,11
gemma_2_9b_it,compiler::procedural_reasoning::procedural_0106,procedural_reasoning,train,google/gemma-2-9b-it,late__all__r16,0.0,0.0,0.3333333333333333,0.9715302491103203,0.3262158956109134,1,11
gemma_2_9b_it,compiler::procedural_reasoning::procedural_0106,procedural_reasoning,train,google/gemma-2-9b-it,middle__all__r16,0.0,0.0,0.0,0.99644128113879,0.2491103202846975,1,11
gemma_2_9b_it,compiler::procedural_reasoning::procedural_0107,procedural_reasoning,validation,google/gemma-2-9b-it,early__all__r16,0.0,0.0,0.0,0.9857651245551602,0.24644128113879005,1,11
gemma_2_9b_it,compiler::procedural_reasoning::procedural_0107,procedural_reasoning,validation,google/gemma-2-9b-it,full__all__r4,0.0,0.0,0.0,0.99644128113879,0.2491103202846975,1,11
gemma_2_9b_it,compiler::procedural_reasoning::procedural_0107,procedural_reasoning,validation,google/gemma-2-9b-it,late__all__r16,0.0,0.0,0.16666666666666666,0.9679715302491103,0.28365954922894426,1,11
gemma_2_9b_it,compiler::procedural_reasoning::procedural_0107,procedural_reasoning,validation,google/gemma-2-9b-it,middle__all__r16,0.1,0.0,0.0,0.99644128113879,0.2741103202846975,1,11
gemma_2_9b_it,compiler::procedural_reasoning::procedural_0108,procedural_reasoning,train,google/gemma-2-9b-it,early__all__r16,0.0,0.0,0.0,0.9928825622775801,0.24822064056939502,1,11
gemma_2_9b_it,compiler::procedural_reasoning::procedural_0108,procedural_reasoning,train,google/gemma-2-9b-it,full__all__r4,0.1,0.0,0.16666666666666666,0.9822064056939501,0.3122182680901542,1,11
gemma_2_9b_it,compiler::procedural_reasoning::procedural_0108,procedural_reasoning,train,google/gemma-2-9b-it,late__all__r16,0.1,0.0,0.16666666666666666,0.9644128113879004,0.30776986951364177,1,11
gemma_2_9b_it,compiler::procedural_reasoning::procedural_0108,procedural_reasoning,train,google/gemma-2-9b-it,middle__all__r16,0.1,0.0,0.16666666666666666,0.99644128113879,0.3157769869513642,1,11
gemma_2_9b_it,compiler::procedural_reasoning::procedural_0109,procedural_reasoning,train,google/gemma-2-9b-it,early__all__r16,0.0,0.0,0.0,0.9928825622775801,0.24822064056939502,1,11
gemma_2_9b_it,compiler::procedural_reasoning::procedural_0109,procedural_reasoning,train,google/gemma-2-9b-it,full__all__r4,0.1,0.0,0.3333333333333333,0.9928825622775801,0.35655397390272836,1,11
gemma_2_9b_it,compiler::procedural_reasoning::procedural_0109,procedural_reasoning,train,google/gemma-2-9b-it,late__all__r16,0.0,0.0,0.16666666666666666,0.9750889679715302,0.28543890865954924,1,11
gemma_2_9b_it,compiler::procedural_reasoning::procedural_0109,procedural_reasoning,train,google/gemma-2-9b-it,middle__all__r16,0.0,0.0,0.0,0.9857651245551602,0.24644128113879005,1,11
gemma_2_9b_it,compiler::procedural_reasoning::procedural_0110,procedural_reasoning,test,google/gemma-2-9b-it,early__all__r16,0.0,0.0,0.0,0.99644128113879,0.2491103202846975,3,11|22|33
gemma_2_9b_it,compiler::procedural_reasoning::procedural_0110,procedural_reasoning,test,google/gemma-2-9b-it,full__all__r4,0.0,0.0,0.27777777777777773,0.9905100830367735,0.3170719652036378,3,11|22|33
gemma_2_9b_it,compiler::procedural_reasoning::procedural_0110,procedural_reasoning,test,google/gemma-2-9b-it,late__all__r16,0.0,0.0,0.2222222222222222,0.9513641755634638,0.2933965994464215,3,11|22|33
gemma_2_9b_it,compiler::procedural_reasoning::procedural_0110,procedural_reasoning,test,google/gemma-2-9b-it,middle__all__r16,0.0,0.0,0.1111111111111111,0.9881376037959667,0.27481217872676944,3,11|22|33
gemma_2_9b_it,compiler::procedural_reasoning::procedural_0111,procedural_reasoning,train,google/gemma-2-9b-it,early__all__r16,0.0,0.0,0.0,1.0,0.25,1,11
gemma_2_9b_it,compiler::procedural_reasoning::procedural_0111,procedural_reasoning,train,google/gemma-2-9b-it,full__all__r4,0.1,0.0,0.0,0.9857651245551602,0.27144128113879007,1,11
gemma_2_9b_it,compiler::procedural_reasoning::procedural_0111,procedural_reasoning,train,google/gemma-2-9b-it,late__all__r16,0.0,0.0,0.5,0.9466192170818505,0.3616548042704626,1,11
gemma_2_9b_it,compiler::procedural_reasoning::procedural_0111,procedural_reasoning,train,google/gemma-2-9b-it,middle__all__r16,0.1,0.0,0.3333333333333333,0.9893238434163701,0.35566429418742584,1,11
gemma_2_9b_it,compiler::procedural_reasoning::procedural_0112,procedural_reasoning,train,google/gemma-2-9b-it,early__all__r16,0.0,0.0,0.0,1.0,0.25,1,11
gemma_2_9b_it,compiler::procedural_reasoning::procedural_0112,procedural_reasoning,train,google/gemma-2-9b-it,full__all__r4,0.0,0.0,0.16666666666666666,0.9928825622775801,0.2898873072360617,1,11
gemma_2_9b_it,compiler::procedural_reasoning::procedural_0112,procedural_reasoning,train,google/gemma-2-9b-it,late__all__r16,0.0,0.0,0.5,0.9644128113879004,0.36610320284697506,1,11
gemma_2_9b_it,compiler::procedural_reasoning::procedural_0112,procedural_reasoning,train,google/gemma-2-9b-it,middle__all__r16,0.0,0.0,0.16666666666666666,0.99644128113879,0.29077698695136417,1,11
gemma_2_9b_it,compiler::procedural_reasoning::procedural_0113,procedural_reasoning,train,google/gemma-2-9b-it,early__all__r16,0.0,0.0,0.0,1.0,0.25,1,11
gemma_2_9b_it,compiler::procedural_reasoning::procedural_0113,procedural_reasoning,train,google/gemma-2-9b-it,full__all__r4,0.1,0.0,0.16666666666666666,0.99644128113879,0.3157769869513642,1,11
gemma_2_9b_it,compiler::procedural_reasoning::procedural_0113,procedural_reasoning,train,google/gemma-2-9b-it,late__all__r16,0.1,0.0,0.3333333333333333,0.9679715302491103,0.3503262158956109,1,11
gemma_2_9b_it,compiler::procedural_reasoning::procedural_0113,procedural_reasoning,train,google/gemma-2-9b-it,middle__all__r16,0.1,0.0,0.0,0.99644128113879,0.2741103202846975,1,11
gemma_2_9b_it,compiler::procedural_reasoning::procedural_0114,procedural_reasoning,train,google/gemma-2-9b-it,early__all__r16,0.0,0.0,0.0,1.0,0.25,1,11
gemma_2_9b_it,compiler::procedural_reasoning::procedural_0114,procedural_reasoning,train,google/gemma-2-9b-it,full__all__r4,0.0,0.0,0.16666666666666666,0.9857651245551602,0.28810794780545673,1,11
gemma_2_9b_it,compiler::procedural_reasoning::procedural_0114,procedural_reasoning,train,google/gemma-2-9b-it,late__all__r16,0.0,0.0,0.0,0.9679715302491103,0.24199288256227758,1,11
gemma_2_9b_it,compiler::procedural_reasoning::procedural_0114,procedural_reasoning,train,google/gemma-2-9b-it,middle__all__r16,0.0,0.0,0.0,0.99644128113879,0.2491103202846975,1,11
gemma_2_9b_it,compiler::procedural_reasoning::procedural_0115,procedural_reasoning,train,google/gemma-2-9b-it,early__all__r16,0.0,0.0,0.0,1.0,0.25,1,11
gemma_2_9b_it,compiler::procedural_reasoning::procedural_0115,procedural_reasoning,train,google/gemma-2-9b-it,full__all__r4,0.1,0.0,0.0,0.9893238434163701,0.27233096085409253,1,11
gemma_2_9b_it,compiler::procedural_reasoning::procedural_0115,procedural_reasoning,train,google/gemma-2-9b-it,late__all__r16,0.1,0.0,0.0,0.9608540925266904,0.2652135231316726,1,11
gemma_2_9b_it,compiler::procedural_reasoning::procedural_0115,procedural_reasoning,train,google/gemma-2-9b-it,middle__all__r16,0.1,0.0,0.5,0.99644128113879,0.3991103202846975,1,11
gemma_2_9b_it,compiler::procedural_reasoning::procedural_0116,procedural_reasoning,train,google/gemma-2-9b-it,early__all__r16,0.0,0.0,0.0,0.9893238434163701,0.24733096085409254,1,11
gemma_2_9b_it,compiler::procedural_reasoning::procedural_0116,procedural_reasoning,train,google/gemma-2-9b-it,full__all__r4,0.0,0.0,0.16666666666666666,0.9822064056939501,0.2872182680901542,1,11
gemma_2_9b_it,compiler::procedural_reasoning::procedural_0116,procedural_reasoning,train,google/gemma-2-9b-it,late__all__r16,0.0,0.0,0.3333333333333333,0.9679715302491103,0.3253262158956109,1,11
gemma_2_9b_it,compiler::procedural_reasoning::procedural_0116,procedural_reasoning,train,google/gemma-2-9b-it,middle__all__r16,0.1,0.0,0.0,0.99644128113879,0.2741103202846975,1,11
gemma_2_9b_it,compiler::procedural_reasoning::procedural_0117,procedural_reasoning,train,google/gemma-2-9b-it,early__all__r16,0.0,0.0,0.0,0.9893238434163701,0.24733096085409254,1,11
gemma_2_9b_it,compiler::procedural_reasoning::procedural_0117,procedural_reasoning,train,google/gemma-2-9b-it,full__all__r4,0.0,0.0,0.0,0.9928825622775801,0.24822064056939502,1,11
gemma_2_9b_it,compiler::procedural_reasoning::procedural_0117,procedural_reasoning,train,google/gemma-2-9b-it,late__all__r16,0.0,0.0,0.0,0.9679715302491103,0.24199288256227758,1,11
gemma_2_9b_it,compiler::procedural_reasoning::procedural_0117,procedural_reasoning,train,google/gemma-2-9b-it,middle__all__r16,0.1,0.0,0.0,1.0,0.275,1,11
gemma_2_9b_it,compiler::procedural_reasoning::procedural_0118,procedural_reasoning,train,google/gemma-2-9b-it,early__all__r16,0.0,0.0,0.0,0.9893238434163701,0.24733096085409254,1,11
gemma_2_9b_it,compiler::procedural_reasoning::procedural_0118,procedural_reasoning,train,google/gemma-2-9b-it,full__all__r4,0.0,0.0,0.0,0.9893238434163701,0.24733096085409254,1,11
gemma_2_9b_it,compiler::procedural_reasoning::procedural_0118,procedural_reasoning,train,google/gemma-2-9b-it,late__all__r16,0.0,0.0,0.0,0.9572953736654805,0.2393238434163701,1,11
gemma_2_9b_it,compiler::procedural_reasoning::procedural_0118,procedural_reasoning,train,google/gemma-2-9b-it,middle__all__r16,0.0,0.0,0.16666666666666666,0.99644128113879,0.29077698695136417,1,11
gemma_2_9b_it,compiler::procedural_reasoning::procedural_0119,procedural_reasoning,validation,google/gemma-2-9b-it,early__all__r16,0.0,0.0,0.0,0.9928825622775801,0.24822064056939502,1,11
gemma_2_9b_it,compiler::procedural_reasoning::procedural_0119,procedural_reasoning,validation,google/gemma-2-9b-it,full__all__r4,0.1,0.0,0.3333333333333333,0.9893238434163701,0.35566429418742584,1,11
gemma_2_9b_it,compiler::procedural_reasoning::procedural_0119,procedural_reasoning,validation,google/gemma-2-9b-it,late__all__r16,0.0,0.0,0.16666666666666666,0.9644128113879004,0.28276986951364175,1,11
gemma_2_9b_it,compiler::procedural_reasoning::procedural_0119,procedural_reasoning,validation,google/gemma-2-9b-it,middle__all__r16,0.0,0.0,0.16666666666666666,0.9857651245551602,0.28810794780545673,1,11
