episode_id,spec_id,meta_split,learning_type,model_name,model_slug,seed,config_id,id_eval,paraphrase_eval,acquisition,transfer,generalization,boundedness,preservation,exploratory_balanced_utility,trainable_parameters,parameter_cost,boundedness_metric_source,n_id_eval,n_paraphrase_eval,n_generalization,n_negative_control,n_preservation_total,n_preservation_baseline_correct,n_preservation_evaluated,n_preservation_retained,preservation_source_file,source_file
compiler::behavioral_policy::behavioral_0000,behavioral_0000,test,behavioral_policy,meta-llama/Llama-3.1-8B-Instruct,llama_3_1_8b_instruct,11,early__all__r16,0.2,0.0,0.1,0.5,0.5,0.0,0.9916666666666668,0.3979166666666667,,896,concept_accuracy,5,5,6,6,300,240,240,238,<ARCHIVE_ROOT>/results/compiler/repilot/test/compiler__behavioral_policy__behavioral_0000/early__all__r16/seed_11/preservation_summary.json,<ARCHIVE_ROOT>/results/compiler/repilot/test/compiler__behavioral_policy__behavioral_0000/early__all__r16/seed_11/evaluation.jsonl
compiler::behavioral_policy::behavioral_0000,behavioral_0000,test,behavioral_policy,meta-llama/Llama-3.1-8B-Instruct,llama_3_1_8b_instruct,11,full__all__r4,1.0,1.0,1.0,1.0,1.0,0.0,1.0,0.75,,896,concept_accuracy,5,5,6,6,300,240,240,240,<ARCHIVE_ROOT>/results/compiler/repilot/test/compiler__behavioral_policy__behavioral_0000/full__all__r4/seed_11/preservation_summary.json,<ARCHIVE_ROOT>/results/compiler/repilot/test/compiler__behavioral_policy__behavioral_0000/full__all__r4/seed_11/evaluation.jsonl
compiler::behavioral_policy::behavioral_0000,behavioral_0000,test,behavioral_policy,meta-llama/Llama-3.1-8B-Instruct,llama_3_1_8b_instruct,11,late__all__r16,1.0,1.0,1.0,1.0,1.0,0.0,1.0,0.75,,896,concept_accuracy,5,5,6,6,300,240,240,240,<ARCHIVE_ROOT>/results/compiler/repilot/test/compiler__behavioral_policy__behavioral_0000/late__all__r16/seed_11/preservation_summary.json,<ARCHIVE_ROOT>/results/compiler/repilot/test/compiler__behavioral_policy__behavioral_0000/late__all__r16/seed_11/evaluation.jsonl
compiler::behavioral_policy::behavioral_0000,behavioral_0000,test,behavioral_policy,meta-llama/Llama-3.1-8B-Instruct,llama_3_1_8b_instruct,11,middle__all__r16,1.0,1.0,1.0,1.0,1.0,0.0,0.9875,0.746875,,896,concept_accuracy,5,5,6,6,300,240,240,237,<ARCHIVE_ROOT>/results/compiler/repilot/test/compiler__behavioral_policy__behavioral_0000/middle__all__r16/seed_11/preservation_summary.json,<ARCHIVE_ROOT>/results/compiler/repilot/test/compiler__behavioral_policy__behavioral_0000/middle__all__r16/seed_11/evaluation.jsonl
compiler::behavioral_policy::behavioral_0006,behavioral_0006,validation,behavioral_policy,meta-llama/Llama-3.1-8B-Instruct,llama_3_1_8b_instruct,11,early__all__r16,0.2,0.0,0.1,0.5,0.5,0.0,1.0,0.4,,896,concept_accuracy,5,5,6,6,300,240,240,240,<ARCHIVE_ROOT>/results/compiler/repilot/validation/compiler__behavioral_policy__behavioral_0006/early__all__r16/seed_11/preservation_summary.json,<ARCHIVE_ROOT>/results/compiler/repilot/validation/compiler__behavioral_policy__behavioral_0006/early__all__r16/seed_11/evaluation.jsonl
compiler::behavioral_policy::behavioral_0006,behavioral_0006,validation,behavioral_policy,meta-llama/Llama-3.1-8B-Instruct,llama_3_1_8b_instruct,11,full__all__r4,1.0,1.0,1.0,1.0,1.0,0.0,0.9875,0.746875,,896,concept_accuracy,5,5,6,6,300,240,240,237,<ARCHIVE_ROOT>/results/compiler/repilot/validation/compiler__behavioral_policy__behavioral_0006/full__all__r4/seed_11/preservation_summary.json,<ARCHIVE_ROOT>/results/compiler/repilot/validation/compiler__behavioral_policy__behavioral_0006/full__all__r4/seed_11/evaluation.jsonl
compiler::behavioral_policy::behavioral_0006,behavioral_0006,validation,behavioral_policy,meta-llama/Llama-3.1-8B-Instruct,llama_3_1_8b_instruct,11,late__all__r16,1.0,1.0,1.0,1.0,1.0,0.0,0.9916666666666668,0.7479166666666667,,896,concept_accuracy,5,5,6,6,300,240,240,238,<ARCHIVE_ROOT>/results/compiler/repilot/validation/compiler__behavioral_policy__behavioral_0006/late__all__r16/seed_11/preservation_summary.json,<ARCHIVE_ROOT>/results/compiler/repilot/validation/compiler__behavioral_policy__behavioral_0006/late__all__r16/seed_11/evaluation.jsonl
compiler::behavioral_policy::behavioral_0006,behavioral_0006,validation,behavioral_policy,meta-llama/Llama-3.1-8B-Instruct,llama_3_1_8b_instruct,11,middle__all__r16,1.0,1.0,1.0,1.0,1.0,0.1666666666666666,0.9666666666666668,0.7833333333333333,,896,concept_accuracy,5,5,6,6,300,240,240,232,<ARCHIVE_ROOT>/results/compiler/repilot/validation/compiler__behavioral_policy__behavioral_0006/middle__all__r16/seed_11/preservation_summary.json,<ARCHIVE_ROOT>/results/compiler/repilot/validation/compiler__behavioral_policy__behavioral_0006/middle__all__r16/seed_11/evaluation.jsonl
compiler::behavioral_policy::behavioral_0007,behavioral_0007,test,behavioral_policy,meta-llama/Llama-3.1-8B-Instruct,llama_3_1_8b_instruct,11,early__all__r16,0.2,0.2,0.2,0.6666666666666666,0.6666666666666666,0.0,1.0,0.4666666666666667,,896,concept_accuracy,5,5,6,6,300,240,240,240,<ARCHIVE_ROOT>/results/compiler/repilot/test/compiler__behavioral_policy__behavioral_0007/early__all__r16/seed_11/preservation_summary.json,<ARCHIVE_ROOT>/results/compiler/repilot/test/compiler__behavioral_policy__behavioral_0007/early__all__r16/seed_11/evaluation.jsonl
compiler::behavioral_policy::behavioral_0007,behavioral_0007,test,behavioral_policy,meta-llama/Llama-3.1-8B-Instruct,llama_3_1_8b_instruct,11,full__all__r4,1.0,1.0,1.0,0.8333333333333334,0.8333333333333334,0.0,1.0,0.7083333333333334,,896,concept_accuracy,5,5,6,6,300,240,240,240,<ARCHIVE_ROOT>/results/compiler/repilot/test/compiler__behavioral_policy__behavioral_0007/full__all__r4/seed_11/preservation_summary.json,<ARCHIVE_ROOT>/results/compiler/repilot/test/compiler__behavioral_policy__behavioral_0007/full__all__r4/seed_11/evaluation.jsonl
compiler::behavioral_policy::behavioral_0007,behavioral_0007,test,behavioral_policy,meta-llama/Llama-3.1-8B-Instruct,llama_3_1_8b_instruct,11,late__all__r16,1.0,1.0,1.0,1.0,1.0,0.0,0.9916666666666668,0.7479166666666667,,896,concept_accuracy,5,5,6,6,300,240,240,238,<ARCHIVE_ROOT>/results/compiler/repilot/test/compiler__behavioral_policy__behavioral_0007/late__all__r16/seed_11/preservation_summary.json,<ARCHIVE_ROOT>/results/compiler/repilot/test/compiler__behavioral_policy__behavioral_0007/late__all__r16/seed_11/evaluation.jsonl
compiler::behavioral_policy::behavioral_0007,behavioral_0007,test,behavioral_policy,meta-llama/Llama-3.1-8B-Instruct,llama_3_1_8b_instruct,11,middle__all__r16,1.0,1.0,1.0,0.8333333333333334,0.8333333333333334,0.0,1.0,0.7083333333333334,,896,concept_accuracy,5,5,6,6,300,240,240,240,<ARCHIVE_ROOT>/results/compiler/repilot/test/compiler__behavioral_policy__behavioral_0007/middle__all__r16/seed_11/preservation_summary.json,<ARCHIVE_ROOT>/results/compiler/repilot/test/compiler__behavioral_policy__behavioral_0007/middle__all__r16/seed_11/evaluation.jsonl
compiler::behavioral_policy::behavioral_0012,behavioral_0012,validation,behavioral_policy,meta-llama/Llama-3.1-8B-Instruct,llama_3_1_8b_instruct,11,early__all__r16,0.0,0.2,0.1,0.3333333333333333,0.3333333333333333,0.0,1.0,0.3583333333333333,,896,concept_accuracy,5,5,6,6,300,240,240,240,<ARCHIVE_ROOT>/results/compiler/repilot/validation/compiler__behavioral_policy__behavioral_0012/early__all__r16/seed_11/preservation_summary.json,<ARCHIVE_ROOT>/results/compiler/repilot/validation/compiler__behavioral_policy__behavioral_0012/early__all__r16/seed_11/evaluation.jsonl
compiler::behavioral_policy::behavioral_0012,behavioral_0012,validation,behavioral_policy,meta-llama/Llama-3.1-8B-Instruct,llama_3_1_8b_instruct,11,full__all__r4,1.0,1.0,1.0,1.0,1.0,0.0,1.0,0.75,,896,concept_accuracy,5,5,6,6,300,240,240,240,<ARCHIVE_ROOT>/results/compiler/repilot/validation/compiler__behavioral_policy__behavioral_0012/full__all__r4/seed_11/preservation_summary.json,<ARCHIVE_ROOT>/results/compiler/repilot/validation/compiler__behavioral_policy__behavioral_0012/full__all__r4/seed_11/evaluation.jsonl
compiler::behavioral_policy::behavioral_0012,behavioral_0012,validation,behavioral_policy,meta-llama/Llama-3.1-8B-Instruct,llama_3_1_8b_instruct,11,late__all__r16,1.0,1.0,1.0,1.0,1.0,0.0,1.0,0.75,,896,concept_accuracy,5,5,6,6,300,240,240,240,<ARCHIVE_ROOT>/results/compiler/repilot/validation/compiler__behavioral_policy__behavioral_0012/late__all__r16/seed_11/preservation_summary.json,<ARCHIVE_ROOT>/results/compiler/repilot/validation/compiler__behavioral_policy__behavioral_0012/late__all__r16/seed_11/evaluation.jsonl
compiler::behavioral_policy::behavioral_0012,behavioral_0012,validation,behavioral_policy,meta-llama/Llama-3.1-8B-Instruct,llama_3_1_8b_instruct,11,middle__all__r16,0.8,0.6,0.7,0.8333333333333334,0.8333333333333334,0.0,0.9875,0.6302083333333334,,896,concept_accuracy,5,5,6,6,300,240,240,237,<ARCHIVE_ROOT>/results/compiler/repilot/validation/compiler__behavioral_policy__behavioral_0012/middle__all__r16/seed_11/preservation_summary.json,<ARCHIVE_ROOT>/results/compiler/repilot/validation/compiler__behavioral_policy__behavioral_0012/middle__all__r16/seed_11/evaluation.jsonl
compiler::causal_mapping::causal_0001,causal_0001,validation,causal_mapping,meta-llama/Llama-3.1-8B-Instruct,llama_3_1_8b_instruct,11,early__all__r16,0.0,0.0,0.0,0.0,0.0,0.0,0.9625,0.240625,,896,concept_accuracy,5,5,6,6,300,240,240,231,<ARCHIVE_ROOT>/results/compiler/repilot/validation/compiler__causal_mapping__causal_0001/early__all__r16/seed_11/preservation_summary.json,<ARCHIVE_ROOT>/results/compiler/repilot/validation/compiler__causal_mapping__causal_0001/early__all__r16/seed_11/evaluation.jsonl
compiler::causal_mapping::causal_0001,causal_0001,validation,causal_mapping,meta-llama/Llama-3.1-8B-Instruct,llama_3_1_8b_instruct,11,full__all__r4,0.8,0.4,0.6000000000000001,0.3333333333333333,0.3333333333333333,0.3333333333333333,1.0,0.5666666666666667,,896,concept_accuracy,5,5,6,6,300,240,240,240,<ARCHIVE_ROOT>/results/compiler/repilot/validation/compiler__causal_mapping__causal_0001/full__all__r4/seed_11/preservation_summary.json,<ARCHIVE_ROOT>/results/compiler/repilot/validation/compiler__causal_mapping__causal_0001/full__all__r4/seed_11/evaluation.jsonl
compiler::causal_mapping::causal_0001,causal_0001,validation,causal_mapping,meta-llama/Llama-3.1-8B-Instruct,llama_3_1_8b_instruct,11,late__all__r16,0.6,0.2,0.4,0.3333333333333333,0.3333333333333333,0.5,1.0,0.5583333333333333,,896,concept_accuracy,5,5,6,6,300,240,240,240,<ARCHIVE_ROOT>/results/compiler/repilot/validation/compiler__causal_mapping__causal_0001/late__all__r16/seed_11/preservation_summary.json,<ARCHIVE_ROOT>/results/compiler/repilot/validation/compiler__causal_mapping__causal_0001/late__all__r16/seed_11/evaluation.jsonl
compiler::causal_mapping::causal_0001,causal_0001,validation,causal_mapping,meta-llama/Llama-3.1-8B-Instruct,llama_3_1_8b_instruct,11,middle__all__r16,1.0,1.0,1.0,0.6666666666666666,0.6666666666666666,0.3333333333333333,0.9833333333333332,0.7458333333333333,,896,concept_accuracy,5,5,6,6,300,240,240,236,<ARCHIVE_ROOT>/results/compiler/repilot/validation/compiler__causal_mapping__causal_0001/middle__all__r16/seed_11/preservation_summary.json,<ARCHIVE_ROOT>/results/compiler/repilot/validation/compiler__causal_mapping__causal_0001/middle__all__r16/seed_11/evaluation.jsonl
compiler::causal_mapping::causal_0002,causal_0002,validation,causal_mapping,meta-llama/Llama-3.1-8B-Instruct,llama_3_1_8b_instruct,11,early__all__r16,0.0,0.0,0.0,0.0,0.0,0.0,0.9916666666666668,0.2479166666666666,,896,concept_accuracy,5,5,6,6,300,240,240,238,<ARCHIVE_ROOT>/results/compiler/repilot/validation/compiler__causal_mapping__causal_0002/early__all__r16/seed_11/preservation_summary.json,<ARCHIVE_ROOT>/results/compiler/repilot/validation/compiler__causal_mapping__causal_0002/early__all__r16/seed_11/evaluation.jsonl
compiler::causal_mapping::causal_0002,causal_0002,validation,causal_mapping,meta-llama/Llama-3.1-8B-Instruct,llama_3_1_8b_instruct,11,full__all__r4,0.6,0.4,0.5,0.1666666666666666,0.1666666666666666,0.1666666666666666,0.9958333333333332,0.4572916666666666,,896,concept_accuracy,5,5,6,6,300,240,240,239,<ARCHIVE_ROOT>/results/compiler/repilot/validation/compiler__causal_mapping__causal_0002/full__all__r4/seed_11/preservation_summary.json,<ARCHIVE_ROOT>/results/compiler/repilot/validation/compiler__causal_mapping__causal_0002/full__all__r4/seed_11/evaluation.jsonl
compiler::causal_mapping::causal_0002,causal_0002,validation,causal_mapping,meta-llama/Llama-3.1-8B-Instruct,llama_3_1_8b_instruct,11,late__all__r16,0.6,0.6,0.6,0.0,0.0,0.1666666666666666,1.0,0.4416666666666666,,896,concept_accuracy,5,5,6,6,300,240,240,240,<ARCHIVE_ROOT>/results/compiler/repilot/validation/compiler__causal_mapping__causal_0002/late__all__r16/seed_11/preservation_summary.json,<ARCHIVE_ROOT>/results/compiler/repilot/validation/compiler__causal_mapping__causal_0002/late__all__r16/seed_11/evaluation.jsonl
compiler::causal_mapping::causal_0002,causal_0002,validation,causal_mapping,meta-llama/Llama-3.1-8B-Instruct,llama_3_1_8b_instruct,11,middle__all__r16,1.0,0.2,0.6,0.5,0.5,0.0,0.9833333333333332,0.5208333333333333,,896,concept_accuracy,5,5,6,6,300,240,240,236,<ARCHIVE_ROOT>/results/compiler/repilot/validation/compiler__causal_mapping__causal_0002/middle__all__r16/seed_11/preservation_summary.json,<ARCHIVE_ROOT>/results/compiler/repilot/validation/compiler__causal_mapping__causal_0002/middle__all__r16/seed_11/evaluation.jsonl
compiler::causal_mapping::causal_0006,causal_0006,test,causal_mapping,meta-llama/Llama-3.1-8B-Instruct,llama_3_1_8b_instruct,11,early__all__r16,0.2,0.0,0.1,0.0,0.0,0.0,0.9875,0.271875,,896,concept_accuracy,5,5,6,6,300,240,240,237,<ARCHIVE_ROOT>/results/compiler/repilot/test/compiler__causal_mapping__causal_0006/early__all__r16/seed_11/preservation_summary.json,<ARCHIVE_ROOT>/results/compiler/repilot/test/compiler__causal_mapping__causal_0006/early__all__r16/seed_11/evaluation.jsonl
compiler::causal_mapping::causal_0006,causal_0006,test,causal_mapping,meta-llama/Llama-3.1-8B-Instruct,llama_3_1_8b_instruct,11,full__all__r4,0.4,0.4,0.4,0.0,0.0,0.0,0.9958333333333332,0.3489583333333333,,896,concept_accuracy,5,5,6,6,300,240,240,239,<ARCHIVE_ROOT>/results/compiler/repilot/test/compiler__causal_mapping__causal_0006/full__all__r4/seed_11/preservation_summary.json,<ARCHIVE_ROOT>/results/compiler/repilot/test/compiler__causal_mapping__causal_0006/full__all__r4/seed_11/evaluation.jsonl
compiler::causal_mapping::causal_0006,causal_0006,test,causal_mapping,meta-llama/Llama-3.1-8B-Instruct,llama_3_1_8b_instruct,11,late__all__r16,0.6,0.2,0.4,0.0,0.0,0.1666666666666666,1.0,0.3916666666666666,,896,concept_accuracy,5,5,6,6,300,240,240,240,<ARCHIVE_ROOT>/results/compiler/repilot/test/compiler__causal_mapping__causal_0006/late__all__r16/seed_11/preservation_summary.json,<ARCHIVE_ROOT>/results/compiler/repilot/test/compiler__causal_mapping__causal_0006/late__all__r16/seed_11/evaluation.jsonl
compiler::causal_mapping::causal_0006,causal_0006,test,causal_mapping,meta-llama/Llama-3.1-8B-Instruct,llama_3_1_8b_instruct,11,middle__all__r16,0.8,1.0,0.9,0.1666666666666666,0.1666666666666666,0.1666666666666666,0.9708333333333332,0.5510416666666667,,896,concept_accuracy,5,5,6,6,300,240,240,233,<ARCHIVE_ROOT>/results/compiler/repilot/test/compiler__causal_mapping__causal_0006/middle__all__r16/seed_11/preservation_summary.json,<ARCHIVE_ROOT>/results/compiler/repilot/test/compiler__causal_mapping__causal_0006/middle__all__r16/seed_11/evaluation.jsonl
compiler::causal_mapping::causal_0010,causal_0010,test,causal_mapping,meta-llama/Llama-3.1-8B-Instruct,llama_3_1_8b_instruct,11,early__all__r16,0.2,0.0,0.1,0.0,0.0,0.0,0.9916666666666668,0.2729166666666667,,896,concept_accuracy,5,5,6,6,300,240,240,238,<ARCHIVE_ROOT>/results/compiler/repilot/test/compiler__causal_mapping__causal_0010/early__all__r16/seed_11/preservation_summary.json,<ARCHIVE_ROOT>/results/compiler/repilot/test/compiler__causal_mapping__causal_0010/early__all__r16/seed_11/evaluation.jsonl
compiler::causal_mapping::causal_0010,causal_0010,test,causal_mapping,meta-llama/Llama-3.1-8B-Instruct,llama_3_1_8b_instruct,11,full__all__r4,0.6,0.2,0.4,0.0,0.0,0.3333333333333333,0.9958333333333332,0.4322916666666667,,896,concept_accuracy,5,5,6,6,300,240,240,239,<ARCHIVE_ROOT>/results/compiler/repilot/test/compiler__causal_mapping__causal_0010/full__all__r4/seed_11/preservation_summary.json,<ARCHIVE_ROOT>/results/compiler/repilot/test/compiler__causal_mapping__causal_0010/full__all__r4/seed_11/evaluation.jsonl
compiler::causal_mapping::causal_0010,causal_0010,test,causal_mapping,meta-llama/Llama-3.1-8B-Instruct,llama_3_1_8b_instruct,11,late__all__r16,0.4,0.2,0.3,0.0,0.0,0.1666666666666666,1.0,0.3666666666666667,,896,concept_accuracy,5,5,6,6,300,240,240,240,<ARCHIVE_ROOT>/results/compiler/repilot/test/compiler__causal_mapping__causal_0010/late__all__r16/seed_11/preservation_summary.json,<ARCHIVE_ROOT>/results/compiler/repilot/test/compiler__causal_mapping__causal_0010/late__all__r16/seed_11/evaluation.jsonl
compiler::causal_mapping::causal_0010,causal_0010,test,causal_mapping,meta-llama/Llama-3.1-8B-Instruct,llama_3_1_8b_instruct,11,middle__all__r16,0.2,0.0,0.1,0.0,0.0,0.1666666666666666,0.9833333333333332,0.3125,,896,concept_accuracy,5,5,6,6,300,240,240,236,<ARCHIVE_ROOT>/results/compiler/repilot/test/compiler__causal_mapping__causal_0010/middle__all__r16/seed_11/preservation_summary.json,<ARCHIVE_ROOT>/results/compiler/repilot/test/compiler__causal_mapping__causal_0010/middle__all__r16/seed_11/evaluation.jsonl
compiler::factual_association::factual_0006,factual_0006,test,factual_association,meta-llama/Llama-3.1-8B-Instruct,llama_3_1_8b_instruct,11,early__all__r16,0.0,0.0,0.0,0.1666666666666666,0.1666666666666666,1.0,0.9916666666666668,0.5395833333333333,,896,strict_accuracy,5,5,6,6,300,240,240,238,<ARCHIVE_ROOT>/results/compiler/repilot/test/compiler__factual_association__factual_0006/early__all__r16/seed_11/preservation_summary.json,<ARCHIVE_ROOT>/results/compiler/repilot/test/compiler__factual_association__factual_0006/early__all__r16/seed_11/evaluation.jsonl
compiler::factual_association::factual_0006,factual_0006,test,factual_association,meta-llama/Llama-3.1-8B-Instruct,llama_3_1_8b_instruct,11,full__all__r4,0.2,0.0,0.1,0.1666666666666666,0.1666666666666666,1.0,0.9916666666666668,0.5645833333333333,,896,strict_accuracy,5,5,6,6,300,240,240,238,<ARCHIVE_ROOT>/results/compiler/repilot/test/compiler__factual_association__factual_0006/full__all__r4/seed_11/preservation_summary.json,<ARCHIVE_ROOT>/results/compiler/repilot/test/compiler__factual_association__factual_0006/full__all__r4/seed_11/evaluation.jsonl
compiler::factual_association::factual_0006,factual_0006,test,factual_association,meta-llama/Llama-3.1-8B-Instruct,llama_3_1_8b_instruct,11,late__all__r16,0.0,0.2,0.1,0.1666666666666666,0.1666666666666666,1.0,1.0,0.5666666666666667,,896,strict_accuracy,5,5,6,6,300,240,240,240,<ARCHIVE_ROOT>/results/compiler/repilot/test/compiler__factual_association__factual_0006/late__all__r16/seed_11/preservation_summary.json,<ARCHIVE_ROOT>/results/compiler/repilot/test/compiler__factual_association__factual_0006/late__all__r16/seed_11/evaluation.jsonl
compiler::factual_association::factual_0006,factual_0006,test,factual_association,meta-llama/Llama-3.1-8B-Instruct,llama_3_1_8b_instruct,11,middle__all__r16,0.2,0.8,0.5,0.6666666666666666,0.6666666666666666,1.0,1.0,0.7916666666666666,,896,strict_accuracy,5,5,6,6,300,240,240,240,<ARCHIVE_ROOT>/results/compiler/repilot/test/compiler__factual_association__factual_0006/middle__all__r16/seed_11/preservation_summary.json,<ARCHIVE_ROOT>/results/compiler/repilot/test/compiler__factual_association__factual_0006/middle__all__r16/seed_11/evaluation.jsonl
compiler::factual_association::factual_0007,factual_0007,validation,factual_association,meta-llama/Llama-3.1-8B-Instruct,llama_3_1_8b_instruct,11,early__all__r16,0.0,0.0,0.0,0.1666666666666666,0.1666666666666666,1.0,0.9916666666666668,0.5395833333333333,,896,strict_accuracy,5,5,6,6,300,240,240,238,<ARCHIVE_ROOT>/results/compiler/repilot/validation/compiler__factual_association__factual_0007/early__all__r16/seed_11/preservation_summary.json,<ARCHIVE_ROOT>/results/compiler/repilot/validation/compiler__factual_association__factual_0007/early__all__r16/seed_11/evaluation.jsonl
compiler::factual_association::factual_0007,factual_0007,validation,factual_association,meta-llama/Llama-3.1-8B-Instruct,llama_3_1_8b_instruct,11,full__all__r4,0.0,0.0,0.0,0.1666666666666666,0.1666666666666666,1.0,0.9916666666666668,0.5395833333333333,,896,strict_accuracy,5,5,6,6,300,240,240,238,<ARCHIVE_ROOT>/results/compiler/repilot/validation/compiler__factual_association__factual_0007/full__all__r4/seed_11/preservation_summary.json,<ARCHIVE_ROOT>/results/compiler/repilot/validation/compiler__factual_association__factual_0007/full__all__r4/seed_11/evaluation.jsonl
compiler::factual_association::factual_0007,factual_0007,validation,factual_association,meta-llama/Llama-3.1-8B-Instruct,llama_3_1_8b_instruct,11,late__all__r16,0.6,0.0,0.3,0.1666666666666666,0.1666666666666666,1.0,0.9958333333333332,0.615625,,896,strict_accuracy,5,5,6,6,300,240,240,239,<ARCHIVE_ROOT>/results/compiler/repilot/validation/compiler__factual_association__factual_0007/late__all__r16/seed_11/preservation_summary.json,<ARCHIVE_ROOT>/results/compiler/repilot/validation/compiler__factual_association__factual_0007/late__all__r16/seed_11/evaluation.jsonl
compiler::factual_association::factual_0007,factual_0007,validation,factual_association,meta-llama/Llama-3.1-8B-Instruct,llama_3_1_8b_instruct,11,middle__all__r16,0.0,0.0,0.0,0.1666666666666666,0.1666666666666666,1.0,1.0,0.5416666666666666,,896,strict_accuracy,5,5,6,6,300,240,240,240,<ARCHIVE_ROOT>/results/compiler/repilot/validation/compiler__factual_association__factual_0007/middle__all__r16/seed_11/preservation_summary.json,<ARCHIVE_ROOT>/results/compiler/repilot/validation/compiler__factual_association__factual_0007/middle__all__r16/seed_11/evaluation.jsonl
compiler::factual_association::factual_0011,factual_0011,validation,factual_association,meta-llama/Llama-3.1-8B-Instruct,llama_3_1_8b_instruct,11,early__all__r16,0.0,0.0,0.0,0.1666666666666666,0.1666666666666666,1.0,0.9875,0.5385416666666667,,896,strict_accuracy,5,5,6,6,300,240,240,237,<ARCHIVE_ROOT>/results/compiler/repilot/validation/compiler__factual_association__factual_0011/early__all__r16/seed_11/preservation_summary.json,<ARCHIVE_ROOT>/results/compiler/repilot/validation/compiler__factual_association__factual_0011/early__all__r16/seed_11/evaluation.jsonl
compiler::factual_association::factual_0011,factual_0011,validation,factual_association,meta-llama/Llama-3.1-8B-Instruct,llama_3_1_8b_instruct,11,full__all__r4,0.2,0.2,0.2,0.1666666666666666,0.1666666666666666,1.0,0.9958333333333332,0.590625,,896,strict_accuracy,5,5,6,6,300,240,240,239,<ARCHIVE_ROOT>/results/compiler/repilot/validation/compiler__factual_association__factual_0011/full__all__r4/seed_11/preservation_summary.json,<ARCHIVE_ROOT>/results/compiler/repilot/validation/compiler__factual_association__factual_0011/full__all__r4/seed_11/evaluation.jsonl
compiler::factual_association::factual_0011,factual_0011,validation,factual_association,meta-llama/Llama-3.1-8B-Instruct,llama_3_1_8b_instruct,11,late__all__r16,0.2,0.2,0.2,0.1666666666666666,0.1666666666666666,1.0,1.0,0.5916666666666667,,896,strict_accuracy,5,5,6,6,300,240,240,240,<ARCHIVE_ROOT>/results/compiler/repilot/validation/compiler__factual_association__factual_0011/late__all__r16/seed_11/preservation_summary.json,<ARCHIVE_ROOT>/results/compiler/repilot/validation/compiler__factual_association__factual_0011/late__all__r16/seed_11/evaluation.jsonl
compiler::factual_association::factual_0011,factual_0011,validation,factual_association,meta-llama/Llama-3.1-8B-Instruct,llama_3_1_8b_instruct,11,middle__all__r16,0.2,0.2,0.2,0.1666666666666666,0.1666666666666666,0.3333333333333333,0.9958333333333332,0.4239583333333333,,896,strict_accuracy,5,5,6,6,300,240,240,239,<ARCHIVE_ROOT>/results/compiler/repilot/validation/compiler__factual_association__factual_0011/middle__all__r16/seed_11/preservation_summary.json,<ARCHIVE_ROOT>/results/compiler/repilot/validation/compiler__factual_association__factual_0011/middle__all__r16/seed_11/evaluation.jsonl
compiler::factual_association::factual_0016,factual_0016,test,factual_association,meta-llama/Llama-3.1-8B-Instruct,llama_3_1_8b_instruct,11,early__all__r16,0.0,0.0,0.0,0.1666666666666666,0.1666666666666666,1.0,0.9958333333333332,0.540625,,896,strict_accuracy,5,5,6,6,300,240,240,239,<ARCHIVE_ROOT>/results/compiler/repilot/test/compiler__factual_association__factual_0016/early__all__r16/seed_11/preservation_summary.json,<ARCHIVE_ROOT>/results/compiler/repilot/test/compiler__factual_association__factual_0016/early__all__r16/seed_11/evaluation.jsonl
compiler::factual_association::factual_0016,factual_0016,test,factual_association,meta-llama/Llama-3.1-8B-Instruct,llama_3_1_8b_instruct,11,full__all__r4,0.0,0.0,0.0,0.1666666666666666,0.1666666666666666,1.0,1.0,0.5416666666666666,,896,strict_accuracy,5,5,6,6,300,240,240,240,<ARCHIVE_ROOT>/results/compiler/repilot/test/compiler__factual_association__factual_0016/full__all__r4/seed_11/preservation_summary.json,<ARCHIVE_ROOT>/results/compiler/repilot/test/compiler__factual_association__factual_0016/full__all__r4/seed_11/evaluation.jsonl
compiler::factual_association::factual_0016,factual_0016,test,factual_association,meta-llama/Llama-3.1-8B-Instruct,llama_3_1_8b_instruct,11,late__all__r16,0.0,0.0,0.0,0.1666666666666666,0.1666666666666666,1.0,1.0,0.5416666666666666,,896,strict_accuracy,5,5,6,6,300,240,240,240,<ARCHIVE_ROOT>/results/compiler/repilot/test/compiler__factual_association__factual_0016/late__all__r16/seed_11/preservation_summary.json,<ARCHIVE_ROOT>/results/compiler/repilot/test/compiler__factual_association__factual_0016/late__all__r16/seed_11/evaluation.jsonl
compiler::factual_association::factual_0016,factual_0016,test,factual_association,meta-llama/Llama-3.1-8B-Instruct,llama_3_1_8b_instruct,11,middle__all__r16,0.0,0.0,0.0,0.1666666666666666,0.1666666666666666,0.5,0.9958333333333332,0.415625,,896,strict_accuracy,5,5,6,6,300,240,240,239,<ARCHIVE_ROOT>/results/compiler/repilot/test/compiler__factual_association__factual_0016/middle__all__r16/seed_11/preservation_summary.json,<ARCHIVE_ROOT>/results/compiler/repilot/test/compiler__factual_association__factual_0016/middle__all__r16/seed_11/evaluation.jsonl
compiler::lexical_binding::lexical_0001,lexical_0001,validation,lexical_binding,meta-llama/Llama-3.1-8B-Instruct,llama_3_1_8b_instruct,11,early__all__r16,0.2,0.0,0.1,0.1666666666666666,0.1666666666666666,0.8333333333333334,1.0,0.525,,896,strict_accuracy,5,5,6,6,300,240,240,240,<ARCHIVE_ROOT>/results/compiler/repilot/validation/compiler__lexical_binding__lexical_0001/early__all__r16/seed_11/preservation_summary.json,<ARCHIVE_ROOT>/results/compiler/repilot/validation/compiler__lexical_binding__lexical_0001/early__all__r16/seed_11/evaluation.jsonl
compiler::lexical_binding::lexical_0001,lexical_0001,validation,lexical_binding,meta-llama/Llama-3.1-8B-Instruct,llama_3_1_8b_instruct,11,full__all__r4,1.0,1.0,1.0,0.5,0.5,0.3333333333333333,0.9958333333333332,0.7072916666666667,,896,strict_accuracy,5,5,6,6,300,240,240,239,<ARCHIVE_ROOT>/results/compiler/repilot/validation/compiler__lexical_binding__lexical_0001/full__all__r4/seed_11/preservation_summary.json,<ARCHIVE_ROOT>/results/compiler/repilot/validation/compiler__lexical_binding__lexical_0001/full__all__r4/seed_11/evaluation.jsonl
compiler::lexical_binding::lexical_0001,lexical_0001,validation,lexical_binding,meta-llama/Llama-3.1-8B-Instruct,llama_3_1_8b_instruct,11,late__all__r16,0.8,1.0,0.9,0.3333333333333333,0.3333333333333333,0.1666666666666666,0.9916666666666668,0.5979166666666667,,896,strict_accuracy,5,5,6,6,300,240,240,238,<ARCHIVE_ROOT>/results/compiler/repilot/validation/compiler__lexical_binding__lexical_0001/late__all__r16/seed_11/preservation_summary.json,<ARCHIVE_ROOT>/results/compiler/repilot/validation/compiler__lexical_binding__lexical_0001/late__all__r16/seed_11/evaluation.jsonl
compiler::lexical_binding::lexical_0001,lexical_0001,validation,lexical_binding,meta-llama/Llama-3.1-8B-Instruct,llama_3_1_8b_instruct,11,middle__all__r16,1.0,1.0,1.0,1.0,1.0,0.0,0.975,0.74375,,896,strict_accuracy,5,5,6,6,300,240,240,234,<ARCHIVE_ROOT>/results/compiler/repilot/validation/compiler__lexical_binding__lexical_0001/middle__all__r16/seed_11/preservation_summary.json,<ARCHIVE_ROOT>/results/compiler/repilot/validation/compiler__lexical_binding__lexical_0001/middle__all__r16/seed_11/evaluation.jsonl
compiler::lexical_binding::lexical_0002,lexical_0002,test,lexical_binding,meta-llama/Llama-3.1-8B-Instruct,llama_3_1_8b_instruct,11,early__all__r16,0.4,0.2,0.3,0.1666666666666666,0.1666666666666666,1.0,0.9958333333333332,0.615625,,896,strict_accuracy,5,5,6,6,300,240,240,239,<ARCHIVE_ROOT>/results/compiler/repilot/test/compiler__lexical_binding__lexical_0002/early__all__r16/seed_11/preservation_summary.json,<ARCHIVE_ROOT>/results/compiler/repilot/test/compiler__lexical_binding__lexical_0002/early__all__r16/seed_11/evaluation.jsonl
compiler::lexical_binding::lexical_0002,lexical_0002,test,lexical_binding,meta-llama/Llama-3.1-8B-Instruct,llama_3_1_8b_instruct,11,full__all__r4,1.0,1.0,1.0,0.3333333333333333,0.3333333333333333,0.3333333333333333,0.9875,0.6635416666666667,,896,strict_accuracy,5,5,6,6,300,240,240,237,<ARCHIVE_ROOT>/results/compiler/repilot/test/compiler__lexical_binding__lexical_0002/full__all__r4/seed_11/preservation_summary.json,<ARCHIVE_ROOT>/results/compiler/repilot/test/compiler__lexical_binding__lexical_0002/full__all__r4/seed_11/evaluation.jsonl
compiler::lexical_binding::lexical_0002,lexical_0002,test,lexical_binding,meta-llama/Llama-3.1-8B-Instruct,llama_3_1_8b_instruct,11,late__all__r16,0.8,1.0,0.9,0.5,0.5,0.1666666666666666,0.9833333333333332,0.6375,,896,strict_accuracy,5,5,6,6,300,240,240,236,<ARCHIVE_ROOT>/results/compiler/repilot/test/compiler__lexical_binding__lexical_0002/late__all__r16/seed_11/preservation_summary.json,<ARCHIVE_ROOT>/results/compiler/repilot/test/compiler__lexical_binding__lexical_0002/late__all__r16/seed_11/evaluation.jsonl
compiler::lexical_binding::lexical_0002,lexical_0002,test,lexical_binding,meta-llama/Llama-3.1-8B-Instruct,llama_3_1_8b_instruct,11,middle__all__r16,1.0,1.0,1.0,0.6666666666666666,0.6666666666666666,0.1666666666666666,0.9791666666666666,0.703125,,896,strict_accuracy,5,5,6,6,300,240,240,235,<ARCHIVE_ROOT>/results/compiler/repilot/test/compiler__lexical_binding__lexical_0002/middle__all__r16/seed_11/preservation_summary.json,<ARCHIVE_ROOT>/results/compiler/repilot/test/compiler__lexical_binding__lexical_0002/middle__all__r16/seed_11/evaluation.jsonl
compiler::lexical_binding::lexical_0003,lexical_0003,test,lexical_binding,meta-llama/Llama-3.1-8B-Instruct,llama_3_1_8b_instruct,11,early__all__r16,0.8,0.6,0.7,0.0,0.0,0.8333333333333334,1.0,0.6333333333333333,,896,strict_accuracy,5,5,6,6,300,240,240,240,<ARCHIVE_ROOT>/results/compiler/repilot/test/compiler__lexical_binding__lexical_0003/early__all__r16/seed_11/preservation_summary.json,<ARCHIVE_ROOT>/results/compiler/repilot/test/compiler__lexical_binding__lexical_0003/early__all__r16/seed_11/evaluation.jsonl
compiler::lexical_binding::lexical_0003,lexical_0003,test,lexical_binding,meta-llama/Llama-3.1-8B-Instruct,llama_3_1_8b_instruct,11,full__all__r4,1.0,1.0,1.0,0.3333333333333333,0.3333333333333333,0.1666666666666666,0.9875,0.621875,,896,strict_accuracy,5,5,6,6,300,240,240,237,<ARCHIVE_ROOT>/results/compiler/repilot/test/compiler__lexical_binding__lexical_0003/full__all__r4/seed_11/preservation_summary.json,<ARCHIVE_ROOT>/results/compiler/repilot/test/compiler__lexical_binding__lexical_0003/full__all__r4/seed_11/evaluation.jsonl
compiler::lexical_binding::lexical_0003,lexical_0003,test,lexical_binding,meta-llama/Llama-3.1-8B-Instruct,llama_3_1_8b_instruct,11,late__all__r16,0.8,1.0,0.9,0.3333333333333333,0.3333333333333333,0.3333333333333333,0.9875,0.6385416666666667,,896,strict_accuracy,5,5,6,6,300,240,240,237,<ARCHIVE_ROOT>/results/compiler/repilot/test/compiler__lexical_binding__lexical_0003/late__all__r16/seed_11/preservation_summary.json,<ARCHIVE_ROOT>/results/compiler/repilot/test/compiler__lexical_binding__lexical_0003/late__all__r16/seed_11/evaluation.jsonl
compiler::lexical_binding::lexical_0003,lexical_0003,test,lexical_binding,meta-llama/Llama-3.1-8B-Instruct,llama_3_1_8b_instruct,11,middle__all__r16,1.0,1.0,1.0,0.8333333333333334,0.8333333333333334,0.0,0.9458333333333332,0.6947916666666667,,896,strict_accuracy,5,5,6,6,300,240,240,227,<ARCHIVE_ROOT>/results/compiler/repilot/test/compiler__lexical_binding__lexical_0003/middle__all__r16/seed_11/preservation_summary.json,<ARCHIVE_ROOT>/results/compiler/repilot/test/compiler__lexical_binding__lexical_0003/middle__all__r16/seed_11/evaluation.jsonl
compiler::lexical_binding::lexical_0011,lexical_0011,validation,lexical_binding,meta-llama/Llama-3.1-8B-Instruct,llama_3_1_8b_instruct,11,early__all__r16,0.2,0.0,0.1,0.3333333333333333,0.3333333333333333,1.0,0.9958333333333332,0.6072916666666667,,896,strict_accuracy,5,5,6,6,300,240,240,239,<ARCHIVE_ROOT>/results/compiler/repilot/validation/compiler__lexical_binding__lexical_0011/early__all__r16/seed_11/preservation_summary.json,<ARCHIVE_ROOT>/results/compiler/repilot/validation/compiler__lexical_binding__lexical_0011/early__all__r16/seed_11/evaluation.jsonl
compiler::lexical_binding::lexical_0011,lexical_0011,validation,lexical_binding,meta-llama/Llama-3.1-8B-Instruct,llama_3_1_8b_instruct,11,full__all__r4,0.2,0.0,0.1,0.0,0.0,1.0,0.9958333333333332,0.5239583333333333,,896,strict_accuracy,5,5,6,6,300,240,240,239,<ARCHIVE_ROOT>/results/compiler/repilot/validation/compiler__lexical_binding__lexical_0011/full__all__r4/seed_11/preservation_summary.json,<ARCHIVE_ROOT>/results/compiler/repilot/validation/compiler__lexical_binding__lexical_0011/full__all__r4/seed_11/evaluation.jsonl
compiler::lexical_binding::lexical_0011,lexical_0011,validation,lexical_binding,meta-llama/Llama-3.1-8B-Instruct,llama_3_1_8b_instruct,11,late__all__r16,0.2,0.0,0.1,0.1666666666666666,0.1666666666666666,0.1666666666666666,0.9875,0.3552083333333333,,896,strict_accuracy,5,5,6,6,300,240,240,237,<ARCHIVE_ROOT>/results/compiler/repilot/validation/compiler__lexical_binding__lexical_0011/late__all__r16/seed_11/preservation_summary.json,<ARCHIVE_ROOT>/results/compiler/repilot/validation/compiler__lexical_binding__lexical_0011/late__all__r16/seed_11/evaluation.jsonl
compiler::lexical_binding::lexical_0011,lexical_0011,validation,lexical_binding,meta-llama/Llama-3.1-8B-Instruct,llama_3_1_8b_instruct,11,middle__all__r16,0.2,0.0,0.1,0.3333333333333333,0.3333333333333333,0.3333333333333333,0.9791666666666666,0.4364583333333333,,896,strict_accuracy,5,5,6,6,300,240,240,235,<ARCHIVE_ROOT>/results/compiler/repilot/validation/compiler__lexical_binding__lexical_0011/middle__all__r16/seed_11/preservation_summary.json,<ARCHIVE_ROOT>/results/compiler/repilot/validation/compiler__lexical_binding__lexical_0011/middle__all__r16/seed_11/evaluation.jsonl
compiler::procedural_reasoning::procedural_0007,procedural_0007,test,procedural_reasoning,meta-llama/Llama-3.1-8B-Instruct,llama_3_1_8b_instruct,11,early__all__r16,0.2,0.0,0.1,0.0,0.0,0.0,0.9958333333333332,0.2739583333333333,,896,concept_accuracy,5,5,6,6,300,240,240,239,<ARCHIVE_ROOT>/results/compiler/repilot/test/compiler__procedural_reasoning__procedural_0007/early__all__r16/seed_11/preservation_summary.json,<ARCHIVE_ROOT>/results/compiler/repilot/test/compiler__procedural_reasoning__procedural_0007/early__all__r16/seed_11/evaluation.jsonl
compiler::procedural_reasoning::procedural_0007,procedural_0007,test,procedural_reasoning,meta-llama/Llama-3.1-8B-Instruct,llama_3_1_8b_instruct,11,full__all__r4,0.0,0.0,0.0,0.0,0.0,0.5,0.9916666666666668,0.3729166666666667,,896,concept_accuracy,5,5,6,6,300,240,240,238,<ARCHIVE_ROOT>/results/compiler/repilot/test/compiler__procedural_reasoning__procedural_0007/full__all__r4/seed_11/preservation_summary.json,<ARCHIVE_ROOT>/results/compiler/repilot/test/compiler__procedural_reasoning__procedural_0007/full__all__r4/seed_11/evaluation.jsonl
compiler::procedural_reasoning::procedural_0007,procedural_0007,test,procedural_reasoning,meta-llama/Llama-3.1-8B-Instruct,llama_3_1_8b_instruct,11,late__all__r16,0.2,0.0,0.1,0.0,0.0,0.1666666666666666,0.9958333333333332,0.315625,,896,concept_accuracy,5,5,6,6,300,240,240,239,<ARCHIVE_ROOT>/results/compiler/repilot/test/compiler__procedural_reasoning__procedural_0007/late__all__r16/seed_11/preservation_summary.json,<ARCHIVE_ROOT>/results/compiler/repilot/test/compiler__procedural_reasoning__procedural_0007/late__all__r16/seed_11/evaluation.jsonl
compiler::procedural_reasoning::procedural_0007,procedural_0007,test,procedural_reasoning,meta-llama/Llama-3.1-8B-Instruct,llama_3_1_8b_instruct,11,middle__all__r16,0.2,0.0,0.1,0.0,0.0,0.8333333333333334,0.9791666666666666,0.478125,,896,concept_accuracy,5,5,6,6,300,240,240,235,<ARCHIVE_ROOT>/results/compiler/repilot/test/compiler__procedural_reasoning__procedural_0007/middle__all__r16/seed_11/preservation_summary.json,<ARCHIVE_ROOT>/results/compiler/repilot/test/compiler__procedural_reasoning__procedural_0007/middle__all__r16/seed_11/evaluation.jsonl
compiler::procedural_reasoning::procedural_0008,procedural_0008,validation,procedural_reasoning,meta-llama/Llama-3.1-8B-Instruct,llama_3_1_8b_instruct,11,early__all__r16,0.2,0.0,0.1,0.0,0.0,0.0,0.9916666666666668,0.2729166666666667,,896,concept_accuracy,5,5,6,6,300,240,240,238,<ARCHIVE_ROOT>/results/compiler/repilot/validation/compiler__procedural_reasoning__procedural_0008/early__all__r16/seed_11/preservation_summary.json,<ARCHIVE_ROOT>/results/compiler/repilot/validation/compiler__procedural_reasoning__procedural_0008/early__all__r16/seed_11/evaluation.jsonl
compiler::procedural_reasoning::procedural_0008,procedural_0008,validation,procedural_reasoning,meta-llama/Llama-3.1-8B-Instruct,llama_3_1_8b_instruct,11,full__all__r4,0.2,0.0,0.1,0.0,0.0,0.5,0.9833333333333332,0.3958333333333333,,896,concept_accuracy,5,5,6,6,300,240,240,236,<ARCHIVE_ROOT>/results/compiler/repilot/validation/compiler__procedural_reasoning__procedural_0008/full__all__r4/seed_11/preservation_summary.json,<ARCHIVE_ROOT>/results/compiler/repilot/validation/compiler__procedural_reasoning__procedural_0008/full__all__r4/seed_11/evaluation.jsonl
compiler::procedural_reasoning::procedural_0008,procedural_0008,validation,procedural_reasoning,meta-llama/Llama-3.1-8B-Instruct,llama_3_1_8b_instruct,11,late__all__r16,0.4,0.0,0.2,0.0,0.0,0.5,0.9958333333333332,0.4239583333333333,,896,concept_accuracy,5,5,6,6,300,240,240,239,<ARCHIVE_ROOT>/results/compiler/repilot/validation/compiler__procedural_reasoning__procedural_0008/late__all__r16/seed_11/preservation_summary.json,<ARCHIVE_ROOT>/results/compiler/repilot/validation/compiler__procedural_reasoning__procedural_0008/late__all__r16/seed_11/evaluation.jsonl
compiler::procedural_reasoning::procedural_0008,procedural_0008,validation,procedural_reasoning,meta-llama/Llama-3.1-8B-Instruct,llama_3_1_8b_instruct,11,middle__all__r16,0.2,0.0,0.1,0.0,0.0,0.6666666666666666,0.975,0.4354166666666667,,896,concept_accuracy,5,5,6,6,300,240,240,234,<ARCHIVE_ROOT>/results/compiler/repilot/validation/compiler__procedural_reasoning__procedural_0008/middle__all__r16/seed_11/preservation_summary.json,<ARCHIVE_ROOT>/results/compiler/repilot/validation/compiler__procedural_reasoning__procedural_0008/middle__all__r16/seed_11/evaluation.jsonl
compiler::procedural_reasoning::procedural_0011,procedural_0011,test,procedural_reasoning,meta-llama/Llama-3.1-8B-Instruct,llama_3_1_8b_instruct,11,early__all__r16,0.2,0.0,0.1,0.0,0.0,0.0,0.9875,0.271875,,896,concept_accuracy,5,5,6,6,300,240,240,237,<ARCHIVE_ROOT>/results/compiler/repilot/test/compiler__procedural_reasoning__procedural_0011/early__all__r16/seed_11/preservation_summary.json,<ARCHIVE_ROOT>/results/compiler/repilot/test/compiler__procedural_reasoning__procedural_0011/early__all__r16/seed_11/evaluation.jsonl
compiler::procedural_reasoning::procedural_0011,procedural_0011,test,procedural_reasoning,meta-llama/Llama-3.1-8B-Instruct,llama_3_1_8b_instruct,11,full__all__r4,0.2,0.0,0.1,0.0,0.0,0.3333333333333333,0.9833333333333332,0.3541666666666666,,896,concept_accuracy,5,5,6,6,300,240,240,236,<ARCHIVE_ROOT>/results/compiler/repilot/test/compiler__procedural_reasoning__procedural_0011/full__all__r4/seed_11/preservation_summary.json,<ARCHIVE_ROOT>/results/compiler/repilot/test/compiler__procedural_reasoning__procedural_0011/full__all__r4/seed_11/evaluation.jsonl
compiler::procedural_reasoning::procedural_0011,procedural_0011,test,procedural_reasoning,meta-llama/Llama-3.1-8B-Instruct,llama_3_1_8b_instruct,11,late__all__r16,0.2,0.0,0.1,0.0,0.0,0.5,0.9958333333333332,0.3989583333333333,,896,concept_accuracy,5,5,6,6,300,240,240,239,<ARCHIVE_ROOT>/results/compiler/repilot/test/compiler__procedural_reasoning__procedural_0011/late__all__r16/seed_11/preservation_summary.json,<ARCHIVE_ROOT>/results/compiler/repilot/test/compiler__procedural_reasoning__procedural_0011/late__all__r16/seed_11/evaluation.jsonl
compiler::procedural_reasoning::procedural_0011,procedural_0011,test,procedural_reasoning,meta-llama/Llama-3.1-8B-Instruct,llama_3_1_8b_instruct,11,middle__all__r16,0.2,0.0,0.1,0.0,0.0,0.8333333333333334,0.975,0.4770833333333333,,896,concept_accuracy,5,5,6,6,300,240,240,234,<ARCHIVE_ROOT>/results/compiler/repilot/test/compiler__procedural_reasoning__procedural_0011/middle__all__r16/seed_11/preservation_summary.json,<ARCHIVE_ROOT>/results/compiler/repilot/test/compiler__procedural_reasoning__procedural_0011/middle__all__r16/seed_11/evaluation.jsonl
compiler::procedural_reasoning::procedural_0019,procedural_0019,validation,procedural_reasoning,meta-llama/Llama-3.1-8B-Instruct,llama_3_1_8b_instruct,11,early__all__r16,0.2,0.0,0.1,0.0,0.0,0.0,0.9875,0.271875,,896,concept_accuracy,5,5,6,6,300,240,240,237,<ARCHIVE_ROOT>/results/compiler/repilot/validation/compiler__procedural_reasoning__procedural_0019/early__all__r16/seed_11/preservation_summary.json,<ARCHIVE_ROOT>/results/compiler/repilot/validation/compiler__procedural_reasoning__procedural_0019/early__all__r16/seed_11/evaluation.jsonl
compiler::procedural_reasoning::procedural_0019,procedural_0019,validation,procedural_reasoning,meta-llama/Llama-3.1-8B-Instruct,llama_3_1_8b_instruct,11,full__all__r4,0.2,0.0,0.1,0.0,0.0,0.6666666666666666,0.9833333333333332,0.4375,,896,concept_accuracy,5,5,6,6,300,240,240,236,<ARCHIVE_ROOT>/results/compiler/repilot/validation/compiler__procedural_reasoning__procedural_0019/full__all__r4/seed_11/preservation_summary.json,<ARCHIVE_ROOT>/results/compiler/repilot/validation/compiler__procedural_reasoning__procedural_0019/full__all__r4/seed_11/evaluation.jsonl
compiler::procedural_reasoning::procedural_0019,procedural_0019,validation,procedural_reasoning,meta-llama/Llama-3.1-8B-Instruct,llama_3_1_8b_instruct,11,late__all__r16,0.2,0.0,0.1,0.0,0.0,0.6666666666666666,0.9958333333333332,0.440625,,896,concept_accuracy,5,5,6,6,300,240,240,239,<ARCHIVE_ROOT>/results/compiler/repilot/validation/compiler__procedural_reasoning__procedural_0019/late__all__r16/seed_11/preservation_summary.json,<ARCHIVE_ROOT>/results/compiler/repilot/validation/compiler__procedural_reasoning__procedural_0019/late__all__r16/seed_11/evaluation.jsonl
compiler::procedural_reasoning::procedural_0019,procedural_0019,validation,procedural_reasoning,meta-llama/Llama-3.1-8B-Instruct,llama_3_1_8b_instruct,11,middle__all__r16,0.2,0.0,0.1,0.0,0.0,0.8333333333333334,0.9708333333333332,0.4760416666666667,,896,concept_accuracy,5,5,6,6,300,240,240,233,<ARCHIVE_ROOT>/results/compiler/repilot/validation/compiler__procedural_reasoning__procedural_0019/middle__all__r16/seed_11/preservation_summary.json,<ARCHIVE_ROOT>/results/compiler/repilot/validation/compiler__procedural_reasoning__procedural_0019/middle__all__r16/seed_11/evaluation.jsonl
compiler::behavioral_policy::behavioral_0000,behavioral_0000,test,behavioral_policy,meta-llama/Llama-3.1-8B-Instruct,llama_3_1_8b_instruct,22,early__all__r16,0.2,0.2,0.2,0.5,0.5,0.0,0.9916666666666668,0.4229166666666666,,896,concept_accuracy,5,5,6,6,300,240,240,238,<ARCHIVE_ROOT>/results/compiler/robustness_multiseed/compiler__behavioral_policy__behavioral_0000/early__all__r16/seed_22/preservation_summary.json,<ARCHIVE_ROOT>/results/compiler/robustness_multiseed/compiler__behavioral_policy__behavioral_0000/early__all__r16/seed_22/evaluation.jsonl
compiler::behavioral_policy::behavioral_0000,behavioral_0000,test,behavioral_policy,meta-llama/Llama-3.1-8B-Instruct,llama_3_1_8b_instruct,33,early__all__r16,0.2,0.4,0.3,0.5,0.5,0.0,0.9875,0.446875,,896,concept_accuracy,5,5,6,6,300,240,240,237,<ARCHIVE_ROOT>/results/compiler/robustness_multiseed/compiler__behavioral_policy__behavioral_0000/early__all__r16/seed_33/preservation_summary.json,<ARCHIVE_ROOT>/results/compiler/robustness_multiseed/compiler__behavioral_policy__behavioral_0000/early__all__r16/seed_33/evaluation.jsonl
compiler::behavioral_policy::behavioral_0000,behavioral_0000,test,behavioral_policy,meta-llama/Llama-3.1-8B-Instruct,llama_3_1_8b_instruct,22,full__all__r4,1.0,1.0,1.0,1.0,1.0,0.0,1.0,0.75,,896,concept_accuracy,5,5,6,6,300,240,240,240,<ARCHIVE_ROOT>/results/compiler/robustness_multiseed/compiler__behavioral_policy__behavioral_0000/full__all__r4/seed_22/preservation_summary.json,<ARCHIVE_ROOT>/results/compiler/robustness_multiseed/compiler__behavioral_policy__behavioral_0000/full__all__r4/seed_22/evaluation.jsonl
compiler::behavioral_policy::behavioral_0000,behavioral_0000,test,behavioral_policy,meta-llama/Llama-3.1-8B-Instruct,llama_3_1_8b_instruct,33,full__all__r4,1.0,1.0,1.0,1.0,1.0,0.0,1.0,0.75,,896,concept_accuracy,5,5,6,6,300,240,240,240,<ARCHIVE_ROOT>/results/compiler/robustness_multiseed/compiler__behavioral_policy__behavioral_0000/full__all__r4/seed_33/preservation_summary.json,<ARCHIVE_ROOT>/results/compiler/robustness_multiseed/compiler__behavioral_policy__behavioral_0000/full__all__r4/seed_33/evaluation.jsonl
compiler::behavioral_policy::behavioral_0000,behavioral_0000,test,behavioral_policy,meta-llama/Llama-3.1-8B-Instruct,llama_3_1_8b_instruct,22,late__all__r16,1.0,1.0,1.0,1.0,1.0,0.0,0.9958333333333332,0.7489583333333334,,896,concept_accuracy,5,5,6,6,300,240,240,239,<ARCHIVE_ROOT>/results/compiler/robustness_multiseed/compiler__behavioral_policy__behavioral_0000/late__all__r16/seed_22/preservation_summary.json,<ARCHIVE_ROOT>/results/compiler/robustness_multiseed/compiler__behavioral_policy__behavioral_0000/late__all__r16/seed_22/evaluation.jsonl
compiler::behavioral_policy::behavioral_0000,behavioral_0000,test,behavioral_policy,meta-llama/Llama-3.1-8B-Instruct,llama_3_1_8b_instruct,33,late__all__r16,1.0,1.0,1.0,1.0,1.0,0.0,1.0,0.75,,896,concept_accuracy,5,5,6,6,300,240,240,240,<ARCHIVE_ROOT>/results/compiler/robustness_multiseed/compiler__behavioral_policy__behavioral_0000/late__all__r16/seed_33/preservation_summary.json,<ARCHIVE_ROOT>/results/compiler/robustness_multiseed/compiler__behavioral_policy__behavioral_0000/late__all__r16/seed_33/evaluation.jsonl
compiler::behavioral_policy::behavioral_0000,behavioral_0000,test,behavioral_policy,meta-llama/Llama-3.1-8B-Instruct,llama_3_1_8b_instruct,22,middle__all__r16,1.0,1.0,1.0,1.0,1.0,0.0,0.9791666666666666,0.7447916666666666,,896,concept_accuracy,5,5,6,6,300,240,240,235,<ARCHIVE_ROOT>/results/compiler/robustness_multiseed/compiler__behavioral_policy__behavioral_0000/middle__all__r16/seed_22/preservation_summary.json,<ARCHIVE_ROOT>/results/compiler/robustness_multiseed/compiler__behavioral_policy__behavioral_0000/middle__all__r16/seed_22/evaluation.jsonl
compiler::behavioral_policy::behavioral_0000,behavioral_0000,test,behavioral_policy,meta-llama/Llama-3.1-8B-Instruct,llama_3_1_8b_instruct,33,middle__all__r16,1.0,1.0,1.0,0.8333333333333334,0.8333333333333334,0.0,0.975,0.7020833333333334,,896,concept_accuracy,5,5,6,6,300,240,240,234,<ARCHIVE_ROOT>/results/compiler/robustness_multiseed/compiler__behavioral_policy__behavioral_0000/middle__all__r16/seed_33/preservation_summary.json,<ARCHIVE_ROOT>/results/compiler/robustness_multiseed/compiler__behavioral_policy__behavioral_0000/middle__all__r16/seed_33/evaluation.jsonl
compiler::behavioral_policy::behavioral_0006,behavioral_0006,validation,behavioral_policy,meta-llama/Llama-3.1-8B-Instruct,llama_3_1_8b_instruct,22,early__all__r16,0.2,0.0,0.1,0.5,0.5,0.0,1.0,0.4,,896,concept_accuracy,5,5,6,6,300,240,240,240,<ARCHIVE_ROOT>/results/compiler/robustness_multiseed/compiler__behavioral_policy__behavioral_0006/early__all__r16/seed_22/preservation_summary.json,<ARCHIVE_ROOT>/results/compiler/robustness_multiseed/compiler__behavioral_policy__behavioral_0006/early__all__r16/seed_22/evaluation.jsonl
compiler::behavioral_policy::behavioral_0006,behavioral_0006,validation,behavioral_policy,meta-llama/Llama-3.1-8B-Instruct,llama_3_1_8b_instruct,33,early__all__r16,0.2,0.0,0.1,0.5,0.5,0.0,0.9958333333333332,0.3989583333333333,,896,concept_accuracy,5,5,6,6,300,240,240,239,<ARCHIVE_ROOT>/results/compiler/robustness_multiseed/compiler__behavioral_policy__behavioral_0006/early__all__r16/seed_33/preservation_summary.json,<ARCHIVE_ROOT>/results/compiler/robustness_multiseed/compiler__behavioral_policy__behavioral_0006/early__all__r16/seed_33/evaluation.jsonl
compiler::behavioral_policy::behavioral_0006,behavioral_0006,validation,behavioral_policy,meta-llama/Llama-3.1-8B-Instruct,llama_3_1_8b_instruct,22,full__all__r4,1.0,1.0,1.0,1.0,1.0,0.0,0.9875,0.746875,,896,concept_accuracy,5,5,6,6,300,240,240,237,<ARCHIVE_ROOT>/results/compiler/robustness_multiseed/compiler__behavioral_policy__behavioral_0006/full__all__r4/seed_22/preservation_summary.json,<ARCHIVE_ROOT>/results/compiler/robustness_multiseed/compiler__behavioral_policy__behavioral_0006/full__all__r4/seed_22/evaluation.jsonl
compiler::behavioral_policy::behavioral_0006,behavioral_0006,validation,behavioral_policy,meta-llama/Llama-3.1-8B-Instruct,llama_3_1_8b_instruct,33,full__all__r4,1.0,1.0,1.0,1.0,1.0,0.0,0.9958333333333332,0.7489583333333334,,896,concept_accuracy,5,5,6,6,300,240,240,239,<ARCHIVE_ROOT>/results/compiler/robustness_multiseed/compiler__behavioral_policy__behavioral_0006/full__all__r4/seed_33/preservation_summary.json,<ARCHIVE_ROOT>/results/compiler/robustness_multiseed/compiler__behavioral_policy__behavioral_0006/full__all__r4/seed_33/evaluation.jsonl
compiler::behavioral_policy::behavioral_0006,behavioral_0006,validation,behavioral_policy,meta-llama/Llama-3.1-8B-Instruct,llama_3_1_8b_instruct,22,late__all__r16,1.0,1.0,1.0,1.0,1.0,0.0,0.9916666666666668,0.7479166666666667,,896,concept_accuracy,5,5,6,6,300,240,240,238,<ARCHIVE_ROOT>/results/compiler/robustness_multiseed/compiler__behavioral_policy__behavioral_0006/late__all__r16/seed_22/preservation_summary.json,<ARCHIVE_ROOT>/results/compiler/robustness_multiseed/compiler__behavioral_policy__behavioral_0006/late__all__r16/seed_22/evaluation.jsonl
compiler::behavioral_policy::behavioral_0006,behavioral_0006,validation,behavioral_policy,meta-llama/Llama-3.1-8B-Instruct,llama_3_1_8b_instruct,33,late__all__r16,1.0,1.0,1.0,1.0,1.0,0.0,0.9875,0.746875,,896,concept_accuracy,5,5,6,6,300,240,240,237,<ARCHIVE_ROOT>/results/compiler/robustness_multiseed/compiler__behavioral_policy__behavioral_0006/late__all__r16/seed_33/preservation_summary.json,<ARCHIVE_ROOT>/results/compiler/robustness_multiseed/compiler__behavioral_policy__behavioral_0006/late__all__r16/seed_33/evaluation.jsonl
compiler::behavioral_policy::behavioral_0006,behavioral_0006,validation,behavioral_policy,meta-llama/Llama-3.1-8B-Instruct,llama_3_1_8b_instruct,22,middle__all__r16,1.0,1.0,1.0,1.0,1.0,0.0,0.9666666666666668,0.7416666666666667,,896,concept_accuracy,5,5,6,6,300,240,240,232,<ARCHIVE_ROOT>/results/compiler/robustness_multiseed/compiler__behavioral_policy__behavioral_0006/middle__all__r16/seed_22/preservation_summary.json,<ARCHIVE_ROOT>/results/compiler/robustness_multiseed/compiler__behavioral_policy__behavioral_0006/middle__all__r16/seed_22/evaluation.jsonl
compiler::behavioral_policy::behavioral_0006,behavioral_0006,validation,behavioral_policy,meta-llama/Llama-3.1-8B-Instruct,llama_3_1_8b_instruct,33,middle__all__r16,1.0,1.0,1.0,1.0,1.0,0.0,0.9625,0.740625,,896,concept_accuracy,5,5,6,6,300,240,240,231,<ARCHIVE_ROOT>/results/compiler/robustness_multiseed/compiler__behavioral_policy__behavioral_0006/middle__all__r16/seed_33/preservation_summary.json,<ARCHIVE_ROOT>/results/compiler/robustness_multiseed/compiler__behavioral_policy__behavioral_0006/middle__all__r16/seed_33/evaluation.jsonl
compiler::behavioral_policy::behavioral_0007,behavioral_0007,test,behavioral_policy,meta-llama/Llama-3.1-8B-Instruct,llama_3_1_8b_instruct,22,early__all__r16,0.4,0.0,0.2,0.6666666666666666,0.6666666666666666,0.0,1.0,0.4666666666666667,,896,concept_accuracy,5,5,6,6,300,240,240,240,<ARCHIVE_ROOT>/results/compiler/robustness_multiseed/compiler__behavioral_policy__behavioral_0007/early__all__r16/seed_22/preservation_summary.json,<ARCHIVE_ROOT>/results/compiler/robustness_multiseed/compiler__behavioral_policy__behavioral_0007/early__all__r16/seed_22/evaluation.jsonl
compiler::behavioral_policy::behavioral_0007,behavioral_0007,test,behavioral_policy,meta-llama/Llama-3.1-8B-Instruct,llama_3_1_8b_instruct,33,early__all__r16,0.4,0.0,0.2,0.6666666666666666,0.6666666666666666,0.0,1.0,0.4666666666666667,,896,concept_accuracy,5,5,6,6,300,240,240,240,<ARCHIVE_ROOT>/results/compiler/robustness_multiseed/compiler__behavioral_policy__behavioral_0007/early__all__r16/seed_33/preservation_summary.json,<ARCHIVE_ROOT>/results/compiler/robustness_multiseed/compiler__behavioral_policy__behavioral_0007/early__all__r16/seed_33/evaluation.jsonl
compiler::behavioral_policy::behavioral_0007,behavioral_0007,test,behavioral_policy,meta-llama/Llama-3.1-8B-Instruct,llama_3_1_8b_instruct,22,full__all__r4,1.0,1.0,1.0,0.8333333333333334,0.8333333333333334,0.0,1.0,0.7083333333333334,,896,concept_accuracy,5,5,6,6,300,240,240,240,<ARCHIVE_ROOT>/results/compiler/robustness_multiseed/compiler__behavioral_policy__behavioral_0007/full__all__r4/seed_22/preservation_summary.json,<ARCHIVE_ROOT>/results/compiler/robustness_multiseed/compiler__behavioral_policy__behavioral_0007/full__all__r4/seed_22/evaluation.jsonl
compiler::behavioral_policy::behavioral_0007,behavioral_0007,test,behavioral_policy,meta-llama/Llama-3.1-8B-Instruct,llama_3_1_8b_instruct,33,full__all__r4,1.0,1.0,1.0,0.8333333333333334,0.8333333333333334,0.0,1.0,0.7083333333333334,,896,concept_accuracy,5,5,6,6,300,240,240,240,<ARCHIVE_ROOT>/results/compiler/robustness_multiseed/compiler__behavioral_policy__behavioral_0007/full__all__r4/seed_33/preservation_summary.json,<ARCHIVE_ROOT>/results/compiler/robustness_multiseed/compiler__behavioral_policy__behavioral_0007/full__all__r4/seed_33/evaluation.jsonl
compiler::behavioral_policy::behavioral_0007,behavioral_0007,test,behavioral_policy,meta-llama/Llama-3.1-8B-Instruct,llama_3_1_8b_instruct,22,late__all__r16,1.0,1.0,1.0,1.0,1.0,0.0,0.9875,0.746875,,896,concept_accuracy,5,5,6,6,300,240,240,237,<ARCHIVE_ROOT>/results/compiler/robustness_multiseed/compiler__behavioral_policy__behavioral_0007/late__all__r16/seed_22/preservation_summary.json,<ARCHIVE_ROOT>/results/compiler/robustness_multiseed/compiler__behavioral_policy__behavioral_0007/late__all__r16/seed_22/evaluation.jsonl
compiler::behavioral_policy::behavioral_0007,behavioral_0007,test,behavioral_policy,meta-llama/Llama-3.1-8B-Instruct,llama_3_1_8b_instruct,33,late__all__r16,1.0,1.0,1.0,1.0,1.0,0.0,0.9875,0.746875,,896,concept_accuracy,5,5,6,6,300,240,240,237,<ARCHIVE_ROOT>/results/compiler/robustness_multiseed/compiler__behavioral_policy__behavioral_0007/late__all__r16/seed_33/preservation_summary.json,<ARCHIVE_ROOT>/results/compiler/robustness_multiseed/compiler__behavioral_policy__behavioral_0007/late__all__r16/seed_33/evaluation.jsonl
compiler::behavioral_policy::behavioral_0007,behavioral_0007,test,behavioral_policy,meta-llama/Llama-3.1-8B-Instruct,llama_3_1_8b_instruct,22,middle__all__r16,0.8,1.0,0.9,0.8333333333333334,0.8333333333333334,0.0,0.9958333333333332,0.6822916666666667,,896,concept_accuracy,5,5,6,6,300,240,240,239,<ARCHIVE_ROOT>/results/compiler/robustness_multiseed/compiler__behavioral_policy__behavioral_0007/middle__all__r16/seed_22/preservation_summary.json,<ARCHIVE_ROOT>/results/compiler/robustness_multiseed/compiler__behavioral_policy__behavioral_0007/middle__all__r16/seed_22/evaluation.jsonl
compiler::behavioral_policy::behavioral_0007,behavioral_0007,test,behavioral_policy,meta-llama/Llama-3.1-8B-Instruct,llama_3_1_8b_instruct,33,middle__all__r16,0.8,1.0,0.9,0.8333333333333334,0.8333333333333334,0.0,0.9958333333333332,0.6822916666666667,,896,concept_accuracy,5,5,6,6,300,240,240,239,<ARCHIVE_ROOT>/results/compiler/robustness_multiseed/compiler__behavioral_policy__behavioral_0007/middle__all__r16/seed_33/preservation_summary.json,<ARCHIVE_ROOT>/results/compiler/robustness_multiseed/compiler__behavioral_policy__behavioral_0007/middle__all__r16/seed_33/evaluation.jsonl
compiler::behavioral_policy::behavioral_0012,behavioral_0012,validation,behavioral_policy,meta-llama/Llama-3.1-8B-Instruct,llama_3_1_8b_instruct,22,early__all__r16,0.2,0.4,0.3,0.0,0.0,0.0,0.9958333333333332,0.3239583333333333,,896,concept_accuracy,5,5,6,6,300,240,240,239,<ARCHIVE_ROOT>/results/compiler/robustness_multiseed/compiler__behavioral_policy__behavioral_0012/early__all__r16/seed_22/preservation_summary.json,<ARCHIVE_ROOT>/results/compiler/robustness_multiseed/compiler__behavioral_policy__behavioral_0012/early__all__r16/seed_22/evaluation.jsonl
compiler::behavioral_policy::behavioral_0012,behavioral_0012,validation,behavioral_policy,meta-llama/Llama-3.1-8B-Instruct,llama_3_1_8b_instruct,33,early__all__r16,0.0,0.0,0.0,0.0,0.0,0.0,1.0,0.25,,896,concept_accuracy,5,5,6,6,300,240,240,240,<ARCHIVE_ROOT>/results/compiler/robustness_multiseed/compiler__behavioral_policy__behavioral_0012/early__all__r16/seed_33/preservation_summary.json,<ARCHIVE_ROOT>/results/compiler/robustness_multiseed/compiler__behavioral_policy__behavioral_0012/early__all__r16/seed_33/evaluation.jsonl
compiler::behavioral_policy::behavioral_0012,behavioral_0012,validation,behavioral_policy,meta-llama/Llama-3.1-8B-Instruct,llama_3_1_8b_instruct,22,full__all__r4,1.0,1.0,1.0,1.0,1.0,0.0,1.0,0.75,,896,concept_accuracy,5,5,6,6,300,240,240,240,<ARCHIVE_ROOT>/results/compiler/robustness_multiseed/compiler__behavioral_policy__behavioral_0012/full__all__r4/seed_22/preservation_summary.json,<ARCHIVE_ROOT>/results/compiler/robustness_multiseed/compiler__behavioral_policy__behavioral_0012/full__all__r4/seed_22/evaluation.jsonl
compiler::behavioral_policy::behavioral_0012,behavioral_0012,validation,behavioral_policy,meta-llama/Llama-3.1-8B-Instruct,llama_3_1_8b_instruct,33,full__all__r4,1.0,1.0,1.0,1.0,1.0,0.0,1.0,0.75,,896,concept_accuracy,5,5,6,6,300,240,240,240,<ARCHIVE_ROOT>/results/compiler/robustness_multiseed/compiler__behavioral_policy__behavioral_0012/full__all__r4/seed_33/preservation_summary.json,<ARCHIVE_ROOT>/results/compiler/robustness_multiseed/compiler__behavioral_policy__behavioral_0012/full__all__r4/seed_33/evaluation.jsonl
compiler::behavioral_policy::behavioral_0012,behavioral_0012,validation,behavioral_policy,meta-llama/Llama-3.1-8B-Instruct,llama_3_1_8b_instruct,22,late__all__r16,1.0,1.0,1.0,1.0,1.0,0.0,0.9916666666666668,0.7479166666666667,,896,concept_accuracy,5,5,6,6,300,240,240,238,<ARCHIVE_ROOT>/results/compiler/robustness_multiseed/compiler__behavioral_policy__behavioral_0012/late__all__r16/seed_22/preservation_summary.json,<ARCHIVE_ROOT>/results/compiler/robustness_multiseed/compiler__behavioral_policy__behavioral_0012/late__all__r16/seed_22/evaluation.jsonl
compiler::behavioral_policy::behavioral_0012,behavioral_0012,validation,behavioral_policy,meta-llama/Llama-3.1-8B-Instruct,llama_3_1_8b_instruct,33,late__all__r16,1.0,1.0,1.0,1.0,1.0,0.0,1.0,0.75,,896,concept_accuracy,5,5,6,6,300,240,240,240,<ARCHIVE_ROOT>/results/compiler/robustness_multiseed/compiler__behavioral_policy__behavioral_0012/late__all__r16/seed_33/preservation_summary.json,<ARCHIVE_ROOT>/results/compiler/robustness_multiseed/compiler__behavioral_policy__behavioral_0012/late__all__r16/seed_33/evaluation.jsonl
compiler::behavioral_policy::behavioral_0012,behavioral_0012,validation,behavioral_policy,meta-llama/Llama-3.1-8B-Instruct,llama_3_1_8b_instruct,22,middle__all__r16,0.4,0.6,0.5,0.8333333333333334,0.8333333333333334,0.0,0.9833333333333332,0.5791666666666666,,896,concept_accuracy,5,5,6,6,300,240,240,236,<ARCHIVE_ROOT>/results/compiler/robustness_multiseed/compiler__behavioral_policy__behavioral_0012/middle__all__r16/seed_22/preservation_summary.json,<ARCHIVE_ROOT>/results/compiler/robustness_multiseed/compiler__behavioral_policy__behavioral_0012/middle__all__r16/seed_22/evaluation.jsonl
compiler::behavioral_policy::behavioral_0012,behavioral_0012,validation,behavioral_policy,meta-llama/Llama-3.1-8B-Instruct,llama_3_1_8b_instruct,33,middle__all__r16,0.6,0.6,0.6,0.8333333333333334,0.8333333333333334,0.0,0.9875,0.6052083333333333,,896,concept_accuracy,5,5,6,6,300,240,240,237,<ARCHIVE_ROOT>/results/compiler/robustness_multiseed/compiler__behavioral_policy__behavioral_0012/middle__all__r16/seed_33/preservation_summary.json,<ARCHIVE_ROOT>/results/compiler/robustness_multiseed/compiler__behavioral_policy__behavioral_0012/middle__all__r16/seed_33/evaluation.jsonl
compiler::causal_mapping::causal_0001,causal_0001,validation,causal_mapping,meta-llama/Llama-3.1-8B-Instruct,llama_3_1_8b_instruct,22,early__all__r16,0.0,0.0,0.0,0.0,0.0,0.0,0.9583333333333334,0.2395833333333333,,896,concept_accuracy,5,5,6,6,300,240,240,230,<ARCHIVE_ROOT>/results/compiler/robustness_multiseed/compiler__causal_mapping__causal_0001/early__all__r16/seed_22/preservation_summary.json,<ARCHIVE_ROOT>/results/compiler/robustness_multiseed/compiler__causal_mapping__causal_0001/early__all__r16/seed_22/evaluation.jsonl
compiler::causal_mapping::causal_0001,causal_0001,validation,causal_mapping,meta-llama/Llama-3.1-8B-Instruct,llama_3_1_8b_instruct,33,early__all__r16,0.0,0.0,0.0,0.0,0.0,0.0,0.9583333333333334,0.2395833333333333,,896,concept_accuracy,5,5,6,6,300,240,240,230,<ARCHIVE_ROOT>/results/compiler/robustness_multiseed/compiler__causal_mapping__causal_0001/early__all__r16/seed_33/preservation_summary.json,<ARCHIVE_ROOT>/results/compiler/robustness_multiseed/compiler__causal_mapping__causal_0001/early__all__r16/seed_33/evaluation.jsonl
compiler::causal_mapping::causal_0001,causal_0001,validation,causal_mapping,meta-llama/Llama-3.1-8B-Instruct,llama_3_1_8b_instruct,22,full__all__r4,0.8,0.8,0.8,0.5,0.5,0.3333333333333333,1.0,0.6583333333333333,,896,concept_accuracy,5,5,6,6,300,240,240,240,<ARCHIVE_ROOT>/results/compiler/robustness_multiseed/compiler__causal_mapping__causal_0001/full__all__r4/seed_22/preservation_summary.json,<ARCHIVE_ROOT>/results/compiler/robustness_multiseed/compiler__causal_mapping__causal_0001/full__all__r4/seed_22/evaluation.jsonl
compiler::causal_mapping::causal_0001,causal_0001,validation,causal_mapping,meta-llama/Llama-3.1-8B-Instruct,llama_3_1_8b_instruct,33,full__all__r4,0.8,0.4,0.6000000000000001,0.3333333333333333,0.3333333333333333,0.5,1.0,0.6083333333333334,,896,concept_accuracy,5,5,6,6,300,240,240,240,<ARCHIVE_ROOT>/results/compiler/robustness_multiseed/compiler__causal_mapping__causal_0001/full__all__r4/seed_33/preservation_summary.json,<ARCHIVE_ROOT>/results/compiler/robustness_multiseed/compiler__causal_mapping__causal_0001/full__all__r4/seed_33/evaluation.jsonl
compiler::causal_mapping::causal_0001,causal_0001,validation,causal_mapping,meta-llama/Llama-3.1-8B-Instruct,llama_3_1_8b_instruct,22,late__all__r16,0.8,0.2,0.5,0.3333333333333333,0.3333333333333333,0.5,1.0,0.5833333333333334,,896,concept_accuracy,5,5,6,6,300,240,240,240,<ARCHIVE_ROOT>/results/compiler/robustness_multiseed/compiler__causal_mapping__causal_0001/late__all__r16/seed_22/preservation_summary.json,<ARCHIVE_ROOT>/results/compiler/robustness_multiseed/compiler__causal_mapping__causal_0001/late__all__r16/seed_22/evaluation.jsonl
compiler::causal_mapping::causal_0001,causal_0001,validation,causal_mapping,meta-llama/Llama-3.1-8B-Instruct,llama_3_1_8b_instruct,33,late__all__r16,0.8,0.4,0.6000000000000001,0.3333333333333333,0.3333333333333333,0.5,1.0,0.6083333333333334,,896,concept_accuracy,5,5,6,6,300,240,240,240,<ARCHIVE_ROOT>/results/compiler/robustness_multiseed/compiler__causal_mapping__causal_0001/late__all__r16/seed_33/preservation_summary.json,<ARCHIVE_ROOT>/results/compiler/robustness_multiseed/compiler__causal_mapping__causal_0001/late__all__r16/seed_33/evaluation.jsonl
compiler::causal_mapping::causal_0001,causal_0001,validation,causal_mapping,meta-llama/Llama-3.1-8B-Instruct,llama_3_1_8b_instruct,22,middle__all__r16,1.0,1.0,1.0,0.5,0.5,0.3333333333333333,0.9875,0.7052083333333333,,896,concept_accuracy,5,5,6,6,300,240,240,237,<ARCHIVE_ROOT>/results/compiler/robustness_multiseed/compiler__causal_mapping__causal_0001/middle__all__r16/seed_22/preservation_summary.json,<ARCHIVE_ROOT>/results/compiler/robustness_multiseed/compiler__causal_mapping__causal_0001/middle__all__r16/seed_22/evaluation.jsonl
compiler::causal_mapping::causal_0001,causal_0001,validation,causal_mapping,meta-llama/Llama-3.1-8B-Instruct,llama_3_1_8b_instruct,33,middle__all__r16,1.0,1.0,1.0,0.6666666666666666,0.6666666666666666,0.3333333333333333,0.9791666666666666,0.7447916666666666,,896,concept_accuracy,5,5,6,6,300,240,240,235,<ARCHIVE_ROOT>/results/compiler/robustness_multiseed/compiler__causal_mapping__causal_0001/middle__all__r16/seed_33/preservation_summary.json,<ARCHIVE_ROOT>/results/compiler/robustness_multiseed/compiler__causal_mapping__causal_0001/middle__all__r16/seed_33/evaluation.jsonl
compiler::causal_mapping::causal_0002,causal_0002,validation,causal_mapping,meta-llama/Llama-3.1-8B-Instruct,llama_3_1_8b_instruct,22,early__all__r16,0.0,0.0,0.0,0.0,0.0,0.0,0.9875,0.246875,,896,concept_accuracy,5,5,6,6,300,240,240,237,<ARCHIVE_ROOT>/results/compiler/robustness_multiseed/compiler__causal_mapping__causal_0002/early__all__r16/seed_22/preservation_summary.json,<ARCHIVE_ROOT>/results/compiler/robustness_multiseed/compiler__causal_mapping__causal_0002/early__all__r16/seed_22/evaluation.jsonl
compiler::causal_mapping::causal_0002,causal_0002,validation,causal_mapping,meta-llama/Llama-3.1-8B-Instruct,llama_3_1_8b_instruct,33,early__all__r16,0.0,0.0,0.0,0.0,0.0,0.0,0.9791666666666666,0.2447916666666666,,896,concept_accuracy,5,5,6,6,300,240,240,235,<ARCHIVE_ROOT>/results/compiler/robustness_multiseed/compiler__causal_mapping__causal_0002/early__all__r16/seed_33/preservation_summary.json,<ARCHIVE_ROOT>/results/compiler/robustness_multiseed/compiler__causal_mapping__causal_0002/early__all__r16/seed_33/evaluation.jsonl
compiler::causal_mapping::causal_0002,causal_0002,validation,causal_mapping,meta-llama/Llama-3.1-8B-Instruct,llama_3_1_8b_instruct,22,full__all__r4,0.6,0.4,0.5,0.1666666666666666,0.1666666666666666,0.1666666666666666,0.9958333333333332,0.4572916666666666,,896,concept_accuracy,5,5,6,6,300,240,240,239,<ARCHIVE_ROOT>/results/compiler/robustness_multiseed/compiler__causal_mapping__causal_0002/full__all__r4/seed_22/preservation_summary.json,<ARCHIVE_ROOT>/results/compiler/robustness_multiseed/compiler__causal_mapping__causal_0002/full__all__r4/seed_22/evaluation.jsonl
compiler::causal_mapping::causal_0002,causal_0002,validation,causal_mapping,meta-llama/Llama-3.1-8B-Instruct,llama_3_1_8b_instruct,33,full__all__r4,0.8,0.4,0.6000000000000001,0.3333333333333333,0.3333333333333333,0.3333333333333333,0.9958333333333332,0.565625,,896,concept_accuracy,5,5,6,6,300,240,240,239,<ARCHIVE_ROOT>/results/compiler/robustness_multiseed/compiler__causal_mapping__causal_0002/full__all__r4/seed_33/preservation_summary.json,<ARCHIVE_ROOT>/results/compiler/robustness_multiseed/compiler__causal_mapping__causal_0002/full__all__r4/seed_33/evaluation.jsonl
compiler::causal_mapping::causal_0002,causal_0002,validation,causal_mapping,meta-llama/Llama-3.1-8B-Instruct,llama_3_1_8b_instruct,22,late__all__r16,0.6,0.8,0.7,0.3333333333333333,0.3333333333333333,0.1666666666666666,0.9958333333333332,0.5489583333333333,,896,concept_accuracy,5,5,6,6,300,240,240,239,<ARCHIVE_ROOT>/results/compiler/robustness_multiseed/compiler__causal_mapping__causal_0002/late__all__r16/seed_22/preservation_summary.json,<ARCHIVE_ROOT>/results/compiler/robustness_multiseed/compiler__causal_mapping__causal_0002/late__all__r16/seed_22/evaluation.jsonl
compiler::causal_mapping::causal_0002,causal_0002,validation,causal_mapping,meta-llama/Llama-3.1-8B-Instruct,llama_3_1_8b_instruct,33,late__all__r16,0.6,0.8,0.7,0.3333333333333333,0.3333333333333333,0.1666666666666666,1.0,0.5499999999999999,,896,concept_accuracy,5,5,6,6,300,240,240,240,<ARCHIVE_ROOT>/results/compiler/robustness_multiseed/compiler__causal_mapping__causal_0002/late__all__r16/seed_33/preservation_summary.json,<ARCHIVE_ROOT>/results/compiler/robustness_multiseed/compiler__causal_mapping__causal_0002/late__all__r16/seed_33/evaluation.jsonl
compiler::causal_mapping::causal_0002,causal_0002,validation,causal_mapping,meta-llama/Llama-3.1-8B-Instruct,llama_3_1_8b_instruct,22,middle__all__r16,0.8,0.2,0.5,0.6666666666666666,0.6666666666666666,0.0,0.9833333333333332,0.5375,,896,concept_accuracy,5,5,6,6,300,240,240,236,<ARCHIVE_ROOT>/results/compiler/robustness_multiseed/compiler__causal_mapping__causal_0002/middle__all__r16/seed_22/preservation_summary.json,<ARCHIVE_ROOT>/results/compiler/robustness_multiseed/compiler__causal_mapping__causal_0002/middle__all__r16/seed_22/evaluation.jsonl
compiler::causal_mapping::causal_0002,causal_0002,validation,causal_mapping,meta-llama/Llama-3.1-8B-Instruct,llama_3_1_8b_instruct,33,middle__all__r16,1.0,0.4,0.7,0.6666666666666666,0.6666666666666666,0.0,0.9833333333333332,0.5874999999999999,,896,concept_accuracy,5,5,6,6,300,240,240,236,<ARCHIVE_ROOT>/results/compiler/robustness_multiseed/compiler__causal_mapping__causal_0002/middle__all__r16/seed_33/preservation_summary.json,<ARCHIVE_ROOT>/results/compiler/robustness_multiseed/compiler__causal_mapping__causal_0002/middle__all__r16/seed_33/evaluation.jsonl
compiler::causal_mapping::causal_0006,causal_0006,test,causal_mapping,meta-llama/Llama-3.1-8B-Instruct,llama_3_1_8b_instruct,22,early__all__r16,0.0,0.0,0.0,0.0,0.0,0.0,0.9875,0.246875,,896,concept_accuracy,5,5,6,6,300,240,240,237,<ARCHIVE_ROOT>/results/compiler/robustness_multiseed/compiler__causal_mapping__causal_0006/early__all__r16/seed_22/preservation_summary.json,<ARCHIVE_ROOT>/results/compiler/robustness_multiseed/compiler__causal_mapping__causal_0006/early__all__r16/seed_22/evaluation.jsonl
compiler::causal_mapping::causal_0006,causal_0006,test,causal_mapping,meta-llama/Llama-3.1-8B-Instruct,llama_3_1_8b_instruct,33,early__all__r16,0.2,0.0,0.1,0.0,0.0,0.0,0.9875,0.271875,,896,concept_accuracy,5,5,6,6,300,240,240,237,<ARCHIVE_ROOT>/results/compiler/robustness_multiseed/compiler__causal_mapping__causal_0006/early__all__r16/seed_33/preservation_summary.json,<ARCHIVE_ROOT>/results/compiler/robustness_multiseed/compiler__causal_mapping__causal_0006/early__all__r16/seed_33/evaluation.jsonl
compiler::causal_mapping::causal_0006,causal_0006,test,causal_mapping,meta-llama/Llama-3.1-8B-Instruct,llama_3_1_8b_instruct,22,full__all__r4,0.6,0.4,0.5,0.0,0.0,0.1666666666666666,0.9958333333333332,0.415625,,896,concept_accuracy,5,5,6,6,300,240,240,239,<ARCHIVE_ROOT>/results/compiler/robustness_multiseed/compiler__causal_mapping__causal_0006/full__all__r4/seed_22/preservation_summary.json,<ARCHIVE_ROOT>/results/compiler/robustness_multiseed/compiler__causal_mapping__causal_0006/full__all__r4/seed_22/evaluation.jsonl
compiler::causal_mapping::causal_0006,causal_0006,test,causal_mapping,meta-llama/Llama-3.1-8B-Instruct,llama_3_1_8b_instruct,33,full__all__r4,0.2,0.4,0.3,0.0,0.0,0.1666666666666666,0.9958333333333332,0.365625,,896,concept_accuracy,5,5,6,6,300,240,240,239,<ARCHIVE_ROOT>/results/compiler/robustness_multiseed/compiler__causal_mapping__causal_0006/full__all__r4/seed_33/preservation_summary.json,<ARCHIVE_ROOT>/results/compiler/robustness_multiseed/compiler__causal_mapping__causal_0006/full__all__r4/seed_33/evaluation.jsonl
compiler::causal_mapping::causal_0006,causal_0006,test,causal_mapping,meta-llama/Llama-3.1-8B-Instruct,llama_3_1_8b_instruct,22,late__all__r16,0.4,0.4,0.4,0.0,0.0,0.1666666666666666,0.9958333333333332,0.390625,,896,concept_accuracy,5,5,6,6,300,240,240,239,<ARCHIVE_ROOT>/results/compiler/robustness_multiseed/compiler__causal_mapping__causal_0006/late__all__r16/seed_22/preservation_summary.json,<ARCHIVE_ROOT>/results/compiler/robustness_multiseed/compiler__causal_mapping__causal_0006/late__all__r16/seed_22/evaluation.jsonl
compiler::causal_mapping::causal_0006,causal_0006,test,causal_mapping,meta-llama/Llama-3.1-8B-Instruct,llama_3_1_8b_instruct,33,late__all__r16,0.8,0.2,0.5,0.0,0.0,0.1666666666666666,0.9958333333333332,0.415625,,896,concept_accuracy,5,5,6,6,300,240,240,239,<ARCHIVE_ROOT>/results/compiler/robustness_multiseed/compiler__causal_mapping__causal_0006/late__all__r16/seed_33/preservation_summary.json,<ARCHIVE_ROOT>/results/compiler/robustness_multiseed/compiler__causal_mapping__causal_0006/late__all__r16/seed_33/evaluation.jsonl
compiler::causal_mapping::causal_0006,causal_0006,test,causal_mapping,meta-llama/Llama-3.1-8B-Instruct,llama_3_1_8b_instruct,22,middle__all__r16,0.8,0.8,0.8,0.1666666666666666,0.1666666666666666,0.3333333333333333,0.9791666666666666,0.5697916666666667,,896,concept_accuracy,5,5,6,6,300,240,240,235,<ARCHIVE_ROOT>/results/compiler/robustness_multiseed/compiler__causal_mapping__causal_0006/middle__all__r16/seed_22/preservation_summary.json,<ARCHIVE_ROOT>/results/compiler/robustness_multiseed/compiler__causal_mapping__causal_0006/middle__all__r16/seed_22/evaluation.jsonl
compiler::causal_mapping::causal_0006,causal_0006,test,causal_mapping,meta-llama/Llama-3.1-8B-Instruct,llama_3_1_8b_instruct,33,middle__all__r16,0.8,0.8,0.8,0.3333333333333333,0.3333333333333333,0.1666666666666666,0.9666666666666668,0.5666666666666667,,896,concept_accuracy,5,5,6,6,300,240,240,232,<ARCHIVE_ROOT>/results/compiler/robustness_multiseed/compiler__causal_mapping__causal_0006/middle__all__r16/seed_33/preservation_summary.json,<ARCHIVE_ROOT>/results/compiler/robustness_multiseed/compiler__causal_mapping__causal_0006/middle__all__r16/seed_33/evaluation.jsonl
compiler::causal_mapping::causal_0010,causal_0010,test,causal_mapping,meta-llama/Llama-3.1-8B-Instruct,llama_3_1_8b_instruct,22,early__all__r16,0.2,0.0,0.1,0.0,0.0,0.0,0.9916666666666668,0.2729166666666667,,896,concept_accuracy,5,5,6,6,300,240,240,238,<ARCHIVE_ROOT>/results/compiler/robustness_multiseed/compiler__causal_mapping__causal_0010/early__all__r16/seed_22/preservation_summary.json,<ARCHIVE_ROOT>/results/compiler/robustness_multiseed/compiler__causal_mapping__causal_0010/early__all__r16/seed_22/evaluation.jsonl
compiler::causal_mapping::causal_0010,causal_0010,test,causal_mapping,meta-llama/Llama-3.1-8B-Instruct,llama_3_1_8b_instruct,33,early__all__r16,0.0,0.0,0.0,0.0,0.0,0.0,0.9833333333333332,0.2458333333333333,,896,concept_accuracy,5,5,6,6,300,240,240,236,<ARCHIVE_ROOT>/results/compiler/robustness_multiseed/compiler__causal_mapping__causal_0010/early__all__r16/seed_33/preservation_summary.json,<ARCHIVE_ROOT>/results/compiler/robustness_multiseed/compiler__causal_mapping__causal_0010/early__all__r16/seed_33/evaluation.jsonl
compiler::causal_mapping::causal_0010,causal_0010,test,causal_mapping,meta-llama/Llama-3.1-8B-Instruct,llama_3_1_8b_instruct,22,full__all__r4,0.6,0.2,0.4,0.3333333333333333,0.3333333333333333,0.1666666666666666,0.9958333333333332,0.4739583333333333,,896,concept_accuracy,5,5,6,6,300,240,240,239,<ARCHIVE_ROOT>/results/compiler/robustness_multiseed/compiler__causal_mapping__causal_0010/full__all__r4/seed_22/preservation_summary.json,<ARCHIVE_ROOT>/results/compiler/robustness_multiseed/compiler__causal_mapping__causal_0010/full__all__r4/seed_22/evaluation.jsonl
compiler::causal_mapping::causal_0010,causal_0010,test,causal_mapping,meta-llama/Llama-3.1-8B-Instruct,llama_3_1_8b_instruct,33,full__all__r4,0.6,0.2,0.4,0.1666666666666666,0.1666666666666666,0.3333333333333333,1.0,0.475,,896,concept_accuracy,5,5,6,6,300,240,240,240,<ARCHIVE_ROOT>/results/compiler/robustness_multiseed/compiler__causal_mapping__causal_0010/full__all__r4/seed_33/preservation_summary.json,<ARCHIVE_ROOT>/results/compiler/robustness_multiseed/compiler__causal_mapping__causal_0010/full__all__r4/seed_33/evaluation.jsonl
compiler::causal_mapping::causal_0010,causal_0010,test,causal_mapping,meta-llama/Llama-3.1-8B-Instruct,llama_3_1_8b_instruct,22,late__all__r16,0.4,0.2,0.3,0.0,0.0,0.3333333333333333,1.0,0.4083333333333333,,896,concept_accuracy,5,5,6,6,300,240,240,240,<ARCHIVE_ROOT>/results/compiler/robustness_multiseed/compiler__causal_mapping__causal_0010/late__all__r16/seed_22/preservation_summary.json,<ARCHIVE_ROOT>/results/compiler/robustness_multiseed/compiler__causal_mapping__causal_0010/late__all__r16/seed_22/evaluation.jsonl
compiler::causal_mapping::causal_0010,causal_0010,test,causal_mapping,meta-llama/Llama-3.1-8B-Instruct,llama_3_1_8b_instruct,33,late__all__r16,0.4,0.4,0.4,0.0,0.0,0.1666666666666666,1.0,0.3916666666666666,,896,concept_accuracy,5,5,6,6,300,240,240,240,<ARCHIVE_ROOT>/results/compiler/robustness_multiseed/compiler__causal_mapping__causal_0010/late__all__r16/seed_33/preservation_summary.json,<ARCHIVE_ROOT>/results/compiler/robustness_multiseed/compiler__causal_mapping__causal_0010/late__all__r16/seed_33/evaluation.jsonl
compiler::causal_mapping::causal_0010,causal_0010,test,causal_mapping,meta-llama/Llama-3.1-8B-Instruct,llama_3_1_8b_instruct,22,middle__all__r16,0.4,0.2,0.3,0.1666666666666666,0.1666666666666666,0.1666666666666666,0.9791666666666666,0.403125,,896,concept_accuracy,5,5,6,6,300,240,240,235,<ARCHIVE_ROOT>/results/compiler/robustness_multiseed/compiler__causal_mapping__causal_0010/middle__all__r16/seed_22/preservation_summary.json,<ARCHIVE_ROOT>/results/compiler/robustness_multiseed/compiler__causal_mapping__causal_0010/middle__all__r16/seed_22/evaluation.jsonl
compiler::causal_mapping::causal_0010,causal_0010,test,causal_mapping,meta-llama/Llama-3.1-8B-Instruct,llama_3_1_8b_instruct,33,middle__all__r16,0.4,0.2,0.3,0.1666666666666666,0.1666666666666666,0.1666666666666666,0.9875,0.4052083333333333,,896,concept_accuracy,5,5,6,6,300,240,240,237,<ARCHIVE_ROOT>/results/compiler/robustness_multiseed/compiler__causal_mapping__causal_0010/middle__all__r16/seed_33/preservation_summary.json,<ARCHIVE_ROOT>/results/compiler/robustness_multiseed/compiler__causal_mapping__causal_0010/middle__all__r16/seed_33/evaluation.jsonl
compiler::factual_association::factual_0006,factual_0006,test,factual_association,meta-llama/Llama-3.1-8B-Instruct,llama_3_1_8b_instruct,22,early__all__r16,0.0,0.0,0.0,0.1666666666666666,0.1666666666666666,1.0,1.0,0.5416666666666666,,896,strict_accuracy,5,5,6,6,300,240,240,240,<ARCHIVE_ROOT>/results/compiler/robustness_multiseed/compiler__factual_association__factual_0006/early__all__r16/seed_22/preservation_summary.json,<ARCHIVE_ROOT>/results/compiler/robustness_multiseed/compiler__factual_association__factual_0006/early__all__r16/seed_22/evaluation.jsonl
compiler::factual_association::factual_0006,factual_0006,test,factual_association,meta-llama/Llama-3.1-8B-Instruct,llama_3_1_8b_instruct,33,early__all__r16,0.0,0.0,0.0,0.1666666666666666,0.1666666666666666,1.0,0.9916666666666668,0.5395833333333333,,896,strict_accuracy,5,5,6,6,300,240,240,238,<ARCHIVE_ROOT>/results/compiler/robustness_multiseed/compiler__factual_association__factual_0006/early__all__r16/seed_33/preservation_summary.json,<ARCHIVE_ROOT>/results/compiler/robustness_multiseed/compiler__factual_association__factual_0006/early__all__r16/seed_33/evaluation.jsonl
compiler::factual_association::factual_0006,factual_0006,test,factual_association,meta-llama/Llama-3.1-8B-Instruct,llama_3_1_8b_instruct,22,full__all__r4,0.2,0.2,0.2,0.1666666666666666,0.1666666666666666,1.0,1.0,0.5916666666666667,,896,strict_accuracy,5,5,6,6,300,240,240,240,<ARCHIVE_ROOT>/results/compiler/robustness_multiseed/compiler__factual_association__factual_0006/full__all__r4/seed_22/preservation_summary.json,<ARCHIVE_ROOT>/results/compiler/robustness_multiseed/compiler__factual_association__factual_0006/full__all__r4/seed_22/evaluation.jsonl
compiler::factual_association::factual_0006,factual_0006,test,factual_association,meta-llama/Llama-3.1-8B-Instruct,llama_3_1_8b_instruct,33,full__all__r4,0.2,0.8,0.5,0.6666666666666666,0.6666666666666666,1.0,1.0,0.7916666666666666,,896,strict_accuracy,5,5,6,6,300,240,240,240,<ARCHIVE_ROOT>/results/compiler/robustness_multiseed/compiler__factual_association__factual_0006/full__all__r4/seed_33/preservation_summary.json,<ARCHIVE_ROOT>/results/compiler/robustness_multiseed/compiler__factual_association__factual_0006/full__all__r4/seed_33/evaluation.jsonl
compiler::factual_association::factual_0006,factual_0006,test,factual_association,meta-llama/Llama-3.1-8B-Instruct,llama_3_1_8b_instruct,22,late__all__r16,0.0,0.2,0.1,0.1666666666666666,0.1666666666666666,1.0,0.9958333333333332,0.565625,,896,strict_accuracy,5,5,6,6,300,240,240,239,<ARCHIVE_ROOT>/results/compiler/robustness_multiseed/compiler__factual_association__factual_0006/late__all__r16/seed_22/preservation_summary.json,<ARCHIVE_ROOT>/results/compiler/robustness_multiseed/compiler__factual_association__factual_0006/late__all__r16/seed_22/evaluation.jsonl
compiler::factual_association::factual_0006,factual_0006,test,factual_association,meta-llama/Llama-3.1-8B-Instruct,llama_3_1_8b_instruct,33,late__all__r16,0.0,0.8,0.4,0.8333333333333334,0.8333333333333334,1.0,0.9916666666666668,0.80625,,896,strict_accuracy,5,5,6,6,300,240,240,238,<ARCHIVE_ROOT>/results/compiler/robustness_multiseed/compiler__factual_association__factual_0006/late__all__r16/seed_33/preservation_summary.json,<ARCHIVE_ROOT>/results/compiler/robustness_multiseed/compiler__factual_association__factual_0006/late__all__r16/seed_33/evaluation.jsonl
compiler::factual_association::factual_0006,factual_0006,test,factual_association,meta-llama/Llama-3.1-8B-Instruct,llama_3_1_8b_instruct,22,middle__all__r16,0.2,0.6,0.4,0.6666666666666666,0.6666666666666666,1.0,1.0,0.7666666666666666,,896,strict_accuracy,5,5,6,6,300,240,240,240,<ARCHIVE_ROOT>/results/compiler/robustness_multiseed/compiler__factual_association__factual_0006/middle__all__r16/seed_22/preservation_summary.json,<ARCHIVE_ROOT>/results/compiler/robustness_multiseed/compiler__factual_association__factual_0006/middle__all__r16/seed_22/evaluation.jsonl
compiler::factual_association::factual_0006,factual_0006,test,factual_association,meta-llama/Llama-3.1-8B-Instruct,llama_3_1_8b_instruct,33,middle__all__r16,0.4,1.0,0.7,0.6666666666666666,0.6666666666666666,0.6666666666666666,1.0,0.7583333333333333,,896,strict_accuracy,5,5,6,6,300,240,240,240,<ARCHIVE_ROOT>/results/compiler/robustness_multiseed/compiler__factual_association__factual_0006/middle__all__r16/seed_33/preservation_summary.json,<ARCHIVE_ROOT>/results/compiler/robustness_multiseed/compiler__factual_association__factual_0006/middle__all__r16/seed_33/evaluation.jsonl
compiler::factual_association::factual_0007,factual_0007,validation,factual_association,meta-llama/Llama-3.1-8B-Instruct,llama_3_1_8b_instruct,22,early__all__r16,0.0,0.0,0.0,0.1666666666666666,0.1666666666666666,1.0,0.9916666666666668,0.5395833333333333,,896,strict_accuracy,5,5,6,6,300,240,240,238,<ARCHIVE_ROOT>/results/compiler/robustness_multiseed/compiler__factual_association__factual_0007/early__all__r16/seed_22/preservation_summary.json,<ARCHIVE_ROOT>/results/compiler/robustness_multiseed/compiler__factual_association__factual_0007/early__all__r16/seed_22/evaluation.jsonl
compiler::factual_association::factual_0007,factual_0007,validation,factual_association,meta-llama/Llama-3.1-8B-Instruct,llama_3_1_8b_instruct,33,early__all__r16,0.0,0.0,0.0,0.1666666666666666,0.1666666666666666,1.0,1.0,0.5416666666666666,,896,strict_accuracy,5,5,6,6,300,240,240,240,<ARCHIVE_ROOT>/results/compiler/robustness_multiseed/compiler__factual_association__factual_0007/early__all__r16/seed_33/preservation_summary.json,<ARCHIVE_ROOT>/results/compiler/robustness_multiseed/compiler__factual_association__factual_0007/early__all__r16/seed_33/evaluation.jsonl
compiler::factual_association::factual_0007,factual_0007,validation,factual_association,meta-llama/Llama-3.1-8B-Instruct,llama_3_1_8b_instruct,22,full__all__r4,0.0,0.0,0.0,0.1666666666666666,0.1666666666666666,1.0,1.0,0.5416666666666666,,896,strict_accuracy,5,5,6,6,300,240,240,240,<ARCHIVE_ROOT>/results/compiler/robustness_multiseed/compiler__factual_association__factual_0007/full__all__r4/seed_22/preservation_summary.json,<ARCHIVE_ROOT>/results/compiler/robustness_multiseed/compiler__factual_association__factual_0007/full__all__r4/seed_22/evaluation.jsonl
compiler::factual_association::factual_0007,factual_0007,validation,factual_association,meta-llama/Llama-3.1-8B-Instruct,llama_3_1_8b_instruct,33,full__all__r4,0.0,0.0,0.0,0.1666666666666666,0.1666666666666666,1.0,1.0,0.5416666666666666,,896,strict_accuracy,5,5,6,6,300,240,240,240,<ARCHIVE_ROOT>/results/compiler/robustness_multiseed/compiler__factual_association__factual_0007/full__all__r4/seed_33/preservation_summary.json,<ARCHIVE_ROOT>/results/compiler/robustness_multiseed/compiler__factual_association__factual_0007/full__all__r4/seed_33/evaluation.jsonl
compiler::factual_association::factual_0007,factual_0007,validation,factual_association,meta-llama/Llama-3.1-8B-Instruct,llama_3_1_8b_instruct,22,late__all__r16,0.6,0.0,0.3,0.1666666666666666,0.1666666666666666,1.0,0.9916666666666668,0.6145833333333334,,896,strict_accuracy,5,5,6,6,300,240,240,238,<ARCHIVE_ROOT>/results/compiler/robustness_multiseed/compiler__factual_association__factual_0007/late__all__r16/seed_22/preservation_summary.json,<ARCHIVE_ROOT>/results/compiler/robustness_multiseed/compiler__factual_association__factual_0007/late__all__r16/seed_22/evaluation.jsonl
compiler::factual_association::factual_0007,factual_0007,validation,factual_association,meta-llama/Llama-3.1-8B-Instruct,llama_3_1_8b_instruct,33,late__all__r16,0.6,0.0,0.3,0.1666666666666666,0.1666666666666666,1.0,0.9916666666666668,0.6145833333333334,,896,strict_accuracy,5,5,6,6,300,240,240,238,<ARCHIVE_ROOT>/results/compiler/robustness_multiseed/compiler__factual_association__factual_0007/late__all__r16/seed_33/preservation_summary.json,<ARCHIVE_ROOT>/results/compiler/robustness_multiseed/compiler__factual_association__factual_0007/late__all__r16/seed_33/evaluation.jsonl
compiler::factual_association::factual_0007,factual_0007,validation,factual_association,meta-llama/Llama-3.1-8B-Instruct,llama_3_1_8b_instruct,22,middle__all__r16,0.2,0.0,0.1,0.5,0.5,1.0,1.0,0.65,,896,strict_accuracy,5,5,6,6,300,240,240,240,<ARCHIVE_ROOT>/results/compiler/robustness_multiseed/compiler__factual_association__factual_0007/middle__all__r16/seed_22/preservation_summary.json,<ARCHIVE_ROOT>/results/compiler/robustness_multiseed/compiler__factual_association__factual_0007/middle__all__r16/seed_22/evaluation.jsonl
compiler::factual_association::factual_0007,factual_0007,validation,factual_association,meta-llama/Llama-3.1-8B-Instruct,llama_3_1_8b_instruct,33,middle__all__r16,0.4,0.0,0.2,0.3333333333333333,0.3333333333333333,1.0,1.0,0.6333333333333333,,896,strict_accuracy,5,5,6,6,300,240,240,240,<ARCHIVE_ROOT>/results/compiler/robustness_multiseed/compiler__factual_association__factual_0007/middle__all__r16/seed_33/preservation_summary.json,<ARCHIVE_ROOT>/results/compiler/robustness_multiseed/compiler__factual_association__factual_0007/middle__all__r16/seed_33/evaluation.jsonl
compiler::factual_association::factual_0011,factual_0011,validation,factual_association,meta-llama/Llama-3.1-8B-Instruct,llama_3_1_8b_instruct,22,early__all__r16,0.0,0.0,0.0,0.1666666666666666,0.1666666666666666,1.0,0.9875,0.5385416666666667,,896,strict_accuracy,5,5,6,6,300,240,240,237,<ARCHIVE_ROOT>/results/compiler/robustness_multiseed/compiler__factual_association__factual_0011/early__all__r16/seed_22/preservation_summary.json,<ARCHIVE_ROOT>/results/compiler/robustness_multiseed/compiler__factual_association__factual_0011/early__all__r16/seed_22/evaluation.jsonl
compiler::factual_association::factual_0011,factual_0011,validation,factual_association,meta-llama/Llama-3.1-8B-Instruct,llama_3_1_8b_instruct,33,early__all__r16,0.0,0.0,0.0,0.1666666666666666,0.1666666666666666,1.0,0.9833333333333332,0.5375,,896,strict_accuracy,5,5,6,6,300,240,240,236,<ARCHIVE_ROOT>/results/compiler/robustness_multiseed/compiler__factual_association__factual_0011/early__all__r16/seed_33/preservation_summary.json,<ARCHIVE_ROOT>/results/compiler/robustness_multiseed/compiler__factual_association__factual_0011/early__all__r16/seed_33/evaluation.jsonl
compiler::factual_association::factual_0011,factual_0011,validation,factual_association,meta-llama/Llama-3.1-8B-Instruct,llama_3_1_8b_instruct,22,full__all__r4,0.2,0.2,0.2,0.0,0.0,1.0,0.9958333333333332,0.5489583333333333,,896,strict_accuracy,5,5,6,6,300,240,240,239,<ARCHIVE_ROOT>/results/compiler/robustness_multiseed/compiler__factual_association__factual_0011/full__all__r4/seed_22/preservation_summary.json,<ARCHIVE_ROOT>/results/compiler/robustness_multiseed/compiler__factual_association__factual_0011/full__all__r4/seed_22/evaluation.jsonl
compiler::factual_association::factual_0011,factual_0011,validation,factual_association,meta-llama/Llama-3.1-8B-Instruct,llama_3_1_8b_instruct,33,full__all__r4,0.2,0.2,0.2,0.0,0.0,0.8333333333333334,1.0,0.5083333333333333,,896,strict_accuracy,5,5,6,6,300,240,240,240,<ARCHIVE_ROOT>/results/compiler/robustness_multiseed/compiler__factual_association__factual_0011/full__all__r4/seed_33/preservation_summary.json,<ARCHIVE_ROOT>/results/compiler/robustness_multiseed/compiler__factual_association__factual_0011/full__all__r4/seed_33/evaluation.jsonl
compiler::factual_association::factual_0011,factual_0011,validation,factual_association,meta-llama/Llama-3.1-8B-Instruct,llama_3_1_8b_instruct,22,late__all__r16,0.0,0.0,0.0,0.1666666666666666,0.1666666666666666,1.0,0.9958333333333332,0.540625,,896,strict_accuracy,5,5,6,6,300,240,240,239,<ARCHIVE_ROOT>/results/compiler/robustness_multiseed/compiler__factual_association__factual_0011/late__all__r16/seed_22/preservation_summary.json,<ARCHIVE_ROOT>/results/compiler/robustness_multiseed/compiler__factual_association__factual_0011/late__all__r16/seed_22/evaluation.jsonl
compiler::factual_association::factual_0011,factual_0011,validation,factual_association,meta-llama/Llama-3.1-8B-Instruct,llama_3_1_8b_instruct,33,late__all__r16,0.0,0.0,0.0,0.1666666666666666,0.1666666666666666,0.8333333333333334,1.0,0.5,,896,strict_accuracy,5,5,6,6,300,240,240,240,<ARCHIVE_ROOT>/results/compiler/robustness_multiseed/compiler__factual_association__factual_0011/late__all__r16/seed_33/preservation_summary.json,<ARCHIVE_ROOT>/results/compiler/robustness_multiseed/compiler__factual_association__factual_0011/late__all__r16/seed_33/evaluation.jsonl
compiler::factual_association::factual_0011,factual_0011,validation,factual_association,meta-llama/Llama-3.1-8B-Instruct,llama_3_1_8b_instruct,22,middle__all__r16,0.2,0.2,0.2,0.0,0.0,0.8333333333333334,0.9958333333333332,0.5072916666666667,,896,strict_accuracy,5,5,6,6,300,240,240,239,<ARCHIVE_ROOT>/results/compiler/robustness_multiseed/compiler__factual_association__factual_0011/middle__all__r16/seed_22/preservation_summary.json,<ARCHIVE_ROOT>/results/compiler/robustness_multiseed/compiler__factual_association__factual_0011/middle__all__r16/seed_22/evaluation.jsonl
compiler::factual_association::factual_0011,factual_0011,validation,factual_association,meta-llama/Llama-3.1-8B-Instruct,llama_3_1_8b_instruct,33,middle__all__r16,0.2,0.2,0.2,0.1666666666666666,0.1666666666666666,0.3333333333333333,0.9958333333333332,0.4239583333333333,,896,strict_accuracy,5,5,6,6,300,240,240,239,<ARCHIVE_ROOT>/results/compiler/robustness_multiseed/compiler__factual_association__factual_0011/middle__all__r16/seed_33/preservation_summary.json,<ARCHIVE_ROOT>/results/compiler/robustness_multiseed/compiler__factual_association__factual_0011/middle__all__r16/seed_33/evaluation.jsonl
compiler::factual_association::factual_0016,factual_0016,test,factual_association,meta-llama/Llama-3.1-8B-Instruct,llama_3_1_8b_instruct,22,early__all__r16,0.0,0.0,0.0,0.1666666666666666,0.1666666666666666,1.0,1.0,0.5416666666666666,,896,strict_accuracy,5,5,6,6,300,240,240,240,<ARCHIVE_ROOT>/results/compiler/robustness_multiseed/compiler__factual_association__factual_0016/early__all__r16/seed_22/preservation_summary.json,<ARCHIVE_ROOT>/results/compiler/robustness_multiseed/compiler__factual_association__factual_0016/early__all__r16/seed_22/evaluation.jsonl
compiler::factual_association::factual_0016,factual_0016,test,factual_association,meta-llama/Llama-3.1-8B-Instruct,llama_3_1_8b_instruct,33,early__all__r16,0.0,0.0,0.0,0.1666666666666666,0.1666666666666666,1.0,1.0,0.5416666666666666,,896,strict_accuracy,5,5,6,6,300,240,240,240,<ARCHIVE_ROOT>/results/compiler/robustness_multiseed/compiler__factual_association__factual_0016/early__all__r16/seed_33/preservation_summary.json,<ARCHIVE_ROOT>/results/compiler/robustness_multiseed/compiler__factual_association__factual_0016/early__all__r16/seed_33/evaluation.jsonl
compiler::factual_association::factual_0016,factual_0016,test,factual_association,meta-llama/Llama-3.1-8B-Instruct,llama_3_1_8b_instruct,22,full__all__r4,0.0,0.0,0.0,0.1666666666666666,0.1666666666666666,1.0,1.0,0.5416666666666666,,896,strict_accuracy,5,5,6,6,300,240,240,240,<ARCHIVE_ROOT>/results/compiler/robustness_multiseed/compiler__factual_association__factual_0016/full__all__r4/seed_22/preservation_summary.json,<ARCHIVE_ROOT>/results/compiler/robustness_multiseed/compiler__factual_association__factual_0016/full__all__r4/seed_22/evaluation.jsonl
compiler::factual_association::factual_0016,factual_0016,test,factual_association,meta-llama/Llama-3.1-8B-Instruct,llama_3_1_8b_instruct,33,full__all__r4,0.0,0.0,0.0,0.1666666666666666,0.1666666666666666,1.0,1.0,0.5416666666666666,,896,strict_accuracy,5,5,6,6,300,240,240,240,<ARCHIVE_ROOT>/results/compiler/robustness_multiseed/compiler__factual_association__factual_0016/full__all__r4/seed_33/preservation_summary.json,<ARCHIVE_ROOT>/results/compiler/robustness_multiseed/compiler__factual_association__factual_0016/full__all__r4/seed_33/evaluation.jsonl
compiler::factual_association::factual_0016,factual_0016,test,factual_association,meta-llama/Llama-3.1-8B-Instruct,llama_3_1_8b_instruct,22,late__all__r16,0.0,0.0,0.0,0.1666666666666666,0.1666666666666666,1.0,1.0,0.5416666666666666,,896,strict_accuracy,5,5,6,6,300,240,240,240,<ARCHIVE_ROOT>/results/compiler/robustness_multiseed/compiler__factual_association__factual_0016/late__all__r16/seed_22/preservation_summary.json,<ARCHIVE_ROOT>/results/compiler/robustness_multiseed/compiler__factual_association__factual_0016/late__all__r16/seed_22/evaluation.jsonl
compiler::factual_association::factual_0016,factual_0016,test,factual_association,meta-llama/Llama-3.1-8B-Instruct,llama_3_1_8b_instruct,33,late__all__r16,0.0,0.0,0.0,0.1666666666666666,0.1666666666666666,1.0,0.9958333333333332,0.540625,,896,strict_accuracy,5,5,6,6,300,240,240,239,<ARCHIVE_ROOT>/results/compiler/robustness_multiseed/compiler__factual_association__factual_0016/late__all__r16/seed_33/preservation_summary.json,<ARCHIVE_ROOT>/results/compiler/robustness_multiseed/compiler__factual_association__factual_0016/late__all__r16/seed_33/evaluation.jsonl
compiler::factual_association::factual_0016,factual_0016,test,factual_association,meta-llama/Llama-3.1-8B-Instruct,llama_3_1_8b_instruct,22,middle__all__r16,0.0,0.0,0.0,0.1666666666666666,0.1666666666666666,0.8333333333333334,0.9958333333333332,0.4989583333333333,,896,strict_accuracy,5,5,6,6,300,240,240,239,<ARCHIVE_ROOT>/results/compiler/robustness_multiseed/compiler__factual_association__factual_0016/middle__all__r16/seed_22/preservation_summary.json,<ARCHIVE_ROOT>/results/compiler/robustness_multiseed/compiler__factual_association__factual_0016/middle__all__r16/seed_22/evaluation.jsonl
compiler::factual_association::factual_0016,factual_0016,test,factual_association,meta-llama/Llama-3.1-8B-Instruct,llama_3_1_8b_instruct,33,middle__all__r16,0.2,0.2,0.2,0.1666666666666666,0.1666666666666666,0.5,1.0,0.4666666666666667,,896,strict_accuracy,5,5,6,6,300,240,240,240,<ARCHIVE_ROOT>/results/compiler/robustness_multiseed/compiler__factual_association__factual_0016/middle__all__r16/seed_33/preservation_summary.json,<ARCHIVE_ROOT>/results/compiler/robustness_multiseed/compiler__factual_association__factual_0016/middle__all__r16/seed_33/evaluation.jsonl
compiler::lexical_binding::lexical_0001,lexical_0001,validation,lexical_binding,meta-llama/Llama-3.1-8B-Instruct,llama_3_1_8b_instruct,22,early__all__r16,1.0,1.0,1.0,0.3333333333333333,0.3333333333333333,1.0,1.0,0.8333333333333334,,896,strict_accuracy,5,5,6,6,300,240,240,240,<ARCHIVE_ROOT>/results/compiler/robustness_multiseed/compiler__lexical_binding__lexical_0001/early__all__r16/seed_22/preservation_summary.json,<ARCHIVE_ROOT>/results/compiler/robustness_multiseed/compiler__lexical_binding__lexical_0001/early__all__r16/seed_22/evaluation.jsonl
compiler::lexical_binding::lexical_0001,lexical_0001,validation,lexical_binding,meta-llama/Llama-3.1-8B-Instruct,llama_3_1_8b_instruct,33,early__all__r16,1.0,0.6,0.8,0.3333333333333333,0.3333333333333333,1.0,1.0,0.7833333333333333,,896,strict_accuracy,5,5,6,6,300,240,240,240,<ARCHIVE_ROOT>/results/compiler/robustness_multiseed/compiler__lexical_binding__lexical_0001/early__all__r16/seed_33/preservation_summary.json,<ARCHIVE_ROOT>/results/compiler/robustness_multiseed/compiler__lexical_binding__lexical_0001/early__all__r16/seed_33/evaluation.jsonl
compiler::lexical_binding::lexical_0001,lexical_0001,validation,lexical_binding,meta-llama/Llama-3.1-8B-Instruct,llama_3_1_8b_instruct,22,full__all__r4,1.0,1.0,1.0,0.5,0.5,0.3333333333333333,0.9958333333333332,0.7072916666666667,,896,strict_accuracy,5,5,6,6,300,240,240,239,<ARCHIVE_ROOT>/results/compiler/robustness_multiseed/compiler__lexical_binding__lexical_0001/full__all__r4/seed_22/preservation_summary.json,<ARCHIVE_ROOT>/results/compiler/robustness_multiseed/compiler__lexical_binding__lexical_0001/full__all__r4/seed_22/evaluation.jsonl
compiler::lexical_binding::lexical_0001,lexical_0001,validation,lexical_binding,meta-llama/Llama-3.1-8B-Instruct,llama_3_1_8b_instruct,33,full__all__r4,1.0,1.0,1.0,0.5,0.5,0.3333333333333333,1.0,0.7083333333333334,,896,strict_accuracy,5,5,6,6,300,240,240,240,<ARCHIVE_ROOT>/results/compiler/robustness_multiseed/compiler__lexical_binding__lexical_0001/full__all__r4/seed_33/preservation_summary.json,<ARCHIVE_ROOT>/results/compiler/robustness_multiseed/compiler__lexical_binding__lexical_0001/full__all__r4/seed_33/evaluation.jsonl
compiler::lexical_binding::lexical_0001,lexical_0001,validation,lexical_binding,meta-llama/Llama-3.1-8B-Instruct,llama_3_1_8b_instruct,22,late__all__r16,0.8,1.0,0.9,0.3333333333333333,0.3333333333333333,0.0,0.9916666666666668,0.55625,,896,strict_accuracy,5,5,6,6,300,240,240,238,<ARCHIVE_ROOT>/results/compiler/robustness_multiseed/compiler__lexical_binding__lexical_0001/late__all__r16/seed_22/preservation_summary.json,<ARCHIVE_ROOT>/results/compiler/robustness_multiseed/compiler__lexical_binding__lexical_0001/late__all__r16/seed_22/evaluation.jsonl
compiler::lexical_binding::lexical_0001,lexical_0001,validation,lexical_binding,meta-llama/Llama-3.1-8B-Instruct,llama_3_1_8b_instruct,33,late__all__r16,0.8,1.0,0.9,0.6666666666666666,0.6666666666666666,0.5,0.9916666666666668,0.7645833333333334,,896,strict_accuracy,5,5,6,6,300,240,240,238,<ARCHIVE_ROOT>/results/compiler/robustness_multiseed/compiler__lexical_binding__lexical_0001/late__all__r16/seed_33/preservation_summary.json,<ARCHIVE_ROOT>/results/compiler/robustness_multiseed/compiler__lexical_binding__lexical_0001/late__all__r16/seed_33/evaluation.jsonl
compiler::lexical_binding::lexical_0001,lexical_0001,validation,lexical_binding,meta-llama/Llama-3.1-8B-Instruct,llama_3_1_8b_instruct,22,middle__all__r16,1.0,1.0,1.0,1.0,1.0,0.0,0.9666666666666668,0.7416666666666667,,896,strict_accuracy,5,5,6,6,300,240,240,232,<ARCHIVE_ROOT>/results/compiler/robustness_multiseed/compiler__lexical_binding__lexical_0001/middle__all__r16/seed_22/preservation_summary.json,<ARCHIVE_ROOT>/results/compiler/robustness_multiseed/compiler__lexical_binding__lexical_0001/middle__all__r16/seed_22/evaluation.jsonl
compiler::lexical_binding::lexical_0001,lexical_0001,validation,lexical_binding,meta-llama/Llama-3.1-8B-Instruct,llama_3_1_8b_instruct,33,middle__all__r16,1.0,1.0,1.0,1.0,1.0,0.0,0.9625,0.740625,,896,strict_accuracy,5,5,6,6,300,240,240,231,<ARCHIVE_ROOT>/results/compiler/robustness_multiseed/compiler__lexical_binding__lexical_0001/middle__all__r16/seed_33/preservation_summary.json,<ARCHIVE_ROOT>/results/compiler/robustness_multiseed/compiler__lexical_binding__lexical_0001/middle__all__r16/seed_33/evaluation.jsonl
compiler::lexical_binding::lexical_0002,lexical_0002,test,lexical_binding,meta-llama/Llama-3.1-8B-Instruct,llama_3_1_8b_instruct,22,early__all__r16,1.0,0.6,0.8,0.3333333333333333,0.3333333333333333,0.8333333333333334,0.9958333333333332,0.740625,,896,strict_accuracy,5,5,6,6,300,240,240,239,<ARCHIVE_ROOT>/results/compiler/robustness_multiseed/compiler__lexical_binding__lexical_0002/early__all__r16/seed_22/preservation_summary.json,<ARCHIVE_ROOT>/results/compiler/robustness_multiseed/compiler__lexical_binding__lexical_0002/early__all__r16/seed_22/evaluation.jsonl
compiler::lexical_binding::lexical_0002,lexical_0002,test,lexical_binding,meta-llama/Llama-3.1-8B-Instruct,llama_3_1_8b_instruct,33,early__all__r16,0.8,0.6,0.7,0.3333333333333333,0.3333333333333333,1.0,0.9958333333333332,0.7572916666666667,,896,strict_accuracy,5,5,6,6,300,240,240,239,<ARCHIVE_ROOT>/results/compiler/robustness_multiseed/compiler__lexical_binding__lexical_0002/early__all__r16/seed_33/preservation_summary.json,<ARCHIVE_ROOT>/results/compiler/robustness_multiseed/compiler__lexical_binding__lexical_0002/early__all__r16/seed_33/evaluation.jsonl
compiler::lexical_binding::lexical_0002,lexical_0002,test,lexical_binding,meta-llama/Llama-3.1-8B-Instruct,llama_3_1_8b_instruct,22,full__all__r4,1.0,0.8,0.9,0.5,0.5,0.6666666666666666,0.9958333333333332,0.765625,,896,strict_accuracy,5,5,6,6,300,240,240,239,<ARCHIVE_ROOT>/results/compiler/robustness_multiseed/compiler__lexical_binding__lexical_0002/full__all__r4/seed_22/preservation_summary.json,<ARCHIVE_ROOT>/results/compiler/robustness_multiseed/compiler__lexical_binding__lexical_0002/full__all__r4/seed_22/evaluation.jsonl
compiler::lexical_binding::lexical_0002,lexical_0002,test,lexical_binding,meta-llama/Llama-3.1-8B-Instruct,llama_3_1_8b_instruct,33,full__all__r4,1.0,1.0,1.0,0.3333333333333333,0.3333333333333333,0.8333333333333334,0.9958333333333332,0.790625,,896,strict_accuracy,5,5,6,6,300,240,240,239,<ARCHIVE_ROOT>/results/compiler/robustness_multiseed/compiler__lexical_binding__lexical_0002/full__all__r4/seed_33/preservation_summary.json,<ARCHIVE_ROOT>/results/compiler/robustness_multiseed/compiler__lexical_binding__lexical_0002/full__all__r4/seed_33/evaluation.jsonl
compiler::lexical_binding::lexical_0002,lexical_0002,test,lexical_binding,meta-llama/Llama-3.1-8B-Instruct,llama_3_1_8b_instruct,22,late__all__r16,0.8,1.0,0.9,0.3333333333333333,0.3333333333333333,0.0,0.9791666666666666,0.553125,,896,strict_accuracy,5,5,6,6,300,240,240,235,<ARCHIVE_ROOT>/results/compiler/robustness_multiseed/compiler__lexical_binding__lexical_0002/late__all__r16/seed_22/preservation_summary.json,<ARCHIVE_ROOT>/results/compiler/robustness_multiseed/compiler__lexical_binding__lexical_0002/late__all__r16/seed_22/evaluation.jsonl
compiler::lexical_binding::lexical_0002,lexical_0002,test,lexical_binding,meta-llama/Llama-3.1-8B-Instruct,llama_3_1_8b_instruct,33,late__all__r16,0.8,1.0,0.9,0.5,0.5,0.1666666666666666,0.9833333333333332,0.6375,,896,strict_accuracy,5,5,6,6,300,240,240,236,<ARCHIVE_ROOT>/results/compiler/robustness_multiseed/compiler__lexical_binding__lexical_0002/late__all__r16/seed_33/preservation_summary.json,<ARCHIVE_ROOT>/results/compiler/robustness_multiseed/compiler__lexical_binding__lexical_0002/late__all__r16/seed_33/evaluation.jsonl
compiler::lexical_binding::lexical_0002,lexical_0002,test,lexical_binding,meta-llama/Llama-3.1-8B-Instruct,llama_3_1_8b_instruct,22,middle__all__r16,1.0,1.0,1.0,0.5,0.5,0.0,0.9666666666666668,0.6166666666666667,,896,strict_accuracy,5,5,6,6,300,240,240,232,<ARCHIVE_ROOT>/results/compiler/robustness_multiseed/compiler__lexical_binding__lexical_0002/middle__all__r16/seed_22/preservation_summary.json,<ARCHIVE_ROOT>/results/compiler/robustness_multiseed/compiler__lexical_binding__lexical_0002/middle__all__r16/seed_22/evaluation.jsonl
compiler::lexical_binding::lexical_0002,lexical_0002,test,lexical_binding,meta-llama/Llama-3.1-8B-Instruct,llama_3_1_8b_instruct,33,middle__all__r16,1.0,1.0,1.0,0.5,0.5,0.1666666666666666,0.9791666666666666,0.6614583333333334,,896,strict_accuracy,5,5,6,6,300,240,240,235,<ARCHIVE_ROOT>/results/compiler/robustness_multiseed/compiler__lexical_binding__lexical_0002/middle__all__r16/seed_33/preservation_summary.json,<ARCHIVE_ROOT>/results/compiler/robustness_multiseed/compiler__lexical_binding__lexical_0002/middle__all__r16/seed_33/evaluation.jsonl
compiler::lexical_binding::lexical_0003,lexical_0003,test,lexical_binding,meta-llama/Llama-3.1-8B-Instruct,llama_3_1_8b_instruct,22,early__all__r16,0.8,1.0,0.9,0.1666666666666666,0.1666666666666666,0.8333333333333334,1.0,0.725,,896,strict_accuracy,5,5,6,6,300,240,240,240,<ARCHIVE_ROOT>/results/compiler/robustness_multiseed/compiler__lexical_binding__lexical_0003/early__all__r16/seed_22/preservation_summary.json,<ARCHIVE_ROOT>/results/compiler/robustness_multiseed/compiler__lexical_binding__lexical_0003/early__all__r16/seed_22/evaluation.jsonl
compiler::lexical_binding::lexical_0003,lexical_0003,test,lexical_binding,meta-llama/Llama-3.1-8B-Instruct,llama_3_1_8b_instruct,33,early__all__r16,1.0,1.0,1.0,0.1666666666666666,0.1666666666666666,1.0,1.0,0.7916666666666666,,896,strict_accuracy,5,5,6,6,300,240,240,240,<ARCHIVE_ROOT>/results/compiler/robustness_multiseed/compiler__lexical_binding__lexical_0003/early__all__r16/seed_33/preservation_summary.json,<ARCHIVE_ROOT>/results/compiler/robustness_multiseed/compiler__lexical_binding__lexical_0003/early__all__r16/seed_33/evaluation.jsonl
compiler::lexical_binding::lexical_0003,lexical_0003,test,lexical_binding,meta-llama/Llama-3.1-8B-Instruct,llama_3_1_8b_instruct,22,full__all__r4,1.0,1.0,1.0,0.3333333333333333,0.3333333333333333,0.1666666666666666,0.9833333333333332,0.6208333333333333,,896,strict_accuracy,5,5,6,6,300,240,240,236,<ARCHIVE_ROOT>/results/compiler/robustness_multiseed/compiler__lexical_binding__lexical_0003/full__all__r4/seed_22/preservation_summary.json,<ARCHIVE_ROOT>/results/compiler/robustness_multiseed/compiler__lexical_binding__lexical_0003/full__all__r4/seed_22/evaluation.jsonl
compiler::lexical_binding::lexical_0003,lexical_0003,test,lexical_binding,meta-llama/Llama-3.1-8B-Instruct,llama_3_1_8b_instruct,33,full__all__r4,1.0,1.0,1.0,0.3333333333333333,0.3333333333333333,0.1666666666666666,0.9875,0.621875,,896,strict_accuracy,5,5,6,6,300,240,240,237,<ARCHIVE_ROOT>/results/compiler/robustness_multiseed/compiler__lexical_binding__lexical_0003/full__all__r4/seed_33/preservation_summary.json,<ARCHIVE_ROOT>/results/compiler/robustness_multiseed/compiler__lexical_binding__lexical_0003/full__all__r4/seed_33/evaluation.jsonl
compiler::lexical_binding::lexical_0003,lexical_0003,test,lexical_binding,meta-llama/Llama-3.1-8B-Instruct,llama_3_1_8b_instruct,22,late__all__r16,0.8,1.0,0.9,0.3333333333333333,0.3333333333333333,0.0,0.9833333333333332,0.5541666666666667,,896,strict_accuracy,5,5,6,6,300,240,240,236,<ARCHIVE_ROOT>/results/compiler/robustness_multiseed/compiler__lexical_binding__lexical_0003/late__all__r16/seed_22/preservation_summary.json,<ARCHIVE_ROOT>/results/compiler/robustness_multiseed/compiler__lexical_binding__lexical_0003/late__all__r16/seed_22/evaluation.jsonl
compiler::lexical_binding::lexical_0003,lexical_0003,test,lexical_binding,meta-llama/Llama-3.1-8B-Instruct,llama_3_1_8b_instruct,33,late__all__r16,0.8,1.0,0.9,0.3333333333333333,0.3333333333333333,0.5,0.9875,0.6802083333333333,,896,strict_accuracy,5,5,6,6,300,240,240,237,<ARCHIVE_ROOT>/results/compiler/robustness_multiseed/compiler__lexical_binding__lexical_0003/late__all__r16/seed_33/preservation_summary.json,<ARCHIVE_ROOT>/results/compiler/robustness_multiseed/compiler__lexical_binding__lexical_0003/late__all__r16/seed_33/evaluation.jsonl
compiler::lexical_binding::lexical_0003,lexical_0003,test,lexical_binding,meta-llama/Llama-3.1-8B-Instruct,llama_3_1_8b_instruct,22,middle__all__r16,1.0,1.0,1.0,0.8333333333333334,0.8333333333333334,0.0,0.9375,0.6927083333333334,,896,strict_accuracy,5,5,6,6,300,240,240,225,<ARCHIVE_ROOT>/results/compiler/robustness_multiseed/compiler__lexical_binding__lexical_0003/middle__all__r16/seed_22/preservation_summary.json,<ARCHIVE_ROOT>/results/compiler/robustness_multiseed/compiler__lexical_binding__lexical_0003/middle__all__r16/seed_22/evaluation.jsonl
compiler::lexical_binding::lexical_0003,lexical_0003,test,lexical_binding,meta-llama/Llama-3.1-8B-Instruct,llama_3_1_8b_instruct,33,middle__all__r16,1.0,1.0,1.0,0.8333333333333334,0.8333333333333334,0.0,0.9375,0.6927083333333334,,896,strict_accuracy,5,5,6,6,300,240,240,225,<ARCHIVE_ROOT>/results/compiler/robustness_multiseed/compiler__lexical_binding__lexical_0003/middle__all__r16/seed_33/preservation_summary.json,<ARCHIVE_ROOT>/results/compiler/robustness_multiseed/compiler__lexical_binding__lexical_0003/middle__all__r16/seed_33/evaluation.jsonl
compiler::lexical_binding::lexical_0011,lexical_0011,validation,lexical_binding,meta-llama/Llama-3.1-8B-Instruct,llama_3_1_8b_instruct,22,early__all__r16,0.2,0.0,0.1,0.5,0.5,1.0,0.9958333333333332,0.6489583333333333,,896,strict_accuracy,5,5,6,6,300,240,240,239,<ARCHIVE_ROOT>/results/compiler/robustness_multiseed/compiler__lexical_binding__lexical_0011/early__all__r16/seed_22/preservation_summary.json,<ARCHIVE_ROOT>/results/compiler/robustness_multiseed/compiler__lexical_binding__lexical_0011/early__all__r16/seed_22/evaluation.jsonl
compiler::lexical_binding::lexical_0011,lexical_0011,validation,lexical_binding,meta-llama/Llama-3.1-8B-Instruct,llama_3_1_8b_instruct,33,early__all__r16,0.2,0.0,0.1,0.5,0.5,1.0,0.9958333333333332,0.6489583333333333,,896,strict_accuracy,5,5,6,6,300,240,240,239,<ARCHIVE_ROOT>/results/compiler/robustness_multiseed/compiler__lexical_binding__lexical_0011/early__all__r16/seed_33/preservation_summary.json,<ARCHIVE_ROOT>/results/compiler/robustness_multiseed/compiler__lexical_binding__lexical_0011/early__all__r16/seed_33/evaluation.jsonl
compiler::lexical_binding::lexical_0011,lexical_0011,validation,lexical_binding,meta-llama/Llama-3.1-8B-Instruct,llama_3_1_8b_instruct,22,full__all__r4,0.2,0.0,0.1,0.1666666666666666,0.1666666666666666,1.0,1.0,0.5666666666666667,,896,strict_accuracy,5,5,6,6,300,240,240,240,<ARCHIVE_ROOT>/results/compiler/robustness_multiseed/compiler__lexical_binding__lexical_0011/full__all__r4/seed_22/preservation_summary.json,<ARCHIVE_ROOT>/results/compiler/robustness_multiseed/compiler__lexical_binding__lexical_0011/full__all__r4/seed_22/evaluation.jsonl
compiler::lexical_binding::lexical_0011,lexical_0011,validation,lexical_binding,meta-llama/Llama-3.1-8B-Instruct,llama_3_1_8b_instruct,33,full__all__r4,0.0,0.0,0.0,0.0,0.0,1.0,1.0,0.5,,896,strict_accuracy,5,5,6,6,300,240,240,240,<ARCHIVE_ROOT>/results/compiler/robustness_multiseed/compiler__lexical_binding__lexical_0011/full__all__r4/seed_33/preservation_summary.json,<ARCHIVE_ROOT>/results/compiler/robustness_multiseed/compiler__lexical_binding__lexical_0011/full__all__r4/seed_33/evaluation.jsonl
compiler::lexical_binding::lexical_0011,lexical_0011,validation,lexical_binding,meta-llama/Llama-3.1-8B-Instruct,llama_3_1_8b_instruct,22,late__all__r16,0.0,0.0,0.0,0.1666666666666666,0.1666666666666666,0.1666666666666666,0.9875,0.3302083333333333,,896,strict_accuracy,5,5,6,6,300,240,240,237,<ARCHIVE_ROOT>/results/compiler/robustness_multiseed/compiler__lexical_binding__lexical_0011/late__all__r16/seed_22/preservation_summary.json,<ARCHIVE_ROOT>/results/compiler/robustness_multiseed/compiler__lexical_binding__lexical_0011/late__all__r16/seed_22/evaluation.jsonl
compiler::lexical_binding::lexical_0011,lexical_0011,validation,lexical_binding,meta-llama/Llama-3.1-8B-Instruct,llama_3_1_8b_instruct,33,late__all__r16,0.0,0.0,0.0,0.1666666666666666,0.1666666666666666,0.3333333333333333,0.9875,0.371875,,896,strict_accuracy,5,5,6,6,300,240,240,237,<ARCHIVE_ROOT>/results/compiler/robustness_multiseed/compiler__lexical_binding__lexical_0011/late__all__r16/seed_33/preservation_summary.json,<ARCHIVE_ROOT>/results/compiler/robustness_multiseed/compiler__lexical_binding__lexical_0011/late__all__r16/seed_33/evaluation.jsonl
compiler::lexical_binding::lexical_0011,lexical_0011,validation,lexical_binding,meta-llama/Llama-3.1-8B-Instruct,llama_3_1_8b_instruct,22,middle__all__r16,0.2,0.0,0.1,0.3333333333333333,0.3333333333333333,0.3333333333333333,0.9791666666666666,0.4364583333333333,,896,strict_accuracy,5,5,6,6,300,240,240,235,<ARCHIVE_ROOT>/results/compiler/robustness_multiseed/compiler__lexical_binding__lexical_0011/middle__all__r16/seed_22/preservation_summary.json,<ARCHIVE_ROOT>/results/compiler/robustness_multiseed/compiler__lexical_binding__lexical_0011/middle__all__r16/seed_22/evaluation.jsonl
compiler::lexical_binding::lexical_0011,lexical_0011,validation,lexical_binding,meta-llama/Llama-3.1-8B-Instruct,llama_3_1_8b_instruct,33,middle__all__r16,0.2,0.0,0.1,0.1666666666666666,0.1666666666666666,0.3333333333333333,0.9791666666666666,0.3947916666666666,,896,strict_accuracy,5,5,6,6,300,240,240,235,<ARCHIVE_ROOT>/results/compiler/robustness_multiseed/compiler__lexical_binding__lexical_0011/middle__all__r16/seed_33/preservation_summary.json,<ARCHIVE_ROOT>/results/compiler/robustness_multiseed/compiler__lexical_binding__lexical_0011/middle__all__r16/seed_33/evaluation.jsonl
compiler::procedural_reasoning::procedural_0007,procedural_0007,test,procedural_reasoning,meta-llama/Llama-3.1-8B-Instruct,llama_3_1_8b_instruct,22,early__all__r16,0.2,0.0,0.1,0.0,0.0,0.0,0.9875,0.271875,,896,concept_accuracy,5,5,6,6,300,240,240,237,<ARCHIVE_ROOT>/results/compiler/robustness_multiseed/compiler__procedural_reasoning__procedural_0007/early__all__r16/seed_22/preservation_summary.json,<ARCHIVE_ROOT>/results/compiler/robustness_multiseed/compiler__procedural_reasoning__procedural_0007/early__all__r16/seed_22/evaluation.jsonl
compiler::procedural_reasoning::procedural_0007,procedural_0007,test,procedural_reasoning,meta-llama/Llama-3.1-8B-Instruct,llama_3_1_8b_instruct,33,early__all__r16,0.2,0.0,0.1,0.0,0.0,0.0,0.9958333333333332,0.2739583333333333,,896,concept_accuracy,5,5,6,6,300,240,240,239,<ARCHIVE_ROOT>/results/compiler/robustness_multiseed/compiler__procedural_reasoning__procedural_0007/early__all__r16/seed_33/preservation_summary.json,<ARCHIVE_ROOT>/results/compiler/robustness_multiseed/compiler__procedural_reasoning__procedural_0007/early__all__r16/seed_33/evaluation.jsonl
compiler::procedural_reasoning::procedural_0007,procedural_0007,test,procedural_reasoning,meta-llama/Llama-3.1-8B-Instruct,llama_3_1_8b_instruct,22,full__all__r4,0.0,0.0,0.0,0.0,0.0,0.3333333333333333,0.9916666666666668,0.33125,,896,concept_accuracy,5,5,6,6,300,240,240,238,<ARCHIVE_ROOT>/results/compiler/robustness_multiseed/compiler__procedural_reasoning__procedural_0007/full__all__r4/seed_22/preservation_summary.json,<ARCHIVE_ROOT>/results/compiler/robustness_multiseed/compiler__procedural_reasoning__procedural_0007/full__all__r4/seed_22/evaluation.jsonl
compiler::procedural_reasoning::procedural_0007,procedural_0007,test,procedural_reasoning,meta-llama/Llama-3.1-8B-Instruct,llama_3_1_8b_instruct,33,full__all__r4,0.2,0.0,0.1,0.0,0.0,0.3333333333333333,0.9875,0.3552083333333333,,896,concept_accuracy,5,5,6,6,300,240,240,237,<ARCHIVE_ROOT>/results/compiler/robustness_multiseed/compiler__procedural_reasoning__procedural_0007/full__all__r4/seed_33/preservation_summary.json,<ARCHIVE_ROOT>/results/compiler/robustness_multiseed/compiler__procedural_reasoning__procedural_0007/full__all__r4/seed_33/evaluation.jsonl
compiler::procedural_reasoning::procedural_0007,procedural_0007,test,procedural_reasoning,meta-llama/Llama-3.1-8B-Instruct,llama_3_1_8b_instruct,22,late__all__r16,0.2,0.0,0.1,0.0,0.0,0.0,0.9958333333333332,0.2739583333333333,,896,concept_accuracy,5,5,6,6,300,240,240,239,<ARCHIVE_ROOT>/results/compiler/robustness_multiseed/compiler__procedural_reasoning__procedural_0007/late__all__r16/seed_22/preservation_summary.json,<ARCHIVE_ROOT>/results/compiler/robustness_multiseed/compiler__procedural_reasoning__procedural_0007/late__all__r16/seed_22/evaluation.jsonl
compiler::procedural_reasoning::procedural_0007,procedural_0007,test,procedural_reasoning,meta-llama/Llama-3.1-8B-Instruct,llama_3_1_8b_instruct,33,late__all__r16,0.4,0.0,0.2,0.0,0.0,0.0,0.9958333333333332,0.2989583333333333,,896,concept_accuracy,5,5,6,6,300,240,240,239,<ARCHIVE_ROOT>/results/compiler/robustness_multiseed/compiler__procedural_reasoning__procedural_0007/late__all__r16/seed_33/preservation_summary.json,<ARCHIVE_ROOT>/results/compiler/robustness_multiseed/compiler__procedural_reasoning__procedural_0007/late__all__r16/seed_33/evaluation.jsonl
compiler::procedural_reasoning::procedural_0007,procedural_0007,test,procedural_reasoning,meta-llama/Llama-3.1-8B-Instruct,llama_3_1_8b_instruct,22,middle__all__r16,0.2,0.0,0.1,0.0,0.0,0.8333333333333334,0.9833333333333332,0.4791666666666667,,896,concept_accuracy,5,5,6,6,300,240,240,236,<ARCHIVE_ROOT>/results/compiler/robustness_multiseed/compiler__procedural_reasoning__procedural_0007/middle__all__r16/seed_22/preservation_summary.json,<ARCHIVE_ROOT>/results/compiler/robustness_multiseed/compiler__procedural_reasoning__procedural_0007/middle__all__r16/seed_22/evaluation.jsonl
compiler::procedural_reasoning::procedural_0007,procedural_0007,test,procedural_reasoning,meta-llama/Llama-3.1-8B-Instruct,llama_3_1_8b_instruct,33,middle__all__r16,0.2,0.0,0.1,0.0,0.0,0.6666666666666666,0.9833333333333332,0.4375,,896,concept_accuracy,5,5,6,6,300,240,240,236,<ARCHIVE_ROOT>/results/compiler/robustness_multiseed/compiler__procedural_reasoning__procedural_0007/middle__all__r16/seed_33/preservation_summary.json,<ARCHIVE_ROOT>/results/compiler/robustness_multiseed/compiler__procedural_reasoning__procedural_0007/middle__all__r16/seed_33/evaluation.jsonl
compiler::procedural_reasoning::procedural_0008,procedural_0008,validation,procedural_reasoning,meta-llama/Llama-3.1-8B-Instruct,llama_3_1_8b_instruct,22,early__all__r16,0.2,0.0,0.1,0.0,0.0,0.0,0.9875,0.271875,,896,concept_accuracy,5,5,6,6,300,240,240,237,<ARCHIVE_ROOT>/results/compiler/robustness_multiseed/compiler__procedural_reasoning__procedural_0008/early__all__r16/seed_22/preservation_summary.json,<ARCHIVE_ROOT>/results/compiler/robustness_multiseed/compiler__procedural_reasoning__procedural_0008/early__all__r16/seed_22/evaluation.jsonl
compiler::procedural_reasoning::procedural_0008,procedural_0008,validation,procedural_reasoning,meta-llama/Llama-3.1-8B-Instruct,llama_3_1_8b_instruct,33,early__all__r16,0.2,0.0,0.1,0.0,0.0,0.0,0.9875,0.271875,,896,concept_accuracy,5,5,6,6,300,240,240,237,<ARCHIVE_ROOT>/results/compiler/robustness_multiseed/compiler__procedural_reasoning__procedural_0008/early__all__r16/seed_33/preservation_summary.json,<ARCHIVE_ROOT>/results/compiler/robustness_multiseed/compiler__procedural_reasoning__procedural_0008/early__all__r16/seed_33/evaluation.jsonl
compiler::procedural_reasoning::procedural_0008,procedural_0008,validation,procedural_reasoning,meta-llama/Llama-3.1-8B-Instruct,llama_3_1_8b_instruct,22,full__all__r4,0.2,0.0,0.1,0.0,0.0,0.5,0.9916666666666668,0.3979166666666667,,896,concept_accuracy,5,5,6,6,300,240,240,238,<ARCHIVE_ROOT>/results/compiler/robustness_multiseed/compiler__procedural_reasoning__procedural_0008/full__all__r4/seed_22/preservation_summary.json,<ARCHIVE_ROOT>/results/compiler/robustness_multiseed/compiler__procedural_reasoning__procedural_0008/full__all__r4/seed_22/evaluation.jsonl
compiler::procedural_reasoning::procedural_0008,procedural_0008,validation,procedural_reasoning,meta-llama/Llama-3.1-8B-Instruct,llama_3_1_8b_instruct,33,full__all__r4,0.2,0.0,0.1,0.0,0.0,0.5,0.9833333333333332,0.3958333333333333,,896,concept_accuracy,5,5,6,6,300,240,240,236,<ARCHIVE_ROOT>/results/compiler/robustness_multiseed/compiler__procedural_reasoning__procedural_0008/full__all__r4/seed_33/preservation_summary.json,<ARCHIVE_ROOT>/results/compiler/robustness_multiseed/compiler__procedural_reasoning__procedural_0008/full__all__r4/seed_33/evaluation.jsonl
compiler::procedural_reasoning::procedural_0008,procedural_0008,validation,procedural_reasoning,meta-llama/Llama-3.1-8B-Instruct,llama_3_1_8b_instruct,22,late__all__r16,0.4,0.0,0.2,0.0,0.0,0.0,0.9958333333333332,0.2989583333333333,,896,concept_accuracy,5,5,6,6,300,240,240,239,<ARCHIVE_ROOT>/results/compiler/robustness_multiseed/compiler__procedural_reasoning__procedural_0008/late__all__r16/seed_22/preservation_summary.json,<ARCHIVE_ROOT>/results/compiler/robustness_multiseed/compiler__procedural_reasoning__procedural_0008/late__all__r16/seed_22/evaluation.jsonl
compiler::procedural_reasoning::procedural_0008,procedural_0008,validation,procedural_reasoning,meta-llama/Llama-3.1-8B-Instruct,llama_3_1_8b_instruct,33,late__all__r16,0.6,0.0,0.3,0.0,0.0,0.0,0.9958333333333332,0.3239583333333333,,896,concept_accuracy,5,5,6,6,300,240,240,239,<ARCHIVE_ROOT>/results/compiler/robustness_multiseed/compiler__procedural_reasoning__procedural_0008/late__all__r16/seed_33/preservation_summary.json,<ARCHIVE_ROOT>/results/compiler/robustness_multiseed/compiler__procedural_reasoning__procedural_0008/late__all__r16/seed_33/evaluation.jsonl
compiler::procedural_reasoning::procedural_0008,procedural_0008,validation,procedural_reasoning,meta-llama/Llama-3.1-8B-Instruct,llama_3_1_8b_instruct,22,middle__all__r16,0.2,0.0,0.1,0.0,0.0,0.5,0.9791666666666666,0.3947916666666666,,896,concept_accuracy,5,5,6,6,300,240,240,235,<ARCHIVE_ROOT>/results/compiler/robustness_multiseed/compiler__procedural_reasoning__procedural_0008/middle__all__r16/seed_22/preservation_summary.json,<ARCHIVE_ROOT>/results/compiler/robustness_multiseed/compiler__procedural_reasoning__procedural_0008/middle__all__r16/seed_22/evaluation.jsonl
compiler::procedural_reasoning::procedural_0008,procedural_0008,validation,procedural_reasoning,meta-llama/Llama-3.1-8B-Instruct,llama_3_1_8b_instruct,33,middle__all__r16,0.2,0.0,0.1,0.0,0.0,0.5,0.9791666666666666,0.3947916666666666,,896,concept_accuracy,5,5,6,6,300,240,240,235,<ARCHIVE_ROOT>/results/compiler/robustness_multiseed/compiler__procedural_reasoning__procedural_0008/middle__all__r16/seed_33/preservation_summary.json,<ARCHIVE_ROOT>/results/compiler/robustness_multiseed/compiler__procedural_reasoning__procedural_0008/middle__all__r16/seed_33/evaluation.jsonl
compiler::procedural_reasoning::procedural_0011,procedural_0011,test,procedural_reasoning,meta-llama/Llama-3.1-8B-Instruct,llama_3_1_8b_instruct,22,early__all__r16,0.2,0.0,0.1,0.0,0.0,0.0,0.9875,0.271875,,896,concept_accuracy,5,5,6,6,300,240,240,237,<ARCHIVE_ROOT>/results/compiler/robustness_multiseed/compiler__procedural_reasoning__procedural_0011/early__all__r16/seed_22/preservation_summary.json,<ARCHIVE_ROOT>/results/compiler/robustness_multiseed/compiler__procedural_reasoning__procedural_0011/early__all__r16/seed_22/evaluation.jsonl
compiler::procedural_reasoning::procedural_0011,procedural_0011,test,procedural_reasoning,meta-llama/Llama-3.1-8B-Instruct,llama_3_1_8b_instruct,33,early__all__r16,0.2,0.0,0.1,0.0,0.0,0.0,0.9833333333333332,0.2708333333333333,,896,concept_accuracy,5,5,6,6,300,240,240,236,<ARCHIVE_ROOT>/results/compiler/robustness_multiseed/compiler__procedural_reasoning__procedural_0011/early__all__r16/seed_33/preservation_summary.json,<ARCHIVE_ROOT>/results/compiler/robustness_multiseed/compiler__procedural_reasoning__procedural_0011/early__all__r16/seed_33/evaluation.jsonl
compiler::procedural_reasoning::procedural_0011,procedural_0011,test,procedural_reasoning,meta-llama/Llama-3.1-8B-Instruct,llama_3_1_8b_instruct,22,full__all__r4,0.2,0.0,0.1,0.0,0.0,0.1666666666666666,0.9833333333333332,0.3125,,896,concept_accuracy,5,5,6,6,300,240,240,236,<ARCHIVE_ROOT>/results/compiler/robustness_multiseed/compiler__procedural_reasoning__procedural_0011/full__all__r4/seed_22/preservation_summary.json,<ARCHIVE_ROOT>/results/compiler/robustness_multiseed/compiler__procedural_reasoning__procedural_0011/full__all__r4/seed_22/evaluation.jsonl
compiler::procedural_reasoning::procedural_0011,procedural_0011,test,procedural_reasoning,meta-llama/Llama-3.1-8B-Instruct,llama_3_1_8b_instruct,33,full__all__r4,0.2,0.0,0.1,0.0,0.0,0.3333333333333333,0.9791666666666666,0.3531249999999999,,896,concept_accuracy,5,5,6,6,300,240,240,235,<ARCHIVE_ROOT>/results/compiler/robustness_multiseed/compiler__procedural_reasoning__procedural_0011/full__all__r4/seed_33/preservation_summary.json,<ARCHIVE_ROOT>/results/compiler/robustness_multiseed/compiler__procedural_reasoning__procedural_0011/full__all__r4/seed_33/evaluation.jsonl
compiler::procedural_reasoning::procedural_0011,procedural_0011,test,procedural_reasoning,meta-llama/Llama-3.1-8B-Instruct,llama_3_1_8b_instruct,22,late__all__r16,0.4,0.0,0.2,0.0,0.0,0.1666666666666666,0.9958333333333332,0.340625,,896,concept_accuracy,5,5,6,6,300,240,240,239,<ARCHIVE_ROOT>/results/compiler/robustness_multiseed/compiler__procedural_reasoning__procedural_0011/late__all__r16/seed_22/preservation_summary.json,<ARCHIVE_ROOT>/results/compiler/robustness_multiseed/compiler__procedural_reasoning__procedural_0011/late__all__r16/seed_22/evaluation.jsonl
compiler::procedural_reasoning::procedural_0011,procedural_0011,test,procedural_reasoning,meta-llama/Llama-3.1-8B-Instruct,llama_3_1_8b_instruct,33,late__all__r16,0.6,0.0,0.3,0.0,0.0,0.1666666666666666,0.9958333333333332,0.365625,,896,concept_accuracy,5,5,6,6,300,240,240,239,<ARCHIVE_ROOT>/results/compiler/robustness_multiseed/compiler__procedural_reasoning__procedural_0011/late__all__r16/seed_33/preservation_summary.json,<ARCHIVE_ROOT>/results/compiler/robustness_multiseed/compiler__procedural_reasoning__procedural_0011/late__all__r16/seed_33/evaluation.jsonl
compiler::procedural_reasoning::procedural_0011,procedural_0011,test,procedural_reasoning,meta-llama/Llama-3.1-8B-Instruct,llama_3_1_8b_instruct,22,middle__all__r16,0.2,0.0,0.1,0.0,0.0,0.8333333333333334,0.975,0.4770833333333333,,896,concept_accuracy,5,5,6,6,300,240,240,234,<ARCHIVE_ROOT>/results/compiler/robustness_multiseed/compiler__procedural_reasoning__procedural_0011/middle__all__r16/seed_22/preservation_summary.json,<ARCHIVE_ROOT>/results/compiler/robustness_multiseed/compiler__procedural_reasoning__procedural_0011/middle__all__r16/seed_22/evaluation.jsonl
compiler::procedural_reasoning::procedural_0011,procedural_0011,test,procedural_reasoning,meta-llama/Llama-3.1-8B-Instruct,llama_3_1_8b_instruct,33,middle__all__r16,0.2,0.0,0.1,0.0,0.0,0.6666666666666666,0.9708333333333332,0.434375,,896,concept_accuracy,5,5,6,6,300,240,240,233,<ARCHIVE_ROOT>/results/compiler/robustness_multiseed/compiler__procedural_reasoning__procedural_0011/middle__all__r16/seed_33/preservation_summary.json,<ARCHIVE_ROOT>/results/compiler/robustness_multiseed/compiler__procedural_reasoning__procedural_0011/middle__all__r16/seed_33/evaluation.jsonl
compiler::procedural_reasoning::procedural_0019,procedural_0019,validation,procedural_reasoning,meta-llama/Llama-3.1-8B-Instruct,llama_3_1_8b_instruct,22,early__all__r16,0.2,0.0,0.1,0.0,0.0,0.0,0.9916666666666668,0.2729166666666667,,896,concept_accuracy,5,5,6,6,300,240,240,238,<ARCHIVE_ROOT>/results/compiler/robustness_multiseed/compiler__procedural_reasoning__procedural_0019/early__all__r16/seed_22/preservation_summary.json,<ARCHIVE_ROOT>/results/compiler/robustness_multiseed/compiler__procedural_reasoning__procedural_0019/early__all__r16/seed_22/evaluation.jsonl
compiler::procedural_reasoning::procedural_0019,procedural_0019,validation,procedural_reasoning,meta-llama/Llama-3.1-8B-Instruct,llama_3_1_8b_instruct,33,early__all__r16,0.2,0.0,0.1,0.0,0.0,0.0,0.9916666666666668,0.2729166666666667,,896,concept_accuracy,5,5,6,6,300,240,240,238,<ARCHIVE_ROOT>/results/compiler/robustness_multiseed/compiler__procedural_reasoning__procedural_0019/early__all__r16/seed_33/preservation_summary.json,<ARCHIVE_ROOT>/results/compiler/robustness_multiseed/compiler__procedural_reasoning__procedural_0019/early__all__r16/seed_33/evaluation.jsonl
compiler::procedural_reasoning::procedural_0019,procedural_0019,validation,procedural_reasoning,meta-llama/Llama-3.1-8B-Instruct,llama_3_1_8b_instruct,22,full__all__r4,0.0,0.0,0.0,0.0,0.0,0.3333333333333333,0.9875,0.3302083333333333,,896,concept_accuracy,5,5,6,6,300,240,240,237,<ARCHIVE_ROOT>/results/compiler/robustness_multiseed/compiler__procedural_reasoning__procedural_0019/full__all__r4/seed_22/preservation_summary.json,<ARCHIVE_ROOT>/results/compiler/robustness_multiseed/compiler__procedural_reasoning__procedural_0019/full__all__r4/seed_22/evaluation.jsonl
compiler::procedural_reasoning::procedural_0019,procedural_0019,validation,procedural_reasoning,meta-llama/Llama-3.1-8B-Instruct,llama_3_1_8b_instruct,33,full__all__r4,0.2,0.0,0.1,0.0,0.0,0.5,0.9791666666666666,0.3947916666666666,,896,concept_accuracy,5,5,6,6,300,240,240,235,<ARCHIVE_ROOT>/results/compiler/robustness_multiseed/compiler__procedural_reasoning__procedural_0019/full__all__r4/seed_33/preservation_summary.json,<ARCHIVE_ROOT>/results/compiler/robustness_multiseed/compiler__procedural_reasoning__procedural_0019/full__all__r4/seed_33/evaluation.jsonl
compiler::procedural_reasoning::procedural_0019,procedural_0019,validation,procedural_reasoning,meta-llama/Llama-3.1-8B-Instruct,llama_3_1_8b_instruct,22,late__all__r16,0.2,0.0,0.1,0.0,0.0,0.3333333333333333,0.9958333333333332,0.3572916666666667,,896,concept_accuracy,5,5,6,6,300,240,240,239,<ARCHIVE_ROOT>/results/compiler/robustness_multiseed/compiler__procedural_reasoning__procedural_0019/late__all__r16/seed_22/preservation_summary.json,<ARCHIVE_ROOT>/results/compiler/robustness_multiseed/compiler__procedural_reasoning__procedural_0019/late__all__r16/seed_22/evaluation.jsonl
compiler::procedural_reasoning::procedural_0019,procedural_0019,validation,procedural_reasoning,meta-llama/Llama-3.1-8B-Instruct,llama_3_1_8b_instruct,33,late__all__r16,0.2,0.0,0.1,0.0,0.0,0.1666666666666666,0.9958333333333332,0.315625,,896,concept_accuracy,5,5,6,6,300,240,240,239,<ARCHIVE_ROOT>/results/compiler/robustness_multiseed/compiler__procedural_reasoning__procedural_0019/late__all__r16/seed_33/preservation_summary.json,<ARCHIVE_ROOT>/results/compiler/robustness_multiseed/compiler__procedural_reasoning__procedural_0019/late__all__r16/seed_33/evaluation.jsonl
compiler::procedural_reasoning::procedural_0019,procedural_0019,validation,procedural_reasoning,meta-llama/Llama-3.1-8B-Instruct,llama_3_1_8b_instruct,22,middle__all__r16,0.0,0.0,0.0,0.0,0.0,0.8333333333333334,0.975,0.4520833333333333,,896,concept_accuracy,5,5,6,6,300,240,240,234,<ARCHIVE_ROOT>/results/compiler/robustness_multiseed/compiler__procedural_reasoning__procedural_0019/middle__all__r16/seed_22/preservation_summary.json,<ARCHIVE_ROOT>/results/compiler/robustness_multiseed/compiler__procedural_reasoning__procedural_0019/middle__all__r16/seed_22/evaluation.jsonl
compiler::procedural_reasoning::procedural_0019,procedural_0019,validation,procedural_reasoning,meta-llama/Llama-3.1-8B-Instruct,llama_3_1_8b_instruct,33,middle__all__r16,0.2,0.0,0.1,0.0,0.0,0.8333333333333334,0.975,0.4770833333333333,,896,concept_accuracy,5,5,6,6,300,240,240,234,<ARCHIVE_ROOT>/results/compiler/robustness_multiseed/compiler__procedural_reasoning__procedural_0019/middle__all__r16/seed_33/preservation_summary.json,<ARCHIVE_ROOT>/results/compiler/robustness_multiseed/compiler__procedural_reasoning__procedural_0019/middle__all__r16/seed_33/evaluation.jsonl
