panel,regime,method,episode_id,learning_type,oracle_utility,selected_utility,oracle_regret,config_id,source_file,policy_name
A,Experiment 4,Episode,compiler::behavioral_policy::behavioral_0000,behavioral_policy,0.75,0.7496527777777778,0.0003472222222221655,late__all__r16,artifacts/llama/ablations/episode\predictions_test.csv,compiler
A,Experiment 4,Episode,compiler::behavioral_policy::behavioral_0007,behavioral_policy,0.7472222222222222,0.7472222222222222,0.0,late__all__r16,artifacts/llama/ablations/episode\predictions_test.csv,compiler
A,Experiment 4,Episode,compiler::behavioral_policy::behavioral_0019,behavioral_policy,0.75,0.7496527777777778,0.0003472222222221655,late__all__r16,artifacts/llama/ablations/episode\predictions_test.csv,compiler
A,Experiment 4,Episode,compiler::behavioral_policy::behavioral_0024,behavioral_policy,0.7489583333333333,0.7489583333333333,0.0,late__all__r16,artifacts/llama/ablations/episode\predictions_test.csv,compiler
A,Experiment 4,Episode,compiler::behavioral_policy::behavioral_0031,behavioral_policy,0.75,0.75,0.0,full__all__r4,artifacts/llama/ablations/episode\predictions_test.csv,compiler
A,Experiment 4,Episode,compiler::behavioral_policy::behavioral_0042,behavioral_policy,0.75,0.75,0.0,full__all__r4,artifacts/llama/ablations/episode\predictions_test.csv,compiler
A,Experiment 4,Episode,compiler::behavioral_policy::behavioral_0056,behavioral_policy,0.7489583333333333,0.7479166666666667,0.0010416666666666075,late__all__r16,artifacts/llama/ablations/episode\predictions_test.csv,compiler
A,Experiment 4,Episode,compiler::behavioral_policy::behavioral_0058,behavioral_policy,0.7586805555555555,0.7586805555555555,0.0,middle__all__r16,artifacts/llama/ablations/episode\predictions_test.csv,compiler
A,Experiment 4,Episode,compiler::behavioral_policy::behavioral_0064,behavioral_policy,0.7493055555555556,0.7493055555555556,0.0,late__all__r16,artifacts/llama/ablations/episode\predictions_test.csv,compiler
A,Experiment 4,Episode,compiler::behavioral_policy::behavioral_0067,behavioral_policy,0.7472222222222222,0.7472222222222222,0.0,late__all__r16,artifacts/llama/ablations/episode\predictions_test.csv,compiler
A,Experiment 4,Episode,compiler::behavioral_policy::behavioral_0071,behavioral_policy,0.7496527777777778,0.7496527777777778,0.0,late__all__r16,artifacts/llama/ablations/episode\predictions_test.csv,compiler
A,Experiment 4,Episode,compiler::behavioral_policy::behavioral_0082,behavioral_policy,0.75,0.75,0.0,full__all__r4,artifacts/llama/ablations/episode\predictions_test.csv,compiler
A,Experiment 4,Episode,compiler::behavioral_policy::behavioral_0087,behavioral_policy,0.8156249999999999,0.8156249999999999,0.0,middle__all__r16,artifacts/llama/ablations/episode\predictions_test.csv,compiler
A,Experiment 4,Episode,compiler::behavioral_policy::behavioral_0092,behavioral_policy,0.7489583333333333,0.7416666666666667,0.007291666666666585,full__all__r4,artifacts/llama/ablations/episode\predictions_test.csv,compiler
A,Experiment 4,Episode,compiler::behavioral_policy::behavioral_0097,behavioral_policy,0.7472222222222222,0.7472222222222222,0.0,late__all__r16,artifacts/llama/ablations/episode\predictions_test.csv,compiler
A,Experiment 4,Episode,compiler::behavioral_policy::behavioral_0100,behavioral_policy,0.7489583333333333,0.7489583333333333,0.0,late__all__r16,artifacts/llama/ablations/episode\predictions_test.csv,compiler
A,Experiment 4,Episode,compiler::behavioral_policy::behavioral_0104,behavioral_policy,0.7493055555555556,0.7493055555555556,0.0,late__all__r16,artifacts/llama/ablations/episode\predictions_test.csv,compiler
A,Experiment 4,Episode,compiler::behavioral_policy::behavioral_0112,behavioral_policy,0.75,0.75,0.0,full__all__r4,artifacts/llama/ablations/episode\predictions_test.csv,compiler
A,Experiment 4,Episode,compiler::behavioral_policy::behavioral_0116,behavioral_policy,0.7489583333333333,0.7479166666666667,0.0010416666666666075,late__all__r16,artifacts/llama/ablations/episode\predictions_test.csv,compiler
A,Experiment 4,Episode,compiler::behavioral_policy::behavioral_0118,behavioral_policy,0.7586805555555555,0.7586805555555555,0.0,middle__all__r16,artifacts/llama/ablations/episode\predictions_test.csv,compiler
A,Experiment 4,Episode,compiler::causal_mapping::causal_0006,causal_mapping,0.5625,0.5625,0.0,middle__all__r16,artifacts/llama/ablations/episode\predictions_test.csv,compiler
A,Experiment 4,Episode,compiler::causal_mapping::causal_0010,causal_mapping,0.4604166666666667,0.4604166666666667,0.0,full__all__r4,artifacts/llama/ablations/episode\predictions_test.csv,compiler
A,Experiment 4,Episode,compiler::causal_mapping::causal_0022,causal_mapping,0.5406249999999999,0.486111111111111,0.05451388888888892,late__all__r16,artifacts/llama/ablations/episode\predictions_test.csv,compiler
A,Experiment 4,Episode,compiler::causal_mapping::causal_0026,causal_mapping,0.5267361111111111,0.5267361111111111,0.0,middle__all__r16,artifacts/llama/ablations/episode\predictions_test.csv,compiler
A,Experiment 4,Episode,compiler::causal_mapping::causal_0027,causal_mapping,0.3583333333333333,0.3583333333333333,0.0,late__all__r16,artifacts/llama/ablations/episode\predictions_test.csv,compiler
A,Experiment 4,Episode,compiler::causal_mapping::causal_0034,causal_mapping,0.5003472222222222,0.5003472222222222,0.0,middle__all__r16,artifacts/llama/ablations/episode\predictions_test.csv,compiler
A,Experiment 4,Episode,compiler::causal_mapping::causal_0036,causal_mapping,0.5541666666666667,0.5541666666666667,0.0,middle__all__r16,artifacts/llama/ablations/episode\predictions_test.csv,compiler
A,Experiment 4,Episode,compiler::causal_mapping::causal_0039,causal_mapping,0.4510416666666667,0.4510416666666667,0.0,middle__all__r16,artifacts/llama/ablations/episode\predictions_test.csv,compiler
A,Experiment 4,Episode,compiler::causal_mapping::causal_0044,causal_mapping,0.5357638888888889,0.5357638888888889,0.0,middle__all__r16,artifacts/llama/ablations/episode\predictions_test.csv,compiler
A,Experiment 4,Episode,compiler::causal_mapping::causal_0045,causal_mapping,0.6159722222222221,0.5934027777777777,0.02256944444444442,full__all__r4,artifacts/llama/ablations/episode\predictions_test.csv,compiler
A,Experiment 4,Episode,compiler::causal_mapping::causal_0047,causal_mapping,0.3583333333333333,0.3583333333333333,0.0,late__all__r16,artifacts/llama/ablations/episode\predictions_test.csv,compiler
A,Experiment 4,Episode,compiler::causal_mapping::causal_0053,causal_mapping,0.4836805555555555,0.4836805555555555,0.0,middle__all__r16,artifacts/llama/ablations/episode\predictions_test.csv,compiler
A,Experiment 4,Episode,compiler::causal_mapping::causal_0064,causal_mapping,0.5298611111111111,0.5298611111111111,0.0,middle__all__r16,artifacts/llama/ablations/episode\predictions_test.csv,compiler
A,Experiment 4,Episode,compiler::causal_mapping::causal_0074,causal_mapping,0.5423611111111111,0.5423611111111111,0.0,middle__all__r16,artifacts/llama/ablations/episode\predictions_test.csv,compiler
A,Experiment 4,Episode,compiler::causal_mapping::causal_0077,causal_mapping,0.375,0.375,0.0,late__all__r16,artifacts/llama/ablations/episode\predictions_test.csv,compiler
A,Experiment 4,Episode,compiler::causal_mapping::causal_0079,causal_mapping,0.4854166666666666,0.4854166666666666,0.0,middle__all__r16,artifacts/llama/ablations/episode\predictions_test.csv,compiler
A,Experiment 4,Episode,compiler::causal_mapping::causal_0089,causal_mapping,0.5076388888888889,0.5076388888888889,0.0,middle__all__r16,artifacts/llama/ablations/episode\predictions_test.csv,compiler
A,Experiment 4,Episode,compiler::causal_mapping::causal_0090,causal_mapping,0.4326388888888889,0.4326388888888889,0.0,full__all__r4,artifacts/llama/ablations/episode\predictions_test.csv,compiler
A,Experiment 4,Episode,compiler::causal_mapping::causal_0101,causal_mapping,0.7243055555555555,0.7243055555555555,0.0,middle__all__r16,artifacts/llama/ablations/episode\predictions_test.csv,compiler
A,Experiment 4,Episode,compiler::causal_mapping::causal_0114,causal_mapping,0.6027777777777777,0.6027777777777777,0.0,middle__all__r16,artifacts/llama/ablations/episode\predictions_test.csv,compiler
A,Experiment 4,Episode,compiler::factual_association::factual_0006,factual_association,0.7722222222222221,0.7722222222222221,0.0,middle__all__r16,artifacts/llama/ablations/episode\predictions_test.csv,compiler
A,Experiment 4,Episode,compiler::factual_association::factual_0016,factual_association,0.5416666666666667,0.5416666666666667,0.0,full__all__r4,artifacts/llama/ablations/episode\predictions_test.csv,compiler
A,Experiment 4,Episode,compiler::factual_association::factual_0018,factual_association,0.5934027777777777,0.5934027777777777,0.0,late__all__r16,artifacts/llama/ablations/episode\predictions_test.csv,compiler
A,Experiment 4,Episode,compiler::factual_association::factual_0022,factual_association,0.5694444444444444,0.5694444444444444,0.0,full__all__r4,artifacts/llama/ablations/episode\predictions_test.csv,compiler
A,Experiment 4,Episode,compiler::factual_association::factual_0024,factual_association,0.5878472222222222,0.5878472222222222,0.0,late__all__r16,artifacts/llama/ablations/episode\predictions_test.csv,compiler
A,Experiment 4,Episode,compiler::factual_association::factual_0030,factual_association,0.65625,0.65625,0.0,late__all__r16,artifacts/llama/ablations/episode\predictions_test.csv,compiler
A,Experiment 4,Episode,compiler::factual_association::factual_0032,factual_association,0.5413194444444445,0.5378472222222223,0.00347222222222221,early__all__r16,artifacts/llama/ablations/episode\predictions_test.csv,compiler
A,Experiment 4,Episode,compiler::factual_association::factual_0044,factual_association,0.5756944444444445,0.5756944444444445,0.0,late__all__r16,artifacts/llama/ablations/episode\predictions_test.csv,compiler
A,Experiment 4,Episode,compiler::factual_association::factual_0048,factual_association,0.6215277777777778,0.6215277777777778,0.0,late__all__r16,artifacts/llama/ablations/episode\predictions_test.csv,compiler
A,Experiment 4,Episode,compiler::factual_association::factual_0056,factual_association,0.5402777777777779,0.5395833333333333,0.000694444444444553,full__all__r4,artifacts/llama/ablations/episode\predictions_test.csv,compiler
A,Experiment 4,Episode,compiler::factual_association::factual_0078,factual_association,0.6215277777777778,0.6215277777777778,0.0,late__all__r16,artifacts/llama/ablations/episode\predictions_test.csv,compiler
A,Experiment 4,Episode,compiler::factual_association::factual_0086,factual_association,0.525,0.525,0.0,early__all__r16,artifacts/llama/ablations/episode\predictions_test.csv,compiler
A,Experiment 4,Episode,compiler::factual_association::factual_0087,factual_association,0.6409722222222223,0.6409722222222223,0.0,full__all__r4,artifacts/llama/ablations/episode\predictions_test.csv,compiler
A,Experiment 4,Episode,compiler::factual_association::factual_0091,factual_association,0.5416666666666667,0.5416666666666667,0.0,early__all__r16,artifacts/llama/ablations/episode\predictions_test.csv,compiler
A,Experiment 4,Episode,compiler::factual_association::factual_0094,factual_association,0.5972222222222222,0.5972222222222222,0.0,full__all__r4,artifacts/llama/ablations/episode\predictions_test.csv,compiler
A,Experiment 4,Episode,compiler::factual_association::factual_0103,factual_association,0.6145833333333334,0.6145833333333334,0.0,late__all__r16,artifacts/llama/ablations/episode\predictions_test.csv,compiler
A,Experiment 4,Episode,compiler::factual_association::factual_0106,factual_association,0.5548611111111111,0.5548611111111111,0.0,full__all__r4,artifacts/llama/ablations/episode\predictions_test.csv,compiler
A,Experiment 4,Episode,compiler::factual_association::factual_0108,factual_association,0.6430555555555556,0.6430555555555556,0.0,late__all__r16,artifacts/llama/ablations/episode\predictions_test.csv,compiler
A,Experiment 4,Episode,compiler::factual_association::factual_0109,factual_association,0.5381944444444444,0.5277777777777778,0.01041666666666663,full__all__r4,artifacts/llama/ablations/episode\predictions_test.csv,compiler
A,Experiment 4,Episode,compiler::factual_association::factual_0115,factual_association,0.5416666666666667,0.5416666666666667,0.0,early__all__r16,artifacts/llama/ablations/episode\predictions_test.csv,compiler
A,Experiment 4,Episode,compiler::lexical_binding::lexical_0002,lexical_binding,0.7399305555555556,0.6604166666666667,0.079513888888889,middle__all__r16,artifacts/llama/ablations/episode\predictions_test.csv,compiler
A,Experiment 4,Episode,compiler::lexical_binding::lexical_0003,lexical_binding,0.7166666666666667,0.7166666666666667,0.0,early__all__r16,artifacts/llama/ablations/episode\predictions_test.csv,compiler
A,Experiment 4,Episode,compiler::lexical_binding::lexical_0004,lexical_binding,0.85625,0.85625,0.0,early__all__r16,artifacts/llama/ablations/episode\predictions_test.csv,compiler
A,Experiment 4,Episode,compiler::lexical_binding::lexical_0006,lexical_binding,0.8920138888888889,0.8465277777777778,0.045486111111111116,early__all__r16,artifacts/llama/ablations/episode\predictions_test.csv,compiler
A,Experiment 4,Episode,compiler::lexical_binding::lexical_0014,lexical_binding,0.9569444444444444,0.9569444444444444,0.0,early__all__r16,artifacts/llama/ablations/episode\predictions_test.csv,compiler
A,Experiment 4,Episode,compiler::lexical_binding::lexical_0032,lexical_binding,0.6940972222222223,0.5322916666666666,0.16180555555555565,early__all__r16,artifacts/llama/ablations/episode\predictions_test.csv,compiler
A,Experiment 4,Episode,compiler::lexical_binding::lexical_0038,lexical_binding,0.9083333333333332,0.9083333333333332,0.0,early__all__r16,artifacts/llama/ablations/episode\predictions_test.csv,compiler
A,Experiment 4,Episode,compiler::lexical_binding::lexical_0040,lexical_binding,0.8340277777777778,0.8340277777777778,0.0,early__all__r16,artifacts/llama/ablations/episode\predictions_test.csv,compiler
A,Experiment 4,Episode,compiler::lexical_binding::lexical_0050,lexical_binding,0.7309027777777778,0.7309027777777778,0.0,middle__all__r16,artifacts/llama/ablations/episode\predictions_test.csv,compiler
A,Experiment 4,Episode,compiler::lexical_binding::lexical_0056,lexical_binding,0.7496527777777778,0.7496527777777778,0.0,early__all__r16,artifacts/llama/ablations/episode\predictions_test.csv,compiler
A,Experiment 4,Episode,compiler::lexical_binding::lexical_0062,lexical_binding,0.8243055555555555,0.8243055555555555,0.0,early__all__r16,artifacts/llama/ablations/episode\predictions_test.csv,compiler
A,Experiment 4,Episode,compiler::lexical_binding::lexical_0073,lexical_binding,0.8659722222222223,0.8659722222222223,0.0,early__all__r16,artifacts/llama/ablations/episode\predictions_test.csv,compiler
A,Experiment 4,Episode,compiler::lexical_binding::lexical_0077,lexical_binding,0.6850694444444445,0.525,0.1600694444444445,early__all__r16,artifacts/llama/ablations/episode\predictions_test.csv,compiler
A,Experiment 4,Episode,compiler::lexical_binding::lexical_0091,lexical_binding,0.590625,0.590625,0.0,early__all__r16,artifacts/llama/ablations/episode\predictions_test.csv,compiler
A,Experiment 4,Episode,compiler::lexical_binding::lexical_0097,lexical_binding,0.7340277777777778,0.7340277777777778,0.0,early__all__r16,artifacts/llama/ablations/episode\predictions_test.csv,compiler
A,Experiment 4,Episode,compiler::lexical_binding::lexical_0098,lexical_binding,0.7493055555555556,0.6211805555555555,0.12812500000000004,early__all__r16,artifacts/llama/ablations/episode\predictions_test.csv,compiler
A,Experiment 4,Episode,compiler::lexical_binding::lexical_0101,lexical_binding,0.81875,0.81875,0.0,early__all__r16,artifacts/llama/ablations/episode\predictions_test.csv,compiler
A,Experiment 4,Episode,compiler::lexical_binding::lexical_0108,lexical_binding,0.8041666666666667,0.8041666666666667,0.0,early__all__r16,artifacts/llama/ablations/episode\predictions_test.csv,compiler
A,Experiment 4,Episode,compiler::lexical_binding::lexical_0114,lexical_binding,0.8166666666666667,0.6513888888888889,0.16527777777777775,early__all__r16,artifacts/llama/ablations/episode\predictions_test.csv,compiler
A,Experiment 4,Episode,compiler::lexical_binding::lexical_0116,lexical_binding,0.8274305555555556,0.8274305555555556,0.0,early__all__r16,artifacts/llama/ablations/episode\predictions_test.csv,compiler
A,Experiment 4,Episode,compiler::procedural_reasoning::procedural_0007,procedural_reasoning,0.4649305555555555,0.4649305555555555,0.0,middle__all__r16,artifacts/llama/ablations/episode\predictions_test.csv,compiler
A,Experiment 4,Episode,compiler::procedural_reasoning::procedural_0011,procedural_reasoning,0.4628472222222222,0.4628472222222222,0.0,middle__all__r16,artifacts/llama/ablations/episode\predictions_test.csv,compiler
A,Experiment 4,Episode,compiler::procedural_reasoning::procedural_0014,procedural_reasoning,0.4378472222222221,0.4378472222222221,0.0,middle__all__r16,artifacts/llama/ablations/episode\predictions_test.csv,compiler
A,Experiment 4,Episode,compiler::procedural_reasoning::procedural_0015,procedural_reasoning,0.4065972222222221,0.4065972222222221,0.0,middle__all__r16,artifacts/llama/ablations/episode\predictions_test.csv,compiler
A,Experiment 4,Episode,compiler::procedural_reasoning::procedural_0032,procedural_reasoning,0.476736111111111,0.476736111111111,0.0,late__all__r16,artifacts/llama/ablations/episode\predictions_test.csv,compiler
A,Experiment 4,Episode,compiler::procedural_reasoning::procedural_0040,procedural_reasoning,0.4638888888888889,0.4638888888888889,0.0,middle__all__r16,artifacts/llama/ablations/episode\predictions_test.csv,compiler
A,Experiment 4,Episode,compiler::procedural_reasoning::procedural_0043,procedural_reasoning,0.4677083333333333,0.4677083333333333,0.0,middle__all__r16,artifacts/llama/ablations/episode\predictions_test.csv,compiler
A,Experiment 4,Episode,compiler::procedural_reasoning::procedural_0047,procedural_reasoning,0.4229166666666666,0.4229166666666666,0.0,middle__all__r16,artifacts/llama/ablations/episode\predictions_test.csv,compiler
A,Experiment 4,Episode,compiler::procedural_reasoning::procedural_0050,procedural_reasoning,0.4756944444444444,0.4756944444444444,0.0,middle__all__r16,artifacts/llama/ablations/episode\predictions_test.csv,compiler
A,Experiment 4,Episode,compiler::procedural_reasoning::procedural_0057,procedural_reasoning,0.4100694444444444,0.4100694444444444,0.0,middle__all__r16,artifacts/llama/ablations/episode\predictions_test.csv,compiler
A,Experiment 4,Episode,compiler::procedural_reasoning::procedural_0063,procedural_reasoning,0.4656249999999999,0.4656249999999999,0.0,middle__all__r16,artifacts/llama/ablations/episode\predictions_test.csv,compiler
A,Experiment 4,Episode,compiler::procedural_reasoning::procedural_0064,procedural_reasoning,0.423611111111111,0.423611111111111,0.0,middle__all__r16,artifacts/llama/ablations/episode\predictions_test.csv,compiler
A,Experiment 4,Episode,compiler::procedural_reasoning::procedural_0068,procedural_reasoning,0.4350694444444444,0.4350694444444444,0.0,middle__all__r16,artifacts/llama/ablations/episode\predictions_test.csv,compiler
A,Experiment 4,Episode,compiler::procedural_reasoning::procedural_0075,procedural_reasoning,0.4090277777777777,0.4090277777777777,0.0,middle__all__r16,artifacts/llama/ablations/episode\predictions_test.csv,compiler
A,Experiment 4,Episode,compiler::procedural_reasoning::procedural_0077,procedural_reasoning,0.4232638888888889,0.4232638888888889,0.0,middle__all__r16,artifacts/llama/ablations/episode\predictions_test.csv,compiler
A,Experiment 4,Episode,compiler::procedural_reasoning::procedural_0080,procedural_reasoning,0.4774305555555556,0.4774305555555556,0.0,middle__all__r16,artifacts/llama/ablations/episode\predictions_test.csv,compiler
A,Experiment 4,Episode,compiler::procedural_reasoning::procedural_0090,procedural_reasoning,0.4489583333333333,0.4489583333333333,0.0,middle__all__r16,artifacts/llama/ablations/episode\predictions_test.csv,compiler
A,Experiment 4,Episode,compiler::procedural_reasoning::procedural_0091,procedural_reasoning,0.4777777777777777,0.4777777777777777,0.0,middle__all__r16,artifacts/llama/ablations/episode\predictions_test.csv,compiler
A,Experiment 4,Episode,compiler::procedural_reasoning::procedural_0103,procedural_reasoning,0.4763888888888889,0.4350694444444444,0.04131944444444452,late__all__r16,artifacts/llama/ablations/episode\predictions_test.csv,compiler
A,Experiment 4,Episode,compiler::procedural_reasoning::procedural_0110,procedural_reasoning,0.4760416666666667,0.4760416666666667,0.0,middle__all__r16,artifacts/llama/ablations/episode\predictions_test.csv,compiler
A,Experiment 4,Full,compiler::behavioral_policy::behavioral_0000,behavioral_policy,0.75,0.7496527777777778,0.0003472222222221655,late__all__r16,artifacts/llama/prediction\predictions_test.csv,compiler
A,Experiment 4,Full,compiler::behavioral_policy::behavioral_0007,behavioral_policy,0.7472222222222222,0.7472222222222222,0.0,late__all__r16,artifacts/llama/prediction\predictions_test.csv,compiler
A,Experiment 4,Full,compiler::behavioral_policy::behavioral_0019,behavioral_policy,0.75,0.75,0.0,full__all__r4,artifacts/llama/prediction\predictions_test.csv,compiler
A,Experiment 4,Full,compiler::behavioral_policy::behavioral_0024,behavioral_policy,0.7489583333333333,0.7489583333333333,0.0,late__all__r16,artifacts/llama/prediction\predictions_test.csv,compiler
A,Experiment 4,Full,compiler::behavioral_policy::behavioral_0031,behavioral_policy,0.75,0.75,0.0,full__all__r4,artifacts/llama/prediction\predictions_test.csv,compiler
A,Experiment 4,Full,compiler::behavioral_policy::behavioral_0042,behavioral_policy,0.75,0.75,0.0,full__all__r4,artifacts/llama/prediction\predictions_test.csv,compiler
A,Experiment 4,Full,compiler::behavioral_policy::behavioral_0056,behavioral_policy,0.7489583333333333,0.7479166666666667,0.0010416666666666075,late__all__r16,artifacts/llama/prediction\predictions_test.csv,compiler
A,Experiment 4,Full,compiler::behavioral_policy::behavioral_0058,behavioral_policy,0.7586805555555555,0.7586805555555555,0.0,middle__all__r16,artifacts/llama/prediction\predictions_test.csv,compiler
A,Experiment 4,Full,compiler::behavioral_policy::behavioral_0064,behavioral_policy,0.7493055555555556,0.7493055555555556,0.0,late__all__r16,artifacts/llama/prediction\predictions_test.csv,compiler
A,Experiment 4,Full,compiler::behavioral_policy::behavioral_0067,behavioral_policy,0.7472222222222222,0.7472222222222222,0.0,late__all__r16,artifacts/llama/prediction\predictions_test.csv,compiler
A,Experiment 4,Full,compiler::behavioral_policy::behavioral_0071,behavioral_policy,0.7496527777777778,0.7496527777777778,0.0,late__all__r16,artifacts/llama/prediction\predictions_test.csv,compiler
A,Experiment 4,Full,compiler::behavioral_policy::behavioral_0082,behavioral_policy,0.75,0.7486111111111111,0.001388888888888884,late__all__r16,artifacts/llama/prediction\predictions_test.csv,compiler
A,Experiment 4,Full,compiler::behavioral_policy::behavioral_0087,behavioral_policy,0.8156249999999999,0.8156249999999999,0.0,middle__all__r16,artifacts/llama/prediction\predictions_test.csv,compiler
A,Experiment 4,Full,compiler::behavioral_policy::behavioral_0092,behavioral_policy,0.7489583333333333,0.7416666666666667,0.007291666666666585,full__all__r4,artifacts/llama/prediction\predictions_test.csv,compiler
A,Experiment 4,Full,compiler::behavioral_policy::behavioral_0097,behavioral_policy,0.7472222222222222,0.7472222222222222,0.0,late__all__r16,artifacts/llama/prediction\predictions_test.csv,compiler
A,Experiment 4,Full,compiler::behavioral_policy::behavioral_0100,behavioral_policy,0.7489583333333333,0.7489583333333333,0.0,late__all__r16,artifacts/llama/prediction\predictions_test.csv,compiler
A,Experiment 4,Full,compiler::behavioral_policy::behavioral_0104,behavioral_policy,0.7493055555555556,0.7493055555555556,0.0,late__all__r16,artifacts/llama/prediction\predictions_test.csv,compiler
A,Experiment 4,Full,compiler::behavioral_policy::behavioral_0112,behavioral_policy,0.75,0.7486111111111111,0.001388888888888884,late__all__r16,artifacts/llama/prediction\predictions_test.csv,compiler
A,Experiment 4,Full,compiler::behavioral_policy::behavioral_0116,behavioral_policy,0.7489583333333333,0.7479166666666667,0.0010416666666666075,late__all__r16,artifacts/llama/prediction\predictions_test.csv,compiler
A,Experiment 4,Full,compiler::behavioral_policy::behavioral_0118,behavioral_policy,0.7586805555555555,0.7586805555555555,0.0,middle__all__r16,artifacts/llama/prediction\predictions_test.csv,compiler
A,Experiment 4,Full,compiler::causal_mapping::causal_0006,causal_mapping,0.5625,0.5625,0.0,middle__all__r16,artifacts/llama/prediction\predictions_test.csv,compiler
A,Experiment 4,Full,compiler::causal_mapping::causal_0010,causal_mapping,0.4604166666666667,0.4604166666666667,0.0,full__all__r4,artifacts/llama/prediction\predictions_test.csv,compiler
A,Experiment 4,Full,compiler::causal_mapping::causal_0022,causal_mapping,0.5406249999999999,0.486111111111111,0.05451388888888892,late__all__r16,artifacts/llama/prediction\predictions_test.csv,compiler
A,Experiment 4,Full,compiler::causal_mapping::causal_0026,causal_mapping,0.5267361111111111,0.5267361111111111,0.0,middle__all__r16,artifacts/llama/prediction\predictions_test.csv,compiler
A,Experiment 4,Full,compiler::causal_mapping::causal_0027,causal_mapping,0.3583333333333333,0.3583333333333333,0.0,late__all__r16,artifacts/llama/prediction\predictions_test.csv,compiler
A,Experiment 4,Full,compiler::causal_mapping::causal_0034,causal_mapping,0.5003472222222222,0.5003472222222222,0.0,middle__all__r16,artifacts/llama/prediction\predictions_test.csv,compiler
A,Experiment 4,Full,compiler::causal_mapping::causal_0036,causal_mapping,0.5541666666666667,0.5541666666666667,0.0,middle__all__r16,artifacts/llama/prediction\predictions_test.csv,compiler
A,Experiment 4,Full,compiler::causal_mapping::causal_0039,causal_mapping,0.4510416666666667,0.4510416666666667,0.0,middle__all__r16,artifacts/llama/prediction\predictions_test.csv,compiler
A,Experiment 4,Full,compiler::causal_mapping::causal_0044,causal_mapping,0.5357638888888889,0.5357638888888889,0.0,middle__all__r16,artifacts/llama/prediction\predictions_test.csv,compiler
A,Experiment 4,Full,compiler::causal_mapping::causal_0045,causal_mapping,0.6159722222222221,0.5934027777777777,0.02256944444444442,full__all__r4,artifacts/llama/prediction\predictions_test.csv,compiler
A,Experiment 4,Full,compiler::causal_mapping::causal_0047,causal_mapping,0.3583333333333333,0.3583333333333333,0.0,late__all__r16,artifacts/llama/prediction\predictions_test.csv,compiler
A,Experiment 4,Full,compiler::causal_mapping::causal_0053,causal_mapping,0.4836805555555555,0.4836805555555555,0.0,middle__all__r16,artifacts/llama/prediction\predictions_test.csv,compiler
A,Experiment 4,Full,compiler::causal_mapping::causal_0064,causal_mapping,0.5298611111111111,0.5298611111111111,0.0,middle__all__r16,artifacts/llama/prediction\predictions_test.csv,compiler
A,Experiment 4,Full,compiler::causal_mapping::causal_0074,causal_mapping,0.5423611111111111,0.5423611111111111,0.0,middle__all__r16,artifacts/llama/prediction\predictions_test.csv,compiler
A,Experiment 4,Full,compiler::causal_mapping::causal_0077,causal_mapping,0.375,0.375,0.0,late__all__r16,artifacts/llama/prediction\predictions_test.csv,compiler
A,Experiment 4,Full,compiler::causal_mapping::causal_0079,causal_mapping,0.4854166666666666,0.4854166666666666,0.0,middle__all__r16,artifacts/llama/prediction\predictions_test.csv,compiler
A,Experiment 4,Full,compiler::causal_mapping::causal_0089,causal_mapping,0.5076388888888889,0.5076388888888889,0.0,middle__all__r16,artifacts/llama/prediction\predictions_test.csv,compiler
A,Experiment 4,Full,compiler::causal_mapping::causal_0090,causal_mapping,0.4326388888888889,0.4326388888888889,0.0,full__all__r4,artifacts/llama/prediction\predictions_test.csv,compiler
A,Experiment 4,Full,compiler::causal_mapping::causal_0101,causal_mapping,0.7243055555555555,0.7243055555555555,0.0,middle__all__r16,artifacts/llama/prediction\predictions_test.csv,compiler
A,Experiment 4,Full,compiler::causal_mapping::causal_0114,causal_mapping,0.6027777777777777,0.6027777777777777,0.0,middle__all__r16,artifacts/llama/prediction\predictions_test.csv,compiler
A,Experiment 4,Full,compiler::factual_association::factual_0006,factual_association,0.7722222222222221,0.7722222222222221,0.0,middle__all__r16,artifacts/llama/prediction\predictions_test.csv,compiler
A,Experiment 4,Full,compiler::factual_association::factual_0016,factual_association,0.5416666666666667,0.5413194444444445,0.0003472222222222765,late__all__r16,artifacts/llama/prediction\predictions_test.csv,compiler
A,Experiment 4,Full,compiler::factual_association::factual_0018,factual_association,0.5934027777777777,0.5934027777777777,0.0,late__all__r16,artifacts/llama/prediction\predictions_test.csv,compiler
A,Experiment 4,Full,compiler::factual_association::factual_0022,factual_association,0.5694444444444444,0.5545138888888889,0.014930555555555558,late__all__r16,artifacts/llama/prediction\predictions_test.csv,compiler
A,Experiment 4,Full,compiler::factual_association::factual_0024,factual_association,0.5878472222222222,0.5878472222222222,0.0,late__all__r16,artifacts/llama/prediction\predictions_test.csv,compiler
A,Experiment 4,Full,compiler::factual_association::factual_0030,factual_association,0.65625,0.65625,0.0,late__all__r16,artifacts/llama/prediction\predictions_test.csv,compiler
A,Experiment 4,Full,compiler::factual_association::factual_0032,factual_association,0.5413194444444445,0.5378472222222223,0.00347222222222221,early__all__r16,artifacts/llama/prediction\predictions_test.csv,compiler
A,Experiment 4,Full,compiler::factual_association::factual_0044,factual_association,0.5756944444444445,0.54375,0.03194444444444455,full__all__r4,artifacts/llama/prediction\predictions_test.csv,compiler
A,Experiment 4,Full,compiler::factual_association::factual_0048,factual_association,0.6215277777777778,0.6215277777777778,0.0,late__all__r16,artifacts/llama/prediction\predictions_test.csv,compiler
A,Experiment 4,Full,compiler::factual_association::factual_0056,factual_association,0.5402777777777779,0.5395833333333333,0.000694444444444553,full__all__r4,artifacts/llama/prediction\predictions_test.csv,compiler
A,Experiment 4,Full,compiler::factual_association::factual_0078,factual_association,0.6215277777777778,0.6215277777777778,0.0,late__all__r16,artifacts/llama/prediction\predictions_test.csv,compiler
A,Experiment 4,Full,compiler::factual_association::factual_0086,factual_association,0.525,0.525,0.0,early__all__r16,artifacts/llama/prediction\predictions_test.csv,compiler
A,Experiment 4,Full,compiler::factual_association::factual_0087,factual_association,0.6409722222222223,0.6409722222222223,0.0,full__all__r4,artifacts/llama/prediction\predictions_test.csv,compiler
A,Experiment 4,Full,compiler::factual_association::factual_0091,factual_association,0.5416666666666667,0.5416666666666667,0.0,early__all__r16,artifacts/llama/prediction\predictions_test.csv,compiler
A,Experiment 4,Full,compiler::factual_association::factual_0094,factual_association,0.5972222222222222,0.5409722222222222,0.05625000000000002,late__all__r16,artifacts/llama/prediction\predictions_test.csv,compiler
A,Experiment 4,Full,compiler::factual_association::factual_0103,factual_association,0.6145833333333334,0.6145833333333334,0.0,late__all__r16,artifacts/llama/prediction\predictions_test.csv,compiler
A,Experiment 4,Full,compiler::factual_association::factual_0106,factual_association,0.5548611111111111,0.5548611111111111,0.0,full__all__r4,artifacts/llama/prediction\predictions_test.csv,compiler
A,Experiment 4,Full,compiler::factual_association::factual_0108,factual_association,0.6430555555555556,0.6430555555555556,0.0,late__all__r16,artifacts/llama/prediction\predictions_test.csv,compiler
A,Experiment 4,Full,compiler::factual_association::factual_0109,factual_association,0.5381944444444444,0.5277777777777778,0.01041666666666663,full__all__r4,artifacts/llama/prediction\predictions_test.csv,compiler
A,Experiment 4,Full,compiler::factual_association::factual_0115,factual_association,0.5416666666666667,0.5416666666666667,0.0,early__all__r16,artifacts/llama/prediction\predictions_test.csv,compiler
A,Experiment 4,Full,compiler::lexical_binding::lexical_0002,lexical_binding,0.7399305555555556,0.6604166666666667,0.079513888888889,middle__all__r16,artifacts/llama/prediction\predictions_test.csv,compiler
A,Experiment 4,Full,compiler::lexical_binding::lexical_0003,lexical_binding,0.7166666666666667,0.7166666666666667,0.0,early__all__r16,artifacts/llama/prediction\predictions_test.csv,compiler
A,Experiment 4,Full,compiler::lexical_binding::lexical_0004,lexical_binding,0.85625,0.7197916666666666,0.13645833333333335,full__all__r4,artifacts/llama/prediction\predictions_test.csv,compiler
A,Experiment 4,Full,compiler::lexical_binding::lexical_0006,lexical_binding,0.8920138888888889,0.8465277777777778,0.045486111111111116,early__all__r16,artifacts/llama/prediction\predictions_test.csv,compiler
A,Experiment 4,Full,compiler::lexical_binding::lexical_0014,lexical_binding,0.9569444444444444,0.9569444444444444,0.0,early__all__r16,artifacts/llama/prediction\predictions_test.csv,compiler
A,Experiment 4,Full,compiler::lexical_binding::lexical_0032,lexical_binding,0.6940972222222223,0.5322916666666666,0.16180555555555565,early__all__r16,artifacts/llama/prediction\predictions_test.csv,compiler
A,Experiment 4,Full,compiler::lexical_binding::lexical_0038,lexical_binding,0.9083333333333332,0.9083333333333332,0.0,early__all__r16,artifacts/llama/prediction\predictions_test.csv,compiler
A,Experiment 4,Full,compiler::lexical_binding::lexical_0040,lexical_binding,0.8340277777777778,0.8340277777777778,0.0,early__all__r16,artifacts/llama/prediction\predictions_test.csv,compiler
A,Experiment 4,Full,compiler::lexical_binding::lexical_0050,lexical_binding,0.7309027777777778,0.7309027777777778,0.0,middle__all__r16,artifacts/llama/prediction\predictions_test.csv,compiler
A,Experiment 4,Full,compiler::lexical_binding::lexical_0056,lexical_binding,0.7496527777777778,0.7496527777777778,0.0,early__all__r16,artifacts/llama/prediction\predictions_test.csv,compiler
A,Experiment 4,Full,compiler::lexical_binding::lexical_0062,lexical_binding,0.8243055555555555,0.8243055555555555,0.0,early__all__r16,artifacts/llama/prediction\predictions_test.csv,compiler
A,Experiment 4,Full,compiler::lexical_binding::lexical_0073,lexical_binding,0.8659722222222223,0.8659722222222223,0.0,early__all__r16,artifacts/llama/prediction\predictions_test.csv,compiler
A,Experiment 4,Full,compiler::lexical_binding::lexical_0077,lexical_binding,0.6850694444444445,0.525,0.1600694444444445,early__all__r16,artifacts/llama/prediction\predictions_test.csv,compiler
A,Experiment 4,Full,compiler::lexical_binding::lexical_0091,lexical_binding,0.590625,0.590625,0.0,early__all__r16,artifacts/llama/prediction\predictions_test.csv,compiler
A,Experiment 4,Full,compiler::lexical_binding::lexical_0097,lexical_binding,0.7340277777777778,0.7340277777777778,0.0,early__all__r16,artifacts/llama/prediction\predictions_test.csv,compiler
A,Experiment 4,Full,compiler::lexical_binding::lexical_0098,lexical_binding,0.7493055555555556,0.6211805555555555,0.12812500000000004,early__all__r16,artifacts/llama/prediction\predictions_test.csv,compiler
A,Experiment 4,Full,compiler::lexical_binding::lexical_0101,lexical_binding,0.81875,0.81875,0.0,early__all__r16,artifacts/llama/prediction\predictions_test.csv,compiler
A,Experiment 4,Full,compiler::lexical_binding::lexical_0108,lexical_binding,0.8041666666666667,0.8041666666666667,0.0,early__all__r16,artifacts/llama/prediction\predictions_test.csv,compiler
A,Experiment 4,Full,compiler::lexical_binding::lexical_0114,lexical_binding,0.8166666666666667,0.6513888888888889,0.16527777777777775,early__all__r16,artifacts/llama/prediction\predictions_test.csv,compiler
A,Experiment 4,Full,compiler::lexical_binding::lexical_0116,lexical_binding,0.8274305555555556,0.8274305555555556,0.0,early__all__r16,artifacts/llama/prediction\predictions_test.csv,compiler
A,Experiment 4,Full,compiler::procedural_reasoning::procedural_0007,procedural_reasoning,0.4649305555555555,0.4649305555555555,0.0,middle__all__r16,artifacts/llama/prediction\predictions_test.csv,compiler
A,Experiment 4,Full,compiler::procedural_reasoning::procedural_0011,procedural_reasoning,0.4628472222222222,0.4628472222222222,0.0,middle__all__r16,artifacts/llama/prediction\predictions_test.csv,compiler
A,Experiment 4,Full,compiler::procedural_reasoning::procedural_0014,procedural_reasoning,0.4378472222222221,0.4378472222222221,0.0,middle__all__r16,artifacts/llama/prediction\predictions_test.csv,compiler
A,Experiment 4,Full,compiler::procedural_reasoning::procedural_0015,procedural_reasoning,0.4065972222222221,0.4065972222222221,0.0,middle__all__r16,artifacts/llama/prediction\predictions_test.csv,compiler
A,Experiment 4,Full,compiler::procedural_reasoning::procedural_0032,procedural_reasoning,0.476736111111111,0.476736111111111,0.0,late__all__r16,artifacts/llama/prediction\predictions_test.csv,compiler
A,Experiment 4,Full,compiler::procedural_reasoning::procedural_0040,procedural_reasoning,0.4638888888888889,0.4638888888888889,0.0,middle__all__r16,artifacts/llama/prediction\predictions_test.csv,compiler
A,Experiment 4,Full,compiler::procedural_reasoning::procedural_0043,procedural_reasoning,0.4677083333333333,0.4677083333333333,0.0,middle__all__r16,artifacts/llama/prediction\predictions_test.csv,compiler
A,Experiment 4,Full,compiler::procedural_reasoning::procedural_0047,procedural_reasoning,0.4229166666666666,0.4229166666666666,0.0,middle__all__r16,artifacts/llama/prediction\predictions_test.csv,compiler
A,Experiment 4,Full,compiler::procedural_reasoning::procedural_0050,procedural_reasoning,0.4756944444444444,0.4756944444444444,0.0,middle__all__r16,artifacts/llama/prediction\predictions_test.csv,compiler
A,Experiment 4,Full,compiler::procedural_reasoning::procedural_0057,procedural_reasoning,0.4100694444444444,0.4100694444444444,0.0,middle__all__r16,artifacts/llama/prediction\predictions_test.csv,compiler
A,Experiment 4,Full,compiler::procedural_reasoning::procedural_0063,procedural_reasoning,0.4656249999999999,0.4656249999999999,0.0,middle__all__r16,artifacts/llama/prediction\predictions_test.csv,compiler
A,Experiment 4,Full,compiler::procedural_reasoning::procedural_0064,procedural_reasoning,0.423611111111111,0.423611111111111,0.0,middle__all__r16,artifacts/llama/prediction\predictions_test.csv,compiler
A,Experiment 4,Full,compiler::procedural_reasoning::procedural_0068,procedural_reasoning,0.4350694444444444,0.3934027777777777,0.041666666666666685,late__all__r16,artifacts/llama/prediction\predictions_test.csv,compiler
A,Experiment 4,Full,compiler::procedural_reasoning::procedural_0075,procedural_reasoning,0.4090277777777777,0.4090277777777777,0.0,middle__all__r16,artifacts/llama/prediction\predictions_test.csv,compiler
A,Experiment 4,Full,compiler::procedural_reasoning::procedural_0077,procedural_reasoning,0.4232638888888889,0.4232638888888889,0.0,middle__all__r16,artifacts/llama/prediction\predictions_test.csv,compiler
A,Experiment 4,Full,compiler::procedural_reasoning::procedural_0080,procedural_reasoning,0.4774305555555556,0.4774305555555556,0.0,middle__all__r16,artifacts/llama/prediction\predictions_test.csv,compiler
A,Experiment 4,Full,compiler::procedural_reasoning::procedural_0090,procedural_reasoning,0.4489583333333333,0.4489583333333333,0.0,middle__all__r16,artifacts/llama/prediction\predictions_test.csv,compiler
A,Experiment 4,Full,compiler::procedural_reasoning::procedural_0091,procedural_reasoning,0.4777777777777777,0.4777777777777777,0.0,middle__all__r16,artifacts/llama/prediction\predictions_test.csv,compiler
A,Experiment 4,Full,compiler::procedural_reasoning::procedural_0103,procedural_reasoning,0.4763888888888889,0.4763888888888889,0.0,middle__all__r16,artifacts/llama/prediction\predictions_test.csv,compiler
A,Experiment 4,Full,compiler::procedural_reasoning::procedural_0110,procedural_reasoning,0.4760416666666667,0.4760416666666667,0.0,middle__all__r16,artifacts/llama/prediction\predictions_test.csv,compiler
A,Experiment 4,Module probes,compiler::behavioral_policy::behavioral_0000,behavioral_policy,0.75,0.7496527777777778,0.0003472222222221655,late__all__r16,artifacts/llama/ablations/module_probes\predictions_test.csv,compiler
A,Experiment 4,Module probes,compiler::behavioral_policy::behavioral_0007,behavioral_policy,0.7472222222222222,0.7472222222222222,0.0,late__all__r16,artifacts/llama/ablations/module_probes\predictions_test.csv,compiler
A,Experiment 4,Module probes,compiler::behavioral_policy::behavioral_0019,behavioral_policy,0.75,0.7496527777777778,0.0003472222222221655,late__all__r16,artifacts/llama/ablations/module_probes\predictions_test.csv,compiler
A,Experiment 4,Module probes,compiler::behavioral_policy::behavioral_0024,behavioral_policy,0.7489583333333333,0.7489583333333333,0.0,late__all__r16,artifacts/llama/ablations/module_probes\predictions_test.csv,compiler
A,Experiment 4,Module probes,compiler::behavioral_policy::behavioral_0031,behavioral_policy,0.75,0.75,0.0,full__all__r4,artifacts/llama/ablations/module_probes\predictions_test.csv,compiler
A,Experiment 4,Module probes,compiler::behavioral_policy::behavioral_0042,behavioral_policy,0.75,0.75,0.0,full__all__r4,artifacts/llama/ablations/module_probes\predictions_test.csv,compiler
A,Experiment 4,Module probes,compiler::behavioral_policy::behavioral_0056,behavioral_policy,0.7489583333333333,0.7489583333333333,0.0,full__all__r4,artifacts/llama/ablations/module_probes\predictions_test.csv,compiler
A,Experiment 4,Module probes,compiler::behavioral_policy::behavioral_0058,behavioral_policy,0.7586805555555555,0.7586805555555555,0.0,middle__all__r16,artifacts/llama/ablations/module_probes\predictions_test.csv,compiler
A,Experiment 4,Module probes,compiler::behavioral_policy::behavioral_0064,behavioral_policy,0.7493055555555556,0.7493055555555556,0.0,late__all__r16,artifacts/llama/ablations/module_probes\predictions_test.csv,compiler
A,Experiment 4,Module probes,compiler::behavioral_policy::behavioral_0067,behavioral_policy,0.7472222222222222,0.7472222222222222,0.0,late__all__r16,artifacts/llama/ablations/module_probes\predictions_test.csv,compiler
A,Experiment 4,Module probes,compiler::behavioral_policy::behavioral_0071,behavioral_policy,0.7496527777777778,0.7496527777777778,0.0,late__all__r16,artifacts/llama/ablations/module_probes\predictions_test.csv,compiler
A,Experiment 4,Module probes,compiler::behavioral_policy::behavioral_0082,behavioral_policy,0.75,0.7486111111111111,0.001388888888888884,late__all__r16,artifacts/llama/ablations/module_probes\predictions_test.csv,compiler
A,Experiment 4,Module probes,compiler::behavioral_policy::behavioral_0087,behavioral_policy,0.8156249999999999,0.8156249999999999,0.0,middle__all__r16,artifacts/llama/ablations/module_probes\predictions_test.csv,compiler
A,Experiment 4,Module probes,compiler::behavioral_policy::behavioral_0092,behavioral_policy,0.7489583333333333,0.7416666666666667,0.007291666666666585,full__all__r4,artifacts/llama/ablations/module_probes\predictions_test.csv,compiler
A,Experiment 4,Module probes,compiler::behavioral_policy::behavioral_0097,behavioral_policy,0.7472222222222222,0.7472222222222222,0.0,late__all__r16,artifacts/llama/ablations/module_probes\predictions_test.csv,compiler
A,Experiment 4,Module probes,compiler::behavioral_policy::behavioral_0100,behavioral_policy,0.7489583333333333,0.7489583333333333,0.0,late__all__r16,artifacts/llama/ablations/module_probes\predictions_test.csv,compiler
A,Experiment 4,Module probes,compiler::behavioral_policy::behavioral_0104,behavioral_policy,0.7493055555555556,0.7493055555555556,0.0,late__all__r16,artifacts/llama/ablations/module_probes\predictions_test.csv,compiler
A,Experiment 4,Module probes,compiler::behavioral_policy::behavioral_0112,behavioral_policy,0.75,0.7486111111111111,0.001388888888888884,late__all__r16,artifacts/llama/ablations/module_probes\predictions_test.csv,compiler
A,Experiment 4,Module probes,compiler::behavioral_policy::behavioral_0116,behavioral_policy,0.7489583333333333,0.7489583333333333,0.0,full__all__r4,artifacts/llama/ablations/module_probes\predictions_test.csv,compiler
A,Experiment 4,Module probes,compiler::behavioral_policy::behavioral_0118,behavioral_policy,0.7586805555555555,0.7586805555555555,0.0,middle__all__r16,artifacts/llama/ablations/module_probes\predictions_test.csv,compiler
A,Experiment 4,Module probes,compiler::causal_mapping::causal_0006,causal_mapping,0.5625,0.5625,0.0,middle__all__r16,artifacts/llama/ablations/module_probes\predictions_test.csv,compiler
A,Experiment 4,Module probes,compiler::causal_mapping::causal_0010,causal_mapping,0.4604166666666667,0.4604166666666667,0.0,full__all__r4,artifacts/llama/ablations/module_probes\predictions_test.csv,compiler
A,Experiment 4,Module probes,compiler::causal_mapping::causal_0022,causal_mapping,0.5406249999999999,0.515625,0.02499999999999991,full__all__r4,artifacts/llama/ablations/module_probes\predictions_test.csv,compiler
A,Experiment 4,Module probes,compiler::causal_mapping::causal_0026,causal_mapping,0.5267361111111111,0.5267361111111111,0.0,middle__all__r16,artifacts/llama/ablations/module_probes\predictions_test.csv,compiler
A,Experiment 4,Module probes,compiler::causal_mapping::causal_0027,causal_mapping,0.3583333333333333,0.3583333333333333,0.0,late__all__r16,artifacts/llama/ablations/module_probes\predictions_test.csv,compiler
A,Experiment 4,Module probes,compiler::causal_mapping::causal_0034,causal_mapping,0.5003472222222222,0.5003472222222222,0.0,middle__all__r16,artifacts/llama/ablations/module_probes\predictions_test.csv,compiler
A,Experiment 4,Module probes,compiler::causal_mapping::causal_0036,causal_mapping,0.5541666666666667,0.5541666666666667,0.0,middle__all__r16,artifacts/llama/ablations/module_probes\predictions_test.csv,compiler
A,Experiment 4,Module probes,compiler::causal_mapping::causal_0039,causal_mapping,0.4510416666666667,0.4510416666666667,0.0,middle__all__r16,artifacts/llama/ablations/module_probes\predictions_test.csv,compiler
A,Experiment 4,Module probes,compiler::causal_mapping::causal_0044,causal_mapping,0.5357638888888889,0.5357638888888889,0.0,middle__all__r16,artifacts/llama/ablations/module_probes\predictions_test.csv,compiler
A,Experiment 4,Module probes,compiler::causal_mapping::causal_0045,causal_mapping,0.6159722222222221,0.6159722222222221,0.0,middle__all__r16,artifacts/llama/ablations/module_probes\predictions_test.csv,compiler
A,Experiment 4,Module probes,compiler::causal_mapping::causal_0047,causal_mapping,0.3583333333333333,0.3027777777777777,0.05555555555555558,middle__all__r16,artifacts/llama/ablations/module_probes\predictions_test.csv,compiler
A,Experiment 4,Module probes,compiler::causal_mapping::causal_0053,causal_mapping,0.4836805555555555,0.4836805555555555,0.0,middle__all__r16,artifacts/llama/ablations/module_probes\predictions_test.csv,compiler
A,Experiment 4,Module probes,compiler::causal_mapping::causal_0064,causal_mapping,0.5298611111111111,0.5263888888888889,0.00347222222222221,full__all__r4,artifacts/llama/ablations/module_probes\predictions_test.csv,compiler
A,Experiment 4,Module probes,compiler::causal_mapping::causal_0074,causal_mapping,0.5423611111111111,0.5423611111111111,0.0,middle__all__r16,artifacts/llama/ablations/module_probes\predictions_test.csv,compiler
A,Experiment 4,Module probes,compiler::causal_mapping::causal_0077,causal_mapping,0.375,0.275,0.09999999999999998,full__all__r4,artifacts/llama/ablations/module_probes\predictions_test.csv,compiler
A,Experiment 4,Module probes,compiler::causal_mapping::causal_0079,causal_mapping,0.4854166666666666,0.4854166666666666,0.0,middle__all__r16,artifacts/llama/ablations/module_probes\predictions_test.csv,compiler
A,Experiment 4,Module probes,compiler::causal_mapping::causal_0089,causal_mapping,0.5076388888888889,0.5076388888888889,0.0,middle__all__r16,artifacts/llama/ablations/module_probes\predictions_test.csv,compiler
A,Experiment 4,Module probes,compiler::causal_mapping::causal_0090,causal_mapping,0.4326388888888889,0.4326388888888889,0.0,full__all__r4,artifacts/llama/ablations/module_probes\predictions_test.csv,compiler
A,Experiment 4,Module probes,compiler::causal_mapping::causal_0101,causal_mapping,0.7243055555555555,0.7243055555555555,0.0,middle__all__r16,artifacts/llama/ablations/module_probes\predictions_test.csv,compiler
A,Experiment 4,Module probes,compiler::causal_mapping::causal_0114,causal_mapping,0.6027777777777777,0.6027777777777777,0.0,middle__all__r16,artifacts/llama/ablations/module_probes\predictions_test.csv,compiler
A,Experiment 4,Module probes,compiler::factual_association::factual_0006,factual_association,0.7722222222222221,0.7722222222222221,0.0,middle__all__r16,artifacts/llama/ablations/module_probes\predictions_test.csv,compiler
A,Experiment 4,Module probes,compiler::factual_association::factual_0016,factual_association,0.5416666666666667,0.5413194444444445,0.0003472222222222765,early__all__r16,artifacts/llama/ablations/module_probes\predictions_test.csv,compiler
A,Experiment 4,Module probes,compiler::factual_association::factual_0018,factual_association,0.5934027777777777,0.5236111111111111,0.06979166666666659,early__all__r16,artifacts/llama/ablations/module_probes\predictions_test.csv,compiler
A,Experiment 4,Module probes,compiler::factual_association::factual_0022,factual_association,0.5694444444444444,0.5545138888888889,0.014930555555555558,late__all__r16,artifacts/llama/ablations/module_probes\predictions_test.csv,compiler
A,Experiment 4,Module probes,compiler::factual_association::factual_0024,factual_association,0.5878472222222222,0.538888888888889,0.048958333333333215,early__all__r16,artifacts/llama/ablations/module_probes\predictions_test.csv,compiler
A,Experiment 4,Module probes,compiler::factual_association::factual_0030,factual_association,0.65625,0.65625,0.0,late__all__r16,artifacts/llama/ablations/module_probes\predictions_test.csv,compiler
A,Experiment 4,Module probes,compiler::factual_association::factual_0032,factual_association,0.5413194444444445,0.5413194444444445,0.0,full__all__r4,artifacts/llama/ablations/module_probes\predictions_test.csv,compiler
A,Experiment 4,Module probes,compiler::factual_association::factual_0044,factual_association,0.5756944444444445,0.5291666666666667,0.046527777777777835,early__all__r16,artifacts/llama/ablations/module_probes\predictions_test.csv,compiler
A,Experiment 4,Module probes,compiler::factual_association::factual_0048,factual_association,0.6215277777777778,0.5232638888888889,0.09826388888888893,early__all__r16,artifacts/llama/ablations/module_probes\predictions_test.csv,compiler
A,Experiment 4,Module probes,compiler::factual_association::factual_0056,factual_association,0.5402777777777779,0.5395833333333333,0.000694444444444553,full__all__r4,artifacts/llama/ablations/module_probes\predictions_test.csv,compiler
A,Experiment 4,Module probes,compiler::factual_association::factual_0078,factual_association,0.6215277777777778,0.5232638888888889,0.09826388888888893,early__all__r16,artifacts/llama/ablations/module_probes\predictions_test.csv,compiler
A,Experiment 4,Module probes,compiler::factual_association::factual_0086,factual_association,0.525,0.525,0.0,early__all__r16,artifacts/llama/ablations/module_probes\predictions_test.csv,compiler
A,Experiment 4,Module probes,compiler::factual_association::factual_0087,factual_association,0.6409722222222223,0.6409722222222223,0.0,full__all__r4,artifacts/llama/ablations/module_probes\predictions_test.csv,compiler
A,Experiment 4,Module probes,compiler::factual_association::factual_0091,factual_association,0.5416666666666667,0.5131944444444444,0.028472222222222343,middle__all__r16,artifacts/llama/ablations/module_probes\predictions_test.csv,compiler
A,Experiment 4,Module probes,compiler::factual_association::factual_0094,factual_association,0.5972222222222222,0.5409722222222222,0.05625000000000002,late__all__r16,artifacts/llama/ablations/module_probes\predictions_test.csv,compiler
A,Experiment 4,Module probes,compiler::factual_association::factual_0103,factual_association,0.6145833333333334,0.6145833333333334,0.0,late__all__r16,artifacts/llama/ablations/module_probes\predictions_test.csv,compiler
A,Experiment 4,Module probes,compiler::factual_association::factual_0106,factual_association,0.5548611111111111,0.5548611111111111,0.0,full__all__r4,artifacts/llama/ablations/module_probes\predictions_test.csv,compiler
A,Experiment 4,Module probes,compiler::factual_association::factual_0108,factual_association,0.6430555555555556,0.6430555555555556,0.0,late__all__r16,artifacts/llama/ablations/module_probes\predictions_test.csv,compiler
A,Experiment 4,Module probes,compiler::factual_association::factual_0109,factual_association,0.5381944444444444,0.5381944444444444,0.0,early__all__r16,artifacts/llama/ablations/module_probes\predictions_test.csv,compiler
A,Experiment 4,Module probes,compiler::factual_association::factual_0115,factual_association,0.5416666666666667,0.5319444444444444,0.009722222222222299,late__all__r16,artifacts/llama/ablations/module_probes\predictions_test.csv,compiler
A,Experiment 4,Module probes,compiler::lexical_binding::lexical_0002,lexical_binding,0.7399305555555556,0.6604166666666667,0.079513888888889,middle__all__r16,artifacts/llama/ablations/module_probes\predictions_test.csv,compiler
A,Experiment 4,Module probes,compiler::lexical_binding::lexical_0003,lexical_binding,0.7166666666666667,0.7166666666666667,0.0,early__all__r16,artifacts/llama/ablations/module_probes\predictions_test.csv,compiler
A,Experiment 4,Module probes,compiler::lexical_binding::lexical_0004,lexical_binding,0.85625,0.85625,0.0,early__all__r16,artifacts/llama/ablations/module_probes\predictions_test.csv,compiler
A,Experiment 4,Module probes,compiler::lexical_binding::lexical_0006,lexical_binding,0.8920138888888889,0.8465277777777778,0.045486111111111116,early__all__r16,artifacts/llama/ablations/module_probes\predictions_test.csv,compiler
A,Experiment 4,Module probes,compiler::lexical_binding::lexical_0014,lexical_binding,0.9569444444444444,0.9569444444444444,0.0,early__all__r16,artifacts/llama/ablations/module_probes\predictions_test.csv,compiler
A,Experiment 4,Module probes,compiler::lexical_binding::lexical_0032,lexical_binding,0.6940972222222223,0.5322916666666666,0.16180555555555565,early__all__r16,artifacts/llama/ablations/module_probes\predictions_test.csv,compiler
A,Experiment 4,Module probes,compiler::lexical_binding::lexical_0038,lexical_binding,0.9083333333333332,0.9083333333333332,0.0,early__all__r16,artifacts/llama/ablations/module_probes\predictions_test.csv,compiler
A,Experiment 4,Module probes,compiler::lexical_binding::lexical_0040,lexical_binding,0.8340277777777778,0.8340277777777778,0.0,early__all__r16,artifacts/llama/ablations/module_probes\predictions_test.csv,compiler
A,Experiment 4,Module probes,compiler::lexical_binding::lexical_0050,lexical_binding,0.7309027777777778,0.7309027777777778,0.0,middle__all__r16,artifacts/llama/ablations/module_probes\predictions_test.csv,compiler
A,Experiment 4,Module probes,compiler::lexical_binding::lexical_0056,lexical_binding,0.7496527777777778,0.7496527777777778,0.0,early__all__r16,artifacts/llama/ablations/module_probes\predictions_test.csv,compiler
A,Experiment 4,Module probes,compiler::lexical_binding::lexical_0062,lexical_binding,0.8243055555555555,0.8243055555555555,0.0,early__all__r16,artifacts/llama/ablations/module_probes\predictions_test.csv,compiler
A,Experiment 4,Module probes,compiler::lexical_binding::lexical_0073,lexical_binding,0.8659722222222223,0.8659722222222223,0.0,early__all__r16,artifacts/llama/ablations/module_probes\predictions_test.csv,compiler
A,Experiment 4,Module probes,compiler::lexical_binding::lexical_0077,lexical_binding,0.6850694444444445,0.525,0.1600694444444445,early__all__r16,artifacts/llama/ablations/module_probes\predictions_test.csv,compiler
A,Experiment 4,Module probes,compiler::lexical_binding::lexical_0091,lexical_binding,0.590625,0.590625,0.0,early__all__r16,artifacts/llama/ablations/module_probes\predictions_test.csv,compiler
A,Experiment 4,Module probes,compiler::lexical_binding::lexical_0097,lexical_binding,0.7340277777777778,0.7340277777777778,0.0,early__all__r16,artifacts/llama/ablations/module_probes\predictions_test.csv,compiler
A,Experiment 4,Module probes,compiler::lexical_binding::lexical_0098,lexical_binding,0.7493055555555556,0.6211805555555555,0.12812500000000004,early__all__r16,artifacts/llama/ablations/module_probes\predictions_test.csv,compiler
A,Experiment 4,Module probes,compiler::lexical_binding::lexical_0101,lexical_binding,0.81875,0.81875,0.0,early__all__r16,artifacts/llama/ablations/module_probes\predictions_test.csv,compiler
A,Experiment 4,Module probes,compiler::lexical_binding::lexical_0108,lexical_binding,0.8041666666666667,0.8041666666666667,0.0,early__all__r16,artifacts/llama/ablations/module_probes\predictions_test.csv,compiler
A,Experiment 4,Module probes,compiler::lexical_binding::lexical_0114,lexical_binding,0.8166666666666667,0.6513888888888889,0.16527777777777775,early__all__r16,artifacts/llama/ablations/module_probes\predictions_test.csv,compiler
A,Experiment 4,Module probes,compiler::lexical_binding::lexical_0116,lexical_binding,0.8274305555555556,0.8274305555555556,0.0,early__all__r16,artifacts/llama/ablations/module_probes\predictions_test.csv,compiler
A,Experiment 4,Module probes,compiler::procedural_reasoning::procedural_0007,procedural_reasoning,0.4649305555555555,0.4649305555555555,0.0,middle__all__r16,artifacts/llama/ablations/module_probes\predictions_test.csv,compiler
A,Experiment 4,Module probes,compiler::procedural_reasoning::procedural_0011,procedural_reasoning,0.4628472222222222,0.4628472222222222,0.0,middle__all__r16,artifacts/llama/ablations/module_probes\predictions_test.csv,compiler
A,Experiment 4,Module probes,compiler::procedural_reasoning::procedural_0014,procedural_reasoning,0.4378472222222221,0.4378472222222221,0.0,middle__all__r16,artifacts/llama/ablations/module_probes\predictions_test.csv,compiler
A,Experiment 4,Module probes,compiler::procedural_reasoning::procedural_0015,procedural_reasoning,0.4065972222222221,0.4065972222222221,0.0,middle__all__r16,artifacts/llama/ablations/module_probes\predictions_test.csv,compiler
A,Experiment 4,Module probes,compiler::procedural_reasoning::procedural_0032,procedural_reasoning,0.476736111111111,0.476736111111111,0.0,late__all__r16,artifacts/llama/ablations/module_probes\predictions_test.csv,compiler
A,Experiment 4,Module probes,compiler::procedural_reasoning::procedural_0040,procedural_reasoning,0.4638888888888889,0.4638888888888889,0.0,middle__all__r16,artifacts/llama/ablations/module_probes\predictions_test.csv,compiler
A,Experiment 4,Module probes,compiler::procedural_reasoning::procedural_0043,procedural_reasoning,0.4677083333333333,0.4677083333333333,0.0,middle__all__r16,artifacts/llama/ablations/module_probes\predictions_test.csv,compiler
A,Experiment 4,Module probes,compiler::procedural_reasoning::procedural_0047,procedural_reasoning,0.4229166666666666,0.4229166666666666,0.0,middle__all__r16,artifacts/llama/ablations/module_probes\predictions_test.csv,compiler
A,Experiment 4,Module probes,compiler::procedural_reasoning::procedural_0050,procedural_reasoning,0.4756944444444444,0.4756944444444444,0.0,middle__all__r16,artifacts/llama/ablations/module_probes\predictions_test.csv,compiler
A,Experiment 4,Module probes,compiler::procedural_reasoning::procedural_0057,procedural_reasoning,0.4100694444444444,0.4100694444444444,0.0,middle__all__r16,artifacts/llama/ablations/module_probes\predictions_test.csv,compiler
A,Experiment 4,Module probes,compiler::procedural_reasoning::procedural_0063,procedural_reasoning,0.4656249999999999,0.4656249999999999,0.0,middle__all__r16,artifacts/llama/ablations/module_probes\predictions_test.csv,compiler
A,Experiment 4,Module probes,compiler::procedural_reasoning::procedural_0064,procedural_reasoning,0.423611111111111,0.423611111111111,0.0,middle__all__r16,artifacts/llama/ablations/module_probes\predictions_test.csv,compiler
A,Experiment 4,Module probes,compiler::procedural_reasoning::procedural_0068,procedural_reasoning,0.4350694444444444,0.4350694444444444,0.0,middle__all__r16,artifacts/llama/ablations/module_probes\predictions_test.csv,compiler
A,Experiment 4,Module probes,compiler::procedural_reasoning::procedural_0075,procedural_reasoning,0.4090277777777777,0.4090277777777777,0.0,middle__all__r16,artifacts/llama/ablations/module_probes\predictions_test.csv,compiler
A,Experiment 4,Module probes,compiler::procedural_reasoning::procedural_0077,procedural_reasoning,0.4232638888888889,0.4232638888888889,0.0,middle__all__r16,artifacts/llama/ablations/module_probes\predictions_test.csv,compiler
A,Experiment 4,Module probes,compiler::procedural_reasoning::procedural_0080,procedural_reasoning,0.4774305555555556,0.4774305555555556,0.0,middle__all__r16,artifacts/llama/ablations/module_probes\predictions_test.csv,compiler
A,Experiment 4,Module probes,compiler::procedural_reasoning::procedural_0090,procedural_reasoning,0.4489583333333333,0.4489583333333333,0.0,middle__all__r16,artifacts/llama/ablations/module_probes\predictions_test.csv,compiler
A,Experiment 4,Module probes,compiler::procedural_reasoning::procedural_0091,procedural_reasoning,0.4777777777777777,0.4777777777777777,0.0,middle__all__r16,artifacts/llama/ablations/module_probes\predictions_test.csv,compiler
A,Experiment 4,Module probes,compiler::procedural_reasoning::procedural_0103,procedural_reasoning,0.4763888888888889,0.4763888888888889,0.0,middle__all__r16,artifacts/llama/ablations/module_probes\predictions_test.csv,compiler
A,Experiment 4,Module probes,compiler::procedural_reasoning::procedural_0110,procedural_reasoning,0.4760416666666667,0.4760416666666667,0.0,middle__all__r16,artifacts/llama/ablations/module_probes\predictions_test.csv,compiler
A,Experiment 4,Frozen behavior,compiler::behavioral_policy::behavioral_0000,behavioral_policy,0.75,0.7496527777777778,0.0003472222222221655,late__all__r16,artifacts/llama/ablations/frozen_behavior\predictions_test.csv,compiler
A,Experiment 4,Frozen behavior,compiler::behavioral_policy::behavioral_0007,behavioral_policy,0.7472222222222222,0.7472222222222222,0.0,late__all__r16,artifacts/llama/ablations/frozen_behavior\predictions_test.csv,compiler
A,Experiment 4,Frozen behavior,compiler::behavioral_policy::behavioral_0019,behavioral_policy,0.75,0.75,0.0,full__all__r4,artifacts/llama/ablations/frozen_behavior\predictions_test.csv,compiler
A,Experiment 4,Frozen behavior,compiler::behavioral_policy::behavioral_0024,behavioral_policy,0.7489583333333333,0.7489583333333333,0.0,late__all__r16,artifacts/llama/ablations/frozen_behavior\predictions_test.csv,compiler
A,Experiment 4,Frozen behavior,compiler::behavioral_policy::behavioral_0031,behavioral_policy,0.75,0.75,0.0,full__all__r4,artifacts/llama/ablations/frozen_behavior\predictions_test.csv,compiler
A,Experiment 4,Frozen behavior,compiler::behavioral_policy::behavioral_0042,behavioral_policy,0.75,0.75,0.0,full__all__r4,artifacts/llama/ablations/frozen_behavior\predictions_test.csv,compiler
A,Experiment 4,Frozen behavior,compiler::behavioral_policy::behavioral_0056,behavioral_policy,0.7489583333333333,0.7451388888888889,0.0038194444444443754,middle__all__r16,artifacts/llama/ablations/frozen_behavior\predictions_test.csv,compiler
A,Experiment 4,Frozen behavior,compiler::behavioral_policy::behavioral_0058,behavioral_policy,0.7586805555555555,0.7586805555555555,0.0,middle__all__r16,artifacts/llama/ablations/frozen_behavior\predictions_test.csv,compiler
A,Experiment 4,Frozen behavior,compiler::behavioral_policy::behavioral_0064,behavioral_policy,0.7493055555555556,0.7493055555555556,0.0,late__all__r16,artifacts/llama/ablations/frozen_behavior\predictions_test.csv,compiler
A,Experiment 4,Frozen behavior,compiler::behavioral_policy::behavioral_0067,behavioral_policy,0.7472222222222222,0.7472222222222222,0.0,late__all__r16,artifacts/llama/ablations/frozen_behavior\predictions_test.csv,compiler
A,Experiment 4,Frozen behavior,compiler::behavioral_policy::behavioral_0071,behavioral_policy,0.7496527777777778,0.7496527777777778,0.0,late__all__r16,artifacts/llama/ablations/frozen_behavior\predictions_test.csv,compiler
A,Experiment 4,Frozen behavior,compiler::behavioral_policy::behavioral_0082,behavioral_policy,0.75,0.7486111111111111,0.001388888888888884,late__all__r16,artifacts/llama/ablations/frozen_behavior\predictions_test.csv,compiler
A,Experiment 4,Frozen behavior,compiler::behavioral_policy::behavioral_0087,behavioral_policy,0.8156249999999999,0.8156249999999999,0.0,middle__all__r16,artifacts/llama/ablations/frozen_behavior\predictions_test.csv,compiler
A,Experiment 4,Frozen behavior,compiler::behavioral_policy::behavioral_0092,behavioral_policy,0.7489583333333333,0.7416666666666667,0.007291666666666585,full__all__r4,artifacts/llama/ablations/frozen_behavior\predictions_test.csv,compiler
A,Experiment 4,Frozen behavior,compiler::behavioral_policy::behavioral_0097,behavioral_policy,0.7472222222222222,0.7472222222222222,0.0,late__all__r16,artifacts/llama/ablations/frozen_behavior\predictions_test.csv,compiler
A,Experiment 4,Frozen behavior,compiler::behavioral_policy::behavioral_0100,behavioral_policy,0.7489583333333333,0.7489583333333333,0.0,late__all__r16,artifacts/llama/ablations/frozen_behavior\predictions_test.csv,compiler
A,Experiment 4,Frozen behavior,compiler::behavioral_policy::behavioral_0104,behavioral_policy,0.7493055555555556,0.7493055555555556,0.0,late__all__r16,artifacts/llama/ablations/frozen_behavior\predictions_test.csv,compiler
A,Experiment 4,Frozen behavior,compiler::behavioral_policy::behavioral_0112,behavioral_policy,0.75,0.7486111111111111,0.001388888888888884,late__all__r16,artifacts/llama/ablations/frozen_behavior\predictions_test.csv,compiler
A,Experiment 4,Frozen behavior,compiler::behavioral_policy::behavioral_0116,behavioral_policy,0.7489583333333333,0.7451388888888889,0.0038194444444443754,middle__all__r16,artifacts/llama/ablations/frozen_behavior\predictions_test.csv,compiler
A,Experiment 4,Frozen behavior,compiler::behavioral_policy::behavioral_0118,behavioral_policy,0.7586805555555555,0.7586805555555555,0.0,middle__all__r16,artifacts/llama/ablations/frozen_behavior\predictions_test.csv,compiler
A,Experiment 4,Frozen behavior,compiler::causal_mapping::causal_0006,causal_mapping,0.5625,0.5625,0.0,middle__all__r16,artifacts/llama/ablations/frozen_behavior\predictions_test.csv,compiler
A,Experiment 4,Frozen behavior,compiler::causal_mapping::causal_0010,causal_mapping,0.4604166666666667,0.3888888888888889,0.0715277777777778,late__all__r16,artifacts/llama/ablations/frozen_behavior\predictions_test.csv,compiler
A,Experiment 4,Frozen behavior,compiler::causal_mapping::causal_0022,causal_mapping,0.5406249999999999,0.486111111111111,0.05451388888888892,late__all__r16,artifacts/llama/ablations/frozen_behavior\predictions_test.csv,compiler
A,Experiment 4,Frozen behavior,compiler::causal_mapping::causal_0026,causal_mapping,0.5267361111111111,0.5267361111111111,0.0,middle__all__r16,artifacts/llama/ablations/frozen_behavior\predictions_test.csv,compiler
A,Experiment 4,Frozen behavior,compiler::causal_mapping::causal_0027,causal_mapping,0.3583333333333333,0.3583333333333333,0.0,late__all__r16,artifacts/llama/ablations/frozen_behavior\predictions_test.csv,compiler
A,Experiment 4,Frozen behavior,compiler::causal_mapping::causal_0034,causal_mapping,0.5003472222222222,0.5003472222222222,0.0,middle__all__r16,artifacts/llama/ablations/frozen_behavior\predictions_test.csv,compiler
A,Experiment 4,Frozen behavior,compiler::causal_mapping::causal_0036,causal_mapping,0.5541666666666667,0.5541666666666667,0.0,middle__all__r16,artifacts/llama/ablations/frozen_behavior\predictions_test.csv,compiler
A,Experiment 4,Frozen behavior,compiler::causal_mapping::causal_0039,causal_mapping,0.4510416666666667,0.4510416666666667,0.0,middle__all__r16,artifacts/llama/ablations/frozen_behavior\predictions_test.csv,compiler
A,Experiment 4,Frozen behavior,compiler::causal_mapping::causal_0044,causal_mapping,0.5357638888888889,0.5357638888888889,0.0,middle__all__r16,artifacts/llama/ablations/frozen_behavior\predictions_test.csv,compiler
A,Experiment 4,Frozen behavior,compiler::causal_mapping::causal_0045,causal_mapping,0.6159722222222221,0.5934027777777777,0.02256944444444442,full__all__r4,artifacts/llama/ablations/frozen_behavior\predictions_test.csv,compiler
A,Experiment 4,Frozen behavior,compiler::causal_mapping::causal_0047,causal_mapping,0.3583333333333333,0.3583333333333333,0.0,late__all__r16,artifacts/llama/ablations/frozen_behavior\predictions_test.csv,compiler
A,Experiment 4,Frozen behavior,compiler::causal_mapping::causal_0053,causal_mapping,0.4836805555555555,0.4836805555555555,0.0,middle__all__r16,artifacts/llama/ablations/frozen_behavior\predictions_test.csv,compiler
A,Experiment 4,Frozen behavior,compiler::causal_mapping::causal_0064,causal_mapping,0.5298611111111111,0.5298611111111111,0.0,middle__all__r16,artifacts/llama/ablations/frozen_behavior\predictions_test.csv,compiler
A,Experiment 4,Frozen behavior,compiler::causal_mapping::causal_0074,causal_mapping,0.5423611111111111,0.5423611111111111,0.0,middle__all__r16,artifacts/llama/ablations/frozen_behavior\predictions_test.csv,compiler
A,Experiment 4,Frozen behavior,compiler::causal_mapping::causal_0077,causal_mapping,0.375,0.375,0.0,late__all__r16,artifacts/llama/ablations/frozen_behavior\predictions_test.csv,compiler
A,Experiment 4,Frozen behavior,compiler::causal_mapping::causal_0079,causal_mapping,0.4854166666666666,0.4854166666666666,0.0,middle__all__r16,artifacts/llama/ablations/frozen_behavior\predictions_test.csv,compiler
A,Experiment 4,Frozen behavior,compiler::causal_mapping::causal_0089,causal_mapping,0.5076388888888889,0.5076388888888889,0.0,middle__all__r16,artifacts/llama/ablations/frozen_behavior\predictions_test.csv,compiler
A,Experiment 4,Frozen behavior,compiler::causal_mapping::causal_0090,causal_mapping,0.4326388888888889,0.4326388888888889,0.0,full__all__r4,artifacts/llama/ablations/frozen_behavior\predictions_test.csv,compiler
A,Experiment 4,Frozen behavior,compiler::causal_mapping::causal_0101,causal_mapping,0.7243055555555555,0.7243055555555555,0.0,middle__all__r16,artifacts/llama/ablations/frozen_behavior\predictions_test.csv,compiler
A,Experiment 4,Frozen behavior,compiler::causal_mapping::causal_0114,causal_mapping,0.6027777777777777,0.6027777777777777,0.0,middle__all__r16,artifacts/llama/ablations/frozen_behavior\predictions_test.csv,compiler
A,Experiment 4,Frozen behavior,compiler::factual_association::factual_0006,factual_association,0.7722222222222221,0.7722222222222221,0.0,middle__all__r16,artifacts/llama/ablations/frozen_behavior\predictions_test.csv,compiler
A,Experiment 4,Frozen behavior,compiler::factual_association::factual_0016,factual_association,0.5416666666666667,0.5416666666666667,0.0,full__all__r4,artifacts/llama/ablations/frozen_behavior\predictions_test.csv,compiler
A,Experiment 4,Frozen behavior,compiler::factual_association::factual_0018,factual_association,0.5934027777777777,0.4493055555555555,0.1440972222222222,middle__all__r16,artifacts/llama/ablations/frozen_behavior\predictions_test.csv,compiler
A,Experiment 4,Frozen behavior,compiler::factual_association::factual_0022,factual_association,0.5694444444444444,0.5694444444444444,0.0,full__all__r4,artifacts/llama/ablations/frozen_behavior\predictions_test.csv,compiler
A,Experiment 4,Frozen behavior,compiler::factual_association::factual_0024,factual_association,0.5878472222222222,0.5878472222222222,0.0,late__all__r16,artifacts/llama/ablations/frozen_behavior\predictions_test.csv,compiler
A,Experiment 4,Frozen behavior,compiler::factual_association::factual_0030,factual_association,0.65625,0.65625,0.0,late__all__r16,artifacts/llama/ablations/frozen_behavior\predictions_test.csv,compiler
A,Experiment 4,Frozen behavior,compiler::factual_association::factual_0032,factual_association,0.5413194444444445,0.5378472222222223,0.00347222222222221,early__all__r16,artifacts/llama/ablations/frozen_behavior\predictions_test.csv,compiler
A,Experiment 4,Frozen behavior,compiler::factual_association::factual_0044,factual_association,0.5756944444444445,0.5291666666666667,0.046527777777777835,early__all__r16,artifacts/llama/ablations/frozen_behavior\predictions_test.csv,compiler
A,Experiment 4,Frozen behavior,compiler::factual_association::factual_0048,factual_association,0.6215277777777778,0.4767361111111111,0.1447916666666667,middle__all__r16,artifacts/llama/ablations/frozen_behavior\predictions_test.csv,compiler
A,Experiment 4,Frozen behavior,compiler::factual_association::factual_0056,factual_association,0.5402777777777779,0.5375000000000001,0.002777777777777768,early__all__r16,artifacts/llama/ablations/frozen_behavior\predictions_test.csv,compiler
A,Experiment 4,Frozen behavior,compiler::factual_association::factual_0078,factual_association,0.6215277777777778,0.490625,0.1309027777777778,middle__all__r16,artifacts/llama/ablations/frozen_behavior\predictions_test.csv,compiler
A,Experiment 4,Frozen behavior,compiler::factual_association::factual_0086,factual_association,0.525,0.525,0.0,early__all__r16,artifacts/llama/ablations/frozen_behavior\predictions_test.csv,compiler
A,Experiment 4,Frozen behavior,compiler::factual_association::factual_0087,factual_association,0.6409722222222223,0.6409722222222223,0.0,full__all__r4,artifacts/llama/ablations/frozen_behavior\predictions_test.csv,compiler
A,Experiment 4,Frozen behavior,compiler::factual_association::factual_0091,factual_association,0.5416666666666667,0.5416666666666667,0.0,early__all__r16,artifacts/llama/ablations/frozen_behavior\predictions_test.csv,compiler
A,Experiment 4,Frozen behavior,compiler::factual_association::factual_0094,factual_association,0.5972222222222222,0.5972222222222222,0.0,full__all__r4,artifacts/llama/ablations/frozen_behavior\predictions_test.csv,compiler
A,Experiment 4,Frozen behavior,compiler::factual_association::factual_0103,factual_association,0.6145833333333334,0.6145833333333334,0.0,late__all__r16,artifacts/llama/ablations/frozen_behavior\predictions_test.csv,compiler
A,Experiment 4,Frozen behavior,compiler::factual_association::factual_0106,factual_association,0.5548611111111111,0.5548611111111111,0.0,full__all__r4,artifacts/llama/ablations/frozen_behavior\predictions_test.csv,compiler
A,Experiment 4,Frozen behavior,compiler::factual_association::factual_0108,factual_association,0.6430555555555556,0.4461805555555555,0.19687500000000008,middle__all__r16,artifacts/llama/ablations/frozen_behavior\predictions_test.csv,compiler
A,Experiment 4,Frozen behavior,compiler::factual_association::factual_0109,factual_association,0.5381944444444444,0.5277777777777778,0.01041666666666663,full__all__r4,artifacts/llama/ablations/frozen_behavior\predictions_test.csv,compiler
A,Experiment 4,Frozen behavior,compiler::factual_association::factual_0115,factual_association,0.5416666666666667,0.5319444444444444,0.009722222222222299,late__all__r16,artifacts/llama/ablations/frozen_behavior\predictions_test.csv,compiler
A,Experiment 4,Frozen behavior,compiler::lexical_binding::lexical_0002,lexical_binding,0.7399305555555556,0.6604166666666667,0.079513888888889,middle__all__r16,artifacts/llama/ablations/frozen_behavior\predictions_test.csv,compiler
A,Experiment 4,Frozen behavior,compiler::lexical_binding::lexical_0003,lexical_binding,0.7166666666666667,0.6934027777777778,0.023263888888888862,middle__all__r16,artifacts/llama/ablations/frozen_behavior\predictions_test.csv,compiler
A,Experiment 4,Frozen behavior,compiler::lexical_binding::lexical_0004,lexical_binding,0.85625,0.85625,0.0,early__all__r16,artifacts/llama/ablations/frozen_behavior\predictions_test.csv,compiler
A,Experiment 4,Frozen behavior,compiler::lexical_binding::lexical_0006,lexical_binding,0.8920138888888889,0.8465277777777778,0.045486111111111116,early__all__r16,artifacts/llama/ablations/frozen_behavior\predictions_test.csv,compiler
A,Experiment 4,Frozen behavior,compiler::lexical_binding::lexical_0014,lexical_binding,0.9569444444444444,0.9569444444444444,0.0,early__all__r16,artifacts/llama/ablations/frozen_behavior\predictions_test.csv,compiler
A,Experiment 4,Frozen behavior,compiler::lexical_binding::lexical_0032,lexical_binding,0.6940972222222223,0.5322916666666666,0.16180555555555565,early__all__r16,artifacts/llama/ablations/frozen_behavior\predictions_test.csv,compiler
A,Experiment 4,Frozen behavior,compiler::lexical_binding::lexical_0038,lexical_binding,0.9083333333333332,0.9083333333333332,0.0,early__all__r16,artifacts/llama/ablations/frozen_behavior\predictions_test.csv,compiler
A,Experiment 4,Frozen behavior,compiler::lexical_binding::lexical_0040,lexical_binding,0.8340277777777778,0.8340277777777778,0.0,early__all__r16,artifacts/llama/ablations/frozen_behavior\predictions_test.csv,compiler
A,Experiment 4,Frozen behavior,compiler::lexical_binding::lexical_0050,lexical_binding,0.7309027777777778,0.648263888888889,0.08263888888888882,early__all__r16,artifacts/llama/ablations/frozen_behavior\predictions_test.csv,compiler
A,Experiment 4,Frozen behavior,compiler::lexical_binding::lexical_0056,lexical_binding,0.7496527777777778,0.7496527777777778,0.0,early__all__r16,artifacts/llama/ablations/frozen_behavior\predictions_test.csv,compiler
A,Experiment 4,Frozen behavior,compiler::lexical_binding::lexical_0062,lexical_binding,0.8243055555555555,0.8243055555555555,0.0,early__all__r16,artifacts/llama/ablations/frozen_behavior\predictions_test.csv,compiler
A,Experiment 4,Frozen behavior,compiler::lexical_binding::lexical_0073,lexical_binding,0.8659722222222223,0.8659722222222223,0.0,early__all__r16,artifacts/llama/ablations/frozen_behavior\predictions_test.csv,compiler
A,Experiment 4,Frozen behavior,compiler::lexical_binding::lexical_0077,lexical_binding,0.6850694444444445,0.525,0.1600694444444445,early__all__r16,artifacts/llama/ablations/frozen_behavior\predictions_test.csv,compiler
A,Experiment 4,Frozen behavior,compiler::lexical_binding::lexical_0091,lexical_binding,0.590625,0.590625,0.0,early__all__r16,artifacts/llama/ablations/frozen_behavior\predictions_test.csv,compiler
A,Experiment 4,Frozen behavior,compiler::lexical_binding::lexical_0097,lexical_binding,0.7340277777777778,0.7340277777777778,0.0,early__all__r16,artifacts/llama/ablations/frozen_behavior\predictions_test.csv,compiler
A,Experiment 4,Frozen behavior,compiler::lexical_binding::lexical_0098,lexical_binding,0.7493055555555556,0.6211805555555555,0.12812500000000004,early__all__r16,artifacts/llama/ablations/frozen_behavior\predictions_test.csv,compiler
A,Experiment 4,Frozen behavior,compiler::lexical_binding::lexical_0101,lexical_binding,0.81875,0.81875,0.0,early__all__r16,artifacts/llama/ablations/frozen_behavior\predictions_test.csv,compiler
A,Experiment 4,Frozen behavior,compiler::lexical_binding::lexical_0108,lexical_binding,0.8041666666666667,0.8041666666666667,0.0,early__all__r16,artifacts/llama/ablations/frozen_behavior\predictions_test.csv,compiler
A,Experiment 4,Frozen behavior,compiler::lexical_binding::lexical_0114,lexical_binding,0.8166666666666667,0.6513888888888889,0.16527777777777775,early__all__r16,artifacts/llama/ablations/frozen_behavior\predictions_test.csv,compiler
A,Experiment 4,Frozen behavior,compiler::lexical_binding::lexical_0116,lexical_binding,0.8274305555555556,0.8274305555555556,0.0,early__all__r16,artifacts/llama/ablations/frozen_behavior\predictions_test.csv,compiler
A,Experiment 4,Frozen behavior,compiler::procedural_reasoning::procedural_0007,procedural_reasoning,0.4649305555555555,0.4649305555555555,0.0,middle__all__r16,artifacts/llama/ablations/frozen_behavior\predictions_test.csv,compiler
A,Experiment 4,Frozen behavior,compiler::procedural_reasoning::procedural_0011,procedural_reasoning,0.4628472222222222,0.4628472222222222,0.0,middle__all__r16,artifacts/llama/ablations/frozen_behavior\predictions_test.csv,compiler
A,Experiment 4,Frozen behavior,compiler::procedural_reasoning::procedural_0014,procedural_reasoning,0.4378472222222221,0.4378472222222221,0.0,middle__all__r16,artifacts/llama/ablations/frozen_behavior\predictions_test.csv,compiler
A,Experiment 4,Frozen behavior,compiler::procedural_reasoning::procedural_0015,procedural_reasoning,0.4065972222222221,0.4065972222222221,0.0,middle__all__r16,artifacts/llama/ablations/frozen_behavior\predictions_test.csv,compiler
A,Experiment 4,Frozen behavior,compiler::procedural_reasoning::procedural_0032,procedural_reasoning,0.476736111111111,0.476736111111111,0.0,late__all__r16,artifacts/llama/ablations/frozen_behavior\predictions_test.csv,compiler
A,Experiment 4,Frozen behavior,compiler::procedural_reasoning::procedural_0040,procedural_reasoning,0.4638888888888889,0.4638888888888889,0.0,middle__all__r16,artifacts/llama/ablations/frozen_behavior\predictions_test.csv,compiler
A,Experiment 4,Frozen behavior,compiler::procedural_reasoning::procedural_0043,procedural_reasoning,0.4677083333333333,0.4489583333333333,0.01874999999999999,late__all__r16,artifacts/llama/ablations/frozen_behavior\predictions_test.csv,compiler
A,Experiment 4,Frozen behavior,compiler::procedural_reasoning::procedural_0047,procedural_reasoning,0.4229166666666666,0.4229166666666666,0.0,middle__all__r16,artifacts/llama/ablations/frozen_behavior\predictions_test.csv,compiler
A,Experiment 4,Frozen behavior,compiler::procedural_reasoning::procedural_0050,procedural_reasoning,0.4756944444444444,0.4756944444444444,0.0,middle__all__r16,artifacts/llama/ablations/frozen_behavior\predictions_test.csv,compiler
A,Experiment 4,Frozen behavior,compiler::procedural_reasoning::procedural_0057,procedural_reasoning,0.4100694444444444,0.4100694444444444,0.0,middle__all__r16,artifacts/llama/ablations/frozen_behavior\predictions_test.csv,compiler
A,Experiment 4,Frozen behavior,compiler::procedural_reasoning::procedural_0063,procedural_reasoning,0.4656249999999999,0.4656249999999999,0.0,middle__all__r16,artifacts/llama/ablations/frozen_behavior\predictions_test.csv,compiler
A,Experiment 4,Frozen behavior,compiler::procedural_reasoning::procedural_0064,procedural_reasoning,0.423611111111111,0.3288194444444445,0.0947916666666665,late__all__r16,artifacts/llama/ablations/frozen_behavior\predictions_test.csv,compiler
A,Experiment 4,Frozen behavior,compiler::procedural_reasoning::procedural_0068,procedural_reasoning,0.4350694444444444,0.3934027777777777,0.041666666666666685,late__all__r16,artifacts/llama/ablations/frozen_behavior\predictions_test.csv,compiler
A,Experiment 4,Frozen behavior,compiler::procedural_reasoning::procedural_0075,procedural_reasoning,0.4090277777777777,0.4090277777777777,0.0,middle__all__r16,artifacts/llama/ablations/frozen_behavior\predictions_test.csv,compiler
A,Experiment 4,Frozen behavior,compiler::procedural_reasoning::procedural_0077,procedural_reasoning,0.4232638888888889,0.4232638888888889,0.0,middle__all__r16,artifacts/llama/ablations/frozen_behavior\predictions_test.csv,compiler
A,Experiment 4,Frozen behavior,compiler::procedural_reasoning::procedural_0080,procedural_reasoning,0.4774305555555556,0.4774305555555556,0.0,middle__all__r16,artifacts/llama/ablations/frozen_behavior\predictions_test.csv,compiler
A,Experiment 4,Frozen behavior,compiler::procedural_reasoning::procedural_0090,procedural_reasoning,0.4489583333333333,0.4489583333333333,0.0,middle__all__r16,artifacts/llama/ablations/frozen_behavior\predictions_test.csv,compiler
A,Experiment 4,Frozen behavior,compiler::procedural_reasoning::procedural_0091,procedural_reasoning,0.4777777777777777,0.4777777777777777,0.0,middle__all__r16,artifacts/llama/ablations/frozen_behavior\predictions_test.csv,compiler
A,Experiment 4,Frozen behavior,compiler::procedural_reasoning::procedural_0103,procedural_reasoning,0.4763888888888889,0.4763888888888889,0.0,middle__all__r16,artifacts/llama/ablations/frozen_behavior\predictions_test.csv,compiler
A,Experiment 4,Frozen behavior,compiler::procedural_reasoning::procedural_0110,procedural_reasoning,0.4760416666666667,0.4760416666666667,0.0,middle__all__r16,artifacts/llama/ablations/frozen_behavior\predictions_test.csv,compiler
B,Represented families,Global fixed,compiler::behavioral_policy::behavioral_0000,behavioral_policy,0.75,0.73125,0.018750000000000044,middle__all__r16,artifacts/llama/geometry/geometry_dataset.csv,global_fixed
B,Represented families,Global fixed,compiler::behavioral_policy::behavioral_0007,behavioral_policy,0.7472222222222222,0.6909722222222222,0.05625000000000002,middle__all__r16,artifacts/llama/geometry/geometry_dataset.csv,global_fixed
B,Represented families,Global fixed,compiler::behavioral_policy::behavioral_0019,behavioral_policy,0.75,0.7197916666666666,0.030208333333333393,middle__all__r16,artifacts/llama/geometry/geometry_dataset.csv,global_fixed
B,Represented families,Global fixed,compiler::behavioral_policy::behavioral_0024,behavioral_policy,0.7489583333333333,0.7288194444444445,0.020138888888888817,middle__all__r16,artifacts/llama/geometry/geometry_dataset.csv,global_fixed
B,Represented families,Global fixed,compiler::behavioral_policy::behavioral_0031,behavioral_policy,0.75,0.7416666666666667,0.008333333333333304,middle__all__r16,artifacts/llama/geometry/geometry_dataset.csv,global_fixed
B,Represented families,Global fixed,compiler::behavioral_policy::behavioral_0042,behavioral_policy,0.75,0.6048611111111111,0.14513888888888893,middle__all__r16,artifacts/llama/geometry/geometry_dataset.csv,global_fixed
B,Represented families,Global fixed,compiler::behavioral_policy::behavioral_0056,behavioral_policy,0.7489583333333333,0.7451388888888889,0.0038194444444443754,middle__all__r16,artifacts/llama/geometry/geometry_dataset.csv,global_fixed
B,Represented families,Global fixed,compiler::behavioral_policy::behavioral_0058,behavioral_policy,0.7586805555555556,0.7586805555555556,0.0,middle__all__r16,artifacts/llama/geometry/geometry_dataset.csv,global_fixed
B,Represented families,Global fixed,compiler::behavioral_policy::behavioral_0064,behavioral_policy,0.7493055555555556,0.7423611111111111,0.00694444444444442,middle__all__r16,artifacts/llama/geometry/geometry_dataset.csv,global_fixed
B,Represented families,Global fixed,compiler::behavioral_policy::behavioral_0067,behavioral_policy,0.7472222222222222,0.6909722222222222,0.05625000000000002,middle__all__r16,artifacts/llama/geometry/geometry_dataset.csv,global_fixed
B,Represented families,Global fixed,compiler::behavioral_policy::behavioral_0071,behavioral_policy,0.7496527777777778,0.7427083333333333,0.006944444444444531,middle__all__r16,artifacts/llama/geometry/geometry_dataset.csv,global_fixed
B,Represented families,Global fixed,compiler::behavioral_policy::behavioral_0082,behavioral_policy,0.75,0.6885416666666666,0.06145833333333339,middle__all__r16,artifacts/llama/geometry/geometry_dataset.csv,global_fixed
B,Represented families,Global fixed,compiler::behavioral_policy::behavioral_0087,behavioral_policy,0.815625,0.815625,0.0,middle__all__r16,artifacts/llama/geometry/geometry_dataset.csv,global_fixed
B,Represented families,Global fixed,compiler::behavioral_policy::behavioral_0092,behavioral_policy,0.7489583333333333,0.5954861111111112,0.15347222222222212,middle__all__r16,artifacts/llama/geometry/geometry_dataset.csv,global_fixed
B,Represented families,Global fixed,compiler::behavioral_policy::behavioral_0097,behavioral_policy,0.7472222222222222,0.6909722222222222,0.05625000000000002,middle__all__r16,artifacts/llama/geometry/geometry_dataset.csv,global_fixed
B,Represented families,Global fixed,compiler::behavioral_policy::behavioral_0100,behavioral_policy,0.7489583333333333,0.7065972222222222,0.04236111111111107,middle__all__r16,artifacts/llama/geometry/geometry_dataset.csv,global_fixed
B,Represented families,Global fixed,compiler::behavioral_policy::behavioral_0104,behavioral_policy,0.7493055555555556,0.7013888888888888,0.04791666666666672,middle__all__r16,artifacts/llama/geometry/geometry_dataset.csv,global_fixed
B,Represented families,Global fixed,compiler::behavioral_policy::behavioral_0112,behavioral_policy,0.75,0.6885416666666666,0.06145833333333339,middle__all__r16,artifacts/llama/geometry/geometry_dataset.csv,global_fixed
B,Represented families,Global fixed,compiler::behavioral_policy::behavioral_0116,behavioral_policy,0.7489583333333333,0.7451388888888889,0.0038194444444443754,middle__all__r16,artifacts/llama/geometry/geometry_dataset.csv,global_fixed
B,Represented families,Global fixed,compiler::behavioral_policy::behavioral_0118,behavioral_policy,0.7586805555555556,0.7586805555555556,0.0,middle__all__r16,artifacts/llama/geometry/geometry_dataset.csv,global_fixed
B,Represented families,Global fixed,compiler::causal_mapping::causal_0006,causal_mapping,0.5625,0.5625,0.0,middle__all__r16,artifacts/llama/geometry/geometry_dataset.csv,global_fixed
B,Represented families,Global fixed,compiler::causal_mapping::causal_0010,causal_mapping,0.4604166666666667,0.3736111111111111,0.08680555555555558,middle__all__r16,artifacts/llama/geometry/geometry_dataset.csv,global_fixed
B,Represented families,Global fixed,compiler::causal_mapping::causal_0022,causal_mapping,0.5406249999999999,0.5406249999999999,0.0,middle__all__r16,artifacts/llama/geometry/geometry_dataset.csv,global_fixed
B,Represented families,Global fixed,compiler::causal_mapping::causal_0026,causal_mapping,0.5267361111111111,0.5267361111111111,0.0,middle__all__r16,artifacts/llama/geometry/geometry_dataset.csv,global_fixed
B,Represented families,Global fixed,compiler::causal_mapping::causal_0027,causal_mapping,0.3583333333333333,0.3024305555555555,0.0559027777777778,middle__all__r16,artifacts/llama/geometry/geometry_dataset.csv,global_fixed
B,Represented families,Global fixed,compiler::causal_mapping::causal_0034,causal_mapping,0.5003472222222222,0.5003472222222222,0.0,middle__all__r16,artifacts/llama/geometry/geometry_dataset.csv,global_fixed
B,Represented families,Global fixed,compiler::causal_mapping::causal_0036,causal_mapping,0.5541666666666667,0.5541666666666667,0.0,middle__all__r16,artifacts/llama/geometry/geometry_dataset.csv,global_fixed
B,Represented families,Global fixed,compiler::causal_mapping::causal_0039,causal_mapping,0.4510416666666667,0.4510416666666667,0.0,middle__all__r16,artifacts/llama/geometry/geometry_dataset.csv,global_fixed
B,Represented families,Global fixed,compiler::causal_mapping::causal_0044,causal_mapping,0.5357638888888889,0.5357638888888889,0.0,middle__all__r16,artifacts/llama/geometry/geometry_dataset.csv,global_fixed
B,Represented families,Global fixed,compiler::causal_mapping::causal_0045,causal_mapping,0.6159722222222221,0.6159722222222221,0.0,middle__all__r16,artifacts/llama/geometry/geometry_dataset.csv,global_fixed
B,Represented families,Global fixed,compiler::causal_mapping::causal_0047,causal_mapping,0.3583333333333333,0.3027777777777777,0.05555555555555558,middle__all__r16,artifacts/llama/geometry/geometry_dataset.csv,global_fixed
B,Represented families,Global fixed,compiler::causal_mapping::causal_0053,causal_mapping,0.4836805555555555,0.4836805555555555,0.0,middle__all__r16,artifacts/llama/geometry/geometry_dataset.csv,global_fixed
B,Represented families,Global fixed,compiler::causal_mapping::causal_0064,causal_mapping,0.5298611111111111,0.5298611111111111,0.0,middle__all__r16,artifacts/llama/geometry/geometry_dataset.csv,global_fixed
B,Represented families,Global fixed,compiler::causal_mapping::causal_0074,causal_mapping,0.5423611111111111,0.5423611111111111,0.0,middle__all__r16,artifacts/llama/geometry/geometry_dataset.csv,global_fixed
B,Represented families,Global fixed,compiler::causal_mapping::causal_0077,causal_mapping,0.375,0.2940972222222222,0.08090277777777782,middle__all__r16,artifacts/llama/geometry/geometry_dataset.csv,global_fixed
B,Represented families,Global fixed,compiler::causal_mapping::causal_0079,causal_mapping,0.4854166666666666,0.4854166666666666,0.0,middle__all__r16,artifacts/llama/geometry/geometry_dataset.csv,global_fixed
B,Represented families,Global fixed,compiler::causal_mapping::causal_0089,causal_mapping,0.5076388888888889,0.5076388888888889,0.0,middle__all__r16,artifacts/llama/geometry/geometry_dataset.csv,global_fixed
B,Represented families,Global fixed,compiler::causal_mapping::causal_0090,causal_mapping,0.4326388888888889,0.3479166666666666,0.08472222222222231,middle__all__r16,artifacts/llama/geometry/geometry_dataset.csv,global_fixed
B,Represented families,Global fixed,compiler::causal_mapping::causal_0101,causal_mapping,0.7243055555555555,0.7243055555555555,0.0,middle__all__r16,artifacts/llama/geometry/geometry_dataset.csv,global_fixed
B,Represented families,Global fixed,compiler::causal_mapping::causal_0114,causal_mapping,0.6027777777777777,0.6027777777777777,0.0,middle__all__r16,artifacts/llama/geometry/geometry_dataset.csv,global_fixed
B,Represented families,Global fixed,compiler::factual_association::factual_0006,factual_association,0.7722222222222221,0.7722222222222221,0.0,middle__all__r16,artifacts/llama/geometry/geometry_dataset.csv,global_fixed
B,Represented families,Global fixed,compiler::factual_association::factual_0016,factual_association,0.5416666666666666,0.4604166666666667,0.08124999999999993,middle__all__r16,artifacts/llama/geometry/geometry_dataset.csv,global_fixed
B,Represented families,Global fixed,compiler::factual_association::factual_0018,factual_association,0.5934027777777777,0.4493055555555555,0.1440972222222222,middle__all__r16,artifacts/llama/geometry/geometry_dataset.csv,global_fixed
B,Represented families,Global fixed,compiler::factual_association::factual_0022,factual_association,0.5694444444444444,0.4305555555555555,0.1388888888888889,middle__all__r16,artifacts/llama/geometry/geometry_dataset.csv,global_fixed
B,Represented families,Global fixed,compiler::factual_association::factual_0024,factual_association,0.5878472222222222,0.5128472222222222,0.07499999999999996,middle__all__r16,artifacts/llama/geometry/geometry_dataset.csv,global_fixed
B,Represented families,Global fixed,compiler::factual_association::factual_0030,factual_association,0.65625,0.513888888888889,0.14236111111111105,middle__all__r16,artifacts/llama/geometry/geometry_dataset.csv,global_fixed
B,Represented families,Global fixed,compiler::factual_association::factual_0032,factual_association,0.5413194444444445,0.4489583333333333,0.09236111111111117,middle__all__r16,artifacts/llama/geometry/geometry_dataset.csv,global_fixed
B,Represented families,Global fixed,compiler::factual_association::factual_0044,factual_association,0.5756944444444445,0.5072916666666667,0.06840277777777781,middle__all__r16,artifacts/llama/geometry/geometry_dataset.csv,global_fixed
B,Represented families,Global fixed,compiler::factual_association::factual_0048,factual_association,0.6215277777777778,0.4767361111111111,0.1447916666666667,middle__all__r16,artifacts/llama/geometry/geometry_dataset.csv,global_fixed
B,Represented families,Global fixed,compiler::factual_association::factual_0056,factual_association,0.5402777777777777,0.5402777777777777,0.0,middle__all__r16,artifacts/llama/geometry/geometry_dataset.csv,global_fixed
B,Represented families,Global fixed,compiler::factual_association::factual_0078,factual_association,0.6215277777777778,0.490625,0.1309027777777778,middle__all__r16,artifacts/llama/geometry/geometry_dataset.csv,global_fixed
B,Represented families,Global fixed,compiler::factual_association::factual_0086,factual_association,0.525,0.4795138888888888,0.04548611111111123,middle__all__r16,artifacts/llama/geometry/geometry_dataset.csv,global_fixed
B,Represented families,Global fixed,compiler::factual_association::factual_0087,factual_association,0.6409722222222223,0.5267361111111111,0.1142361111111112,middle__all__r16,artifacts/llama/geometry/geometry_dataset.csv,global_fixed
B,Represented families,Global fixed,compiler::factual_association::factual_0091,factual_association,0.5416666666666666,0.5131944444444444,0.028472222222222232,middle__all__r16,artifacts/llama/geometry/geometry_dataset.csv,global_fixed
B,Represented families,Global fixed,compiler::factual_association::factual_0094,factual_association,0.5972222222222222,0.4444444444444445,0.15277777777777773,middle__all__r16,artifacts/llama/geometry/geometry_dataset.csv,global_fixed
B,Represented families,Global fixed,compiler::factual_association::factual_0103,factual_association,0.6145833333333334,0.6083333333333333,0.006250000000000089,middle__all__r16,artifacts/llama/geometry/geometry_dataset.csv,global_fixed
B,Represented families,Global fixed,compiler::factual_association::factual_0106,factual_association,0.5548611111111111,0.4666666666666667,0.08819444444444446,middle__all__r16,artifacts/llama/geometry/geometry_dataset.csv,global_fixed
B,Represented families,Global fixed,compiler::factual_association::factual_0108,factual_association,0.6430555555555556,0.4461805555555555,0.19687500000000008,middle__all__r16,artifacts/llama/geometry/geometry_dataset.csv,global_fixed
B,Represented families,Global fixed,compiler::factual_association::factual_0109,factual_association,0.5381944444444444,0.4854166666666666,0.05277777777777781,middle__all__r16,artifacts/llama/geometry/geometry_dataset.csv,global_fixed
B,Represented families,Global fixed,compiler::factual_association::factual_0115,factual_association,0.5416666666666666,0.5138888888888888,0.02777777777777779,middle__all__r16,artifacts/llama/geometry/geometry_dataset.csv,global_fixed
B,Represented families,Global fixed,compiler::lexical_binding::lexical_0002,lexical_binding,0.7399305555555555,0.6604166666666667,0.07951388888888888,middle__all__r16,artifacts/llama/geometry/geometry_dataset.csv,global_fixed
B,Represented families,Global fixed,compiler::lexical_binding::lexical_0003,lexical_binding,0.7166666666666667,0.6934027777777778,0.023263888888888862,middle__all__r16,artifacts/llama/geometry/geometry_dataset.csv,global_fixed
B,Represented families,Global fixed,compiler::lexical_binding::lexical_0004,lexical_binding,0.85625,0.7173611111111111,0.13888888888888884,middle__all__r16,artifacts/llama/geometry/geometry_dataset.csv,global_fixed
B,Represented families,Global fixed,compiler::lexical_binding::lexical_0006,lexical_binding,0.8920138888888889,0.7086805555555555,0.18333333333333335,middle__all__r16,artifacts/llama/geometry/geometry_dataset.csv,global_fixed
B,Represented families,Global fixed,compiler::lexical_binding::lexical_0014,lexical_binding,0.9569444444444444,0.7993055555555555,0.15763888888888888,middle__all__r16,artifacts/llama/geometry/geometry_dataset.csv,global_fixed
B,Represented families,Global fixed,compiler::lexical_binding::lexical_0032,lexical_binding,0.6940972222222223,0.6145833333333334,0.07951388888888888,middle__all__r16,artifacts/llama/geometry/geometry_dataset.csv,global_fixed
B,Represented families,Global fixed,compiler::lexical_binding::lexical_0038,lexical_binding,0.9083333333333332,0.7697916666666667,0.13854166666666656,middle__all__r16,artifacts/llama/geometry/geometry_dataset.csv,global_fixed
B,Represented families,Global fixed,compiler::lexical_binding::lexical_0040,lexical_binding,0.8340277777777778,0.6836805555555555,0.1503472222222223,middle__all__r16,artifacts/llama/geometry/geometry_dataset.csv,global_fixed
B,Represented families,Global fixed,compiler::lexical_binding::lexical_0050,lexical_binding,0.7309027777777778,0.7309027777777778,0.0,middle__all__r16,artifacts/llama/geometry/geometry_dataset.csv,global_fixed
B,Represented families,Global fixed,compiler::lexical_binding::lexical_0056,lexical_binding,0.7496527777777778,0.6621527777777778,0.08750000000000002,middle__all__r16,artifacts/llama/geometry/geometry_dataset.csv,global_fixed
B,Represented families,Global fixed,compiler::lexical_binding::lexical_0062,lexical_binding,0.8243055555555555,0.6902777777777778,0.13402777777777775,middle__all__r16,artifacts/llama/geometry/geometry_dataset.csv,global_fixed
B,Represented families,Global fixed,compiler::lexical_binding::lexical_0073,lexical_binding,0.8659722222222223,0.6888888888888889,0.17708333333333337,middle__all__r16,artifacts/llama/geometry/geometry_dataset.csv,global_fixed
B,Represented families,Global fixed,compiler::lexical_binding::lexical_0077,lexical_binding,0.6850694444444444,0.6850694444444444,0.0,middle__all__r16,artifacts/llama/geometry/geometry_dataset.csv,global_fixed
B,Represented families,Global fixed,compiler::lexical_binding::lexical_0091,lexical_binding,0.590625,0.4204861111111111,0.17013888888888884,middle__all__r16,artifacts/llama/geometry/geometry_dataset.csv,global_fixed
B,Represented families,Global fixed,compiler::lexical_binding::lexical_0097,lexical_binding,0.7340277777777778,0.6190972222222222,0.11493055555555565,middle__all__r16,artifacts/llama/geometry/geometry_dataset.csv,global_fixed
B,Represented families,Global fixed,compiler::lexical_binding::lexical_0098,lexical_binding,0.7493055555555556,0.7170138888888888,0.03229166666666672,middle__all__r16,artifacts/llama/geometry/geometry_dataset.csv,global_fixed
B,Represented families,Global fixed,compiler::lexical_binding::lexical_0101,lexical_binding,0.81875,0.7177083333333333,0.1010416666666667,middle__all__r16,artifacts/llama/geometry/geometry_dataset.csv,global_fixed
B,Represented families,Global fixed,compiler::lexical_binding::lexical_0108,lexical_binding,0.8041666666666667,0.703125,0.1010416666666667,middle__all__r16,artifacts/llama/geometry/geometry_dataset.csv,global_fixed
B,Represented families,Global fixed,compiler::lexical_binding::lexical_0114,lexical_binding,0.8166666666666667,0.7416666666666667,0.07499999999999996,middle__all__r16,artifacts/llama/geometry/geometry_dataset.csv,global_fixed
B,Represented families,Global fixed,compiler::lexical_binding::lexical_0116,lexical_binding,0.8274305555555556,0.7402777777777778,0.08715277777777775,middle__all__r16,artifacts/llama/geometry/geometry_dataset.csv,global_fixed
B,Represented families,Global fixed,compiler::procedural_reasoning::procedural_0007,procedural_reasoning,0.4649305555555555,0.4649305555555555,0.0,middle__all__r16,artifacts/llama/geometry/geometry_dataset.csv,global_fixed
B,Represented families,Global fixed,compiler::procedural_reasoning::procedural_0011,procedural_reasoning,0.4628472222222222,0.4628472222222222,0.0,middle__all__r16,artifacts/llama/geometry/geometry_dataset.csv,global_fixed
B,Represented families,Global fixed,compiler::procedural_reasoning::procedural_0014,procedural_reasoning,0.4378472222222222,0.4378472222222222,0.0,middle__all__r16,artifacts/llama/geometry/geometry_dataset.csv,global_fixed
B,Represented families,Global fixed,compiler::procedural_reasoning::procedural_0015,procedural_reasoning,0.4065972222222222,0.4065972222222222,0.0,middle__all__r16,artifacts/llama/geometry/geometry_dataset.csv,global_fixed
B,Represented families,Global fixed,compiler::procedural_reasoning::procedural_0032,procedural_reasoning,0.4767361111111111,0.4607638888888888,0.015972222222222276,middle__all__r16,artifacts/llama/geometry/geometry_dataset.csv,global_fixed
B,Represented families,Global fixed,compiler::procedural_reasoning::procedural_0040,procedural_reasoning,0.4638888888888889,0.4638888888888889,0.0,middle__all__r16,artifacts/llama/geometry/geometry_dataset.csv,global_fixed
B,Represented families,Global fixed,compiler::procedural_reasoning::procedural_0043,procedural_reasoning,0.4677083333333333,0.4677083333333333,0.0,middle__all__r16,artifacts/llama/geometry/geometry_dataset.csv,global_fixed
B,Represented families,Global fixed,compiler::procedural_reasoning::procedural_0047,procedural_reasoning,0.4229166666666666,0.4229166666666666,0.0,middle__all__r16,artifacts/llama/geometry/geometry_dataset.csv,global_fixed
B,Represented families,Global fixed,compiler::procedural_reasoning::procedural_0050,procedural_reasoning,0.4756944444444445,0.4756944444444445,0.0,middle__all__r16,artifacts/llama/geometry/geometry_dataset.csv,global_fixed
B,Represented families,Global fixed,compiler::procedural_reasoning::procedural_0057,procedural_reasoning,0.4100694444444444,0.4100694444444444,0.0,middle__all__r16,artifacts/llama/geometry/geometry_dataset.csv,global_fixed
B,Represented families,Global fixed,compiler::procedural_reasoning::procedural_0063,procedural_reasoning,0.465625,0.465625,0.0,middle__all__r16,artifacts/llama/geometry/geometry_dataset.csv,global_fixed
B,Represented families,Global fixed,compiler::procedural_reasoning::procedural_0064,procedural_reasoning,0.4236111111111111,0.4236111111111111,0.0,middle__all__r16,artifacts/llama/geometry/geometry_dataset.csv,global_fixed
B,Represented families,Global fixed,compiler::procedural_reasoning::procedural_0068,procedural_reasoning,0.4350694444444444,0.4350694444444444,0.0,middle__all__r16,artifacts/llama/geometry/geometry_dataset.csv,global_fixed
B,Represented families,Global fixed,compiler::procedural_reasoning::procedural_0075,procedural_reasoning,0.4090277777777777,0.4090277777777777,0.0,middle__all__r16,artifacts/llama/geometry/geometry_dataset.csv,global_fixed
B,Represented families,Global fixed,compiler::procedural_reasoning::procedural_0077,procedural_reasoning,0.4232638888888889,0.4232638888888889,0.0,middle__all__r16,artifacts/llama/geometry/geometry_dataset.csv,global_fixed
B,Represented families,Global fixed,compiler::procedural_reasoning::procedural_0080,procedural_reasoning,0.4774305555555556,0.4774305555555556,0.0,middle__all__r16,artifacts/llama/geometry/geometry_dataset.csv,global_fixed
B,Represented families,Global fixed,compiler::procedural_reasoning::procedural_0090,procedural_reasoning,0.4489583333333333,0.4489583333333333,0.0,middle__all__r16,artifacts/llama/geometry/geometry_dataset.csv,global_fixed
B,Represented families,Global fixed,compiler::procedural_reasoning::procedural_0091,procedural_reasoning,0.4777777777777778,0.4777777777777778,0.0,middle__all__r16,artifacts/llama/geometry/geometry_dataset.csv,global_fixed
B,Represented families,Global fixed,compiler::procedural_reasoning::procedural_0103,procedural_reasoning,0.4763888888888889,0.4763888888888889,0.0,middle__all__r16,artifacts/llama/geometry/geometry_dataset.csv,global_fixed
B,Represented families,Global fixed,compiler::procedural_reasoning::procedural_0110,procedural_reasoning,0.4760416666666667,0.4760416666666667,0.0,middle__all__r16,artifacts/llama/geometry/geometry_dataset.csv,global_fixed
B,Represented families,Compiler,compiler::behavioral_policy::behavioral_0000,,0.75,0.7496527777777778,0.0003472222222221655,late__all__r16,artifacts/llama/selection\compiler_evaluation.csv,compiler
B,Represented families,Compiler,compiler::behavioral_policy::behavioral_0007,,0.7472222222222222,0.7472222222222222,0.0,late__all__r16,artifacts/llama/selection\compiler_evaluation.csv,compiler
B,Represented families,Compiler,compiler::behavioral_policy::behavioral_0019,,0.75,0.75,0.0,full__all__r4,artifacts/llama/selection\compiler_evaluation.csv,compiler
B,Represented families,Compiler,compiler::behavioral_policy::behavioral_0024,,0.7489583333333333,0.7489583333333333,0.0,late__all__r16,artifacts/llama/selection\compiler_evaluation.csv,compiler
B,Represented families,Compiler,compiler::behavioral_policy::behavioral_0031,,0.75,0.75,0.0,full__all__r4,artifacts/llama/selection\compiler_evaluation.csv,compiler
B,Represented families,Compiler,compiler::behavioral_policy::behavioral_0042,,0.75,0.75,0.0,full__all__r4,artifacts/llama/selection\compiler_evaluation.csv,compiler
B,Represented families,Compiler,compiler::behavioral_policy::behavioral_0056,,0.7489583333333333,0.7479166666666667,0.0010416666666666075,late__all__r16,artifacts/llama/selection\compiler_evaluation.csv,compiler
B,Represented families,Compiler,compiler::behavioral_policy::behavioral_0058,,0.7586805555555555,0.7586805555555555,0.0,middle__all__r16,artifacts/llama/selection\compiler_evaluation.csv,compiler
B,Represented families,Compiler,compiler::behavioral_policy::behavioral_0064,,0.7493055555555556,0.7493055555555556,0.0,late__all__r16,artifacts/llama/selection\compiler_evaluation.csv,compiler
B,Represented families,Compiler,compiler::behavioral_policy::behavioral_0067,,0.7472222222222222,0.7472222222222222,0.0,late__all__r16,artifacts/llama/selection\compiler_evaluation.csv,compiler
B,Represented families,Compiler,compiler::behavioral_policy::behavioral_0071,,0.7496527777777778,0.7496527777777778,0.0,late__all__r16,artifacts/llama/selection\compiler_evaluation.csv,compiler
B,Represented families,Compiler,compiler::behavioral_policy::behavioral_0082,,0.75,0.7486111111111111,0.001388888888888884,late__all__r16,artifacts/llama/selection\compiler_evaluation.csv,compiler
B,Represented families,Compiler,compiler::behavioral_policy::behavioral_0087,,0.8156249999999999,0.8156249999999999,0.0,middle__all__r16,artifacts/llama/selection\compiler_evaluation.csv,compiler
B,Represented families,Compiler,compiler::behavioral_policy::behavioral_0092,,0.7489583333333333,0.7416666666666667,0.007291666666666585,full__all__r4,artifacts/llama/selection\compiler_evaluation.csv,compiler
B,Represented families,Compiler,compiler::behavioral_policy::behavioral_0097,,0.7472222222222222,0.7472222222222222,0.0,late__all__r16,artifacts/llama/selection\compiler_evaluation.csv,compiler
B,Represented families,Compiler,compiler::behavioral_policy::behavioral_0100,,0.7489583333333333,0.7489583333333333,0.0,late__all__r16,artifacts/llama/selection\compiler_evaluation.csv,compiler
B,Represented families,Compiler,compiler::behavioral_policy::behavioral_0104,,0.7493055555555556,0.7493055555555556,0.0,late__all__r16,artifacts/llama/selection\compiler_evaluation.csv,compiler
B,Represented families,Compiler,compiler::behavioral_policy::behavioral_0112,,0.75,0.7486111111111111,0.001388888888888884,late__all__r16,artifacts/llama/selection\compiler_evaluation.csv,compiler
B,Represented families,Compiler,compiler::behavioral_policy::behavioral_0116,,0.7489583333333333,0.7479166666666667,0.0010416666666666075,late__all__r16,artifacts/llama/selection\compiler_evaluation.csv,compiler
B,Represented families,Compiler,compiler::behavioral_policy::behavioral_0118,,0.7586805555555555,0.7586805555555555,0.0,middle__all__r16,artifacts/llama/selection\compiler_evaluation.csv,compiler
B,Represented families,Compiler,compiler::causal_mapping::causal_0006,,0.5625,0.5625,0.0,middle__all__r16,artifacts/llama/selection\compiler_evaluation.csv,compiler
B,Represented families,Compiler,compiler::causal_mapping::causal_0010,,0.4604166666666666,0.4604166666666666,0.0,full__all__r4,artifacts/llama/selection\compiler_evaluation.csv,compiler
B,Represented families,Compiler,compiler::causal_mapping::causal_0022,,0.5406249999999999,0.486111111111111,0.05451388888888892,late__all__r16,artifacts/llama/selection\compiler_evaluation.csv,compiler
B,Represented families,Compiler,compiler::causal_mapping::causal_0026,,0.5267361111111111,0.5267361111111111,0.0,middle__all__r16,artifacts/llama/selection\compiler_evaluation.csv,compiler
B,Represented families,Compiler,compiler::causal_mapping::causal_0027,,0.3583333333333333,0.3583333333333333,0.0,late__all__r16,artifacts/llama/selection\compiler_evaluation.csv,compiler
B,Represented families,Compiler,compiler::causal_mapping::causal_0034,,0.5003472222222222,0.5003472222222222,0.0,middle__all__r16,artifacts/llama/selection\compiler_evaluation.csv,compiler
B,Represented families,Compiler,compiler::causal_mapping::causal_0036,,0.5541666666666667,0.5541666666666667,0.0,middle__all__r16,artifacts/llama/selection\compiler_evaluation.csv,compiler
B,Represented families,Compiler,compiler::causal_mapping::causal_0039,,0.4510416666666666,0.4510416666666666,0.0,middle__all__r16,artifacts/llama/selection\compiler_evaluation.csv,compiler
B,Represented families,Compiler,compiler::causal_mapping::causal_0044,,0.5357638888888889,0.5357638888888889,0.0,middle__all__r16,artifacts/llama/selection\compiler_evaluation.csv,compiler
B,Represented families,Compiler,compiler::causal_mapping::causal_0045,,0.6159722222222221,0.5934027777777777,0.02256944444444442,full__all__r4,artifacts/llama/selection\compiler_evaluation.csv,compiler
B,Represented families,Compiler,compiler::causal_mapping::causal_0047,,0.3583333333333333,0.3583333333333333,0.0,late__all__r16,artifacts/llama/selection\compiler_evaluation.csv,compiler
B,Represented families,Compiler,compiler::causal_mapping::causal_0053,,0.4836805555555555,0.4836805555555555,0.0,middle__all__r16,artifacts/llama/selection\compiler_evaluation.csv,compiler
B,Represented families,Compiler,compiler::causal_mapping::causal_0064,,0.5298611111111111,0.5298611111111111,0.0,middle__all__r16,artifacts/llama/selection\compiler_evaluation.csv,compiler
B,Represented families,Compiler,compiler::causal_mapping::causal_0074,,0.5423611111111111,0.5423611111111111,0.0,middle__all__r16,artifacts/llama/selection\compiler_evaluation.csv,compiler
B,Represented families,Compiler,compiler::causal_mapping::causal_0077,,0.375,0.375,0.0,late__all__r16,artifacts/llama/selection\compiler_evaluation.csv,compiler
B,Represented families,Compiler,compiler::causal_mapping::causal_0079,,0.4854166666666666,0.4854166666666666,0.0,middle__all__r16,artifacts/llama/selection\compiler_evaluation.csv,compiler
B,Represented families,Compiler,compiler::causal_mapping::causal_0089,,0.5076388888888889,0.5076388888888889,0.0,middle__all__r16,artifacts/llama/selection\compiler_evaluation.csv,compiler
B,Represented families,Compiler,compiler::causal_mapping::causal_0090,,0.4326388888888889,0.4326388888888889,0.0,full__all__r4,artifacts/llama/selection\compiler_evaluation.csv,compiler
B,Represented families,Compiler,compiler::causal_mapping::causal_0101,,0.7243055555555555,0.7243055555555555,0.0,middle__all__r16,artifacts/llama/selection\compiler_evaluation.csv,compiler
B,Represented families,Compiler,compiler::causal_mapping::causal_0114,,0.6027777777777777,0.6027777777777777,0.0,middle__all__r16,artifacts/llama/selection\compiler_evaluation.csv,compiler
B,Represented families,Compiler,compiler::factual_association::factual_0006,,0.7722222222222221,0.7722222222222221,0.0,middle__all__r16,artifacts/llama/selection\compiler_evaluation.csv,compiler
B,Represented families,Compiler,compiler::factual_association::factual_0016,,0.5416666666666666,0.5413194444444445,0.0003472222222221655,late__all__r16,artifacts/llama/selection\compiler_evaluation.csv,compiler
B,Represented families,Compiler,compiler::factual_association::factual_0018,,0.5934027777777777,0.5934027777777777,0.0,late__all__r16,artifacts/llama/selection\compiler_evaluation.csv,compiler
B,Represented families,Compiler,compiler::factual_association::factual_0022,,0.5694444444444444,0.5545138888888889,0.014930555555555558,late__all__r16,artifacts/llama/selection\compiler_evaluation.csv,compiler
B,Represented families,Compiler,compiler::factual_association::factual_0024,,0.5878472222222222,0.5878472222222222,0.0,late__all__r16,artifacts/llama/selection\compiler_evaluation.csv,compiler
B,Represented families,Compiler,compiler::factual_association::factual_0030,,0.65625,0.65625,0.0,late__all__r16,artifacts/llama/selection\compiler_evaluation.csv,compiler
B,Represented families,Compiler,compiler::factual_association::factual_0032,,0.5413194444444445,0.5378472222222221,0.003472222222222321,early__all__r16,artifacts/llama/selection\compiler_evaluation.csv,compiler
B,Represented families,Compiler,compiler::factual_association::factual_0044,,0.5756944444444445,0.54375,0.03194444444444455,full__all__r4,artifacts/llama/selection\compiler_evaluation.csv,compiler
B,Represented families,Compiler,compiler::factual_association::factual_0048,,0.6215277777777778,0.6215277777777778,0.0,late__all__r16,artifacts/llama/selection\compiler_evaluation.csv,compiler
B,Represented families,Compiler,compiler::factual_association::factual_0056,,0.5402777777777777,0.5395833333333333,0.000694444444444442,full__all__r4,artifacts/llama/selection\compiler_evaluation.csv,compiler
B,Represented families,Compiler,compiler::factual_association::factual_0078,,0.6215277777777778,0.6215277777777778,0.0,late__all__r16,artifacts/llama/selection\compiler_evaluation.csv,compiler
B,Represented families,Compiler,compiler::factual_association::factual_0086,,0.5249999999999999,0.5249999999999999,0.0,early__all__r16,artifacts/llama/selection\compiler_evaluation.csv,compiler
B,Represented families,Compiler,compiler::factual_association::factual_0087,,0.6409722222222223,0.6409722222222223,0.0,full__all__r4,artifacts/llama/selection\compiler_evaluation.csv,compiler
B,Represented families,Compiler,compiler::factual_association::factual_0091,,0.5416666666666666,0.5416666666666666,0.0,early__all__r16,artifacts/llama/selection\compiler_evaluation.csv,compiler
B,Represented families,Compiler,compiler::factual_association::factual_0094,,0.5972222222222222,0.5409722222222222,0.05625000000000002,late__all__r16,artifacts/llama/selection\compiler_evaluation.csv,compiler
B,Represented families,Compiler,compiler::factual_association::factual_0103,,0.6145833333333334,0.6145833333333334,0.0,late__all__r16,artifacts/llama/selection\compiler_evaluation.csv,compiler
B,Represented families,Compiler,compiler::factual_association::factual_0106,,0.5548611111111111,0.5548611111111111,0.0,full__all__r4,artifacts/llama/selection\compiler_evaluation.csv,compiler
B,Represented families,Compiler,compiler::factual_association::factual_0108,,0.6430555555555555,0.6430555555555555,0.0,late__all__r16,artifacts/llama/selection\compiler_evaluation.csv,compiler
B,Represented families,Compiler,compiler::factual_association::factual_0109,,0.5381944444444444,0.5277777777777777,0.01041666666666674,full__all__r4,artifacts/llama/selection\compiler_evaluation.csv,compiler
B,Represented families,Compiler,compiler::factual_association::factual_0115,,0.5416666666666666,0.5416666666666666,0.0,early__all__r16,artifacts/llama/selection\compiler_evaluation.csv,compiler
B,Represented families,Compiler,compiler::lexical_binding::lexical_0002,,0.7399305555555555,0.6604166666666667,0.07951388888888888,middle__all__r16,artifacts/llama/selection\compiler_evaluation.csv,compiler
B,Represented families,Compiler,compiler::lexical_binding::lexical_0003,,0.7166666666666667,0.7166666666666667,0.0,early__all__r16,artifacts/llama/selection\compiler_evaluation.csv,compiler
B,Represented families,Compiler,compiler::lexical_binding::lexical_0004,,0.85625,0.7197916666666666,0.13645833333333335,full__all__r4,artifacts/llama/selection\compiler_evaluation.csv,compiler
B,Represented families,Compiler,compiler::lexical_binding::lexical_0006,,0.8920138888888888,0.8465277777777778,0.045486111111111005,early__all__r16,artifacts/llama/selection\compiler_evaluation.csv,compiler
B,Represented families,Compiler,compiler::lexical_binding::lexical_0014,,0.9569444444444444,0.9569444444444444,0.0,early__all__r16,artifacts/llama/selection\compiler_evaluation.csv,compiler
B,Represented families,Compiler,compiler::lexical_binding::lexical_0032,,0.6940972222222223,0.5322916666666666,0.16180555555555565,early__all__r16,artifacts/llama/selection\compiler_evaluation.csv,compiler
B,Represented families,Compiler,compiler::lexical_binding::lexical_0038,,0.9083333333333332,0.9083333333333332,0.0,early__all__r16,artifacts/llama/selection\compiler_evaluation.csv,compiler
B,Represented families,Compiler,compiler::lexical_binding::lexical_0040,,0.8340277777777778,0.8340277777777778,0.0,early__all__r16,artifacts/llama/selection\compiler_evaluation.csv,compiler
B,Represented families,Compiler,compiler::lexical_binding::lexical_0050,,0.7309027777777777,0.7309027777777777,0.0,middle__all__r16,artifacts/llama/selection\compiler_evaluation.csv,compiler
B,Represented families,Compiler,compiler::lexical_binding::lexical_0056,,0.7496527777777778,0.7496527777777778,0.0,early__all__r16,artifacts/llama/selection\compiler_evaluation.csv,compiler
B,Represented families,Compiler,compiler::lexical_binding::lexical_0062,,0.8243055555555555,0.8243055555555555,0.0,early__all__r16,artifacts/llama/selection\compiler_evaluation.csv,compiler
B,Represented families,Compiler,compiler::lexical_binding::lexical_0073,,0.8659722222222223,0.8659722222222223,0.0,early__all__r16,artifacts/llama/selection\compiler_evaluation.csv,compiler
B,Represented families,Compiler,compiler::lexical_binding::lexical_0077,,0.6850694444444445,0.525,0.1600694444444445,early__all__r16,artifacts/llama/selection\compiler_evaluation.csv,compiler
B,Represented families,Compiler,compiler::lexical_binding::lexical_0091,,0.590625,0.590625,0.0,early__all__r16,artifacts/llama/selection\compiler_evaluation.csv,compiler
B,Represented families,Compiler,compiler::lexical_binding::lexical_0097,,0.7340277777777778,0.7340277777777778,0.0,early__all__r16,artifacts/llama/selection\compiler_evaluation.csv,compiler
B,Represented families,Compiler,compiler::lexical_binding::lexical_0098,,0.7493055555555556,0.6211805555555555,0.12812500000000004,early__all__r16,artifacts/llama/selection\compiler_evaluation.csv,compiler
B,Represented families,Compiler,compiler::lexical_binding::lexical_0101,,0.81875,0.81875,0.0,early__all__r16,artifacts/llama/selection\compiler_evaluation.csv,compiler
B,Represented families,Compiler,compiler::lexical_binding::lexical_0108,,0.8041666666666667,0.8041666666666667,0.0,early__all__r16,artifacts/llama/selection\compiler_evaluation.csv,compiler
B,Represented families,Compiler,compiler::lexical_binding::lexical_0114,,0.8166666666666667,0.6513888888888889,0.16527777777777775,early__all__r16,artifacts/llama/selection\compiler_evaluation.csv,compiler
B,Represented families,Compiler,compiler::lexical_binding::lexical_0116,,0.8274305555555556,0.8274305555555556,0.0,early__all__r16,artifacts/llama/selection\compiler_evaluation.csv,compiler
B,Represented families,Compiler,compiler::procedural_reasoning::procedural_0007,,0.4649305555555555,0.4649305555555555,0.0,middle__all__r16,artifacts/llama/selection\compiler_evaluation.csv,compiler
B,Represented families,Compiler,compiler::procedural_reasoning::procedural_0011,,0.4628472222222222,0.4628472222222222,0.0,middle__all__r16,artifacts/llama/selection\compiler_evaluation.csv,compiler
B,Represented families,Compiler,compiler::procedural_reasoning::procedural_0014,,0.4378472222222221,0.4378472222222221,0.0,middle__all__r16,artifacts/llama/selection\compiler_evaluation.csv,compiler
B,Represented families,Compiler,compiler::procedural_reasoning::procedural_0015,,0.4065972222222221,0.4065972222222221,0.0,middle__all__r16,artifacts/llama/selection\compiler_evaluation.csv,compiler
B,Represented families,Compiler,compiler::procedural_reasoning::procedural_0032,,0.476736111111111,0.476736111111111,0.0,late__all__r16,artifacts/llama/selection\compiler_evaluation.csv,compiler
B,Represented families,Compiler,compiler::procedural_reasoning::procedural_0040,,0.4638888888888888,0.4638888888888888,0.0,middle__all__r16,artifacts/llama/selection\compiler_evaluation.csv,compiler
B,Represented families,Compiler,compiler::procedural_reasoning::procedural_0043,,0.4677083333333333,0.4677083333333333,0.0,middle__all__r16,artifacts/llama/selection\compiler_evaluation.csv,compiler
B,Represented families,Compiler,compiler::procedural_reasoning::procedural_0047,,0.4229166666666666,0.4229166666666666,0.0,middle__all__r16,artifacts/llama/selection\compiler_evaluation.csv,compiler
B,Represented families,Compiler,compiler::procedural_reasoning::procedural_0050,,0.4756944444444444,0.4756944444444444,0.0,middle__all__r16,artifacts/llama/selection\compiler_evaluation.csv,compiler
B,Represented families,Compiler,compiler::procedural_reasoning::procedural_0057,,0.4100694444444444,0.4100694444444444,0.0,middle__all__r16,artifacts/llama/selection\compiler_evaluation.csv,compiler
B,Represented families,Compiler,compiler::procedural_reasoning::procedural_0063,,0.4656249999999999,0.4656249999999999,0.0,middle__all__r16,artifacts/llama/selection\compiler_evaluation.csv,compiler
B,Represented families,Compiler,compiler::procedural_reasoning::procedural_0064,,0.423611111111111,0.423611111111111,0.0,middle__all__r16,artifacts/llama/selection\compiler_evaluation.csv,compiler
B,Represented families,Compiler,compiler::procedural_reasoning::procedural_0068,,0.4350694444444444,0.3934027777777777,0.041666666666666685,late__all__r16,artifacts/llama/selection\compiler_evaluation.csv,compiler
B,Represented families,Compiler,compiler::procedural_reasoning::procedural_0075,,0.4090277777777777,0.4090277777777777,0.0,middle__all__r16,artifacts/llama/selection\compiler_evaluation.csv,compiler
B,Represented families,Compiler,compiler::procedural_reasoning::procedural_0077,,0.4232638888888889,0.4232638888888889,0.0,middle__all__r16,artifacts/llama/selection\compiler_evaluation.csv,compiler
B,Represented families,Compiler,compiler::procedural_reasoning::procedural_0080,,0.4774305555555555,0.4774305555555555,0.0,middle__all__r16,artifacts/llama/selection\compiler_evaluation.csv,compiler
B,Represented families,Compiler,compiler::procedural_reasoning::procedural_0090,,0.4489583333333333,0.4489583333333333,0.0,middle__all__r16,artifacts/llama/selection\compiler_evaluation.csv,compiler
B,Represented families,Compiler,compiler::procedural_reasoning::procedural_0091,,0.4777777777777777,0.4777777777777777,0.0,middle__all__r16,artifacts/llama/selection\compiler_evaluation.csv,compiler
B,Represented families,Compiler,compiler::procedural_reasoning::procedural_0103,,0.4763888888888889,0.4763888888888889,0.0,middle__all__r16,artifacts/llama/selection\compiler_evaluation.csv,compiler
B,Represented families,Compiler,compiler::procedural_reasoning::procedural_0110,,0.4760416666666666,0.4760416666666666,0.0,middle__all__r16,artifacts/llama/selection\compiler_evaluation.csv,compiler
B,Held-out family (LOFO),Global fixed,compiler::behavioral_policy::behavioral_0000,behavioral_policy,0.75,0.7312500000000001,0.018749999999999933,middle__all__r16,artifacts/llama/lofo\behavioral_policy\compiler_selection.csv,global_fixed
B,Held-out family (LOFO),Compiler,compiler::behavioral_policy::behavioral_0000,behavioral_policy,0.75,0.7312500000000001,0.018749999999999933,middle__all__r16,artifacts/llama/lofo\behavioral_policy\compiler_selection.csv,compiler
B,Held-out family (LOFO),Global fixed,compiler::behavioral_policy::behavioral_0007,behavioral_policy,0.7472222222222222,0.6909722222222222,0.05625000000000002,middle__all__r16,artifacts/llama/lofo\behavioral_policy\compiler_selection.csv,global_fixed
B,Held-out family (LOFO),Compiler,compiler::behavioral_policy::behavioral_0007,behavioral_policy,0.7472222222222222,0.6909722222222222,0.05625000000000002,middle__all__r16,artifacts/llama/lofo\behavioral_policy\compiler_selection.csv,compiler
B,Held-out family (LOFO),Global fixed,compiler::behavioral_policy::behavioral_0019,behavioral_policy,0.75,0.7197916666666666,0.030208333333333393,middle__all__r16,artifacts/llama/lofo\behavioral_policy\compiler_selection.csv,global_fixed
B,Held-out family (LOFO),Compiler,compiler::behavioral_policy::behavioral_0019,behavioral_policy,0.75,0.7496527777777778,0.0003472222222221655,late__all__r16,artifacts/llama/lofo\behavioral_policy\compiler_selection.csv,compiler
B,Held-out family (LOFO),Global fixed,compiler::behavioral_policy::behavioral_0024,behavioral_policy,0.7489583333333333,0.7288194444444445,0.020138888888888817,middle__all__r16,artifacts/llama/lofo\behavioral_policy\compiler_selection.csv,global_fixed
B,Held-out family (LOFO),Compiler,compiler::behavioral_policy::behavioral_0024,behavioral_policy,0.7489583333333333,0.7489583333333333,0.0,late__all__r16,artifacts/llama/lofo\behavioral_policy\compiler_selection.csv,compiler
B,Held-out family (LOFO),Global fixed,compiler::behavioral_policy::behavioral_0031,behavioral_policy,0.75,0.7416666666666667,0.008333333333333304,middle__all__r16,artifacts/llama/lofo\behavioral_policy\compiler_selection.csv,global_fixed
B,Held-out family (LOFO),Compiler,compiler::behavioral_policy::behavioral_0031,behavioral_policy,0.75,0.7416666666666667,0.008333333333333304,middle__all__r16,artifacts/llama/lofo\behavioral_policy\compiler_selection.csv,compiler
B,Held-out family (LOFO),Global fixed,compiler::behavioral_policy::behavioral_0042,behavioral_policy,0.75,0.6048611111111111,0.14513888888888893,middle__all__r16,artifacts/llama/lofo\behavioral_policy\compiler_selection.csv,global_fixed
B,Held-out family (LOFO),Compiler,compiler::behavioral_policy::behavioral_0042,behavioral_policy,0.75,0.6048611111111111,0.14513888888888893,middle__all__r16,artifacts/llama/lofo\behavioral_policy\compiler_selection.csv,compiler
B,Held-out family (LOFO),Global fixed,compiler::behavioral_policy::behavioral_0056,behavioral_policy,0.7489583333333333,0.7451388888888889,0.0038194444444443754,middle__all__r16,artifacts/llama/lofo\behavioral_policy\compiler_selection.csv,global_fixed
B,Held-out family (LOFO),Compiler,compiler::behavioral_policy::behavioral_0056,behavioral_policy,0.7489583333333333,0.7451388888888889,0.0038194444444443754,middle__all__r16,artifacts/llama/lofo\behavioral_policy\compiler_selection.csv,compiler
B,Held-out family (LOFO),Global fixed,compiler::behavioral_policy::behavioral_0058,behavioral_policy,0.7586805555555555,0.7586805555555555,0.0,middle__all__r16,artifacts/llama/lofo\behavioral_policy\compiler_selection.csv,global_fixed
B,Held-out family (LOFO),Compiler,compiler::behavioral_policy::behavioral_0058,behavioral_policy,0.7586805555555555,0.7586805555555555,0.0,middle__all__r16,artifacts/llama/lofo\behavioral_policy\compiler_selection.csv,compiler
B,Held-out family (LOFO),Global fixed,compiler::behavioral_policy::behavioral_0064,behavioral_policy,0.7493055555555556,0.7423611111111111,0.00694444444444442,middle__all__r16,artifacts/llama/lofo\behavioral_policy\compiler_selection.csv,global_fixed
B,Held-out family (LOFO),Compiler,compiler::behavioral_policy::behavioral_0064,behavioral_policy,0.7493055555555556,0.7493055555555556,0.0,late__all__r16,artifacts/llama/lofo\behavioral_policy\compiler_selection.csv,compiler
B,Held-out family (LOFO),Global fixed,compiler::behavioral_policy::behavioral_0067,behavioral_policy,0.7472222222222222,0.6909722222222222,0.05625000000000002,middle__all__r16,artifacts/llama/lofo\behavioral_policy\compiler_selection.csv,global_fixed
B,Held-out family (LOFO),Compiler,compiler::behavioral_policy::behavioral_0067,behavioral_policy,0.7472222222222222,0.6909722222222222,0.05625000000000002,middle__all__r16,artifacts/llama/lofo\behavioral_policy\compiler_selection.csv,compiler
B,Held-out family (LOFO),Global fixed,compiler::behavioral_policy::behavioral_0071,behavioral_policy,0.7496527777777778,0.7427083333333333,0.006944444444444531,middle__all__r16,artifacts/llama/lofo\behavioral_policy\compiler_selection.csv,global_fixed
B,Held-out family (LOFO),Compiler,compiler::behavioral_policy::behavioral_0071,behavioral_policy,0.7496527777777778,0.7427083333333333,0.006944444444444531,middle__all__r16,artifacts/llama/lofo\behavioral_policy\compiler_selection.csv,compiler
B,Held-out family (LOFO),Global fixed,compiler::behavioral_policy::behavioral_0082,behavioral_policy,0.75,0.6885416666666666,0.06145833333333339,middle__all__r16,artifacts/llama/lofo\behavioral_policy\compiler_selection.csv,global_fixed
B,Held-out family (LOFO),Compiler,compiler::behavioral_policy::behavioral_0082,behavioral_policy,0.75,0.6885416666666666,0.06145833333333339,middle__all__r16,artifacts/llama/lofo\behavioral_policy\compiler_selection.csv,compiler
B,Held-out family (LOFO),Global fixed,compiler::behavioral_policy::behavioral_0087,behavioral_policy,0.8156249999999999,0.8156249999999999,0.0,middle__all__r16,artifacts/llama/lofo\behavioral_policy\compiler_selection.csv,global_fixed
B,Held-out family (LOFO),Compiler,compiler::behavioral_policy::behavioral_0087,behavioral_policy,0.8156249999999999,0.8156249999999999,0.0,middle__all__r16,artifacts/llama/lofo\behavioral_policy\compiler_selection.csv,compiler
B,Held-out family (LOFO),Global fixed,compiler::behavioral_policy::behavioral_0092,behavioral_policy,0.7489583333333333,0.595486111111111,0.15347222222222223,middle__all__r16,artifacts/llama/lofo\behavioral_policy\compiler_selection.csv,global_fixed
B,Held-out family (LOFO),Compiler,compiler::behavioral_policy::behavioral_0092,behavioral_policy,0.7489583333333333,0.595486111111111,0.15347222222222223,middle__all__r16,artifacts/llama/lofo\behavioral_policy\compiler_selection.csv,compiler
B,Held-out family (LOFO),Global fixed,compiler::behavioral_policy::behavioral_0097,behavioral_policy,0.7472222222222222,0.6909722222222222,0.05625000000000002,middle__all__r16,artifacts/llama/lofo\behavioral_policy\compiler_selection.csv,global_fixed
B,Held-out family (LOFO),Compiler,compiler::behavioral_policy::behavioral_0097,behavioral_policy,0.7472222222222222,0.6909722222222222,0.05625000000000002,middle__all__r16,artifacts/llama/lofo\behavioral_policy\compiler_selection.csv,compiler
B,Held-out family (LOFO),Global fixed,compiler::behavioral_policy::behavioral_0100,behavioral_policy,0.7489583333333333,0.7065972222222222,0.04236111111111107,middle__all__r16,artifacts/llama/lofo\behavioral_policy\compiler_selection.csv,global_fixed
B,Held-out family (LOFO),Compiler,compiler::behavioral_policy::behavioral_0100,behavioral_policy,0.7489583333333333,0.7065972222222222,0.04236111111111107,middle__all__r16,artifacts/llama/lofo\behavioral_policy\compiler_selection.csv,compiler
B,Held-out family (LOFO),Global fixed,compiler::behavioral_policy::behavioral_0104,behavioral_policy,0.7493055555555556,0.701388888888889,0.04791666666666661,middle__all__r16,artifacts/llama/lofo\behavioral_policy\compiler_selection.csv,global_fixed
B,Held-out family (LOFO),Compiler,compiler::behavioral_policy::behavioral_0104,behavioral_policy,0.7493055555555556,0.7493055555555556,0.0,late__all__r16,artifacts/llama/lofo\behavioral_policy\compiler_selection.csv,compiler
B,Held-out family (LOFO),Global fixed,compiler::behavioral_policy::behavioral_0112,behavioral_policy,0.75,0.6885416666666666,0.06145833333333339,middle__all__r16,artifacts/llama/lofo\behavioral_policy\compiler_selection.csv,global_fixed
B,Held-out family (LOFO),Compiler,compiler::behavioral_policy::behavioral_0112,behavioral_policy,0.75,0.6885416666666666,0.06145833333333339,middle__all__r16,artifacts/llama/lofo\behavioral_policy\compiler_selection.csv,compiler
B,Held-out family (LOFO),Global fixed,compiler::behavioral_policy::behavioral_0116,behavioral_policy,0.7489583333333333,0.7451388888888889,0.0038194444444443754,middle__all__r16,artifacts/llama/lofo\behavioral_policy\compiler_selection.csv,global_fixed
B,Held-out family (LOFO),Compiler,compiler::behavioral_policy::behavioral_0116,behavioral_policy,0.7489583333333333,0.7451388888888889,0.0038194444444443754,middle__all__r16,artifacts/llama/lofo\behavioral_policy\compiler_selection.csv,compiler
B,Held-out family (LOFO),Global fixed,compiler::behavioral_policy::behavioral_0118,behavioral_policy,0.7586805555555555,0.7586805555555555,0.0,middle__all__r16,artifacts/llama/lofo\behavioral_policy\compiler_selection.csv,global_fixed
B,Held-out family (LOFO),Compiler,compiler::behavioral_policy::behavioral_0118,behavioral_policy,0.7586805555555555,0.7586805555555555,0.0,middle__all__r16,artifacts/llama/lofo\behavioral_policy\compiler_selection.csv,compiler
B,Held-out family (LOFO),Global fixed,compiler::causal_mapping::causal_0006,causal_mapping,0.5625,0.3767361111111111,0.1857638888888889,full__all__r4,artifacts/llama/lofo\causal_mapping\compiler_selection.csv,global_fixed
B,Held-out family (LOFO),Compiler,compiler::causal_mapping::causal_0006,causal_mapping,0.5625,0.3767361111111111,0.1857638888888889,full__all__r4,artifacts/llama/lofo\causal_mapping\compiler_selection.csv,compiler
B,Held-out family (LOFO),Global fixed,compiler::causal_mapping::causal_0010,causal_mapping,0.4604166666666667,0.4604166666666667,0.0,full__all__r4,artifacts/llama/lofo\causal_mapping\compiler_selection.csv,global_fixed
B,Held-out family (LOFO),Compiler,compiler::causal_mapping::causal_0010,causal_mapping,0.4604166666666667,0.4604166666666667,0.0,full__all__r4,artifacts/llama/lofo\causal_mapping\compiler_selection.csv,compiler
B,Held-out family (LOFO),Global fixed,compiler::causal_mapping::causal_0022,causal_mapping,0.5406249999999999,0.515625,0.02499999999999991,full__all__r4,artifacts/llama/lofo\causal_mapping\compiler_selection.csv,global_fixed
B,Held-out family (LOFO),Compiler,compiler::causal_mapping::causal_0022,causal_mapping,0.5406249999999999,0.515625,0.02499999999999991,full__all__r4,artifacts/llama/lofo\causal_mapping\compiler_selection.csv,compiler
B,Held-out family (LOFO),Global fixed,compiler::causal_mapping::causal_0026,causal_mapping,0.5267361111111111,0.3850694444444444,0.14166666666666666,full__all__r4,artifacts/llama/lofo\causal_mapping\compiler_selection.csv,global_fixed
B,Held-out family (LOFO),Compiler,compiler::causal_mapping::causal_0026,causal_mapping,0.5267361111111111,0.3850694444444444,0.14166666666666666,full__all__r4,artifacts/llama/lofo\causal_mapping\compiler_selection.csv,compiler
B,Held-out family (LOFO),Global fixed,compiler::causal_mapping::causal_0027,causal_mapping,0.3583333333333333,0.2746527777777778,0.08368055555555548,full__all__r4,artifacts/llama/lofo\causal_mapping\compiler_selection.csv,global_fixed
B,Held-out family (LOFO),Compiler,compiler::causal_mapping::causal_0027,causal_mapping,0.3583333333333333,0.2746527777777778,0.08368055555555548,full__all__r4,artifacts/llama/lofo\causal_mapping\compiler_selection.csv,compiler
B,Held-out family (LOFO),Global fixed,compiler::causal_mapping::causal_0034,causal_mapping,0.5003472222222222,0.4875,0.012847222222222177,full__all__r4,artifacts/llama/lofo\causal_mapping\compiler_selection.csv,global_fixed
B,Held-out family (LOFO),Compiler,compiler::causal_mapping::causal_0034,causal_mapping,0.5003472222222222,0.4875,0.012847222222222177,full__all__r4,artifacts/llama/lofo\causal_mapping\compiler_selection.csv,compiler
B,Held-out family (LOFO),Global fixed,compiler::causal_mapping::causal_0036,causal_mapping,0.5541666666666667,0.4072916666666666,0.1468750000000001,full__all__r4,artifacts/llama/lofo\causal_mapping\compiler_selection.csv,global_fixed
B,Held-out family (LOFO),Compiler,compiler::causal_mapping::causal_0036,causal_mapping,0.5541666666666667,0.4072916666666666,0.1468750000000001,full__all__r4,artifacts/llama/lofo\causal_mapping\compiler_selection.csv,compiler
B,Held-out family (LOFO),Global fixed,compiler::causal_mapping::causal_0039,causal_mapping,0.4510416666666667,0.3322916666666666,0.11875000000000008,full__all__r4,artifacts/llama/lofo\causal_mapping\compiler_selection.csv,global_fixed
B,Held-out family (LOFO),Compiler,compiler::causal_mapping::causal_0039,causal_mapping,0.4510416666666667,0.3322916666666666,0.11875000000000008,full__all__r4,artifacts/llama/lofo\causal_mapping\compiler_selection.csv,compiler
B,Held-out family (LOFO),Global fixed,compiler::causal_mapping::causal_0044,causal_mapping,0.5357638888888889,0.4822916666666667,0.053472222222222254,full__all__r4,artifacts/llama/lofo\causal_mapping\compiler_selection.csv,global_fixed
B,Held-out family (LOFO),Compiler,compiler::causal_mapping::causal_0044,causal_mapping,0.5357638888888889,0.4822916666666667,0.053472222222222254,full__all__r4,artifacts/llama/lofo\causal_mapping\compiler_selection.csv,compiler
B,Held-out family (LOFO),Global fixed,compiler::causal_mapping::causal_0045,causal_mapping,0.6159722222222221,0.5934027777777777,0.02256944444444442,full__all__r4,artifacts/llama/lofo\causal_mapping\compiler_selection.csv,global_fixed
B,Held-out family (LOFO),Compiler,compiler::causal_mapping::causal_0045,causal_mapping,0.6159722222222221,0.5934027777777777,0.02256944444444442,full__all__r4,artifacts/llama/lofo\causal_mapping\compiler_selection.csv,compiler
B,Held-out family (LOFO),Global fixed,compiler::causal_mapping::causal_0047,causal_mapping,0.3583333333333333,0.2746527777777778,0.08368055555555548,full__all__r4,artifacts/llama/lofo\causal_mapping\compiler_selection.csv,global_fixed
B,Held-out family (LOFO),Compiler,compiler::causal_mapping::causal_0047,causal_mapping,0.3583333333333333,0.2746527777777778,0.08368055555555548,full__all__r4,artifacts/llama/lofo\causal_mapping\compiler_selection.csv,compiler
B,Held-out family (LOFO),Global fixed,compiler::causal_mapping::causal_0053,causal_mapping,0.4836805555555555,0.4406249999999999,0.043055555555555625,full__all__r4,artifacts/llama/lofo\causal_mapping\compiler_selection.csv,global_fixed
B,Held-out family (LOFO),Compiler,compiler::causal_mapping::causal_0053,causal_mapping,0.4836805555555555,0.4406249999999999,0.043055555555555625,full__all__r4,artifacts/llama/lofo\causal_mapping\compiler_selection.csv,compiler
B,Held-out family (LOFO),Global fixed,compiler::causal_mapping::causal_0064,causal_mapping,0.5298611111111111,0.5263888888888889,0.00347222222222221,full__all__r4,artifacts/llama/lofo\causal_mapping\compiler_selection.csv,global_fixed
B,Held-out family (LOFO),Compiler,compiler::causal_mapping::causal_0064,causal_mapping,0.5298611111111111,0.5263888888888889,0.00347222222222221,full__all__r4,artifacts/llama/lofo\causal_mapping\compiler_selection.csv,compiler
B,Held-out family (LOFO),Global fixed,compiler::causal_mapping::causal_0074,causal_mapping,0.5423611111111111,0.509375,0.03298611111111105,full__all__r4,artifacts/llama/lofo\causal_mapping\compiler_selection.csv,global_fixed
B,Held-out family (LOFO),Compiler,compiler::causal_mapping::causal_0074,causal_mapping,0.5423611111111111,0.509375,0.03298611111111105,full__all__r4,artifacts/llama/lofo\causal_mapping\compiler_selection.csv,compiler
B,Held-out family (LOFO),Global fixed,compiler::causal_mapping::causal_0077,causal_mapping,0.375,0.275,0.09999999999999998,full__all__r4,artifacts/llama/lofo\causal_mapping\compiler_selection.csv,global_fixed
B,Held-out family (LOFO),Compiler,compiler::causal_mapping::causal_0077,causal_mapping,0.375,0.275,0.09999999999999998,full__all__r4,artifacts/llama/lofo\causal_mapping\compiler_selection.csv,compiler
B,Held-out family (LOFO),Global fixed,compiler::causal_mapping::causal_0079,causal_mapping,0.4854166666666666,0.3239583333333333,0.16145833333333331,full__all__r4,artifacts/llama/lofo\causal_mapping\compiler_selection.csv,global_fixed
B,Held-out family (LOFO),Compiler,compiler::causal_mapping::causal_0079,causal_mapping,0.4854166666666666,0.3239583333333333,0.16145833333333331,full__all__r4,artifacts/llama/lofo\causal_mapping\compiler_selection.csv,compiler
B,Held-out family (LOFO),Global fixed,compiler::causal_mapping::causal_0089,causal_mapping,0.5076388888888889,0.365625,0.14201388888888888,full__all__r4,artifacts/llama/lofo\causal_mapping\compiler_selection.csv,global_fixed
B,Held-out family (LOFO),Compiler,compiler::causal_mapping::causal_0089,causal_mapping,0.5076388888888889,0.365625,0.14201388888888888,full__all__r4,artifacts/llama/lofo\causal_mapping\compiler_selection.csv,compiler
B,Held-out family (LOFO),Global fixed,compiler::causal_mapping::causal_0090,causal_mapping,0.4326388888888889,0.4326388888888889,0.0,full__all__r4,artifacts/llama/lofo\causal_mapping\compiler_selection.csv,global_fixed
B,Held-out family (LOFO),Compiler,compiler::causal_mapping::causal_0090,causal_mapping,0.4326388888888889,0.4326388888888889,0.0,full__all__r4,artifacts/llama/lofo\causal_mapping\compiler_selection.csv,compiler
B,Held-out family (LOFO),Global fixed,compiler::causal_mapping::causal_0101,causal_mapping,0.7243055555555555,0.5416666666666666,0.1826388888888889,full__all__r4,artifacts/llama/lofo\causal_mapping\compiler_selection.csv,global_fixed
B,Held-out family (LOFO),Compiler,compiler::causal_mapping::causal_0101,causal_mapping,0.7243055555555555,0.5416666666666666,0.1826388888888889,full__all__r4,artifacts/llama/lofo\causal_mapping\compiler_selection.csv,compiler
B,Held-out family (LOFO),Global fixed,compiler::causal_mapping::causal_0114,causal_mapping,0.6027777777777777,0.4982638888888889,0.10451388888888885,full__all__r4,artifacts/llama/lofo\causal_mapping\compiler_selection.csv,global_fixed
B,Held-out family (LOFO),Compiler,compiler::causal_mapping::causal_0114,causal_mapping,0.6027777777777777,0.4982638888888889,0.10451388888888885,full__all__r4,artifacts/llama/lofo\causal_mapping\compiler_selection.csv,compiler
B,Held-out family (LOFO),Global fixed,compiler::factual_association::factual_0006,factual_association,0.7722222222222221,0.7722222222222221,0.0,middle__all__r16,artifacts/llama/lofo\factual_association\compiler_selection.csv,global_fixed
B,Held-out family (LOFO),Compiler,compiler::factual_association::factual_0006,factual_association,0.7722222222222221,0.6493055555555556,0.12291666666666656,full__all__r4,artifacts/llama/lofo\factual_association\compiler_selection.csv,compiler
B,Held-out family (LOFO),Global fixed,compiler::factual_association::factual_0016,factual_association,0.5416666666666667,0.4604166666666667,0.08125000000000004,middle__all__r16,artifacts/llama/lofo\factual_association\compiler_selection.csv,global_fixed
B,Held-out family (LOFO),Compiler,compiler::factual_association::factual_0016,factual_association,0.5416666666666667,0.5416666666666667,0.0,full__all__r4,artifacts/llama/lofo\factual_association\compiler_selection.csv,compiler
B,Held-out family (LOFO),Global fixed,compiler::factual_association::factual_0018,factual_association,0.5934027777777777,0.4493055555555555,0.1440972222222222,middle__all__r16,artifacts/llama/lofo\factual_association\compiler_selection.csv,global_fixed
B,Held-out family (LOFO),Compiler,compiler::factual_association::factual_0018,factual_association,0.5934027777777777,0.5236111111111111,0.06979166666666659,early__all__r16,artifacts/llama/lofo\factual_association\compiler_selection.csv,compiler
B,Held-out family (LOFO),Global fixed,compiler::factual_association::factual_0022,factual_association,0.5694444444444444,0.4305555555555555,0.1388888888888889,middle__all__r16,artifacts/llama/lofo\factual_association\compiler_selection.csv,global_fixed
B,Held-out family (LOFO),Compiler,compiler::factual_association::factual_0022,factual_association,0.5694444444444444,0.4305555555555555,0.1388888888888889,middle__all__r16,artifacts/llama/lofo\factual_association\compiler_selection.csv,compiler
B,Held-out family (LOFO),Global fixed,compiler::factual_association::factual_0024,factual_association,0.5878472222222222,0.5128472222222222,0.07499999999999996,middle__all__r16,artifacts/llama/lofo\factual_association\compiler_selection.csv,global_fixed
B,Held-out family (LOFO),Compiler,compiler::factual_association::factual_0024,factual_association,0.5878472222222222,0.5413194444444445,0.046527777777777724,full__all__r4,artifacts/llama/lofo\factual_association\compiler_selection.csv,compiler
B,Held-out family (LOFO),Global fixed,compiler::factual_association::factual_0030,factual_association,0.65625,0.5138888888888888,0.14236111111111116,middle__all__r16,artifacts/llama/lofo\factual_association\compiler_selection.csv,global_fixed
B,Held-out family (LOFO),Compiler,compiler::factual_association::factual_0030,factual_association,0.65625,0.5138888888888888,0.14236111111111116,middle__all__r16,artifacts/llama/lofo\factual_association\compiler_selection.csv,compiler
B,Held-out family (LOFO),Global fixed,compiler::factual_association::factual_0032,factual_association,0.5413194444444445,0.4489583333333333,0.09236111111111117,middle__all__r16,artifacts/llama/lofo\factual_association\compiler_selection.csv,global_fixed
B,Held-out family (LOFO),Compiler,compiler::factual_association::factual_0032,factual_association,0.5413194444444445,0.4489583333333333,0.09236111111111117,middle__all__r16,artifacts/llama/lofo\factual_association\compiler_selection.csv,compiler
B,Held-out family (LOFO),Global fixed,compiler::factual_association::factual_0044,factual_association,0.5756944444444445,0.5072916666666666,0.06840277777777792,middle__all__r16,artifacts/llama/lofo\factual_association\compiler_selection.csv,global_fixed
B,Held-out family (LOFO),Compiler,compiler::factual_association::factual_0044,factual_association,0.5756944444444445,0.54375,0.03194444444444455,full__all__r4,artifacts/llama/lofo\factual_association\compiler_selection.csv,compiler
B,Held-out family (LOFO),Global fixed,compiler::factual_association::factual_0048,factual_association,0.6215277777777778,0.4767361111111111,0.1447916666666667,middle__all__r16,artifacts/llama/lofo\factual_association\compiler_selection.csv,global_fixed
B,Held-out family (LOFO),Compiler,compiler::factual_association::factual_0048,factual_association,0.6215277777777778,0.5232638888888889,0.09826388888888893,early__all__r16,artifacts/llama/lofo\factual_association\compiler_selection.csv,compiler
B,Held-out family (LOFO),Global fixed,compiler::factual_association::factual_0056,factual_association,0.5402777777777779,0.5402777777777779,0.0,middle__all__r16,artifacts/llama/lofo\factual_association\compiler_selection.csv,global_fixed
B,Held-out family (LOFO),Compiler,compiler::factual_association::factual_0056,factual_association,0.5402777777777779,0.5402777777777779,0.0,middle__all__r16,artifacts/llama/lofo\factual_association\compiler_selection.csv,compiler
B,Held-out family (LOFO),Global fixed,compiler::factual_association::factual_0078,factual_association,0.6215277777777778,0.490625,0.1309027777777778,middle__all__r16,artifacts/llama/lofo\factual_association\compiler_selection.csv,global_fixed
B,Held-out family (LOFO),Compiler,compiler::factual_association::factual_0078,factual_association,0.6215277777777778,0.5232638888888889,0.09826388888888893,early__all__r16,artifacts/llama/lofo\factual_association\compiler_selection.csv,compiler
B,Held-out family (LOFO),Global fixed,compiler::factual_association::factual_0086,factual_association,0.525,0.4795138888888888,0.04548611111111123,middle__all__r16,artifacts/llama/lofo\factual_association\compiler_selection.csv,global_fixed
B,Held-out family (LOFO),Compiler,compiler::factual_association::factual_0086,factual_association,0.525,0.4795138888888888,0.04548611111111123,middle__all__r16,artifacts/llama/lofo\factual_association\compiler_selection.csv,compiler
B,Held-out family (LOFO),Global fixed,compiler::factual_association::factual_0087,factual_association,0.6409722222222223,0.5267361111111111,0.1142361111111112,middle__all__r16,artifacts/llama/lofo\factual_association\compiler_selection.csv,global_fixed
B,Held-out family (LOFO),Compiler,compiler::factual_association::factual_0087,factual_association,0.6409722222222223,0.6409722222222223,0.0,full__all__r4,artifacts/llama/lofo\factual_association\compiler_selection.csv,compiler
B,Held-out family (LOFO),Global fixed,compiler::factual_association::factual_0091,factual_association,0.5416666666666667,0.5131944444444444,0.028472222222222343,middle__all__r16,artifacts/llama/lofo\factual_association\compiler_selection.csv,global_fixed
B,Held-out family (LOFO),Compiler,compiler::factual_association::factual_0091,factual_association,0.5416666666666667,0.5111111111111111,0.03055555555555567,full__all__r4,artifacts/llama/lofo\factual_association\compiler_selection.csv,compiler
B,Held-out family (LOFO),Global fixed,compiler::factual_association::factual_0094,factual_association,0.5972222222222222,0.4444444444444444,0.1527777777777778,middle__all__r16,artifacts/llama/lofo\factual_association\compiler_selection.csv,global_fixed
B,Held-out family (LOFO),Compiler,compiler::factual_association::factual_0094,factual_association,0.5972222222222222,0.4444444444444444,0.1527777777777778,middle__all__r16,artifacts/llama/lofo\factual_association\compiler_selection.csv,compiler
B,Held-out family (LOFO),Global fixed,compiler::factual_association::factual_0103,factual_association,0.6145833333333334,0.6083333333333334,0.006249999999999978,middle__all__r16,artifacts/llama/lofo\factual_association\compiler_selection.csv,global_fixed
B,Held-out family (LOFO),Compiler,compiler::factual_association::factual_0103,factual_association,0.6145833333333334,0.5409722222222222,0.07361111111111118,full__all__r4,artifacts/llama/lofo\factual_association\compiler_selection.csv,compiler
B,Held-out family (LOFO),Global fixed,compiler::factual_association::factual_0106,factual_association,0.5548611111111111,0.4666666666666667,0.08819444444444446,middle__all__r16,artifacts/llama/lofo\factual_association\compiler_selection.csv,global_fixed
B,Held-out family (LOFO),Compiler,compiler::factual_association::factual_0106,factual_association,0.5548611111111111,0.5548611111111111,0.0,full__all__r4,artifacts/llama/lofo\factual_association\compiler_selection.csv,compiler
B,Held-out family (LOFO),Global fixed,compiler::factual_association::factual_0108,factual_association,0.6430555555555556,0.4461805555555555,0.19687500000000008,middle__all__r16,artifacts/llama/lofo\factual_association\compiler_selection.csv,global_fixed
B,Held-out family (LOFO),Compiler,compiler::factual_association::factual_0108,factual_association,0.6430555555555556,0.5375000000000001,0.10555555555555551,early__all__r16,artifacts/llama/lofo\factual_association\compiler_selection.csv,compiler
B,Held-out family (LOFO),Global fixed,compiler::factual_association::factual_0109,factual_association,0.5381944444444444,0.4854166666666666,0.05277777777777781,middle__all__r16,artifacts/llama/lofo\factual_association\compiler_selection.csv,global_fixed
B,Held-out family (LOFO),Compiler,compiler::factual_association::factual_0109,factual_association,0.5381944444444444,0.4854166666666666,0.05277777777777781,middle__all__r16,artifacts/llama/lofo\factual_association\compiler_selection.csv,compiler
B,Held-out family (LOFO),Global fixed,compiler::factual_association::factual_0115,factual_association,0.5416666666666667,0.5138888888888888,0.0277777777777779,middle__all__r16,artifacts/llama/lofo\factual_association\compiler_selection.csv,global_fixed
B,Held-out family (LOFO),Compiler,compiler::factual_association::factual_0115,factual_association,0.5416666666666667,0.5138888888888888,0.0277777777777779,middle__all__r16,artifacts/llama/lofo\factual_association\compiler_selection.csv,compiler
B,Held-out family (LOFO),Global fixed,compiler::lexical_binding::lexical_0002,lexical_binding,0.7399305555555556,0.6604166666666667,0.079513888888889,middle__all__r16,artifacts/llama/lofo\lexical_binding\compiler_selection.csv,global_fixed
B,Held-out family (LOFO),Compiler,compiler::lexical_binding::lexical_0002,lexical_binding,0.7399305555555556,0.609375,0.13055555555555565,late__all__r16,artifacts/llama/lofo\lexical_binding\compiler_selection.csv,compiler
B,Held-out family (LOFO),Global fixed,compiler::lexical_binding::lexical_0003,lexical_binding,0.7166666666666667,0.6934027777777778,0.023263888888888862,middle__all__r16,artifacts/llama/lofo\lexical_binding\compiler_selection.csv,global_fixed
B,Held-out family (LOFO),Compiler,compiler::lexical_binding::lexical_0003,lexical_binding,0.7166666666666667,0.6243055555555556,0.09236111111111112,late__all__r16,artifacts/llama/lofo\lexical_binding\compiler_selection.csv,compiler
B,Held-out family (LOFO),Global fixed,compiler::lexical_binding::lexical_0004,lexical_binding,0.85625,0.7173611111111111,0.13888888888888884,middle__all__r16,artifacts/llama/lofo\lexical_binding\compiler_selection.csv,global_fixed
B,Held-out family (LOFO),Compiler,compiler::lexical_binding::lexical_0004,lexical_binding,0.85625,0.6520833333333333,0.2041666666666666,late__all__r16,artifacts/llama/lofo\lexical_binding\compiler_selection.csv,compiler
B,Held-out family (LOFO),Global fixed,compiler::lexical_binding::lexical_0006,lexical_binding,0.8920138888888889,0.7086805555555555,0.18333333333333335,middle__all__r16,artifacts/llama/lofo\lexical_binding\compiler_selection.csv,global_fixed
B,Held-out family (LOFO),Compiler,compiler::lexical_binding::lexical_0006,lexical_binding,0.8920138888888889,0.8920138888888889,0.0,full__all__r4,artifacts/llama/lofo\lexical_binding\compiler_selection.csv,compiler
B,Held-out family (LOFO),Global fixed,compiler::lexical_binding::lexical_0014,lexical_binding,0.9569444444444444,0.7993055555555556,0.15763888888888877,middle__all__r16,artifacts/llama/lofo\lexical_binding\compiler_selection.csv,global_fixed
B,Held-out family (LOFO),Compiler,compiler::lexical_binding::lexical_0014,lexical_binding,0.9569444444444444,0.7993055555555556,0.15763888888888877,middle__all__r16,artifacts/llama/lofo\lexical_binding\compiler_selection.csv,compiler
B,Held-out family (LOFO),Global fixed,compiler::lexical_binding::lexical_0032,lexical_binding,0.6940972222222223,0.6145833333333334,0.07951388888888888,middle__all__r16,artifacts/llama/lofo\lexical_binding\compiler_selection.csv,global_fixed
B,Held-out family (LOFO),Compiler,compiler::lexical_binding::lexical_0032,lexical_binding,0.6940972222222223,0.5829861111111112,0.11111111111111105,late__all__r16,artifacts/llama/lofo\lexical_binding\compiler_selection.csv,compiler
B,Held-out family (LOFO),Global fixed,compiler::lexical_binding::lexical_0038,lexical_binding,0.9083333333333332,0.7697916666666667,0.13854166666666656,middle__all__r16,artifacts/llama/lofo\lexical_binding\compiler_selection.csv,global_fixed
B,Held-out family (LOFO),Compiler,compiler::lexical_binding::lexical_0038,lexical_binding,0.9083333333333332,0.6371527777777778,0.2711805555555554,late__all__r16,artifacts/llama/lofo\lexical_binding\compiler_selection.csv,compiler
B,Held-out family (LOFO),Global fixed,compiler::lexical_binding::lexical_0040,lexical_binding,0.8340277777777778,0.6836805555555556,0.1503472222222222,middle__all__r16,artifacts/llama/lofo\lexical_binding\compiler_selection.csv,global_fixed
B,Held-out family (LOFO),Compiler,compiler::lexical_binding::lexical_0040,lexical_binding,0.8340277777777778,0.5677083333333334,0.26631944444444444,late__all__r16,artifacts/llama/lofo\lexical_binding\compiler_selection.csv,compiler
B,Held-out family (LOFO),Global fixed,compiler::lexical_binding::lexical_0050,lexical_binding,0.7309027777777778,0.7309027777777778,0.0,middle__all__r16,artifacts/llama/lofo\lexical_binding\compiler_selection.csv,global_fixed
B,Held-out family (LOFO),Compiler,compiler::lexical_binding::lexical_0050,lexical_binding,0.7309027777777778,0.5833333333333334,0.14756944444444442,late__all__r16,artifacts/llama/lofo\lexical_binding\compiler_selection.csv,compiler
B,Held-out family (LOFO),Global fixed,compiler::lexical_binding::lexical_0056,lexical_binding,0.7496527777777778,0.6621527777777778,0.08750000000000002,middle__all__r16,artifacts/llama/lofo\lexical_binding\compiler_selection.csv,global_fixed
B,Held-out family (LOFO),Compiler,compiler::lexical_binding::lexical_0056,lexical_binding,0.7496527777777778,0.6621527777777778,0.08750000000000002,middle__all__r16,artifacts/llama/lofo\lexical_binding\compiler_selection.csv,compiler
B,Held-out family (LOFO),Global fixed,compiler::lexical_binding::lexical_0062,lexical_binding,0.8243055555555555,0.6902777777777778,0.13402777777777775,middle__all__r16,artifacts/llama/lofo\lexical_binding\compiler_selection.csv,global_fixed
B,Held-out family (LOFO),Compiler,compiler::lexical_binding::lexical_0062,lexical_binding,0.8243055555555555,0.6902777777777778,0.13402777777777775,middle__all__r16,artifacts/llama/lofo\lexical_binding\compiler_selection.csv,compiler
B,Held-out family (LOFO),Global fixed,compiler::lexical_binding::lexical_0073,lexical_binding,0.8659722222222223,0.6888888888888889,0.17708333333333337,middle__all__r16,artifacts/llama/lofo\lexical_binding\compiler_selection.csv,global_fixed
B,Held-out family (LOFO),Compiler,compiler::lexical_binding::lexical_0073,lexical_binding,0.8659722222222223,0.6388888888888888,0.22708333333333341,late__all__r16,artifacts/llama/lofo\lexical_binding\compiler_selection.csv,compiler
B,Held-out family (LOFO),Global fixed,compiler::lexical_binding::lexical_0077,lexical_binding,0.6850694444444445,0.6850694444444445,0.0,middle__all__r16,artifacts/llama/lofo\lexical_binding\compiler_selection.csv,global_fixed
B,Held-out family (LOFO),Compiler,compiler::lexical_binding::lexical_0077,lexical_binding,0.6850694444444445,0.5840277777777778,0.1010416666666667,late__all__r16,artifacts/llama/lofo\lexical_binding\compiler_selection.csv,compiler
B,Held-out family (LOFO),Global fixed,compiler::lexical_binding::lexical_0091,lexical_binding,0.590625,0.4204861111111111,0.17013888888888884,middle__all__r16,artifacts/llama/lofo\lexical_binding\compiler_selection.csv,global_fixed
B,Held-out family (LOFO),Compiler,compiler::lexical_binding::lexical_0091,lexical_binding,0.590625,0.3305555555555555,0.26006944444444446,late__all__r16,artifacts/llama/lofo\lexical_binding\compiler_selection.csv,compiler
B,Held-out family (LOFO),Global fixed,compiler::lexical_binding::lexical_0097,lexical_binding,0.7340277777777778,0.6190972222222222,0.11493055555555565,middle__all__r16,artifacts/llama/lofo\lexical_binding\compiler_selection.csv,global_fixed
B,Held-out family (LOFO),Compiler,compiler::lexical_binding::lexical_0097,lexical_binding,0.7340277777777778,0.5694444444444444,0.16458333333333341,late__all__r16,artifacts/llama/lofo\lexical_binding\compiler_selection.csv,compiler
B,Held-out family (LOFO),Global fixed,compiler::lexical_binding::lexical_0098,lexical_binding,0.7493055555555556,0.717013888888889,0.03229166666666661,middle__all__r16,artifacts/llama/lofo\lexical_binding\compiler_selection.csv,global_fixed
B,Held-out family (LOFO),Compiler,compiler::lexical_binding::lexical_0098,lexical_binding,0.7493055555555556,0.6100694444444444,0.13923611111111112,late__all__r16,artifacts/llama/lofo\lexical_binding\compiler_selection.csv,compiler
B,Held-out family (LOFO),Global fixed,compiler::lexical_binding::lexical_0101,lexical_binding,0.81875,0.7177083333333334,0.10104166666666659,middle__all__r16,artifacts/llama/lofo\lexical_binding\compiler_selection.csv,global_fixed
B,Held-out family (LOFO),Compiler,compiler::lexical_binding::lexical_0101,lexical_binding,0.81875,0.6256944444444444,0.19305555555555554,late__all__r16,artifacts/llama/lofo\lexical_binding\compiler_selection.csv,compiler
B,Held-out family (LOFO),Global fixed,compiler::lexical_binding::lexical_0108,lexical_binding,0.8041666666666667,0.703125,0.1010416666666667,middle__all__r16,artifacts/llama/lofo\lexical_binding\compiler_selection.csv,global_fixed
B,Held-out family (LOFO),Compiler,compiler::lexical_binding::lexical_0108,lexical_binding,0.8041666666666667,0.6524305555555556,0.15173611111111107,full__all__r4,artifacts/llama/lofo\lexical_binding\compiler_selection.csv,compiler
B,Held-out family (LOFO),Global fixed,compiler::lexical_binding::lexical_0114,lexical_binding,0.8166666666666667,0.7416666666666667,0.07499999999999996,middle__all__r16,artifacts/llama/lofo\lexical_binding\compiler_selection.csv,global_fixed
B,Held-out family (LOFO),Compiler,compiler::lexical_binding::lexical_0114,lexical_binding,0.8166666666666667,0.5600694444444444,0.25659722222222225,late__all__r16,artifacts/llama/lofo\lexical_binding\compiler_selection.csv,compiler
B,Held-out family (LOFO),Global fixed,compiler::lexical_binding::lexical_0116,lexical_binding,0.8274305555555556,0.7402777777777778,0.08715277777777775,middle__all__r16,artifacts/llama/lofo\lexical_binding\compiler_selection.csv,global_fixed
B,Held-out family (LOFO),Compiler,compiler::lexical_binding::lexical_0116,lexical_binding,0.8274305555555556,0.7923611111111112,0.035069444444444375,late__all__r16,artifacts/llama/lofo\lexical_binding\compiler_selection.csv,compiler
B,Held-out family (LOFO),Global fixed,compiler::procedural_reasoning::procedural_0007,procedural_reasoning,0.4649305555555555,0.4649305555555555,0.0,middle__all__r16,artifacts/llama/lofo\procedural_reasoning\compiler_selection.csv,global_fixed
B,Held-out family (LOFO),Compiler,compiler::procedural_reasoning::procedural_0007,procedural_reasoning,0.4649305555555555,0.2961805555555555,0.16875,late__all__r16,artifacts/llama/lofo\procedural_reasoning\compiler_selection.csv,compiler
B,Held-out family (LOFO),Global fixed,compiler::procedural_reasoning::procedural_0011,procedural_reasoning,0.4628472222222222,0.4628472222222222,0.0,middle__all__r16,artifacts/llama/lofo\procedural_reasoning\compiler_selection.csv,global_fixed
B,Held-out family (LOFO),Compiler,compiler::procedural_reasoning::procedural_0011,procedural_reasoning,0.4628472222222222,0.3684027777777777,0.0944444444444445,late__all__r16,artifacts/llama/lofo\procedural_reasoning\compiler_selection.csv,compiler
B,Held-out family (LOFO),Global fixed,compiler::procedural_reasoning::procedural_0014,procedural_reasoning,0.4378472222222221,0.4378472222222221,0.0,middle__all__r16,artifacts/llama/lofo\procedural_reasoning\compiler_selection.csv,global_fixed
B,Held-out family (LOFO),Compiler,compiler::procedural_reasoning::procedural_0014,procedural_reasoning,0.4378472222222221,0.3371527777777778,0.10069444444444431,late__all__r16,artifacts/llama/lofo\procedural_reasoning\compiler_selection.csv,compiler
B,Held-out family (LOFO),Global fixed,compiler::procedural_reasoning::procedural_0015,procedural_reasoning,0.4065972222222221,0.4065972222222221,0.0,middle__all__r16,artifacts/llama/lofo\procedural_reasoning\compiler_selection.csv,global_fixed
B,Held-out family (LOFO),Compiler,compiler::procedural_reasoning::procedural_0015,procedural_reasoning,0.4065972222222221,0.3545138888888889,0.052083333333333204,late__all__r16,artifacts/llama/lofo\procedural_reasoning\compiler_selection.csv,compiler
B,Held-out family (LOFO),Global fixed,compiler::procedural_reasoning::procedural_0032,procedural_reasoning,0.476736111111111,0.4607638888888888,0.01597222222222222,middle__all__r16,artifacts/llama/lofo\procedural_reasoning\compiler_selection.csv,global_fixed
B,Held-out family (LOFO),Compiler,compiler::procedural_reasoning::procedural_0032,procedural_reasoning,0.476736111111111,0.476736111111111,0.0,late__all__r16,artifacts/llama/lofo\procedural_reasoning\compiler_selection.csv,compiler
B,Held-out family (LOFO),Global fixed,compiler::procedural_reasoning::procedural_0040,procedural_reasoning,0.4638888888888889,0.4638888888888889,0.0,middle__all__r16,artifacts/llama/lofo\procedural_reasoning\compiler_selection.csv,global_fixed
B,Held-out family (LOFO),Compiler,compiler::procedural_reasoning::procedural_0040,procedural_reasoning,0.4638888888888889,0.3020833333333333,0.1618055555555556,late__all__r16,artifacts/llama/lofo\procedural_reasoning\compiler_selection.csv,compiler
B,Held-out family (LOFO),Global fixed,compiler::procedural_reasoning::procedural_0043,procedural_reasoning,0.4677083333333333,0.4677083333333333,0.0,middle__all__r16,artifacts/llama/lofo\procedural_reasoning\compiler_selection.csv,global_fixed
B,Held-out family (LOFO),Compiler,compiler::procedural_reasoning::procedural_0043,procedural_reasoning,0.4677083333333333,0.4489583333333333,0.01874999999999999,late__all__r16,artifacts/llama/lofo\procedural_reasoning\compiler_selection.csv,compiler
B,Held-out family (LOFO),Global fixed,compiler::procedural_reasoning::procedural_0047,procedural_reasoning,0.4229166666666666,0.4229166666666666,0.0,middle__all__r16,artifacts/llama/lofo\procedural_reasoning\compiler_selection.csv,global_fixed
B,Held-out family (LOFO),Compiler,compiler::procedural_reasoning::procedural_0047,procedural_reasoning,0.4229166666666666,0.3017361111111111,0.12118055555555551,late__all__r16,artifacts/llama/lofo\procedural_reasoning\compiler_selection.csv,compiler
B,Held-out family (LOFO),Global fixed,compiler::procedural_reasoning::procedural_0050,procedural_reasoning,0.4756944444444444,0.4756944444444444,0.0,middle__all__r16,artifacts/llama/lofo\procedural_reasoning\compiler_selection.csv,global_fixed
B,Held-out family (LOFO),Compiler,compiler::procedural_reasoning::procedural_0050,procedural_reasoning,0.4756944444444444,0.3434027777777777,0.1322916666666667,late__all__r16,artifacts/llama/lofo\procedural_reasoning\compiler_selection.csv,compiler
B,Held-out family (LOFO),Global fixed,compiler::procedural_reasoning::procedural_0057,procedural_reasoning,0.4100694444444444,0.4100694444444444,0.0,middle__all__r16,artifacts/llama/lofo\procedural_reasoning\compiler_selection.csv,global_fixed
B,Held-out family (LOFO),Compiler,compiler::procedural_reasoning::procedural_0057,procedural_reasoning,0.4100694444444444,0.2878472222222222,0.12222222222222218,late__all__r16,artifacts/llama/lofo\procedural_reasoning\compiler_selection.csv,compiler
B,Held-out family (LOFO),Global fixed,compiler::procedural_reasoning::procedural_0063,procedural_reasoning,0.4656249999999999,0.4656249999999999,0.0,middle__all__r16,artifacts/llama/lofo\procedural_reasoning\compiler_selection.csv,global_fixed
B,Held-out family (LOFO),Compiler,compiler::procedural_reasoning::procedural_0063,procedural_reasoning,0.4656249999999999,0.4486111111111111,0.017013888888888773,late__all__r16,artifacts/llama/lofo\procedural_reasoning\compiler_selection.csv,compiler
B,Held-out family (LOFO),Global fixed,compiler::procedural_reasoning::procedural_0064,procedural_reasoning,0.423611111111111,0.423611111111111,0.0,middle__all__r16,artifacts/llama/lofo\procedural_reasoning\compiler_selection.csv,global_fixed
B,Held-out family (LOFO),Compiler,compiler::procedural_reasoning::procedural_0064,procedural_reasoning,0.423611111111111,0.3288194444444445,0.0947916666666665,late__all__r16,artifacts/llama/lofo\procedural_reasoning\compiler_selection.csv,compiler
B,Held-out family (LOFO),Global fixed,compiler::procedural_reasoning::procedural_0068,procedural_reasoning,0.4350694444444444,0.4350694444444444,0.0,middle__all__r16,artifacts/llama/lofo\procedural_reasoning\compiler_selection.csv,global_fixed
B,Held-out family (LOFO),Compiler,compiler::procedural_reasoning::procedural_0068,procedural_reasoning,0.4350694444444444,0.3934027777777777,0.041666666666666685,late__all__r16,artifacts/llama/lofo\procedural_reasoning\compiler_selection.csv,compiler
B,Held-out family (LOFO),Global fixed,compiler::procedural_reasoning::procedural_0075,procedural_reasoning,0.4090277777777777,0.4090277777777777,0.0,middle__all__r16,artifacts/llama/lofo\procedural_reasoning\compiler_selection.csv,global_fixed
B,Held-out family (LOFO),Compiler,compiler::procedural_reasoning::procedural_0075,procedural_reasoning,0.4090277777777777,0.3548611111111111,0.054166666666666585,late__all__r16,artifacts/llama/lofo\procedural_reasoning\compiler_selection.csv,compiler
B,Held-out family (LOFO),Global fixed,compiler::procedural_reasoning::procedural_0077,procedural_reasoning,0.4232638888888889,0.4232638888888889,0.0,middle__all__r16,artifacts/llama/lofo\procedural_reasoning\compiler_selection.csv,global_fixed
B,Held-out family (LOFO),Compiler,compiler::procedural_reasoning::procedural_0077,procedural_reasoning,0.4232638888888889,0.3045138888888888,0.11875000000000008,late__all__r16,artifacts/llama/lofo\procedural_reasoning\compiler_selection.csv,compiler
B,Held-out family (LOFO),Global fixed,compiler::procedural_reasoning::procedural_0080,procedural_reasoning,0.4774305555555556,0.4774305555555556,0.0,middle__all__r16,artifacts/llama/lofo\procedural_reasoning\compiler_selection.csv,global_fixed
B,Held-out family (LOFO),Compiler,compiler::procedural_reasoning::procedural_0080,procedural_reasoning,0.4774305555555556,0.3850694444444444,0.09236111111111117,late__all__r16,artifacts/llama/lofo\procedural_reasoning\compiler_selection.csv,compiler
B,Held-out family (LOFO),Global fixed,compiler::procedural_reasoning::procedural_0090,procedural_reasoning,0.4489583333333333,0.4489583333333333,0.0,middle__all__r16,artifacts/llama/lofo\procedural_reasoning\compiler_selection.csv,global_fixed
B,Held-out family (LOFO),Compiler,compiler::procedural_reasoning::procedural_0090,procedural_reasoning,0.4489583333333333,0.4128472222222221,0.036111111111111205,late__all__r16,artifacts/llama/lofo\procedural_reasoning\compiler_selection.csv,compiler
B,Held-out family (LOFO),Global fixed,compiler::procedural_reasoning::procedural_0091,procedural_reasoning,0.4777777777777777,0.4777777777777777,0.0,middle__all__r16,artifacts/llama/lofo\procedural_reasoning\compiler_selection.csv,global_fixed
B,Held-out family (LOFO),Compiler,compiler::procedural_reasoning::procedural_0091,procedural_reasoning,0.4777777777777777,0.3322916666666666,0.1454861111111111,late__all__r16,artifacts/llama/lofo\procedural_reasoning\compiler_selection.csv,compiler
B,Held-out family (LOFO),Global fixed,compiler::procedural_reasoning::procedural_0103,procedural_reasoning,0.4763888888888889,0.4763888888888889,0.0,middle__all__r16,artifacts/llama/lofo\procedural_reasoning\compiler_selection.csv,global_fixed
B,Held-out family (LOFO),Compiler,compiler::procedural_reasoning::procedural_0103,procedural_reasoning,0.4763888888888889,0.4350694444444444,0.04131944444444452,late__all__r16,artifacts/llama/lofo\procedural_reasoning\compiler_selection.csv,compiler
B,Held-out family (LOFO),Global fixed,compiler::procedural_reasoning::procedural_0110,procedural_reasoning,0.4760416666666667,0.4760416666666667,0.0,middle__all__r16,artifacts/llama/lofo\procedural_reasoning\compiler_selection.csv,global_fixed
B,Held-out family (LOFO),Compiler,compiler::procedural_reasoning::procedural_0110,procedural_reasoning,0.4760416666666667,0.3572916666666667,0.11875000000000002,late__all__r16,artifacts/llama/lofo\procedural_reasoning\compiler_selection.csv,compiler
C,Llama-3.1-8B,Objective-fixed,compiler::behavioral_policy::behavioral_0000,behavioral_policy,0.75,0.7496527777777778,0.0003472222222221655,late__all__r16,artifacts/llama/geometry/geometry_dataset.csv,objective_fixed
C,Llama-3.1-8B,Objective-fixed,compiler::behavioral_policy::behavioral_0007,behavioral_policy,0.7472222222222222,0.7472222222222222,0.0,late__all__r16,artifacts/llama/geometry/geometry_dataset.csv,objective_fixed
C,Llama-3.1-8B,Objective-fixed,compiler::behavioral_policy::behavioral_0019,behavioral_policy,0.75,0.7496527777777778,0.0003472222222221655,late__all__r16,artifacts/llama/geometry/geometry_dataset.csv,objective_fixed
C,Llama-3.1-8B,Objective-fixed,compiler::behavioral_policy::behavioral_0024,behavioral_policy,0.7489583333333333,0.7489583333333333,0.0,late__all__r16,artifacts/llama/geometry/geometry_dataset.csv,objective_fixed
C,Llama-3.1-8B,Objective-fixed,compiler::behavioral_policy::behavioral_0031,behavioral_policy,0.75,0.7076388888888889,0.04236111111111107,late__all__r16,artifacts/llama/geometry/geometry_dataset.csv,objective_fixed
C,Llama-3.1-8B,Objective-fixed,compiler::behavioral_policy::behavioral_0042,behavioral_policy,0.75,0.7493055555555556,0.000694444444444442,late__all__r16,artifacts/llama/geometry/geometry_dataset.csv,objective_fixed
C,Llama-3.1-8B,Objective-fixed,compiler::behavioral_policy::behavioral_0056,behavioral_policy,0.7489583333333333,0.7479166666666667,0.0010416666666666075,late__all__r16,artifacts/llama/geometry/geometry_dataset.csv,objective_fixed
C,Llama-3.1-8B,Objective-fixed,compiler::behavioral_policy::behavioral_0058,behavioral_policy,0.7586805555555556,0.7489583333333333,0.009722222222222299,late__all__r16,artifacts/llama/geometry/geometry_dataset.csv,objective_fixed
C,Llama-3.1-8B,Objective-fixed,compiler::behavioral_policy::behavioral_0064,behavioral_policy,0.7493055555555556,0.7493055555555556,0.0,late__all__r16,artifacts/llama/geometry/geometry_dataset.csv,objective_fixed
C,Llama-3.1-8B,Objective-fixed,compiler::behavioral_policy::behavioral_0067,behavioral_policy,0.7472222222222222,0.7472222222222222,0.0,late__all__r16,artifacts/llama/geometry/geometry_dataset.csv,objective_fixed
C,Llama-3.1-8B,Objective-fixed,compiler::behavioral_policy::behavioral_0071,behavioral_policy,0.7496527777777778,0.7496527777777778,0.0,late__all__r16,artifacts/llama/geometry/geometry_dataset.csv,objective_fixed
C,Llama-3.1-8B,Objective-fixed,compiler::behavioral_policy::behavioral_0082,behavioral_policy,0.75,0.7486111111111111,0.001388888888888884,late__all__r16,artifacts/llama/geometry/geometry_dataset.csv,objective_fixed
C,Llama-3.1-8B,Objective-fixed,compiler::behavioral_policy::behavioral_0087,behavioral_policy,0.815625,0.7479166666666667,0.06770833333333337,late__all__r16,artifacts/llama/geometry/geometry_dataset.csv,objective_fixed
C,Llama-3.1-8B,Objective-fixed,compiler::behavioral_policy::behavioral_0092,behavioral_policy,0.7489583333333333,0.7489583333333333,0.0,late__all__r16,artifacts/llama/geometry/geometry_dataset.csv,objective_fixed
C,Llama-3.1-8B,Objective-fixed,compiler::behavioral_policy::behavioral_0097,behavioral_policy,0.7472222222222222,0.7472222222222222,0.0,late__all__r16,artifacts/llama/geometry/geometry_dataset.csv,objective_fixed
C,Llama-3.1-8B,Objective-fixed,compiler::behavioral_policy::behavioral_0100,behavioral_policy,0.7489583333333333,0.7489583333333333,0.0,late__all__r16,artifacts/llama/geometry/geometry_dataset.csv,objective_fixed
C,Llama-3.1-8B,Objective-fixed,compiler::behavioral_policy::behavioral_0104,behavioral_policy,0.7493055555555556,0.7493055555555556,0.0,late__all__r16,artifacts/llama/geometry/geometry_dataset.csv,objective_fixed
C,Llama-3.1-8B,Objective-fixed,compiler::behavioral_policy::behavioral_0112,behavioral_policy,0.75,0.7486111111111111,0.001388888888888884,late__all__r16,artifacts/llama/geometry/geometry_dataset.csv,objective_fixed
C,Llama-3.1-8B,Objective-fixed,compiler::behavioral_policy::behavioral_0116,behavioral_policy,0.7489583333333333,0.7479166666666667,0.0010416666666666075,late__all__r16,artifacts/llama/geometry/geometry_dataset.csv,objective_fixed
C,Llama-3.1-8B,Objective-fixed,compiler::behavioral_policy::behavioral_0118,behavioral_policy,0.7586805555555556,0.7489583333333333,0.009722222222222299,late__all__r16,artifacts/llama/geometry/geometry_dataset.csv,objective_fixed
C,Llama-3.1-8B,Objective-fixed,compiler::causal_mapping::causal_0006,causal_mapping,0.5625,0.5625,0.0,middle__all__r16,artifacts/llama/geometry/geometry_dataset.csv,objective_fixed
C,Llama-3.1-8B,Objective-fixed,compiler::causal_mapping::causal_0010,causal_mapping,0.4604166666666667,0.3736111111111111,0.08680555555555558,middle__all__r16,artifacts/llama/geometry/geometry_dataset.csv,objective_fixed
C,Llama-3.1-8B,Objective-fixed,compiler::causal_mapping::causal_0022,causal_mapping,0.5406249999999999,0.5406249999999999,0.0,middle__all__r16,artifacts/llama/geometry/geometry_dataset.csv,objective_fixed
C,Llama-3.1-8B,Objective-fixed,compiler::causal_mapping::causal_0026,causal_mapping,0.5267361111111111,0.5267361111111111,0.0,middle__all__r16,artifacts/llama/geometry/geometry_dataset.csv,objective_fixed
C,Llama-3.1-8B,Objective-fixed,compiler::causal_mapping::causal_0027,causal_mapping,0.3583333333333333,0.3024305555555555,0.0559027777777778,middle__all__r16,artifacts/llama/geometry/geometry_dataset.csv,objective_fixed
C,Llama-3.1-8B,Objective-fixed,compiler::causal_mapping::causal_0034,causal_mapping,0.5003472222222222,0.5003472222222222,0.0,middle__all__r16,artifacts/llama/geometry/geometry_dataset.csv,objective_fixed
C,Llama-3.1-8B,Objective-fixed,compiler::causal_mapping::causal_0036,causal_mapping,0.5541666666666667,0.5541666666666667,0.0,middle__all__r16,artifacts/llama/geometry/geometry_dataset.csv,objective_fixed
C,Llama-3.1-8B,Objective-fixed,compiler::causal_mapping::causal_0039,causal_mapping,0.4510416666666667,0.4510416666666667,0.0,middle__all__r16,artifacts/llama/geometry/geometry_dataset.csv,objective_fixed
C,Llama-3.1-8B,Objective-fixed,compiler::causal_mapping::causal_0044,causal_mapping,0.5357638888888889,0.5357638888888889,0.0,middle__all__r16,artifacts/llama/geometry/geometry_dataset.csv,objective_fixed
C,Llama-3.1-8B,Objective-fixed,compiler::causal_mapping::causal_0045,causal_mapping,0.6159722222222221,0.6159722222222221,0.0,middle__all__r16,artifacts/llama/geometry/geometry_dataset.csv,objective_fixed
C,Llama-3.1-8B,Objective-fixed,compiler::causal_mapping::causal_0047,causal_mapping,0.3583333333333333,0.3027777777777777,0.05555555555555558,middle__all__r16,artifacts/llama/geometry/geometry_dataset.csv,objective_fixed
C,Llama-3.1-8B,Objective-fixed,compiler::causal_mapping::causal_0053,causal_mapping,0.4836805555555555,0.4836805555555555,0.0,middle__all__r16,artifacts/llama/geometry/geometry_dataset.csv,objective_fixed
C,Llama-3.1-8B,Objective-fixed,compiler::causal_mapping::causal_0064,causal_mapping,0.5298611111111111,0.5298611111111111,0.0,middle__all__r16,artifacts/llama/geometry/geometry_dataset.csv,objective_fixed
C,Llama-3.1-8B,Objective-fixed,compiler::causal_mapping::causal_0074,causal_mapping,0.5423611111111111,0.5423611111111111,0.0,middle__all__r16,artifacts/llama/geometry/geometry_dataset.csv,objective_fixed
C,Llama-3.1-8B,Objective-fixed,compiler::causal_mapping::causal_0077,causal_mapping,0.375,0.2940972222222222,0.08090277777777782,middle__all__r16,artifacts/llama/geometry/geometry_dataset.csv,objective_fixed
C,Llama-3.1-8B,Objective-fixed,compiler::causal_mapping::causal_0079,causal_mapping,0.4854166666666666,0.4854166666666666,0.0,middle__all__r16,artifacts/llama/geometry/geometry_dataset.csv,objective_fixed
C,Llama-3.1-8B,Objective-fixed,compiler::causal_mapping::causal_0089,causal_mapping,0.5076388888888889,0.5076388888888889,0.0,middle__all__r16,artifacts/llama/geometry/geometry_dataset.csv,objective_fixed
C,Llama-3.1-8B,Objective-fixed,compiler::causal_mapping::causal_0090,causal_mapping,0.4326388888888889,0.3479166666666666,0.08472222222222231,middle__all__r16,artifacts/llama/geometry/geometry_dataset.csv,objective_fixed
C,Llama-3.1-8B,Objective-fixed,compiler::causal_mapping::causal_0101,causal_mapping,0.7243055555555555,0.7243055555555555,0.0,middle__all__r16,artifacts/llama/geometry/geometry_dataset.csv,objective_fixed
C,Llama-3.1-8B,Objective-fixed,compiler::causal_mapping::causal_0114,causal_mapping,0.6027777777777777,0.6027777777777777,0.0,middle__all__r16,artifacts/llama/geometry/geometry_dataset.csv,objective_fixed
C,Llama-3.1-8B,Objective-fixed,compiler::factual_association::factual_0006,factual_association,0.7722222222222221,0.6461805555555555,0.1260416666666666,late__all__r16,artifacts/llama/geometry/geometry_dataset.csv,objective_fixed
C,Llama-3.1-8B,Objective-fixed,compiler::factual_association::factual_0016,factual_association,0.5416666666666666,0.5413194444444445,0.0003472222222221655,late__all__r16,artifacts/llama/geometry/geometry_dataset.csv,objective_fixed
C,Llama-3.1-8B,Objective-fixed,compiler::factual_association::factual_0018,factual_association,0.5934027777777777,0.5934027777777777,0.0,late__all__r16,artifacts/llama/geometry/geometry_dataset.csv,objective_fixed
C,Llama-3.1-8B,Objective-fixed,compiler::factual_association::factual_0022,factual_association,0.5694444444444444,0.5545138888888889,0.014930555555555558,late__all__r16,artifacts/llama/geometry/geometry_dataset.csv,objective_fixed
C,Llama-3.1-8B,Objective-fixed,compiler::factual_association::factual_0024,factual_association,0.5878472222222222,0.5878472222222222,0.0,late__all__r16,artifacts/llama/geometry/geometry_dataset.csv,objective_fixed
C,Llama-3.1-8B,Objective-fixed,compiler::factual_association::factual_0030,factual_association,0.65625,0.65625,0.0,late__all__r16,artifacts/llama/geometry/geometry_dataset.csv,objective_fixed
C,Llama-3.1-8B,Objective-fixed,compiler::factual_association::factual_0032,factual_association,0.5413194444444445,0.4861111111111111,0.05520833333333336,late__all__r16,artifacts/llama/geometry/geometry_dataset.csv,objective_fixed
C,Llama-3.1-8B,Objective-fixed,compiler::factual_association::factual_0044,factual_association,0.5756944444444445,0.5756944444444445,0.0,late__all__r16,artifacts/llama/geometry/geometry_dataset.csv,objective_fixed
C,Llama-3.1-8B,Objective-fixed,compiler::factual_association::factual_0048,factual_association,0.6215277777777778,0.6215277777777778,0.0,late__all__r16,artifacts/llama/geometry/geometry_dataset.csv,objective_fixed
C,Llama-3.1-8B,Objective-fixed,compiler::factual_association::factual_0056,factual_association,0.5402777777777777,0.5135416666666667,0.02673611111111107,late__all__r16,artifacts/llama/geometry/geometry_dataset.csv,objective_fixed
C,Llama-3.1-8B,Objective-fixed,compiler::factual_association::factual_0078,factual_association,0.6215277777777778,0.6215277777777778,0.0,late__all__r16,artifacts/llama/geometry/geometry_dataset.csv,objective_fixed
C,Llama-3.1-8B,Objective-fixed,compiler::factual_association::factual_0086,factual_association,0.525,0.5083333333333333,0.01666666666666672,late__all__r16,artifacts/llama/geometry/geometry_dataset.csv,objective_fixed
C,Llama-3.1-8B,Objective-fixed,compiler::factual_association::factual_0087,factual_association,0.6409722222222223,0.560763888888889,0.08020833333333333,late__all__r16,artifacts/llama/geometry/geometry_dataset.csv,objective_fixed
C,Llama-3.1-8B,Objective-fixed,compiler::factual_association::factual_0091,factual_association,0.5416666666666666,0.5315972222222223,0.010069444444444353,late__all__r16,artifacts/llama/geometry/geometry_dataset.csv,objective_fixed
C,Llama-3.1-8B,Objective-fixed,compiler::factual_association::factual_0094,factual_association,0.5972222222222222,0.5409722222222222,0.05625000000000002,late__all__r16,artifacts/llama/geometry/geometry_dataset.csv,objective_fixed
C,Llama-3.1-8B,Objective-fixed,compiler::factual_association::factual_0103,factual_association,0.6145833333333334,0.6145833333333334,0.0,late__all__r16,artifacts/llama/geometry/geometry_dataset.csv,objective_fixed
C,Llama-3.1-8B,Objective-fixed,compiler::factual_association::factual_0106,factual_association,0.5548611111111111,0.4420138888888889,0.11284722222222227,late__all__r16,artifacts/llama/geometry/geometry_dataset.csv,objective_fixed
C,Llama-3.1-8B,Objective-fixed,compiler::factual_association::factual_0108,factual_association,0.6430555555555556,0.6430555555555556,0.0,late__all__r16,artifacts/llama/geometry/geometry_dataset.csv,objective_fixed
C,Llama-3.1-8B,Objective-fixed,compiler::factual_association::factual_0109,factual_association,0.5381944444444444,0.4993055555555555,0.03888888888888892,late__all__r16,artifacts/llama/geometry/geometry_dataset.csv,objective_fixed
C,Llama-3.1-8B,Objective-fixed,compiler::factual_association::factual_0115,factual_association,0.5416666666666666,0.5319444444444444,0.009722222222222188,late__all__r16,artifacts/llama/geometry/geometry_dataset.csv,objective_fixed
C,Llama-3.1-8B,Objective-fixed,compiler::lexical_binding::lexical_0002,lexical_binding,0.7399305555555555,0.7045138888888889,0.03541666666666665,early__all__r16,artifacts/llama/geometry/geometry_dataset.csv,objective_fixed
C,Llama-3.1-8B,Objective-fixed,compiler::lexical_binding::lexical_0003,lexical_binding,0.7166666666666667,0.7166666666666667,0.0,early__all__r16,artifacts/llama/geometry/geometry_dataset.csv,objective_fixed
C,Llama-3.1-8B,Objective-fixed,compiler::lexical_binding::lexical_0004,lexical_binding,0.85625,0.85625,0.0,early__all__r16,artifacts/llama/geometry/geometry_dataset.csv,objective_fixed
C,Llama-3.1-8B,Objective-fixed,compiler::lexical_binding::lexical_0006,lexical_binding,0.8920138888888889,0.8465277777777778,0.045486111111111116,early__all__r16,artifacts/llama/geometry/geometry_dataset.csv,objective_fixed
C,Llama-3.1-8B,Objective-fixed,compiler::lexical_binding::lexical_0014,lexical_binding,0.9569444444444444,0.9569444444444444,0.0,early__all__r16,artifacts/llama/geometry/geometry_dataset.csv,objective_fixed
C,Llama-3.1-8B,Objective-fixed,compiler::lexical_binding::lexical_0032,lexical_binding,0.6940972222222223,0.5322916666666666,0.16180555555555565,early__all__r16,artifacts/llama/geometry/geometry_dataset.csv,objective_fixed
C,Llama-3.1-8B,Objective-fixed,compiler::lexical_binding::lexical_0038,lexical_binding,0.9083333333333332,0.9083333333333332,0.0,early__all__r16,artifacts/llama/geometry/geometry_dataset.csv,objective_fixed
C,Llama-3.1-8B,Objective-fixed,compiler::lexical_binding::lexical_0040,lexical_binding,0.8340277777777778,0.8340277777777778,0.0,early__all__r16,artifacts/llama/geometry/geometry_dataset.csv,objective_fixed
C,Llama-3.1-8B,Objective-fixed,compiler::lexical_binding::lexical_0050,lexical_binding,0.7309027777777778,0.648263888888889,0.08263888888888882,early__all__r16,artifacts/llama/geometry/geometry_dataset.csv,objective_fixed
C,Llama-3.1-8B,Objective-fixed,compiler::lexical_binding::lexical_0056,lexical_binding,0.7496527777777778,0.7496527777777778,0.0,early__all__r16,artifacts/llama/geometry/geometry_dataset.csv,objective_fixed
C,Llama-3.1-8B,Objective-fixed,compiler::lexical_binding::lexical_0062,lexical_binding,0.8243055555555555,0.8243055555555555,0.0,early__all__r16,artifacts/llama/geometry/geometry_dataset.csv,objective_fixed
C,Llama-3.1-8B,Objective-fixed,compiler::lexical_binding::lexical_0073,lexical_binding,0.8659722222222223,0.8659722222222223,0.0,early__all__r16,artifacts/llama/geometry/geometry_dataset.csv,objective_fixed
C,Llama-3.1-8B,Objective-fixed,compiler::lexical_binding::lexical_0077,lexical_binding,0.6850694444444444,0.525,0.16006944444444438,early__all__r16,artifacts/llama/geometry/geometry_dataset.csv,objective_fixed
C,Llama-3.1-8B,Objective-fixed,compiler::lexical_binding::lexical_0091,lexical_binding,0.590625,0.590625,0.0,early__all__r16,artifacts/llama/geometry/geometry_dataset.csv,objective_fixed
C,Llama-3.1-8B,Objective-fixed,compiler::lexical_binding::lexical_0097,lexical_binding,0.7340277777777778,0.7340277777777778,0.0,early__all__r16,artifacts/llama/geometry/geometry_dataset.csv,objective_fixed
C,Llama-3.1-8B,Objective-fixed,compiler::lexical_binding::lexical_0098,lexical_binding,0.7493055555555556,0.6211805555555555,0.12812500000000004,early__all__r16,artifacts/llama/geometry/geometry_dataset.csv,objective_fixed
C,Llama-3.1-8B,Objective-fixed,compiler::lexical_binding::lexical_0101,lexical_binding,0.81875,0.81875,0.0,early__all__r16,artifacts/llama/geometry/geometry_dataset.csv,objective_fixed
C,Llama-3.1-8B,Objective-fixed,compiler::lexical_binding::lexical_0108,lexical_binding,0.8041666666666667,0.8041666666666667,0.0,early__all__r16,artifacts/llama/geometry/geometry_dataset.csv,objective_fixed
C,Llama-3.1-8B,Objective-fixed,compiler::lexical_binding::lexical_0114,lexical_binding,0.8166666666666667,0.6513888888888889,0.16527777777777775,early__all__r16,artifacts/llama/geometry/geometry_dataset.csv,objective_fixed
C,Llama-3.1-8B,Objective-fixed,compiler::lexical_binding::lexical_0116,lexical_binding,0.8274305555555556,0.8274305555555556,0.0,early__all__r16,artifacts/llama/geometry/geometry_dataset.csv,objective_fixed
C,Llama-3.1-8B,Objective-fixed,compiler::procedural_reasoning::procedural_0007,procedural_reasoning,0.4649305555555555,0.4649305555555555,0.0,middle__all__r16,artifacts/llama/geometry/geometry_dataset.csv,objective_fixed
C,Llama-3.1-8B,Objective-fixed,compiler::procedural_reasoning::procedural_0011,procedural_reasoning,0.4628472222222222,0.4628472222222222,0.0,middle__all__r16,artifacts/llama/geometry/geometry_dataset.csv,objective_fixed
C,Llama-3.1-8B,Objective-fixed,compiler::procedural_reasoning::procedural_0014,procedural_reasoning,0.4378472222222222,0.4378472222222222,0.0,middle__all__r16,artifacts/llama/geometry/geometry_dataset.csv,objective_fixed
C,Llama-3.1-8B,Objective-fixed,compiler::procedural_reasoning::procedural_0015,procedural_reasoning,0.4065972222222222,0.4065972222222222,0.0,middle__all__r16,artifacts/llama/geometry/geometry_dataset.csv,objective_fixed
C,Llama-3.1-8B,Objective-fixed,compiler::procedural_reasoning::procedural_0032,procedural_reasoning,0.4767361111111111,0.4607638888888888,0.015972222222222276,middle__all__r16,artifacts/llama/geometry/geometry_dataset.csv,objective_fixed
C,Llama-3.1-8B,Objective-fixed,compiler::procedural_reasoning::procedural_0040,procedural_reasoning,0.4638888888888889,0.4638888888888889,0.0,middle__all__r16,artifacts/llama/geometry/geometry_dataset.csv,objective_fixed
C,Llama-3.1-8B,Objective-fixed,compiler::procedural_reasoning::procedural_0043,procedural_reasoning,0.4677083333333333,0.4677083333333333,0.0,middle__all__r16,artifacts/llama/geometry/geometry_dataset.csv,objective_fixed
C,Llama-3.1-8B,Objective-fixed,compiler::procedural_reasoning::procedural_0047,procedural_reasoning,0.4229166666666666,0.4229166666666666,0.0,middle__all__r16,artifacts/llama/geometry/geometry_dataset.csv,objective_fixed
C,Llama-3.1-8B,Objective-fixed,compiler::procedural_reasoning::procedural_0050,procedural_reasoning,0.4756944444444445,0.4756944444444445,0.0,middle__all__r16,artifacts/llama/geometry/geometry_dataset.csv,objective_fixed
C,Llama-3.1-8B,Objective-fixed,compiler::procedural_reasoning::procedural_0057,procedural_reasoning,0.4100694444444444,0.4100694444444444,0.0,middle__all__r16,artifacts/llama/geometry/geometry_dataset.csv,objective_fixed
C,Llama-3.1-8B,Objective-fixed,compiler::procedural_reasoning::procedural_0063,procedural_reasoning,0.465625,0.465625,0.0,middle__all__r16,artifacts/llama/geometry/geometry_dataset.csv,objective_fixed
C,Llama-3.1-8B,Objective-fixed,compiler::procedural_reasoning::procedural_0064,procedural_reasoning,0.4236111111111111,0.4236111111111111,0.0,middle__all__r16,artifacts/llama/geometry/geometry_dataset.csv,objective_fixed
C,Llama-3.1-8B,Objective-fixed,compiler::procedural_reasoning::procedural_0068,procedural_reasoning,0.4350694444444444,0.4350694444444444,0.0,middle__all__r16,artifacts/llama/geometry/geometry_dataset.csv,objective_fixed
C,Llama-3.1-8B,Objective-fixed,compiler::procedural_reasoning::procedural_0075,procedural_reasoning,0.4090277777777777,0.4090277777777777,0.0,middle__all__r16,artifacts/llama/geometry/geometry_dataset.csv,objective_fixed
C,Llama-3.1-8B,Objective-fixed,compiler::procedural_reasoning::procedural_0077,procedural_reasoning,0.4232638888888889,0.4232638888888889,0.0,middle__all__r16,artifacts/llama/geometry/geometry_dataset.csv,objective_fixed
C,Llama-3.1-8B,Objective-fixed,compiler::procedural_reasoning::procedural_0080,procedural_reasoning,0.4774305555555556,0.4774305555555556,0.0,middle__all__r16,artifacts/llama/geometry/geometry_dataset.csv,objective_fixed
C,Llama-3.1-8B,Objective-fixed,compiler::procedural_reasoning::procedural_0090,procedural_reasoning,0.4489583333333333,0.4489583333333333,0.0,middle__all__r16,artifacts/llama/geometry/geometry_dataset.csv,objective_fixed
C,Llama-3.1-8B,Objective-fixed,compiler::procedural_reasoning::procedural_0091,procedural_reasoning,0.4777777777777778,0.4777777777777778,0.0,middle__all__r16,artifacts/llama/geometry/geometry_dataset.csv,objective_fixed
C,Llama-3.1-8B,Objective-fixed,compiler::procedural_reasoning::procedural_0103,procedural_reasoning,0.4763888888888889,0.4763888888888889,0.0,middle__all__r16,artifacts/llama/geometry/geometry_dataset.csv,objective_fixed
C,Llama-3.1-8B,Objective-fixed,compiler::procedural_reasoning::procedural_0110,procedural_reasoning,0.4760416666666667,0.4760416666666667,0.0,middle__all__r16,artifacts/llama/geometry/geometry_dataset.csv,objective_fixed
C,Llama-3.1-8B,Compiler,compiler::behavioral_policy::behavioral_0000,,0.75,0.7496527777777778,0.0003472222222221655,late__all__r16,artifacts/llama/selection\compiler_evaluation.csv,compiler
C,Llama-3.1-8B,Compiler,compiler::behavioral_policy::behavioral_0007,,0.7472222222222222,0.7472222222222222,0.0,late__all__r16,artifacts/llama/selection\compiler_evaluation.csv,compiler
C,Llama-3.1-8B,Compiler,compiler::behavioral_policy::behavioral_0019,,0.75,0.75,0.0,full__all__r4,artifacts/llama/selection\compiler_evaluation.csv,compiler
C,Llama-3.1-8B,Compiler,compiler::behavioral_policy::behavioral_0024,,0.7489583333333333,0.7489583333333333,0.0,late__all__r16,artifacts/llama/selection\compiler_evaluation.csv,compiler
C,Llama-3.1-8B,Compiler,compiler::behavioral_policy::behavioral_0031,,0.75,0.75,0.0,full__all__r4,artifacts/llama/selection\compiler_evaluation.csv,compiler
C,Llama-3.1-8B,Compiler,compiler::behavioral_policy::behavioral_0042,,0.75,0.75,0.0,full__all__r4,artifacts/llama/selection\compiler_evaluation.csv,compiler
C,Llama-3.1-8B,Compiler,compiler::behavioral_policy::behavioral_0056,,0.7489583333333333,0.7479166666666667,0.0010416666666666075,late__all__r16,artifacts/llama/selection\compiler_evaluation.csv,compiler
C,Llama-3.1-8B,Compiler,compiler::behavioral_policy::behavioral_0058,,0.7586805555555555,0.7586805555555555,0.0,middle__all__r16,artifacts/llama/selection\compiler_evaluation.csv,compiler
C,Llama-3.1-8B,Compiler,compiler::behavioral_policy::behavioral_0064,,0.7493055555555556,0.7493055555555556,0.0,late__all__r16,artifacts/llama/selection\compiler_evaluation.csv,compiler
C,Llama-3.1-8B,Compiler,compiler::behavioral_policy::behavioral_0067,,0.7472222222222222,0.7472222222222222,0.0,late__all__r16,artifacts/llama/selection\compiler_evaluation.csv,compiler
C,Llama-3.1-8B,Compiler,compiler::behavioral_policy::behavioral_0071,,0.7496527777777778,0.7496527777777778,0.0,late__all__r16,artifacts/llama/selection\compiler_evaluation.csv,compiler
C,Llama-3.1-8B,Compiler,compiler::behavioral_policy::behavioral_0082,,0.75,0.7486111111111111,0.001388888888888884,late__all__r16,artifacts/llama/selection\compiler_evaluation.csv,compiler
C,Llama-3.1-8B,Compiler,compiler::behavioral_policy::behavioral_0087,,0.8156249999999999,0.8156249999999999,0.0,middle__all__r16,artifacts/llama/selection\compiler_evaluation.csv,compiler
C,Llama-3.1-8B,Compiler,compiler::behavioral_policy::behavioral_0092,,0.7489583333333333,0.7416666666666667,0.007291666666666585,full__all__r4,artifacts/llama/selection\compiler_evaluation.csv,compiler
C,Llama-3.1-8B,Compiler,compiler::behavioral_policy::behavioral_0097,,0.7472222222222222,0.7472222222222222,0.0,late__all__r16,artifacts/llama/selection\compiler_evaluation.csv,compiler
C,Llama-3.1-8B,Compiler,compiler::behavioral_policy::behavioral_0100,,0.7489583333333333,0.7489583333333333,0.0,late__all__r16,artifacts/llama/selection\compiler_evaluation.csv,compiler
C,Llama-3.1-8B,Compiler,compiler::behavioral_policy::behavioral_0104,,0.7493055555555556,0.7493055555555556,0.0,late__all__r16,artifacts/llama/selection\compiler_evaluation.csv,compiler
C,Llama-3.1-8B,Compiler,compiler::behavioral_policy::behavioral_0112,,0.75,0.7486111111111111,0.001388888888888884,late__all__r16,artifacts/llama/selection\compiler_evaluation.csv,compiler
C,Llama-3.1-8B,Compiler,compiler::behavioral_policy::behavioral_0116,,0.7489583333333333,0.7479166666666667,0.0010416666666666075,late__all__r16,artifacts/llama/selection\compiler_evaluation.csv,compiler
C,Llama-3.1-8B,Compiler,compiler::behavioral_policy::behavioral_0118,,0.7586805555555555,0.7586805555555555,0.0,middle__all__r16,artifacts/llama/selection\compiler_evaluation.csv,compiler
C,Llama-3.1-8B,Compiler,compiler::causal_mapping::causal_0006,,0.5625,0.5625,0.0,middle__all__r16,artifacts/llama/selection\compiler_evaluation.csv,compiler
C,Llama-3.1-8B,Compiler,compiler::causal_mapping::causal_0010,,0.4604166666666666,0.4604166666666666,0.0,full__all__r4,artifacts/llama/selection\compiler_evaluation.csv,compiler
C,Llama-3.1-8B,Compiler,compiler::causal_mapping::causal_0022,,0.5406249999999999,0.486111111111111,0.05451388888888892,late__all__r16,artifacts/llama/selection\compiler_evaluation.csv,compiler
C,Llama-3.1-8B,Compiler,compiler::causal_mapping::causal_0026,,0.5267361111111111,0.5267361111111111,0.0,middle__all__r16,artifacts/llama/selection\compiler_evaluation.csv,compiler
C,Llama-3.1-8B,Compiler,compiler::causal_mapping::causal_0027,,0.3583333333333333,0.3583333333333333,0.0,late__all__r16,artifacts/llama/selection\compiler_evaluation.csv,compiler
C,Llama-3.1-8B,Compiler,compiler::causal_mapping::causal_0034,,0.5003472222222222,0.5003472222222222,0.0,middle__all__r16,artifacts/llama/selection\compiler_evaluation.csv,compiler
C,Llama-3.1-8B,Compiler,compiler::causal_mapping::causal_0036,,0.5541666666666667,0.5541666666666667,0.0,middle__all__r16,artifacts/llama/selection\compiler_evaluation.csv,compiler
C,Llama-3.1-8B,Compiler,compiler::causal_mapping::causal_0039,,0.4510416666666666,0.4510416666666666,0.0,middle__all__r16,artifacts/llama/selection\compiler_evaluation.csv,compiler
C,Llama-3.1-8B,Compiler,compiler::causal_mapping::causal_0044,,0.5357638888888889,0.5357638888888889,0.0,middle__all__r16,artifacts/llama/selection\compiler_evaluation.csv,compiler
C,Llama-3.1-8B,Compiler,compiler::causal_mapping::causal_0045,,0.6159722222222221,0.5934027777777777,0.02256944444444442,full__all__r4,artifacts/llama/selection\compiler_evaluation.csv,compiler
C,Llama-3.1-8B,Compiler,compiler::causal_mapping::causal_0047,,0.3583333333333333,0.3583333333333333,0.0,late__all__r16,artifacts/llama/selection\compiler_evaluation.csv,compiler
C,Llama-3.1-8B,Compiler,compiler::causal_mapping::causal_0053,,0.4836805555555555,0.4836805555555555,0.0,middle__all__r16,artifacts/llama/selection\compiler_evaluation.csv,compiler
C,Llama-3.1-8B,Compiler,compiler::causal_mapping::causal_0064,,0.5298611111111111,0.5298611111111111,0.0,middle__all__r16,artifacts/llama/selection\compiler_evaluation.csv,compiler
C,Llama-3.1-8B,Compiler,compiler::causal_mapping::causal_0074,,0.5423611111111111,0.5423611111111111,0.0,middle__all__r16,artifacts/llama/selection\compiler_evaluation.csv,compiler
C,Llama-3.1-8B,Compiler,compiler::causal_mapping::causal_0077,,0.375,0.375,0.0,late__all__r16,artifacts/llama/selection\compiler_evaluation.csv,compiler
C,Llama-3.1-8B,Compiler,compiler::causal_mapping::causal_0079,,0.4854166666666666,0.4854166666666666,0.0,middle__all__r16,artifacts/llama/selection\compiler_evaluation.csv,compiler
C,Llama-3.1-8B,Compiler,compiler::causal_mapping::causal_0089,,0.5076388888888889,0.5076388888888889,0.0,middle__all__r16,artifacts/llama/selection\compiler_evaluation.csv,compiler
C,Llama-3.1-8B,Compiler,compiler::causal_mapping::causal_0090,,0.4326388888888889,0.4326388888888889,0.0,full__all__r4,artifacts/llama/selection\compiler_evaluation.csv,compiler
C,Llama-3.1-8B,Compiler,compiler::causal_mapping::causal_0101,,0.7243055555555555,0.7243055555555555,0.0,middle__all__r16,artifacts/llama/selection\compiler_evaluation.csv,compiler
C,Llama-3.1-8B,Compiler,compiler::causal_mapping::causal_0114,,0.6027777777777777,0.6027777777777777,0.0,middle__all__r16,artifacts/llama/selection\compiler_evaluation.csv,compiler
C,Llama-3.1-8B,Compiler,compiler::factual_association::factual_0006,,0.7722222222222221,0.7722222222222221,0.0,middle__all__r16,artifacts/llama/selection\compiler_evaluation.csv,compiler
C,Llama-3.1-8B,Compiler,compiler::factual_association::factual_0016,,0.5416666666666666,0.5413194444444445,0.0003472222222221655,late__all__r16,artifacts/llama/selection\compiler_evaluation.csv,compiler
C,Llama-3.1-8B,Compiler,compiler::factual_association::factual_0018,,0.5934027777777777,0.5934027777777777,0.0,late__all__r16,artifacts/llama/selection\compiler_evaluation.csv,compiler
C,Llama-3.1-8B,Compiler,compiler::factual_association::factual_0022,,0.5694444444444444,0.5545138888888889,0.014930555555555558,late__all__r16,artifacts/llama/selection\compiler_evaluation.csv,compiler
C,Llama-3.1-8B,Compiler,compiler::factual_association::factual_0024,,0.5878472222222222,0.5878472222222222,0.0,late__all__r16,artifacts/llama/selection\compiler_evaluation.csv,compiler
C,Llama-3.1-8B,Compiler,compiler::factual_association::factual_0030,,0.65625,0.65625,0.0,late__all__r16,artifacts/llama/selection\compiler_evaluation.csv,compiler
C,Llama-3.1-8B,Compiler,compiler::factual_association::factual_0032,,0.5413194444444445,0.5378472222222221,0.003472222222222321,early__all__r16,artifacts/llama/selection\compiler_evaluation.csv,compiler
C,Llama-3.1-8B,Compiler,compiler::factual_association::factual_0044,,0.5756944444444445,0.54375,0.03194444444444455,full__all__r4,artifacts/llama/selection\compiler_evaluation.csv,compiler
C,Llama-3.1-8B,Compiler,compiler::factual_association::factual_0048,,0.6215277777777778,0.6215277777777778,0.0,late__all__r16,artifacts/llama/selection\compiler_evaluation.csv,compiler
C,Llama-3.1-8B,Compiler,compiler::factual_association::factual_0056,,0.5402777777777777,0.5395833333333333,0.000694444444444442,full__all__r4,artifacts/llama/selection\compiler_evaluation.csv,compiler
C,Llama-3.1-8B,Compiler,compiler::factual_association::factual_0078,,0.6215277777777778,0.6215277777777778,0.0,late__all__r16,artifacts/llama/selection\compiler_evaluation.csv,compiler
C,Llama-3.1-8B,Compiler,compiler::factual_association::factual_0086,,0.5249999999999999,0.5249999999999999,0.0,early__all__r16,artifacts/llama/selection\compiler_evaluation.csv,compiler
C,Llama-3.1-8B,Compiler,compiler::factual_association::factual_0087,,0.6409722222222223,0.6409722222222223,0.0,full__all__r4,artifacts/llama/selection\compiler_evaluation.csv,compiler
C,Llama-3.1-8B,Compiler,compiler::factual_association::factual_0091,,0.5416666666666666,0.5416666666666666,0.0,early__all__r16,artifacts/llama/selection\compiler_evaluation.csv,compiler
C,Llama-3.1-8B,Compiler,compiler::factual_association::factual_0094,,0.5972222222222222,0.5409722222222222,0.05625000000000002,late__all__r16,artifacts/llama/selection\compiler_evaluation.csv,compiler
C,Llama-3.1-8B,Compiler,compiler::factual_association::factual_0103,,0.6145833333333334,0.6145833333333334,0.0,late__all__r16,artifacts/llama/selection\compiler_evaluation.csv,compiler
C,Llama-3.1-8B,Compiler,compiler::factual_association::factual_0106,,0.5548611111111111,0.5548611111111111,0.0,full__all__r4,artifacts/llama/selection\compiler_evaluation.csv,compiler
C,Llama-3.1-8B,Compiler,compiler::factual_association::factual_0108,,0.6430555555555555,0.6430555555555555,0.0,late__all__r16,artifacts/llama/selection\compiler_evaluation.csv,compiler
C,Llama-3.1-8B,Compiler,compiler::factual_association::factual_0109,,0.5381944444444444,0.5277777777777777,0.01041666666666674,full__all__r4,artifacts/llama/selection\compiler_evaluation.csv,compiler
C,Llama-3.1-8B,Compiler,compiler::factual_association::factual_0115,,0.5416666666666666,0.5416666666666666,0.0,early__all__r16,artifacts/llama/selection\compiler_evaluation.csv,compiler
C,Llama-3.1-8B,Compiler,compiler::lexical_binding::lexical_0002,,0.7399305555555555,0.6604166666666667,0.07951388888888888,middle__all__r16,artifacts/llama/selection\compiler_evaluation.csv,compiler
C,Llama-3.1-8B,Compiler,compiler::lexical_binding::lexical_0003,,0.7166666666666667,0.7166666666666667,0.0,early__all__r16,artifacts/llama/selection\compiler_evaluation.csv,compiler
C,Llama-3.1-8B,Compiler,compiler::lexical_binding::lexical_0004,,0.85625,0.7197916666666666,0.13645833333333335,full__all__r4,artifacts/llama/selection\compiler_evaluation.csv,compiler
C,Llama-3.1-8B,Compiler,compiler::lexical_binding::lexical_0006,,0.8920138888888888,0.8465277777777778,0.045486111111111005,early__all__r16,artifacts/llama/selection\compiler_evaluation.csv,compiler
C,Llama-3.1-8B,Compiler,compiler::lexical_binding::lexical_0014,,0.9569444444444444,0.9569444444444444,0.0,early__all__r16,artifacts/llama/selection\compiler_evaluation.csv,compiler
C,Llama-3.1-8B,Compiler,compiler::lexical_binding::lexical_0032,,0.6940972222222223,0.5322916666666666,0.16180555555555565,early__all__r16,artifacts/llama/selection\compiler_evaluation.csv,compiler
C,Llama-3.1-8B,Compiler,compiler::lexical_binding::lexical_0038,,0.9083333333333332,0.9083333333333332,0.0,early__all__r16,artifacts/llama/selection\compiler_evaluation.csv,compiler
C,Llama-3.1-8B,Compiler,compiler::lexical_binding::lexical_0040,,0.8340277777777778,0.8340277777777778,0.0,early__all__r16,artifacts/llama/selection\compiler_evaluation.csv,compiler
C,Llama-3.1-8B,Compiler,compiler::lexical_binding::lexical_0050,,0.7309027777777777,0.7309027777777777,0.0,middle__all__r16,artifacts/llama/selection\compiler_evaluation.csv,compiler
C,Llama-3.1-8B,Compiler,compiler::lexical_binding::lexical_0056,,0.7496527777777778,0.7496527777777778,0.0,early__all__r16,artifacts/llama/selection\compiler_evaluation.csv,compiler
C,Llama-3.1-8B,Compiler,compiler::lexical_binding::lexical_0062,,0.8243055555555555,0.8243055555555555,0.0,early__all__r16,artifacts/llama/selection\compiler_evaluation.csv,compiler
C,Llama-3.1-8B,Compiler,compiler::lexical_binding::lexical_0073,,0.8659722222222223,0.8659722222222223,0.0,early__all__r16,artifacts/llama/selection\compiler_evaluation.csv,compiler
C,Llama-3.1-8B,Compiler,compiler::lexical_binding::lexical_0077,,0.6850694444444445,0.525,0.1600694444444445,early__all__r16,artifacts/llama/selection\compiler_evaluation.csv,compiler
C,Llama-3.1-8B,Compiler,compiler::lexical_binding::lexical_0091,,0.590625,0.590625,0.0,early__all__r16,artifacts/llama/selection\compiler_evaluation.csv,compiler
C,Llama-3.1-8B,Compiler,compiler::lexical_binding::lexical_0097,,0.7340277777777778,0.7340277777777778,0.0,early__all__r16,artifacts/llama/selection\compiler_evaluation.csv,compiler
C,Llama-3.1-8B,Compiler,compiler::lexical_binding::lexical_0098,,0.7493055555555556,0.6211805555555555,0.12812500000000004,early__all__r16,artifacts/llama/selection\compiler_evaluation.csv,compiler
C,Llama-3.1-8B,Compiler,compiler::lexical_binding::lexical_0101,,0.81875,0.81875,0.0,early__all__r16,artifacts/llama/selection\compiler_evaluation.csv,compiler
C,Llama-3.1-8B,Compiler,compiler::lexical_binding::lexical_0108,,0.8041666666666667,0.8041666666666667,0.0,early__all__r16,artifacts/llama/selection\compiler_evaluation.csv,compiler
C,Llama-3.1-8B,Compiler,compiler::lexical_binding::lexical_0114,,0.8166666666666667,0.6513888888888889,0.16527777777777775,early__all__r16,artifacts/llama/selection\compiler_evaluation.csv,compiler
C,Llama-3.1-8B,Compiler,compiler::lexical_binding::lexical_0116,,0.8274305555555556,0.8274305555555556,0.0,early__all__r16,artifacts/llama/selection\compiler_evaluation.csv,compiler
C,Llama-3.1-8B,Compiler,compiler::procedural_reasoning::procedural_0007,,0.4649305555555555,0.4649305555555555,0.0,middle__all__r16,artifacts/llama/selection\compiler_evaluation.csv,compiler
C,Llama-3.1-8B,Compiler,compiler::procedural_reasoning::procedural_0011,,0.4628472222222222,0.4628472222222222,0.0,middle__all__r16,artifacts/llama/selection\compiler_evaluation.csv,compiler
C,Llama-3.1-8B,Compiler,compiler::procedural_reasoning::procedural_0014,,0.4378472222222221,0.4378472222222221,0.0,middle__all__r16,artifacts/llama/selection\compiler_evaluation.csv,compiler
C,Llama-3.1-8B,Compiler,compiler::procedural_reasoning::procedural_0015,,0.4065972222222221,0.4065972222222221,0.0,middle__all__r16,artifacts/llama/selection\compiler_evaluation.csv,compiler
C,Llama-3.1-8B,Compiler,compiler::procedural_reasoning::procedural_0032,,0.476736111111111,0.476736111111111,0.0,late__all__r16,artifacts/llama/selection\compiler_evaluation.csv,compiler
C,Llama-3.1-8B,Compiler,compiler::procedural_reasoning::procedural_0040,,0.4638888888888888,0.4638888888888888,0.0,middle__all__r16,artifacts/llama/selection\compiler_evaluation.csv,compiler
C,Llama-3.1-8B,Compiler,compiler::procedural_reasoning::procedural_0043,,0.4677083333333333,0.4677083333333333,0.0,middle__all__r16,artifacts/llama/selection\compiler_evaluation.csv,compiler
C,Llama-3.1-8B,Compiler,compiler::procedural_reasoning::procedural_0047,,0.4229166666666666,0.4229166666666666,0.0,middle__all__r16,artifacts/llama/selection\compiler_evaluation.csv,compiler
C,Llama-3.1-8B,Compiler,compiler::procedural_reasoning::procedural_0050,,0.4756944444444444,0.4756944444444444,0.0,middle__all__r16,artifacts/llama/selection\compiler_evaluation.csv,compiler
C,Llama-3.1-8B,Compiler,compiler::procedural_reasoning::procedural_0057,,0.4100694444444444,0.4100694444444444,0.0,middle__all__r16,artifacts/llama/selection\compiler_evaluation.csv,compiler
C,Llama-3.1-8B,Compiler,compiler::procedural_reasoning::procedural_0063,,0.4656249999999999,0.4656249999999999,0.0,middle__all__r16,artifacts/llama/selection\compiler_evaluation.csv,compiler
C,Llama-3.1-8B,Compiler,compiler::procedural_reasoning::procedural_0064,,0.423611111111111,0.423611111111111,0.0,middle__all__r16,artifacts/llama/selection\compiler_evaluation.csv,compiler
C,Llama-3.1-8B,Compiler,compiler::procedural_reasoning::procedural_0068,,0.4350694444444444,0.3934027777777777,0.041666666666666685,late__all__r16,artifacts/llama/selection\compiler_evaluation.csv,compiler
C,Llama-3.1-8B,Compiler,compiler::procedural_reasoning::procedural_0075,,0.4090277777777777,0.4090277777777777,0.0,middle__all__r16,artifacts/llama/selection\compiler_evaluation.csv,compiler
C,Llama-3.1-8B,Compiler,compiler::procedural_reasoning::procedural_0077,,0.4232638888888889,0.4232638888888889,0.0,middle__all__r16,artifacts/llama/selection\compiler_evaluation.csv,compiler
C,Llama-3.1-8B,Compiler,compiler::procedural_reasoning::procedural_0080,,0.4774305555555555,0.4774305555555555,0.0,middle__all__r16,artifacts/llama/selection\compiler_evaluation.csv,compiler
C,Llama-3.1-8B,Compiler,compiler::procedural_reasoning::procedural_0090,,0.4489583333333333,0.4489583333333333,0.0,middle__all__r16,artifacts/llama/selection\compiler_evaluation.csv,compiler
C,Llama-3.1-8B,Compiler,compiler::procedural_reasoning::procedural_0091,,0.4777777777777777,0.4777777777777777,0.0,middle__all__r16,artifacts/llama/selection\compiler_evaluation.csv,compiler
C,Llama-3.1-8B,Compiler,compiler::procedural_reasoning::procedural_0103,,0.4763888888888889,0.4763888888888889,0.0,middle__all__r16,artifacts/llama/selection\compiler_evaluation.csv,compiler
C,Llama-3.1-8B,Compiler,compiler::procedural_reasoning::procedural_0110,,0.4760416666666666,0.4760416666666666,0.0,middle__all__r16,artifacts/llama/selection\compiler_evaluation.csv,compiler
C,Gemma-2-9B,Objective-fixed,compiler::behavioral_policy::behavioral_0000,behavioral_policy,0.6043693159351523,0.6043693159351523,0.0,full__all__r4,artifacts/gemma/geometry/geometry_dataset.csv,objective_fixed
C,Gemma-2-9B,Objective-fixed,compiler::behavioral_policy::behavioral_0007,behavioral_policy,0.4179616449189403,0.4179616449189403,0.0,full__all__r4,artifacts/gemma/geometry/geometry_dataset.csv,objective_fixed
C,Gemma-2-9B,Objective-fixed,compiler::behavioral_policy::behavioral_0019,behavioral_policy,0.6135923289837881,0.6037761961249506,0.009816132858837534,full__all__r4,artifacts/gemma/geometry/geometry_dataset.csv,objective_fixed
C,Gemma-2-9B,Objective-fixed,compiler::behavioral_policy::behavioral_0024,behavioral_policy,0.6222222222222222,0.5957394226967181,0.02648279952550414,full__all__r4,artifacts/gemma/geometry/geometry_dataset.csv,objective_fixed
C,Gemma-2-9B,Objective-fixed,compiler::behavioral_policy::behavioral_0031,behavioral_policy,0.4068505338078292,0.4068505338078292,0.0,full__all__r4,artifacts/gemma/geometry/geometry_dataset.csv,objective_fixed
C,Gemma-2-9B,Objective-fixed,compiler::behavioral_policy::behavioral_0042,behavioral_policy,0.4074436536180308,0.4074436536180308,0.0,full__all__r4,artifacts/gemma/geometry/geometry_dataset.csv,objective_fixed
C,Gemma-2-9B,Objective-fixed,compiler::behavioral_policy::behavioral_0056,behavioral_policy,0.5843317516805061,0.5843317516805061,0.0,full__all__r4,artifacts/gemma/geometry/geometry_dataset.csv,objective_fixed
C,Gemma-2-9B,Objective-fixed,compiler::behavioral_policy::behavioral_0058,behavioral_policy,0.5963325425069197,0.4654804270462633,0.1308521154606564,full__all__r4,artifacts/gemma/geometry/geometry_dataset.csv,objective_fixed
C,Gemma-2-9B,Objective-fixed,compiler::behavioral_policy::behavioral_0064,behavioral_policy,0.6908857255832345,0.6908857255832345,0.0,full__all__r4,artifacts/gemma/geometry/geometry_dataset.csv,objective_fixed
C,Gemma-2-9B,Objective-fixed,compiler::behavioral_policy::behavioral_0067,behavioral_policy,0.4179616449189403,0.4179616449189403,0.0,full__all__r4,artifacts/gemma/geometry/geometry_dataset.csv,objective_fixed
C,Gemma-2-9B,Objective-fixed,compiler::behavioral_policy::behavioral_0071,behavioral_policy,0.4432582048240411,0.4432582048240411,0.0,full__all__r4,artifacts/gemma/geometry/geometry_dataset.csv,objective_fixed
C,Gemma-2-9B,Objective-fixed,compiler::behavioral_policy::behavioral_0082,behavioral_policy,0.4241103202846975,0.4241103202846975,0.0,full__all__r4,artifacts/gemma/geometry/geometry_dataset.csv,objective_fixed
C,Gemma-2-9B,Objective-fixed,compiler::behavioral_policy::behavioral_0087,behavioral_policy,0.4574436536180308,0.4574436536180308,0.0,full__all__r4,artifacts/gemma/geometry/geometry_dataset.csv,objective_fixed
C,Gemma-2-9B,Objective-fixed,compiler::behavioral_policy::behavioral_0092,behavioral_policy,0.4160735468564649,0.3997034400948991,0.016370106761565806,full__all__r4,artifacts/gemma/geometry/geometry_dataset.csv,objective_fixed
C,Gemma-2-9B,Objective-fixed,compiler::behavioral_policy::behavioral_0097,behavioral_policy,0.4179616449189403,0.4179616449189403,0.0,full__all__r4,artifacts/gemma/geometry/geometry_dataset.csv,objective_fixed
C,Gemma-2-9B,Objective-fixed,compiler::behavioral_policy::behavioral_0100,behavioral_policy,0.6349248714907079,0.6349248714907079,0.0,full__all__r4,artifacts/gemma/geometry/geometry_dataset.csv,objective_fixed
C,Gemma-2-9B,Objective-fixed,compiler::behavioral_policy::behavioral_0104,behavioral_policy,0.6812574139976275,0.6812574139976275,0.0,full__all__r4,artifacts/gemma/geometry/geometry_dataset.csv,objective_fixed
C,Gemma-2-9B,Objective-fixed,compiler::behavioral_policy::behavioral_0112,behavioral_policy,0.4241103202846975,0.4241103202846975,0.0,full__all__r4,artifacts/gemma/geometry/geometry_dataset.csv,objective_fixed
C,Gemma-2-9B,Objective-fixed,compiler::behavioral_policy::behavioral_0116,behavioral_policy,0.5843317516805061,0.5843317516805061,0.0,full__all__r4,artifacts/gemma/geometry/geometry_dataset.csv,objective_fixed
C,Gemma-2-9B,Objective-fixed,compiler::behavioral_policy::behavioral_0118,behavioral_policy,0.5963325425069197,0.4654804270462633,0.1308521154606564,full__all__r4,artifacts/gemma/geometry/geometry_dataset.csv,objective_fixed
C,Gemma-2-9B,Objective-fixed,compiler::causal_mapping::causal_0006,causal_mapping,0.4577402135231316,0.4577402135231316,0.0,middle__all__r16,artifacts/gemma/geometry/geometry_dataset.csv,objective_fixed
C,Gemma-2-9B,Objective-fixed,compiler::causal_mapping::causal_0010,causal_mapping,0.3846283115856069,0.3846283115856069,0.0,middle__all__r16,artifacts/gemma/geometry/geometry_dataset.csv,objective_fixed
C,Gemma-2-9B,Objective-fixed,compiler::causal_mapping::causal_0022,causal_mapping,0.4877026492684855,0.4849248714907078,0.0027777777777777124,middle__all__r16,artifacts/gemma/geometry/geometry_dataset.csv,objective_fixed
C,Gemma-2-9B,Objective-fixed,compiler::causal_mapping::causal_0026,causal_mapping,0.4849248714907078,0.404665875840253,0.0802589956504548,middle__all__r16,artifacts/gemma/geometry/geometry_dataset.csv,objective_fixed
C,Gemma-2-9B,Objective-fixed,compiler::causal_mapping::causal_0027,causal_mapping,0.3333333333333333,0.3327402135231316,0.0005931198102017143,middle__all__r16,artifacts/gemma/geometry/geometry_dataset.csv,objective_fixed
C,Gemma-2-9B,Objective-fixed,compiler::causal_mapping::causal_0034,causal_mapping,0.3688513246342427,0.3688513246342427,0.0,middle__all__r16,artifacts/gemma/geometry/geometry_dataset.csv,objective_fixed
C,Gemma-2-9B,Objective-fixed,compiler::causal_mapping::causal_0036,causal_mapping,0.4605179913009094,0.4605179913009094,0.0,middle__all__r16,artifacts/gemma/geometry/geometry_dataset.csv,objective_fixed
C,Gemma-2-9B,Objective-fixed,compiler::causal_mapping::causal_0039,causal_mapping,0.3719256623171214,0.3719256623171214,0.0,middle__all__r16,artifacts/gemma/geometry/geometry_dataset.csv,objective_fixed
C,Gemma-2-9B,Objective-fixed,compiler::causal_mapping::causal_0044,causal_mapping,0.3685547647291419,0.3685547647291419,0.0,middle__all__r16,artifacts/gemma/geometry/geometry_dataset.csv,objective_fixed
C,Gemma-2-9B,Objective-fixed,compiler::causal_mapping::causal_0045,causal_mapping,0.498220640569395,0.487514827995255,0.01070581257414005,middle__all__r16,artifacts/gemma/geometry/geometry_dataset.csv,objective_fixed
C,Gemma-2-9B,Objective-fixed,compiler::causal_mapping::causal_0047,causal_mapping,0.3327402135231316,0.3327402135231316,0.0,middle__all__r16,artifacts/gemma/geometry/geometry_dataset.csv,objective_fixed
C,Gemma-2-9B,Objective-fixed,compiler::causal_mapping::causal_0053,causal_mapping,0.4583333333333333,0.4583333333333333,0.0,middle__all__r16,artifacts/gemma/geometry/geometry_dataset.csv,objective_fixed
C,Gemma-2-9B,Objective-fixed,compiler::causal_mapping::causal_0064,causal_mapping,0.3513246342427837,0.3333333333333333,0.01799130090945039,middle__all__r16,artifacts/gemma/geometry/geometry_dataset.csv,objective_fixed
C,Gemma-2-9B,Objective-fixed,compiler::causal_mapping::causal_0074,causal_mapping,0.3694444444444444,0.3694444444444444,0.0,middle__all__r16,artifacts/gemma/geometry/geometry_dataset.csv,objective_fixed
C,Gemma-2-9B,Objective-fixed,compiler::causal_mapping::causal_0077,causal_mapping,0.3333333333333333,0.3327402135231316,0.0005931198102017143,middle__all__r16,artifacts/gemma/geometry/geometry_dataset.csv,objective_fixed
C,Gemma-2-9B,Objective-fixed,compiler::causal_mapping::causal_0079,causal_mapping,0.38214709371293,0.3716291024120205,0.010517991300909468,middle__all__r16,artifacts/gemma/geometry/geometry_dataset.csv,objective_fixed
C,Gemma-2-9B,Objective-fixed,compiler::causal_mapping::causal_0089,causal_mapping,0.3913701067615658,0.3913701067615658,0.0,middle__all__r16,artifacts/gemma/geometry/geometry_dataset.csv,objective_fixed
C,Gemma-2-9B,Objective-fixed,compiler::causal_mapping::causal_0090,causal_mapping,0.420739422696718,0.3629992091735864,0.05774021352313158,middle__all__r16,artifacts/gemma/geometry/geometry_dataset.csv,objective_fixed
C,Gemma-2-9B,Objective-fixed,compiler::causal_mapping::causal_0101,causal_mapping,0.3726275207591933,0.3043693159351522,0.0682582048240411,middle__all__r16,artifacts/gemma/geometry/geometry_dataset.csv,objective_fixed
C,Gemma-2-9B,Objective-fixed,compiler::causal_mapping::causal_0114,causal_mapping,0.3611111111111111,0.3611111111111111,0.0,middle__all__r16,artifacts/gemma/geometry/geometry_dataset.csv,objective_fixed
C,Gemma-2-9B,Objective-fixed,compiler::factual_association::factual_0006,factual_association,0.553183076314749,0.553183076314749,0.0,full__all__r4,artifacts/gemma/geometry/geometry_dataset.csv,objective_fixed
C,Gemma-2-9B,Objective-fixed,compiler::factual_association::factual_0016,factual_association,0.5378113879003559,0.5378113879003559,0.0,full__all__r4,artifacts/gemma/geometry/geometry_dataset.csv,objective_fixed
C,Gemma-2-9B,Objective-fixed,compiler::factual_association::factual_0018,factual_association,0.5492190589165679,0.5271846579675761,0.022034400948991784,full__all__r4,artifacts/gemma/geometry/geometry_dataset.csv,objective_fixed
C,Gemma-2-9B,Objective-fixed,compiler::factual_association::factual_0022,factual_association,0.4420719652036378,0.3602214313958086,0.0818505338078292,full__all__r4,artifacts/gemma/geometry/geometry_dataset.csv,objective_fixed
C,Gemma-2-9B,Objective-fixed,compiler::factual_association::factual_0024,factual_association,0.4809608540925266,0.4809608540925266,0.0,full__all__r4,artifacts/gemma/geometry/geometry_dataset.csv,objective_fixed
C,Gemma-2-9B,Objective-fixed,compiler::factual_association::factual_0030,factual_association,0.6129992091735864,0.6129992091735864,0.0,full__all__r4,artifacts/gemma/geometry/geometry_dataset.csv,objective_fixed
C,Gemma-2-9B,Objective-fixed,compiler::factual_association::factual_0032,factual_association,0.4754052985369711,0.3726275207591933,0.1027777777777778,full__all__r4,artifacts/gemma/geometry/geometry_dataset.csv,objective_fixed
C,Gemma-2-9B,Objective-fixed,compiler::factual_association::factual_0044,factual_association,0.3729240806642941,0.3723309608540925,0.0005931198102016033,full__all__r4,artifacts/gemma/geometry/geometry_dataset.csv,objective_fixed
C,Gemma-2-9B,Objective-fixed,compiler::factual_association::factual_0048,factual_association,0.5492190589165679,0.5268880980624753,0.022330960854092585,full__all__r4,artifacts/gemma/geometry/geometry_dataset.csv,objective_fixed
C,Gemma-2-9B,Objective-fixed,compiler::factual_association::factual_0056,factual_association,0.444661921708185,0.3702550415183867,0.07440688018979835,full__all__r4,artifacts/gemma/geometry/geometry_dataset.csv,objective_fixed
C,Gemma-2-9B,Objective-fixed,compiler::factual_association::factual_0078,factual_association,0.5492190589165679,0.5268880980624753,0.022330960854092585,full__all__r4,artifacts/gemma/geometry/geometry_dataset.csv,objective_fixed
C,Gemma-2-9B,Objective-fixed,compiler::factual_association::factual_0086,factual_association,0.3741103202846975,0.373220640569395,0.0008896797153024605,full__all__r4,artifacts/gemma/geometry/geometry_dataset.csv,objective_fixed
C,Gemma-2-9B,Objective-fixed,compiler::factual_association::factual_0087,factual_association,0.6340351917754052,0.6340351917754052,0.0,full__all__r4,artifacts/gemma/geometry/geometry_dataset.csv,objective_fixed
C,Gemma-2-9B,Objective-fixed,compiler::factual_association::factual_0091,factual_association,0.4479240806642942,0.4479240806642942,0.0,full__all__r4,artifacts/gemma/geometry/geometry_dataset.csv,objective_fixed
C,Gemma-2-9B,Objective-fixed,compiler::factual_association::factual_0094,factual_association,0.4049624357453538,0.3457394226967181,0.0592230130486357,full__all__r4,artifacts/gemma/geometry/geometry_dataset.csv,objective_fixed
C,Gemma-2-9B,Objective-fixed,compiler::factual_association::factual_0103,factual_association,0.4043693159351522,0.3318505338078292,0.07251878212732299,full__all__r4,artifacts/gemma/geometry/geometry_dataset.csv,objective_fixed
C,Gemma-2-9B,Objective-fixed,compiler::factual_association::factual_0106,factual_association,0.4247034400948992,0.3577402135231316,0.06696322657176756,full__all__r4,artifacts/gemma/geometry/geometry_dataset.csv,objective_fixed
C,Gemma-2-9B,Objective-fixed,compiler::factual_association::factual_0108,factual_association,0.5492190589165679,0.5274812178726769,0.021737841043890982,full__all__r4,artifacts/gemma/geometry/geometry_dataset.csv,objective_fixed
C,Gemma-2-9B,Objective-fixed,compiler::factual_association::factual_0109,factual_association,0.5474396994859628,0.3366251482799525,0.21081455120601034,full__all__r4,artifacts/gemma/geometry/geometry_dataset.csv,objective_fixed
C,Gemma-2-9B,Objective-fixed,compiler::factual_association::factual_0115,factual_association,0.4771846579675761,0.4771846579675761,0.0,full__all__r4,artifacts/gemma/geometry/geometry_dataset.csv,objective_fixed
C,Gemma-2-9B,Objective-fixed,compiler::lexical_binding::lexical_0002,lexical_binding,0.5895907473309608,0.5895907473309608,0.0,late__all__r16,artifacts/gemma/geometry/geometry_dataset.csv,objective_fixed
C,Gemma-2-9B,Objective-fixed,compiler::lexical_binding::lexical_0003,lexical_binding,0.5752174772637406,0.5752174772637406,0.0,late__all__r16,artifacts/gemma/geometry/geometry_dataset.csv,objective_fixed
C,Gemma-2-9B,Objective-fixed,compiler::lexical_binding::lexical_0004,lexical_binding,0.6324436536180309,0.59644128113879,0.036002372479240874,late__all__r16,artifacts/gemma/geometry/geometry_dataset.csv,objective_fixed
C,Gemma-2-9B,Objective-fixed,compiler::lexical_binding::lexical_0006,lexical_binding,0.6521846579675761,0.6091439304072757,0.04304072756030042,late__all__r16,artifacts/gemma/geometry/geometry_dataset.csv,objective_fixed
C,Gemma-2-9B,Objective-fixed,compiler::lexical_binding::lexical_0014,lexical_binding,0.6429616449189404,0.5208481613285884,0.12211348359035201,late__all__r16,artifacts/gemma/geometry/geometry_dataset.csv,objective_fixed
C,Gemma-2-9B,Objective-fixed,compiler::lexical_binding::lexical_0032,lexical_binding,0.4381079478054567,0.4381079478054567,0.0,late__all__r16,artifacts/gemma/geometry/geometry_dataset.csv,objective_fixed
C,Gemma-2-9B,Objective-fixed,compiler::lexical_binding::lexical_0038,lexical_binding,0.6247034400948992,0.5322558323448003,0.09244760775009886,late__all__r16,artifacts/gemma/geometry/geometry_dataset.csv,objective_fixed
C,Gemma-2-9B,Objective-fixed,compiler::lexical_binding::lexical_0040,lexical_binding,0.5970344009489916,0.5970344009489916,0.0,late__all__r16,artifacts/gemma/geometry/geometry_dataset.csv,objective_fixed
C,Gemma-2-9B,Objective-fixed,compiler::lexical_binding::lexical_0050,lexical_binding,0.4898873072360617,0.4898873072360617,0.0,late__all__r16,artifacts/gemma/geometry/geometry_dataset.csv,objective_fixed
C,Gemma-2-9B,Objective-fixed,compiler::lexical_binding::lexical_0056,lexical_binding,0.5134045077105576,0.5134045077105576,0.0,late__all__r16,artifacts/gemma/geometry/geometry_dataset.csv,objective_fixed
C,Gemma-2-9B,Objective-fixed,compiler::lexical_binding::lexical_0062,lexical_binding,0.6574436536180308,0.5809608540925267,0.07648279952550407,late__all__r16,artifacts/gemma/geometry/geometry_dataset.csv,objective_fixed
C,Gemma-2-9B,Objective-fixed,compiler::lexical_binding::lexical_0073,lexical_binding,0.7723309608540925,0.5421807038355081,0.23015025701858438,late__all__r16,artifacts/gemma/geometry/geometry_dataset.csv,objective_fixed
C,Gemma-2-9B,Objective-fixed,compiler::lexical_binding::lexical_0077,lexical_binding,0.4738137603795966,0.4437722419928825,0.030041518386714094,late__all__r16,artifacts/gemma/geometry/geometry_dataset.csv,objective_fixed
C,Gemma-2-9B,Objective-fixed,compiler::lexical_binding::lexical_0091,lexical_binding,0.4611111111111111,0.4306642941874258,0.030446816923685283,late__all__r16,artifacts/gemma/geometry/geometry_dataset.csv,objective_fixed
C,Gemma-2-9B,Objective-fixed,compiler::lexical_binding::lexical_0097,lexical_binding,0.5199584816132858,0.5199584816132858,0.0,late__all__r16,artifacts/gemma/geometry/geometry_dataset.csv,objective_fixed
C,Gemma-2-9B,Objective-fixed,compiler::lexical_binding::lexical_0098,lexical_binding,0.4384045077105575,0.4384045077105575,0.0,late__all__r16,artifacts/gemma/geometry/geometry_dataset.csv,objective_fixed
C,Gemma-2-9B,Objective-fixed,compiler::lexical_binding::lexical_0101,lexical_binding,0.5926650850138395,0.5547746144721234,0.037890470541716126,late__all__r16,artifacts/gemma/geometry/geometry_dataset.csv,objective_fixed
C,Gemma-2-9B,Objective-fixed,compiler::lexical_binding::lexical_0108,lexical_binding,0.6544780545670226,0.6544780545670226,0.0,late__all__r16,artifacts/gemma/geometry/geometry_dataset.csv,objective_fixed
C,Gemma-2-9B,Objective-fixed,compiler::lexical_binding::lexical_0114,lexical_binding,0.4637010676156583,0.4637010676156583,0.0,late__all__r16,artifacts/gemma/geometry/geometry_dataset.csv,objective_fixed
C,Gemma-2-9B,Objective-fixed,compiler::lexical_binding::lexical_0116,lexical_binding,0.6476275207591934,0.6303677342823251,0.017259786476868322,late__all__r16,artifacts/gemma/geometry/geometry_dataset.csv,objective_fixed
C,Gemma-2-9B,Objective-fixed,compiler::procedural_reasoning::procedural_0007,procedural_reasoning,0.3441478845393436,0.2765915381573745,0.06755634638196911,full__all__r4,artifacts/gemma/geometry/geometry_dataset.csv,objective_fixed
C,Gemma-2-9B,Objective-fixed,compiler::procedural_reasoning::procedural_0011,procedural_reasoning,0.3632957690786872,0.3040727560300514,0.05922301304863581,full__all__r4,artifacts/gemma/geometry/geometry_dataset.csv,objective_fixed
C,Gemma-2-9B,Objective-fixed,compiler::procedural_reasoning::procedural_0014,procedural_reasoning,0.3031830763147489,0.3031830763147489,0.0,full__all__r4,artifacts/gemma/geometry/geometry_dataset.csv,objective_fixed
C,Gemma-2-9B,Objective-fixed,compiler::procedural_reasoning::procedural_0015,procedural_reasoning,0.3445531830763148,0.3176650850138395,0.026888098062475274,full__all__r4,artifacts/gemma/geometry/geometry_dataset.csv,objective_fixed
C,Gemma-2-9B,Objective-fixed,compiler::procedural_reasoning::procedural_0032,procedural_reasoning,0.3077402135231316,0.3043693159351522,0.0033708975879793712,full__all__r4,artifacts/gemma/geometry/geometry_dataset.csv,objective_fixed
C,Gemma-2-9B,Objective-fixed,compiler::procedural_reasoning::procedural_0040,procedural_reasoning,0.3318505338078292,0.3318505338078292,0.0,full__all__r4,artifacts/gemma/geometry/geometry_dataset.csv,objective_fixed
C,Gemma-2-9B,Objective-fixed,compiler::procedural_reasoning::procedural_0043,procedural_reasoning,0.3214709371293001,0.3040727560300514,0.017398181099248677,full__all__r4,artifacts/gemma/geometry/geometry_dataset.csv,objective_fixed
C,Gemma-2-9B,Objective-fixed,compiler::procedural_reasoning::procedural_0047,procedural_reasoning,0.3272143139580862,0.2852214313958086,0.04199288256227762,full__all__r4,artifacts/gemma/geometry/geometry_dataset.csv,objective_fixed
C,Gemma-2-9B,Objective-fixed,compiler::procedural_reasoning::procedural_0050,procedural_reasoning,0.33214709371293,0.33214709371293,0.0,full__all__r4,artifacts/gemma/geometry/geometry_dataset.csv,objective_fixed
C,Gemma-2-9B,Objective-fixed,compiler::procedural_reasoning::procedural_0057,procedural_reasoning,0.2904804270462633,0.2904804270462633,0.0,full__all__r4,artifacts/gemma/geometry/geometry_dataset.csv,objective_fixed
C,Gemma-2-9B,Objective-fixed,compiler::procedural_reasoning::procedural_0063,procedural_reasoning,0.3710359826018189,0.3710359826018189,0.0,full__all__r4,artifacts/gemma/geometry/geometry_dataset.csv,objective_fixed
C,Gemma-2-9B,Objective-fixed,compiler::procedural_reasoning::procedural_0064,procedural_reasoning,0.2654804270462633,0.2627026492684856,0.0027777777777777124,full__all__r4,artifacts/gemma/geometry/geometry_dataset.csv,objective_fixed
C,Gemma-2-9B,Objective-fixed,compiler::procedural_reasoning::procedural_0068,procedural_reasoning,0.3393238434163701,0.3284796362198497,0.010844207196520406,full__all__r4,artifacts/gemma/geometry/geometry_dataset.csv,objective_fixed
C,Gemma-2-9B,Objective-fixed,compiler::procedural_reasoning::procedural_0075,procedural_reasoning,0.2852214313958086,0.2793693159351522,0.005852115460656393,full__all__r4,artifacts/gemma/geometry/geometry_dataset.csv,objective_fixed
C,Gemma-2-9B,Objective-fixed,compiler::procedural_reasoning::procedural_0077,procedural_reasoning,0.3043693159351522,0.3043693159351522,0.0,full__all__r4,artifacts/gemma/geometry/geometry_dataset.csv,objective_fixed
C,Gemma-2-9B,Objective-fixed,compiler::procedural_reasoning::procedural_0080,procedural_reasoning,0.2879992091735864,0.2627026492684856,0.025296559905100824,full__all__r4,artifacts/gemma/geometry/geometry_dataset.csv,objective_fixed
C,Gemma-2-9B,Objective-fixed,compiler::procedural_reasoning::procedural_0090,procedural_reasoning,0.2904804270462633,0.2904804270462633,0.0,full__all__r4,artifacts/gemma/geometry/geometry_dataset.csv,objective_fixed
C,Gemma-2-9B,Objective-fixed,compiler::procedural_reasoning::procedural_0091,procedural_reasoning,0.3485172004744958,0.3485172004744958,0.0,full__all__r4,artifacts/gemma/geometry/geometry_dataset.csv,objective_fixed
C,Gemma-2-9B,Objective-fixed,compiler::procedural_reasoning::procedural_0103,procedural_reasoning,0.370739422696718,0.370739422696718,0.0,full__all__r4,artifacts/gemma/geometry/geometry_dataset.csv,objective_fixed
C,Gemma-2-9B,Objective-fixed,compiler::procedural_reasoning::procedural_0110,procedural_reasoning,0.3170719652036378,0.3170719652036378,0.0,full__all__r4,artifacts/gemma/geometry/geometry_dataset.csv,objective_fixed
C,Gemma-2-9B,Compiler,compiler::behavioral_policy::behavioral_0000,,0.6043693159351523,0.6043693159351523,0.0,full__all__r4,artifacts/gemma/selection\compiler_evaluation.csv,compiler
C,Gemma-2-9B,Compiler,compiler::behavioral_policy::behavioral_0007,,0.4179616449189403,0.4179616449189403,0.0,full__all__r4,artifacts/gemma/selection\compiler_evaluation.csv,compiler
C,Gemma-2-9B,Compiler,compiler::behavioral_policy::behavioral_0019,,0.6135923289837881,0.6037761961249506,0.009816132858837534,full__all__r4,artifacts/gemma/selection\compiler_evaluation.csv,compiler
C,Gemma-2-9B,Compiler,compiler::behavioral_policy::behavioral_0024,,0.6222222222222222,0.5957394226967181,0.02648279952550414,full__all__r4,artifacts/gemma/selection\compiler_evaluation.csv,compiler
C,Gemma-2-9B,Compiler,compiler::behavioral_policy::behavioral_0031,,0.4068505338078292,0.4068505338078292,0.0,full__all__r4,artifacts/gemma/selection\compiler_evaluation.csv,compiler
C,Gemma-2-9B,Compiler,compiler::behavioral_policy::behavioral_0042,,0.4074436536180308,0.4074436536180308,0.0,full__all__r4,artifacts/gemma/selection\compiler_evaluation.csv,compiler
C,Gemma-2-9B,Compiler,compiler::behavioral_policy::behavioral_0056,,0.5843317516805061,0.5843317516805061,0.0,full__all__r4,artifacts/gemma/selection\compiler_evaluation.csv,compiler
C,Gemma-2-9B,Compiler,compiler::behavioral_policy::behavioral_0058,,0.5963325425069197,0.4654804270462633,0.1308521154606564,full__all__r4,artifacts/gemma/selection\compiler_evaluation.csv,compiler
C,Gemma-2-9B,Compiler,compiler::behavioral_policy::behavioral_0064,,0.6908857255832344,0.6908857255832344,0.0,full__all__r4,artifacts/gemma/selection\compiler_evaluation.csv,compiler
C,Gemma-2-9B,Compiler,compiler::behavioral_policy::behavioral_0067,,0.4179616449189403,0.4179616449189403,0.0,full__all__r4,artifacts/gemma/selection\compiler_evaluation.csv,compiler
C,Gemma-2-9B,Compiler,compiler::behavioral_policy::behavioral_0071,,0.4432582048240411,0.4432582048240411,0.0,full__all__r4,artifacts/gemma/selection\compiler_evaluation.csv,compiler
C,Gemma-2-9B,Compiler,compiler::behavioral_policy::behavioral_0082,,0.4241103202846975,0.4241103202846975,0.0,full__all__r4,artifacts/gemma/selection\compiler_evaluation.csv,compiler
C,Gemma-2-9B,Compiler,compiler::behavioral_policy::behavioral_0087,,0.4574436536180308,0.4574436536180308,0.0,full__all__r4,artifacts/gemma/selection\compiler_evaluation.csv,compiler
C,Gemma-2-9B,Compiler,compiler::behavioral_policy::behavioral_0092,,0.4160735468564649,0.3997034400948992,0.016370106761565695,full__all__r4,artifacts/gemma/selection\compiler_evaluation.csv,compiler
C,Gemma-2-9B,Compiler,compiler::behavioral_policy::behavioral_0097,,0.4179616449189403,0.4179616449189403,0.0,full__all__r4,artifacts/gemma/selection\compiler_evaluation.csv,compiler
C,Gemma-2-9B,Compiler,compiler::behavioral_policy::behavioral_0100,,0.6349248714907078,0.6349248714907078,0.0,full__all__r4,artifacts/gemma/selection\compiler_evaluation.csv,compiler
C,Gemma-2-9B,Compiler,compiler::behavioral_policy::behavioral_0104,,0.6812574139976275,0.6812574139976275,0.0,full__all__r4,artifacts/gemma/selection\compiler_evaluation.csv,compiler
C,Gemma-2-9B,Compiler,compiler::behavioral_policy::behavioral_0112,,0.4241103202846975,0.4241103202846975,0.0,full__all__r4,artifacts/gemma/selection\compiler_evaluation.csv,compiler
C,Gemma-2-9B,Compiler,compiler::behavioral_policy::behavioral_0116,,0.5843317516805061,0.5843317516805061,0.0,full__all__r4,artifacts/gemma/selection\compiler_evaluation.csv,compiler
C,Gemma-2-9B,Compiler,compiler::behavioral_policy::behavioral_0118,,0.5963325425069197,0.4654804270462633,0.1308521154606564,full__all__r4,artifacts/gemma/selection\compiler_evaluation.csv,compiler
C,Gemma-2-9B,Compiler,compiler::causal_mapping::causal_0006,,0.4577402135231316,0.4235172004744958,0.034223013048635786,full__all__r4,artifacts/gemma/selection\compiler_evaluation.csv,compiler
C,Gemma-2-9B,Compiler,compiler::causal_mapping::causal_0010,,0.3846283115856069,0.361812969553183,0.022815342032423913,full__all__r4,artifacts/gemma/selection\compiler_evaluation.csv,compiler
C,Gemma-2-9B,Compiler,compiler::causal_mapping::causal_0022,,0.4877026492684856,0.4877026492684856,0.0,full__all__r4,artifacts/gemma/selection\compiler_evaluation.csv,compiler
C,Gemma-2-9B,Compiler,compiler::causal_mapping::causal_0026,,0.4849248714907078,0.4849248714907078,0.0,full__all__r4,artifacts/gemma/selection\compiler_evaluation.csv,compiler
C,Gemma-2-9B,Compiler,compiler::causal_mapping::causal_0027,,0.3333333333333333,0.33214709371293,0.0011862396204033177,full__all__r4,artifacts/gemma/selection\compiler_evaluation.csv,compiler
C,Gemma-2-9B,Compiler,compiler::causal_mapping::causal_0034,,0.3688513246342427,0.3602214313958086,0.008629893238434105,full__all__r4,artifacts/gemma/selection\compiler_evaluation.csv,compiler
C,Gemma-2-9B,Compiler,compiler::causal_mapping::causal_0036,,0.4605179913009094,0.4537761961249505,0.006741795175958909,full__all__r4,artifacts/gemma/selection\compiler_evaluation.csv,compiler
C,Gemma-2-9B,Compiler,compiler::causal_mapping::causal_0039,,0.3719256623171214,0.3599248714907078,0.012000790826413588,full__all__r4,artifacts/gemma/selection\compiler_evaluation.csv,compiler
C,Gemma-2-9B,Compiler,compiler::causal_mapping::causal_0044,,0.3685547647291419,0.33214709371293,0.036407671016211895,full__all__r4,artifacts/gemma/selection\compiler_evaluation.csv,compiler
C,Gemma-2-9B,Compiler,compiler::causal_mapping::causal_0045,,0.498220640569395,0.498220640569395,0.0,full__all__r4,artifacts/gemma/selection\compiler_evaluation.csv,compiler
C,Gemma-2-9B,Compiler,compiler::causal_mapping::causal_0047,,0.3327402135231316,0.3318505338078292,0.000889679715302405,full__all__r4,artifacts/gemma/selection\compiler_evaluation.csv,compiler
C,Gemma-2-9B,Compiler,compiler::causal_mapping::causal_0053,,0.4583333333333333,0.4438513246342427,0.01448200869909061,full__all__r4,artifacts/gemma/selection\compiler_evaluation.csv,compiler
C,Gemma-2-9B,Compiler,compiler::causal_mapping::causal_0064,,0.3513246342427837,0.3182582048240411,0.033066429418742604,full__all__r4,artifacts/gemma/selection\compiler_evaluation.csv,compiler
C,Gemma-2-9B,Compiler,compiler::causal_mapping::causal_0074,,0.3694444444444444,0.3460359826018189,0.023408461842625516,full__all__r4,artifacts/gemma/selection\compiler_evaluation.csv,compiler
C,Gemma-2-9B,Compiler,compiler::causal_mapping::causal_0077,,0.3333333333333333,0.3324436536180308,0.000889679715302516,full__all__r4,artifacts/gemma/selection\compiler_evaluation.csv,compiler
C,Gemma-2-9B,Compiler,compiler::causal_mapping::causal_0079,,0.38214709371293,0.38214709371293,0.0,full__all__r4,artifacts/gemma/selection\compiler_evaluation.csv,compiler
C,Gemma-2-9B,Compiler,compiler::causal_mapping::causal_0089,,0.3913701067615658,0.3741103202846975,0.017259786476868322,full__all__r4,artifacts/gemma/selection\compiler_evaluation.csv,compiler
C,Gemma-2-9B,Compiler,compiler::causal_mapping::causal_0090,,0.420739422696718,0.420739422696718,0.0,full__all__r4,artifacts/gemma/selection\compiler_evaluation.csv,compiler
C,Gemma-2-9B,Compiler,compiler::causal_mapping::causal_0101,,0.3726275207591933,0.3726275207591933,0.0,full__all__r4,artifacts/gemma/selection\compiler_evaluation.csv,compiler
C,Gemma-2-9B,Compiler,compiler::causal_mapping::causal_0114,,0.3611111111111111,0.3463325425069197,0.014778568604191411,full__all__r4,artifacts/gemma/selection\compiler_evaluation.csv,compiler
C,Gemma-2-9B,Compiler,compiler::factual_association::factual_0006,,0.553183076314749,0.553183076314749,0.0,full__all__r4,artifacts/gemma/selection\compiler_evaluation.csv,compiler
C,Gemma-2-9B,Compiler,compiler::factual_association::factual_0016,,0.5378113879003559,0.5378113879003559,0.0,full__all__r4,artifacts/gemma/selection\compiler_evaluation.csv,compiler
C,Gemma-2-9B,Compiler,compiler::factual_association::factual_0018,,0.5492190589165677,0.5271846579675761,0.022034400948991673,full__all__r4,artifacts/gemma/selection\compiler_evaluation.csv,compiler
C,Gemma-2-9B,Compiler,compiler::factual_association::factual_0022,,0.4420719652036378,0.3602214313958086,0.0818505338078292,full__all__r4,artifacts/gemma/selection\compiler_evaluation.csv,compiler
C,Gemma-2-9B,Compiler,compiler::factual_association::factual_0024,,0.4809608540925266,0.4809608540925266,0.0,full__all__r4,artifacts/gemma/selection\compiler_evaluation.csv,compiler
C,Gemma-2-9B,Compiler,compiler::factual_association::factual_0030,,0.6129992091735864,0.6129992091735864,0.0,full__all__r4,artifacts/gemma/selection\compiler_evaluation.csv,compiler
C,Gemma-2-9B,Compiler,compiler::factual_association::factual_0032,,0.4754052985369711,0.3726275207591933,0.1027777777777778,full__all__r4,artifacts/gemma/selection\compiler_evaluation.csv,compiler
C,Gemma-2-9B,Compiler,compiler::factual_association::factual_0044,,0.3729240806642941,0.3723309608540924,0.0005931198102017143,full__all__r4,artifacts/gemma/selection\compiler_evaluation.csv,compiler
C,Gemma-2-9B,Compiler,compiler::factual_association::factual_0048,,0.5492190589165677,0.5268880980624753,0.022330960854092474,full__all__r4,artifacts/gemma/selection\compiler_evaluation.csv,compiler
C,Gemma-2-9B,Compiler,compiler::factual_association::factual_0056,,0.444661921708185,0.3702550415183867,0.07440688018979835,full__all__r4,artifacts/gemma/selection\compiler_evaluation.csv,compiler
C,Gemma-2-9B,Compiler,compiler::factual_association::factual_0078,,0.5492190589165677,0.5268880980624753,0.022330960854092474,full__all__r4,artifacts/gemma/selection\compiler_evaluation.csv,compiler
C,Gemma-2-9B,Compiler,compiler::factual_association::factual_0086,,0.3741103202846975,0.373220640569395,0.0008896797153024605,full__all__r4,artifacts/gemma/selection\compiler_evaluation.csv,compiler
C,Gemma-2-9B,Compiler,compiler::factual_association::factual_0087,,0.6340351917754052,0.6340351917754052,0.0,full__all__r4,artifacts/gemma/selection\compiler_evaluation.csv,compiler
C,Gemma-2-9B,Compiler,compiler::factual_association::factual_0091,,0.4479240806642941,0.4479240806642941,0.0,full__all__r4,artifacts/gemma/selection\compiler_evaluation.csv,compiler
C,Gemma-2-9B,Compiler,compiler::factual_association::factual_0094,,0.4049624357453538,0.3457394226967181,0.0592230130486357,full__all__r4,artifacts/gemma/selection\compiler_evaluation.csv,compiler
C,Gemma-2-9B,Compiler,compiler::factual_association::factual_0103,,0.4043693159351522,0.3318505338078291,0.0725187821273231,full__all__r4,artifacts/gemma/selection\compiler_evaluation.csv,compiler
C,Gemma-2-9B,Compiler,compiler::factual_association::factual_0106,,0.4247034400948992,0.3577402135231316,0.06696322657176756,full__all__r4,artifacts/gemma/selection\compiler_evaluation.csv,compiler
C,Gemma-2-9B,Compiler,compiler::factual_association::factual_0108,,0.5492190589165677,0.5274812178726769,0.02173784104389087,full__all__r4,artifacts/gemma/selection\compiler_evaluation.csv,compiler
C,Gemma-2-9B,Compiler,compiler::factual_association::factual_0109,,0.5474396994859627,0.3366251482799525,0.21081455120601023,full__all__r4,artifacts/gemma/selection\compiler_evaluation.csv,compiler
C,Gemma-2-9B,Compiler,compiler::factual_association::factual_0115,,0.4771846579675761,0.4771846579675761,0.0,full__all__r4,artifacts/gemma/selection\compiler_evaluation.csv,compiler
C,Gemma-2-9B,Compiler,compiler::lexical_binding::lexical_0002,,0.5895907473309608,0.5441478845393436,0.045442862791617245,full__all__r4,artifacts/gemma/selection\compiler_evaluation.csv,compiler
C,Gemma-2-9B,Compiler,compiler::lexical_binding::lexical_0003,,0.5752174772637406,0.5752174772637406,0.0,late__all__r16,artifacts/gemma/selection\compiler_evaluation.csv,compiler
C,Gemma-2-9B,Compiler,compiler::lexical_binding::lexical_0004,,0.6324436536180308,0.5874060893633848,0.045037564254646,full__all__r4,artifacts/gemma/selection\compiler_evaluation.csv,compiler
C,Gemma-2-9B,Compiler,compiler::lexical_binding::lexical_0006,,0.6521846579675761,0.6091439304072757,0.04304072756030042,late__all__r16,artifacts/gemma/selection\compiler_evaluation.csv,compiler
C,Gemma-2-9B,Compiler,compiler::lexical_binding::lexical_0014,,0.6429616449189403,0.5384045077105575,0.10455713720838278,full__all__r4,artifacts/gemma/selection\compiler_evaluation.csv,compiler
C,Gemma-2-9B,Compiler,compiler::lexical_binding::lexical_0032,,0.4381079478054566,0.4381079478054566,0.0,late__all__r16,artifacts/gemma/selection\compiler_evaluation.csv,compiler
C,Gemma-2-9B,Compiler,compiler::lexical_binding::lexical_0038,,0.6247034400948992,0.5605179913009094,0.0641854487939898,full__all__r4,artifacts/gemma/selection\compiler_evaluation.csv,compiler
C,Gemma-2-9B,Compiler,compiler::lexical_binding::lexical_0040,,0.5970344009489916,0.5970344009489916,0.0,late__all__r16,artifacts/gemma/selection\compiler_evaluation.csv,compiler
C,Gemma-2-9B,Compiler,compiler::lexical_binding::lexical_0050,,0.4898873072360616,0.4898873072360616,0.0,late__all__r16,artifacts/gemma/selection\compiler_evaluation.csv,compiler
C,Gemma-2-9B,Compiler,compiler::lexical_binding::lexical_0056,,0.5134045077105576,0.5134045077105576,0.0,late__all__r16,artifacts/gemma/selection\compiler_evaluation.csv,compiler
C,Gemma-2-9B,Compiler,compiler::lexical_binding::lexical_0062,,0.6574436536180308,0.550701858442072,0.10674179517595883,full__all__r4,artifacts/gemma/selection\compiler_evaluation.csv,compiler
C,Gemma-2-9B,Compiler,compiler::lexical_binding::lexical_0073,,0.7723309608540925,0.5759984183471728,0.19633254250691967,full__all__r4,artifacts/gemma/selection\compiler_evaluation.csv,compiler
C,Gemma-2-9B,Compiler,compiler::lexical_binding::lexical_0077,,0.4738137603795966,0.4238137603795967,0.04999999999999988,full__all__r4,artifacts/gemma/selection\compiler_evaluation.csv,compiler
C,Gemma-2-9B,Compiler,compiler::lexical_binding::lexical_0091,,0.4611111111111111,0.4374060893633847,0.023705021747726374,full__all__r4,artifacts/gemma/selection\compiler_evaluation.csv,compiler
C,Gemma-2-9B,Compiler,compiler::lexical_binding::lexical_0097,,0.5199584816132858,0.5199584816132858,0.0,late__all__r16,artifacts/gemma/selection\compiler_evaluation.csv,compiler
C,Gemma-2-9B,Compiler,compiler::lexical_binding::lexical_0098,,0.4384045077105575,0.4145907473309608,0.023813760379596705,full__all__r4,artifacts/gemma/selection\compiler_evaluation.csv,compiler
C,Gemma-2-9B,Compiler,compiler::lexical_binding::lexical_0101,,0.5926650850138395,0.5547746144721233,0.03789047054171624,late__all__r16,artifacts/gemma/selection\compiler_evaluation.csv,compiler
C,Gemma-2-9B,Compiler,compiler::lexical_binding::lexical_0108,,0.6544780545670226,0.6544780545670226,0.0,late__all__r16,artifacts/gemma/selection\compiler_evaluation.csv,compiler
C,Gemma-2-9B,Compiler,compiler::lexical_binding::lexical_0114,,0.4637010676156584,0.4154804270462633,0.04822064056939507,full__all__r4,artifacts/gemma/selection\compiler_evaluation.csv,compiler
C,Gemma-2-9B,Compiler,compiler::lexical_binding::lexical_0116,,0.6476275207591934,0.6303677342823251,0.017259786476868322,late__all__r16,artifacts/gemma/selection\compiler_evaluation.csv,compiler
C,Gemma-2-9B,Compiler,compiler::procedural_reasoning::procedural_0007,,0.3441478845393436,0.2765915381573745,0.06755634638196911,full__all__r4,artifacts/gemma/selection\compiler_evaluation.csv,compiler
C,Gemma-2-9B,Compiler,compiler::procedural_reasoning::procedural_0011,,0.3632957690786871,0.3632957690786871,0.0,middle__all__r16,artifacts/gemma/selection\compiler_evaluation.csv,compiler
C,Gemma-2-9B,Compiler,compiler::procedural_reasoning::procedural_0014,,0.3031830763147489,0.2799624357453538,0.0232206405693951,middle__all__r16,artifacts/gemma/selection\compiler_evaluation.csv,compiler
C,Gemma-2-9B,Compiler,compiler::procedural_reasoning::procedural_0015,,0.3445531830763147,0.3445531830763147,0.0,middle__all__r16,artifacts/gemma/selection\compiler_evaluation.csv,compiler
C,Gemma-2-9B,Compiler,compiler::procedural_reasoning::procedural_0032,,0.3077402135231316,0.3043693159351522,0.0033708975879793712,full__all__r4,artifacts/gemma/selection\compiler_evaluation.csv,compiler
C,Gemma-2-9B,Compiler,compiler::procedural_reasoning::procedural_0040,,0.3318505338078292,0.2790727560300514,0.05277777777777781,middle__all__r16,artifacts/gemma/selection\compiler_evaluation.csv,compiler
C,Gemma-2-9B,Compiler,compiler::procedural_reasoning::procedural_0043,,0.3214709371293001,0.3040727560300514,0.017398181099248677,full__all__r4,artifacts/gemma/selection\compiler_evaluation.csv,compiler
C,Gemma-2-9B,Compiler,compiler::procedural_reasoning::procedural_0047,,0.3272143139580862,0.2852214313958086,0.04199288256227762,full__all__r4,artifacts/gemma/selection\compiler_evaluation.csv,compiler
C,Gemma-2-9B,Compiler,compiler::procedural_reasoning::procedural_0050,,0.33214709371293,0.2488137603795967,0.08333333333333329,middle__all__r16,artifacts/gemma/selection\compiler_evaluation.csv,compiler
C,Gemma-2-9B,Compiler,compiler::procedural_reasoning::procedural_0057,,0.2904804270462633,0.2713325425069197,0.01914788453934363,middle__all__r16,artifacts/gemma/selection\compiler_evaluation.csv,compiler
C,Gemma-2-9B,Compiler,compiler::procedural_reasoning::procedural_0063,,0.3710359826018189,0.2657769869513641,0.10525899565045482,middle__all__r16,artifacts/gemma/selection\compiler_evaluation.csv,compiler
C,Gemma-2-9B,Compiler,compiler::procedural_reasoning::procedural_0064,,0.2654804270462633,0.248220640569395,0.017259786476868294,middle__all__r16,artifacts/gemma/selection\compiler_evaluation.csv,compiler
C,Gemma-2-9B,Compiler,compiler::procedural_reasoning::procedural_0068,,0.3393238434163701,0.3284796362198497,0.010844207196520406,full__all__r4,artifacts/gemma/selection\compiler_evaluation.csv,compiler
C,Gemma-2-9B,Compiler,compiler::procedural_reasoning::procedural_0075,,0.2852214313958086,0.2852214313958086,0.0,middle__all__r16,artifacts/gemma/selection\compiler_evaluation.csv,compiler
C,Gemma-2-9B,Compiler,compiler::procedural_reasoning::procedural_0077,,0.3043693159351522,0.3043693159351522,0.0,full__all__r4,artifacts/gemma/selection\compiler_evaluation.csv,compiler
C,Gemma-2-9B,Compiler,compiler::procedural_reasoning::procedural_0080,,0.2879992091735864,0.2879992091735864,0.0,middle__all__r16,artifacts/gemma/selection\compiler_evaluation.csv,compiler
C,Gemma-2-9B,Compiler,compiler::procedural_reasoning::procedural_0090,,0.2904804270462633,0.2657769869513641,0.02470344009489922,middle__all__r16,artifacts/gemma/selection\compiler_evaluation.csv,compiler
C,Gemma-2-9B,Compiler,compiler::procedural_reasoning::procedural_0091,,0.3485172004744958,0.3485172004744958,0.0,full__all__r4,artifacts/gemma/selection\compiler_evaluation.csv,compiler
C,Gemma-2-9B,Compiler,compiler::procedural_reasoning::procedural_0103,,0.3707394226967181,0.3707394226967181,0.0,full__all__r4,artifacts/gemma/selection\compiler_evaluation.csv,compiler
C,Gemma-2-9B,Compiler,compiler::procedural_reasoning::procedural_0110,,0.3170719652036378,0.2748121787267695,0.04225978647686829,middle__all__r16,artifacts/gemma/selection\compiler_evaluation.csv,compiler
